날짜,시간,요일,기온,강수량,적설,시정,시도,시군구,업종,주문건수
08-01,10,목요일,28.1,0.0,0.0,1200.0,경기도,안산시 상록구,음식,1
08-01,12,목요일,29.8,0.0,0.0,1400.0,경기도,안산시 상록구,음식,3
08-01,13,목요일,30.5,0.0,0.0,1500.0,경기도,안산시 상록구,음식,1
08-01,14,목요일,31.6,0.0,0.0,1500.0,경기도,안산시 상록구,음식,3
08-01,15,목요일,31.3,0.0,0.0,1500.0,경기도,안산시 상록구,음식,2
08-01,16,목요일,31.3,0.0,0.0,2000.0,경기도,안산시 상록구,음식,3
08-01,17,목요일,30.2,0.0,0.0,2000.0,경기도,안산시 상록구,음식,3
08-01,19,목요일,28.4,0.0,0.0,2000.0,경기도,안산시 상록구,음식,7
08-01,20,목요일,27.4,0.0,0.0,1500.0,경기도,안산시 상록구,음식,2
08-01,21,목요일,26.8,0.0,0.0,1800.0,경기도,안산시 상록구,음식,5
08-01,22,목요일,26.6,0.0,0.0,1300.0,경기도,안산시 상록구,음식,6
08-02,11,금요일,30.0,0.0,0.0,1500.0,경기도,안산시 상록구,음식,1
08-02,12,금요일,31.2,0.0,0.0,1800.0,경기도,안산시 상록구,음식,2
08-02,13,금요일,32.2,0.0,0.0,2000.0,경기도,안산시 상록구,음식,4
08-02,14,금요일,32.9,0.0,0.0,2000.0,경기도,안산시 상록구,음식,2
08-02,16,금요일,32.7,0.0,0.0,2000.0,경기도,안산시 상록구,음식,2
08-02,17,금요일,32.5,0.0,0.0,2000.0,경기도,안산시 상록구,음식,3
08-02,18,금요일,31.6,0.0,0.0,2000.0,경기도,안산시 상록구,음식,4
08-02,19,금요일,30.7,0.0,0.0,2000.0,경기도,안산시 상록구,음식,5
08-02,20,금요일,28.1,0.0,0.0,2000.0,경기도,안산시 상록구,음식,4
08-02,21,금요일,27.1,0.0,0.0,1500.0,경기도,안산시 상록구,음식,8
08-02,23,금요일,26.7,0.0,0.0,1500.0,경기도,안산시 상록구,음식,1
08-03,12,토요일,33.2,0.0,0.0,2000.0,경기도,안산시 상록구,음식,2
08-03,13,토요일,34.9,0.0,0.0,2000.0,경기도,안산시 상록구,음식,3
08-03,14,토요일,34.8,0.0,0.0,1800.0,경기도,안산시 상록구,음식,2
08-03,15,토요일,34.9,0.0,0.0,1800.0,경기도,안산시 상록구,음식,2
08-03,16,토요일,34.8,0.0,0.0,1800.0,경기도,안산시 상록구,음식,2
08-03,17,토요일,34.5,0.0,0.0,1500.0,경기도,안산시 상록구,음식,5
08-03,18,토요일,29.9,0.0,0.0,1200.0,경기도,안산시 상록구,음식,7
08-03,19,토요일,29.4,0.0,0.0,1500.0,경기도,안산시 상록구,음식,6
08-03,20,토요일,28.2,0.0,0.0,1500.0,경기도,안산시 상록구,음식,7
08-03,21,토요일,27.9,0.0,0.0,2000.0,경기도,안산시 상록구,음식,4
08-03,22,토요일,27.3,0.0,0.0,2000.0,경기도,안산시 상록구,음식,2
08-03,23,토요일,26.7,0.0,0.0,2000.0,경기도,안산시 상록구,음식,1
08-04,11,일요일,30.9,0.0,0.0,800.0,경기도,안산시 상록구,음식,1
08-04,12,일요일,32.1,0.0,0.0,800.0,경기도,안산시 상록구,음식,2
08-04,13,일요일,32.9,0.0,0.0,800.0,경기도,안산시 상록구,음식,3
08-04,14,일요일,33.9,0.0,0.0,1000.0,경기도,안산시 상록구,음식,1
08-04,15,일요일,33.5,0.0,0.0,1200.0,경기도,안산시 상록구,음식,2
08-04,16,일요일,33.1,0.0,0.0,1200.0,경기도,안산시 상록구,음식,6
08-04,17,일요일,31.8,0.0,0.0,1500.0,경기도,안산시 상록구,음식,2
08-04,18,일요일,30.4,0.0,0.0,1500.0,경기도,안산시 상록구,음식,6
08-04,19,일요일,29.7,0.0,0.0,1500.0,경기도,안산시 상록구,음식,4
08-04,20,일요일,28.3,0.0,0.0,1500.0,경기도,안산시 상록구,음식,2
08-04,21,일요일,27.7,0.0,0.0,1500.0,경기도,안산시 상록구,음식,7
08-04,23,일요일,26.5,0.0,0.0,1500.0,경기도,안산시 상록구,음식,1
08-05,11,월요일,33.2,0.0,0.0,1200.0,경기도,안산시 상록구,음식,1
08-05,12,월요일,33.2,0.0,0.0,1500.0,경기도,안산시 상록구,음식,6
08-05,14,월요일,34.5,0.0,0.0,1700.0,경기도,안산시 상록구,음식,2
08-05,15,월요일,35.8,0.0,0.0,1500.0,경기도,안산시 상록구,음식,3
08-05,16,월요일,34.5,0.0,0.0,1500.0,경기도,안산시 상록구,음식,1
08-05,17,월요일,34.6,0.0,0.0,1200.0,경기도,안산시 상록구,음식,1
08-05,18,월요일,34.0,0.0,0.0,1200.0,경기도,안산시 상록구,음식,5
08-05,19,월요일,31.9,0.0,0.0,1200.0,경기도,안산시 상록구,음식,4
08-05,20,월요일,31.7,0.0,0.0,1200.0,경기도,안산시 상록구,음식,3
08-06,11,화요일,34.0,0.0,0.0,1500.0,경기도,안산시 상록구,음식,1
08-06,12,화요일,34.2,0.0,0.0,1800.0,경기도,안산시 상록구,음식,1
08-06,14,화요일,36.3,0.0,0.0,2000.0,경기도,안산시 상록구,음식,1
08-06,15,화요일,35.8,0.0,0.0,2000.0,경기도,안산시 상록구,음식,1
08-06,16,화요일,35.9,0.0,0.0,1800.0,경기도,안산시 상록구,음식,1
08-06,17,화요일,34.9,0.0,0.0,1500.0,경기도,안산시 상록구,음식,5
08-06,18,화요일,34.2,0.0,0.0,1500.0,경기도,안산시 상록구,음식,2
08-06,19,화요일,33.4,0.0,0.0,1500.0,경기도,안산시 상록구,음식,2
08-06,20,화요일,32.0,0.0,0.0,2000.0,경기도,안산시 상록구,음식,3
08-06,21,화요일,31.3,0.0,0.0,2000.0,경기도,안산시 상록구,음식,4
08-06,22,화요일,30.5,0.0,0.0,2000.0,경기도,안산시 상록구,음식,1
08-07,12,수요일,27.9,0.1,0.0,1800.0,경기도,안산시 상록구,음식,1
08-07,13,수요일,29.1,0.0,0.0,2000.0,경기도,안산시 상록구,음식,2
08-07,14,수요일,30.7,0.0,0.0,2000.0,경기도,안산시 상록구,음식,1
08-07,15,수요일,32.0,0.0,0.0,2000.0,경기도,안산시 상록구,음식,2
08-07,16,수요일,31.9,0.0,0.0,2000.0,경기도,안산시 상록구,음식,1
08-07,17,수요일,31.1,0.0,0.0,2000.0,경기도,안산시 상록구,음식,3
08-07,18,수요일,31.1,0.0,0.0,1500.0,경기도,안산시 상록구,음식,7
08-07,19,수요일,29.8,0.0,0.0,1500.0,경기도,안산시 상록구,음식,7
08-07,20,수요일,28.2,0.0,0.0,1500.0,경기도,안산시 상록구,음식,5
08-07,21,수요일,27.4,0.0,0.0,1200.0,경기도,안산시 상록구,음식,2
08-07,22,수요일,26.8,0.0,0.0,800.0,경기도,안산시 상록구,음식,3
08-08,11,목요일,30.9,0.0,0.0,900.0,경기도,안산시 상록구,음식,1
08-08,13,목요일,31.9,0.0,0.0,1050.0,경기도,안산시 상록구,음식,1
08-08,14,목요일,32.8,0.0,0.0,1100.0,경기도,안산시 상록구,음식,3
08-08,15,목요일,32.1,0.0,0.0,1100.0,경기도,안산시 상록구,음식,4
08-08,16,목요일,31.7,0.0,0.0,1100.0,경기도,안산시 상록구,음식,3
08-08,17,목요일,30.3,0.0,0.0,1200.0,경기도,안산시 상록구,음식,4
08-08,18,목요일,30.4,0.0,0.0,1100.0,경기도,안산시 상록구,음식,3
08-08,19,목요일,29.6,0.0,0.0,1200.0,경기도,안산시 상록구,음식,3
08-08,20,목요일,28.4,0.0,0.0,1300.0,경기도,안산시 상록구,음식,7
08-08,21,목요일,27.2,0.0,0.0,1300.0,경기도,안산시 상록구,음식,1
08-08,22,목요일,27.1,0.0,0.0,1100.0,경기도,안산시 상록구,음식,4
08-08,23,목요일,27.1,0.0,0.0,1100.0,경기도,안산시 상록구,음식,1
08-09,11,금요일,32.2,0.0,0.0,1700.0,경기도,안산시 상록구,음식,1
08-09,12,금요일,32.1,0.0,0.0,2000.0,경기도,안산시 상록구,음식,2
08-09,13,금요일,33.0,0.0,0.0,2000.0,경기도,안산시 상록구,음식,2
08-09,14,금요일,32.2,0.0,0.0,1600.0,경기도,안산시 상록구,음식,3
08-09,15,금요일,32.4,0.0,0.0,1600.0,경기도,안산시 상록구,음식,3
08-09,16,금요일,33.4,0.0,0.0,1600.0,경기도,안산시 상록구,음식,2
08-09,17,금요일,32.4,0.0,0.0,1600.0,경기도,안산시 상록구,음식,6
08-09,18,금요일,32.1,0.0,0.0,1600.0,경기도,안산시 상록구,음식,4
08-09,19,금요일,30.7,0.0,0.0,1600.0,경기도,안산시 상록구,음식,9
08-09,20,금요일,29.2,0.0,0.0,1600.0,경기도,안산시 상록구,음식,7
08-09,21,금요일,28.6,0.0,0.0,1500.0,경기도,안산시 상록구,음식,9
08-09,22,금요일,27.5,0.0,0.0,1500.0,경기도,안산시 상록구,음식,3
08-10,11,토요일,33.2,0.0,0.0,2000.0,경기도,안산시 상록구,음식,2
08-10,12,토요일,34.1,0.0,0.0,2000.0,경기도,안산시 상록구,음식,2
08-10,13,토요일,34.8,0.0,0.0,2000.0,경기도,안산시 상록구,음식,3
08-10,14,토요일,35.4,0.0,0.0,2000.0,경기도,안산시 상록구,음식,3
08-10,15,토요일,34.4,0.0,0.0,2000.0,경기도,안산시 상록구,음식,5
08-10,16,토요일,35.4,0.0,0.0,2000.0,경기도,안산시 상록구,음식,2
08-10,17,토요일,35.9,0.0,0.0,2000.0,경기도,안산시 상록구,음식,4
08-10,18,토요일,34.6,0.0,0.0,2000.0,경기도,안산시 상록구,음식,5
08-10,19,토요일,33.5,0.0,0.0,2000.0,경기도,안산시 상록구,음식,2
08-10,20,토요일,32.5,0.0,0.0,2000.0,경기도,안산시 상록구,음식,4
08-10,21,토요일,31.5,0.0,0.0,2000.0,경기도,안산시 상록구,음식,5
08-10,22,토요일,30.7,0.0,0.0,2000.0,경기도,안산시 상록구,음식,2
08-10,23,토요일,29.9,0.0,0.0,2000.0,경기도,안산시 상록구,음식,2
08-11,10,일요일,29.9,0.0,0.0,2000.0,경기도,안산시 상록구,음식,1
08-11,12,일요일,32.9,0.0,0.0,2000.0,경기도,안산시 상록구,음식,8
08-11,13,일요일,34.3,0.0,0.0,2000.0,경기도,안산시 상록구,음식,3
08-11,14,일요일,34.4,0.0,0.0,2000.0,경기도,안산시 상록구,음식,3
08-11,16,일요일,34.4,0.0,0.0,2000.0,경기도,안산시 상록구,음식,4
08-11,17,일요일,33.7,0.0,0.0,2000.0,경기도,안산시 상록구,음식,5
08-11,18,일요일,32.0,0.0,0.0,1200.0,경기도,안산시 상록구,음식,2
08-11,19,일요일,31.7,0.0,0.0,1500.0,경기도,안산시 상록구,음식,2
08-11,20,일요일,31.3,0.0,0.0,1600.0,경기도,안산시 상록구,음식,4
08-11,21,일요일,30.9,0.0,0.0,1600.0,경기도,안산시 상록구,음식,5
08-11,22,일요일,30.4,0.0,0.0,1600.0,경기도,안산시 상록구,음식,2
08-11,23,일요일,26.9,1.3,0.0,1000.0,경기도,안산시 상록구,음식,1
08-12,12,월요일,27.3,0.0,0.0,1200.0,경기도,안산시 상록구,음식,2
08-12,13,월요일,26.7,0.4,0.0,600.0,경기도,안산시 상록구,음식,2
08-12,14,월요일,28.2,0.0,0.0,800.0,경기도,안산시 상록구,음식,5
08-12,16,월요일,27.5,6.4,0.0,1200.0,경기도,안산시 상록구,음식,2
08-12,17,월요일,28.1,0.0,0.0,1200.0,경기도,안산시 상록구,음식,3
08-12,19,월요일,28.2,0.0,0.0,1500.0,경기도,안산시 상록구,음식,2
08-12,20,월요일,28.2,0.0,0.0,1500.0,경기도,안산시 상록구,음식,3
08-12,21,월요일,27.4,0.6,0.0,1200.0,경기도,안산시 상록구,음식,1
08-13,11,화요일,31.6,0.0,0.0,2000.0,경기도,안산시 상록구,음식,1
08-13,13,화요일,33.0,0.0,0.0,2000.0,경기도,안산시 상록구,음식,3
08-13,14,화요일,33.6,0.0,0.0,2000.0,경기도,안산시 상록구,음식,2
08-13,15,화요일,33.9,0.0,0.0,2000.0,경기도,안산시 상록구,음식,1
08-13,17,화요일,34.1,0.0,0.0,2000.0,경기도,안산시 상록구,음식,3
08-13,18,화요일,33.0,0.0,0.0,2000.0,경기도,안산시 상록구,음식,1
08-13,19,화요일,30.4,0.0,0.0,2000.0,경기도,안산시 상록구,음식,1
08-13,20,화요일,29.4,0.0,0.0,2000.0,경기도,안산시 상록구,음식,3
08-13,21,화요일,28.1,0.0,0.0,1500.0,경기도,안산시 상록구,음식,3
08-13,22,화요일,27.0,0.4,0.0,1200.0,경기도,안산시 상록구,음식,3
08-13,23,화요일,26.9,0.0,0.0,1200.0,경기도,안산시 상록구,음식,1
08-14,11,수요일,32.3,0.0,0.0,2000.0,경기도,안산시 상록구,음식,1
08-14,12,수요일,32.8,0.0,0.0,2000.0,경기도,안산시 상록구,음식,3
08-14,13,수요일,33.6,0.0,0.0,2000.0,경기도,안산시 상록구,음식,3
08-14,15,수요일,34.5,0.0,0.0,2000.0,경기도,안산시 상록구,음식,1
08-14,16,수요일,34.1,0.0,0.0,2000.0,경기도,안산시 상록구,음식,2
08-14,17,수요일,34.1,0.0,0.0,2000.0,경기도,안산시 상록구,음식,1
08-14,18,수요일,30.8,0.0,0.0,2000.0,경기도,안산시 상록구,음식,6
08-14,19,수요일,29.8,0.0,0.0,2000.0,경기도,안산시 상록구,음식,4
08-14,20,수요일,31.7,0.0,0.0,2000.0,경기도,안산시 상록구,음식,6
08-14,21,수요일,31.1,0.0,0.0,2000.0,경기도,안산시 상록구,음식,7
08-14,22,수요일,30.4,0.0,0.0,2000.0,경기도,안산시 상록구,음식,1
08-15,10,목요일,25.0,0.5,0.0,1300.0,경기도,안산시 상록구,음식,1
08-15,11,목요일,24.7,2.4,0.0,1300.0,경기도,안산시 상록구,음식,2
08-15,12,목요일,24.0,14.5,0.0,800.0,경기도,안산시 상록구,음식,4
08-15,13,목요일,24.6,9.0,0.0,800.0,경기도,안산시 상록구,음식,3
08-15,14,목요일,25.2,0.5,0.0,1300.0,경기도,안산시 상록구,음식,2
08-15,15,목요일,26.0,0.0,0.0,1500.0,경기도,안산시 상록구,음식,2
08-15,16,목요일,26.3,0.0,0.0,2000.0,경기도,안산시 상록구,음식,4
08-15,17,목요일,25.6,0.0,0.0,1800.0,경기도,안산시 상록구,음식,4
08-15,18,목요일,25.6,0.7,0.0,2000.0,경기도,안산시 상록구,음식,5
08-15,19,목요일,25.4,0.0,0.0,2000.0,경기도,안산시 상록구,음식,7
08-15,20,목요일,24.8,0.0,0.0,2000.0,경기도,안산시 상록구,음식,1
08-15,21,목요일,24.7,0.0,0.0,2000.0,경기도,안산시 상록구,음식,5
08-15,22,목요일,24.6,0.0,0.0,2000.0,경기도,안산시 상록구,음식,1
08-15,23,목요일,24.1,0.0,0.0,2000.0,경기도,안산시 상록구,음식,1
08-16,11,금요일,27.3,0.0,0.0,2000.0,경기도,안산시 상록구,음식,2
08-16,12,금요일,28.5,0.0,0.0,2000.0,경기도,안산시 상록구,음식,1
08-16,13,금요일,28.6,0.0,0.0,2000.0,경기도,안산시 상록구,음식,3
08-16,14,금요일,29.2,0.0,0.0,2000.0,경기도,안산시 상록구,음식,2
08-16,15,금요일,28.2,0.0,0.0,2000.0,경기도,안산시 상록구,음식,1
08-16,17,금요일,28.1,0.0,0.0,1800.0,경기도,안산시 상록구,음식,3
08-16,18,금요일,27.7,0.0,0.0,1800.0,경기도,안산시 상록구,음식,3
08-16,20,금요일,24.9,0.0,0.0,1800.0,경기도,안산시 상록구,음식,1
08-16,21,금요일,24.3,0.0,0.0,1500.0,경기도,안산시 상록구,음식,1
08-16,22,금요일,24.3,0.0,0.0,1500.0,경기도,안산시 상록구,음식,4
08-17,11,토요일,26.8,0.3,0.0,1200.0,경기도,안산시 상록구,음식,1
08-17,12,토요일,26.2,0.2,0.0,1400.0,경기도,안산시 상록구,음식,1
08-17,13,토요일,26.8,0.0,0.0,1200.0,경기도,안산시 상록구,음식,1
08-17,14,토요일,26.4,0.0,0.0,1200.0,경기도,안산시 상록구,음식,6
08-17,15,토요일,25.5,0.0,0.0,1400.0,경기도,안산시 상록구,음식,2
08-17,16,토요일,26.4,0.0,0.0,1400.0,경기도,안산시 상록구,음식,2
08-17,17,토요일,27.2,0.0,0.0,1500.0,경기도,안산시 상록구,음식,7
08-17,18,토요일,27.0,0.0,0.0,1500.0,경기도,안산시 상록구,음식,3
08-17,19,토요일,26.0,0.0,0.0,1800.0,경기도,안산시 상록구,음식,2
08-17,20,토요일,24.4,0.0,0.0,1500.0,경기도,안산시 상록구,음식,2
08-17,21,토요일,23.3,0.0,0.0,1500.0,경기도,안산시 상록구,음식,5
08-17,22,토요일,22.4,0.0,0.0,1500.0,경기도,안산시 상록구,음식,2
08-17,23,토요일,22.2,0.0,0.0,1500.0,경기도,안산시 상록구,음식,3
08-18,10,일요일,25.8,0.0,0.0,1000.0,경기도,안산시 상록구,음식,1
08-18,11,일요일,26.4,0.0,0.0,1200.0,경기도,안산시 상록구,음식,4
08-18,12,일요일,27.3,0.0,0.0,2000.0,경기도,안산시 상록구,음식,1
08-18,13,일요일,28.2,0.0,0.0,2000.0,경기도,안산시 상록구,음식,1
08-18,14,일요일,29.0,0.0,0.0,2000.0,경기도,안산시 상록구,음식,1
08-18,15,일요일,29.4,0.0,0.0,2000.0,경기도,안산시 상록구,음식,1
08-18,16,일요일,29.6,0.0,0.0,2000.0,경기도,안산시 상록구,음식,3
08-18,17,일요일,28.6,0.0,0.0,2000.0,경기도,안산시 상록구,음식,2
08-18,18,일요일,27.6,0.0,0.0,2000.0,경기도,안산시 상록구,음식,6
08-18,19,일요일,25.5,0.0,0.0,2000.0,경기도,안산시 상록구,음식,2
08-18,20,일요일,23.9,0.0,0.0,2000.0,경기도,안산시 상록구,음식,6
08-18,21,일요일,23.9,0.0,0.0,2000.0,경기도,안산시 상록구,음식,3
08-18,22,일요일,22.7,0.0,0.0,2000.0,경기도,안산시 상록구,음식,1
08-19,12,월요일,28.9,0.0,0.0,1500.0,경기도,안산시 상록구,음식,2
08-19,14,월요일,30.3,0.0,0.0,2000.0,경기도,안산시 상록구,음식,1
08-19,16,월요일,30.6,0.0,0.0,1500.0,경기도,안산시 상록구,음식,1
08-19,17,월요일,30.8,0.0,0.0,1500.0,경기도,안산시 상록구,음식,1
08-19,18,월요일,29.0,0.0,0.0,1500.0,경기도,안산시 상록구,음식,5
08-19,19,월요일,27.3,0.0,0.0,1500.0,경기도,안산시 상록구,음식,6
08-19,20,월요일,26.1,0.0,0.0,1500.0,경기도,안산시 상록구,음식,2
08-19,21,월요일,25.9,0.0,0.0,1800.0,경기도,안산시 상록구,음식,1
08-19,22,월요일,25.2,0.0,0.0,1800.0,경기도,안산시 상록구,음식,2
08-19,23,월요일,24.4,0.0,0.0,1800.0,경기도,안산시 상록구,음식,1
08-20,11,화요일,29.0,0.0,0.0,2000.0,경기도,안산시 상록구,음식,3
08-20,12,화요일,29.9,0.0,0.0,2000.0,경기도,안산시 상록구,음식,2
08-20,13,화요일,30.5,0.0,0.0,2000.0,경기도,안산시 상록구,음식,3
08-20,16,화요일,31.4,0.0,0.0,1500.0,경기도,안산시 상록구,음식,1
08-20,17,화요일,31.4,0.0,0.0,1500.0,경기도,안산시 상록구,음식,3
08-20,18,화요일,30.7,0.0,0.0,1500.0,경기도,안산시 상록구,음식,1
08-20,19,화요일,30.2,0.0,0.0,1500.0,경기도,안산시 상록구,음식,3
08-20,20,화요일,29.1,0.0,0.0,1500.0,경기도,안산시 상록구,음식,1
08-20,21,화요일,27.8,0.0,0.0,1500.0,경기도,안산시 상록구,음식,2
08-20,22,화요일,27.5,0.0,0.0,1500.0,경기도,안산시 상록구,음식,1
08-21,12,수요일,29.3,0.0,0.0,1200.0,경기도,안산시 상록구,음식,1
08-21,13,수요일,30.0,0.0,0.0,1000.0,경기도,안산시 상록구,음식,1
08-21,14,수요일,30.2,0.0,0.0,1000.0,경기도,안산시 상록구,음식,1
08-21,17,수요일,29.5,0.0,0.0,1200.0,경기도,안산시 상록구,음식,1
08-21,18,수요일,28.7,0.0,0.0,1000.0,경기도,안산시 상록구,음식,4
08-21,19,수요일,28.1,0.0,0.0,1000.0,경기도,안산시 상록구,음식,2
08-21,20,수요일,27.5,0.0,0.0,1000.0,경기도,안산시 상록구,음식,1
08-21,21,수요일,27.0,0.0,0.0,1000.0,경기도,안산시 상록구,음식,1
08-21,23,수요일,26.9,0.0,0.0,1000.0,경기도,안산시 상록구,음식,1
08-22,11,목요일,28.3,0.0,0.0,1300.0,경기도,안산시 상록구,음식,1
08-22,12,목요일,29.0,0.0,0.0,1300.0,경기도,안산시 상록구,음식,3
08-22,13,목요일,30.3,0.0,0.0,1300.0,경기도,안산시 상록구,음식,1
08-22,14,목요일,30.0,0.0,0.0,1100.0,경기도,안산시 상록구,음식,2
08-22,15,목요일,29.9,0.0,0.0,1300.0,경기도,안산시 상록구,음식,1
08-22,16,목요일,29.6,0.0,0.0,1800.0,경기도,안산시 상록구,음식,1
08-22,17,목요일,28.8,0.0,0.0,1500.0,경기도,안산시 상록구,음식,5
08-22,18,목요일,27.4,0.0,0.0,1500.0,경기도,안산시 상록구,음식,1
08-22,19,목요일,25.3,0.0,0.0,1500.0,경기도,안산시 상록구,음식,1
08-22,21,목요일,24.3,0.0,0.0,1000.0,경기도,안산시 상록구,음식,3
08-23,12,금요일,28.4,0.0,0.0,1500.0,경기도,안산시 상록구,음식,2
08-23,14,금요일,29.2,0.0,0.0,1500.0,경기도,안산시 상록구,음식,1
08-23,16,금요일,28.8,0.0,0.0,2000.0,경기도,안산시 상록구,음식,1
08-23,17,금요일,28.4,0.0,0.0,2000.0,경기도,안산시 상록구,음식,1
08-23,18,금요일,27.3,0.0,0.0,2000.0,경기도,안산시 상록구,음식,4
08-23,19,금요일,26.0,0.0,0.0,2000.0,경기도,안산시 상록구,음식,6
08-23,20,금요일,24.4,0.0,0.0,2000.0,경기도,안산시 상록구,음식,7
08-23,21,금요일,23.6,0.0,0.0,2000.0,경기도,안산시 상록구,음식,5
08-23,23,금요일,23.1,0.0,0.0,2000.0,경기도,안산시 상록구,음식,1
08-24,11,토요일,24.0,0.0,0.0,1800.0,경기도,안산시 상록구,음식,4
08-24,12,토요일,25.1,0.0,0.0,1800.0,경기도,안산시 상록구,음식,3
08-24,14,토요일,25.6,0.0,0.0,1800.0,경기도,안산시 상록구,음식,6
08-24,16,토요일,25.6,0.0,0.0,1800.0,경기도,안산시 상록구,음식,1
08-24,17,토요일,26.8,0.0,0.0,2000.0,경기도,안산시 상록구,음식,2
08-24,18,토요일,26.3,0.0,0.0,2000.0,경기도,안산시 상록구,음식,6
08-24,19,토요일,24.6,0.0,0.0,2000.0,경기도,안산시 상록구,음식,5
08-24,20,토요일,22.8,0.0,0.0,2000.0,경기도,안산시 상록구,음식,3
08-24,21,토요일,22.3,0.0,0.0,2000.0,경기도,안산시 상록구,음식,2
08-24,22,토요일,21.9,0.0,0.0,2000.0,경기도,안산시 상록구,음식,2
08-25,11,일요일,26.6,0.0,0.0,1800.0,경기도,안산시 상록구,음식,1
08-25,12,일요일,26.8,0.0,0.0,1800.0,경기도,안산시 상록구,음식,5
08-25,13,일요일,28.1,0.0,0.0,1800.0,경기도,안산시 상록구,음식,2
08-25,14,일요일,28.0,0.0,0.0,2000.0,경기도,안산시 상록구,음식,5
08-25,15,일요일,28.7,0.0,0.0,2000.0,경기도,안산시 상록구,음식,4
08-25,16,일요일,28.3,0.0,0.0,2000.0,경기도,안산시 상록구,음식,3
08-25,17,일요일,28.1,0.0,0.0,2000.0,경기도,안산시 상록구,음식,8
08-25,18,일요일,27.3,0.0,0.0,2000.0,경기도,안산시 상록구,음식,4
08-25,19,일요일,25.2,0.0,0.0,2000.0,경기도,안산시 상록구,음식,4
08-25,20,일요일,23.5,0.0,0.0,2000.0,경기도,안산시 상록구,음식,2
08-25,21,일요일,23.6,0.0,0.0,2000.0,경기도,안산시 상록구,음식,1
08-25,23,일요일,22.4,0.0,0.0,2000.0,경기도,안산시 상록구,음식,1
08-26,12,월요일,27.7,0.0,0.0,1200.0,경기도,안산시 상록구,음식,1
08-26,13,월요일,29.0,0.0,0.0,1500.0,경기도,안산시 상록구,음식,2
08-26,15,월요일,30.2,0.0,0.0,1500.0,경기도,안산시 상록구,음식,1
08-26,18,월요일,29.4,0.0,0.0,2000.0,경기도,안산시 상록구,음식,1
08-26,19,월요일,27.0,0.0,0.0,2000.0,경기도,안산시 상록구,음식,2
08-26,20,월요일,26.6,0.0,0.0,1681.0,경기도,안산시 상록구,음식,3
08-26,21,월요일,26.5,0.0,0.0,1530.0,경기도,안산시 상록구,음식,2
08-26,23,월요일,25.5,0.0,0.0,1053.0,경기도,안산시 상록구,음식,1
08-27,11,화요일,25.4,0.0,0.0,1922.0,경기도,안산시 상록구,음식,3
08-27,14,화요일,26.7,0.0,0.0,1970.0,경기도,안산시 상록구,음식,1
08-27,15,화요일,27.4,0.0,0.0,1966.0,경기도,안산시 상록구,음식,1
08-27,16,화요일,27.8,0.0,0.0,1996.0,경기도,안산시 상록구,음식,1
08-27,18,화요일,27.3,0.0,0.0,1994.0,경기도,안산시 상록구,음식,1
08-27,19,화요일,25.9,0.0,0.0,1122.0,경기도,안산시 상록구,음식,3
08-27,20,화요일,24.8,0.0,0.0,1261.0,경기도,안산시 상록구,음식,6
08-28,11,수요일,26.4,0.0,0.0,1459.0,경기도,안산시 상록구,음식,1
08-28,13,수요일,28.7,0.0,0.0,2007.0,경기도,안산시 상록구,음식,2
08-28,14,수요일,29.0,0.0,0.0,1917.0,경기도,안산시 상록구,음식,1
08-28,15,수요일,28.8,0.0,0.0,2000.0,경기도,안산시 상록구,음식,1
08-28,16,수요일,28.3,0.0,0.0,1989.0,경기도,안산시 상록구,음식,1
08-28,17,수요일,28.1,0.0,0.0,1857.0,경기도,안산시 상록구,음식,1
08-28,18,수요일,27.0,0.0,0.0,2000.0,경기도,안산시 상록구,음식,2
08-28,19,수요일,25.5,0.0,0.0,2000.0,경기도,안산시 상록구,음식,6
08-28,20,수요일,24.8,0.0,0.0,2000.0,경기도,안산시 상록구,음식,1
08-28,21,수요일,24.4,0.0,0.0,1890.0,경기도,안산시 상록구,음식,1
08-28,23,수요일,23.2,0.0,0.0,1299.0,경기도,안산시 상록구,음식,2
08-29,11,목요일,26.9,0.0,0.0,1052.0,경기도,안산시 상록구,음식,1
08-29,12,목요일,21.8,0.0,0.0,1178.0,경기도,안산시 상록구,음식,1
08-29,14,목요일,23.3,0.0,0.0,1429.0,경기도,안산시 상록구,음식,2
08-29,16,목요일,24.9,0.0,0.0,1773.0,경기도,안산시 상록구,음식,1
08-29,18,목요일,24.6,0.0,0.0,1616.0,경기도,안산시 상록구,음식,1
08-29,19,목요일,23.5,0.0,0.0,1706.0,경기도,안산시 상록구,음식,6
08-29,20,목요일,22.9,0.1,0.0,954.0,경기도,안산시 상록구,음식,4
08-29,21,목요일,22.0,0.2,0.0,717.0,경기도,안산시 상록구,음식,1
08-30,11,금요일,25.0,0.0,0.0,2000.0,경기도,안산시 상록구,음식,2
08-30,12,금요일,25.6,0.0,0.0,2000.0,경기도,안산시 상록구,음식,1
08-30,13,금요일,25.6,0.0,0.0,2000.0,경기도,안산시 상록구,음식,2
08-30,14,금요일,25.9,0.0,0.0,2000.0,경기도,안산시 상록구,음식,3
08-30,16,금요일,25.5,0.0,0.0,2000.0,경기도,안산시 상록구,음식,2
08-30,17,금요일,25.4,0.0,0.0,2000.0,경기도,안산시 상록구,음식,1
08-30,18,금요일,24.3,0.0,0.0,2000.0,경기도,안산시 상록구,음식,2
08-30,19,금요일,23.0,0.0,0.0,2000.0,경기도,안산시 상록구,음식,3
08-30,20,금요일,22.1,0.0,0.0,2000.0,경기도,안산시 상록구,음식,4
08-30,21,금요일,22.0,0.0,0.0,2000.0,경기도,안산시 상록구,음식,2
08-30,22,금요일,22.1,0.0,0.0,2000.0,경기도,안산시 상록구,음식,4
08-31,11,토요일,25.1,0.0,0.0,1953.0,경기도,안산시 상록구,음식,1
08-31,13,토요일,27.2,0.0,0.0,1974.0,경기도,안산시 상록구,음식,1
08-31,15,토요일,27.4,0.0,0.0,2000.0,경기도,안산시 상록구,음식,3
08-31,16,토요일,26.7,0.0,0.0,2000.0,경기도,안산시 상록구,음식,2
08-31,17,토요일,26.7,0.0,0.0,2000.0,경기도,안산시 상록구,음식,3
08-31,18,토요일,26.0,0.0,0.0,2000.0,경기도,안산시 상록구,음식,5
08-31,19,토요일,23.8,0.0,0.0,2000.0,경기도,안산시 상록구,음식,3
08-31,20,토요일,22.2,0.0,0.0,2000.0,경기도,안산시 상록구,음식,4
08-31,21,토요일,22.1,0.0,0.0,2000.0,경기도,안산시 상록구,음식,5
08-31,23,토요일,20.7,0.0,0.0,1203.0,경기도,안산시 상록구,음식,2
09-01,11,일요일,25.6,0.0,0.0,1902.0,경기도,안산시 상록구,음식,3
09-01,12,일요일,26.1,0.0,0.0,1998.0,경기도,안산시 상록구,음식,4
09-01,13,일요일,26.6,0.0,0.0,1996.0,경기도,안산시 상록구,음식,2
09-01,14,일요일,26.3,0.0,0.0,2000.0,경기도,안산시 상록구,음식,2
09-01,15,일요일,26.7,0.0,0.0,1995.0,경기도,안산시 상록구,음식,1
09-01,16,일요일,27.1,0.0,0.0,1993.0,경기도,안산시 상록구,음식,3
09-01,17,일요일,26.7,0.0,0.0,2000.0,경기도,안산시 상록구,음식,1
09-01,18,일요일,26.3,0.0,0.0,2000.0,경기도,안산시 상록구,음식,5
09-01,20,일요일,23.6,0.0,0.0,1468.0,경기도,안산시 상록구,음식,3
09-01,21,일요일,22.8,0.0,0.0,1359.0,경기도,안산시 상록구,음식,5
09-02,0,월요일,21.5,0.0,0.0,834.0,경기도,안산시 상록구,음식,1
09-02,11,월요일,27.3,0.0,0.0,2000.0,경기도,안산시 상록구,음식,3
09-02,12,월요일,27.9,0.0,0.0,2000.0,경기도,안산시 상록구,음식,1
09-02,13,월요일,28.5,0.0,0.0,2000.0,경기도,안산시 상록구,음식,6
09-02,14,월요일,28.5,0.0,0.0,1992.0,경기도,안산시 상록구,음식,2
09-02,15,월요일,28.4,0.0,0.0,2000.0,경기도,안산시 상록구,음식,3
09-02,16,월요일,28.1,0.0,0.0,2000.0,경기도,안산시 상록구,음식,1
09-02,17,월요일,26.5,0.0,0.0,2041.0,경기도,안산시 상록구,음식,5
09-02,18,월요일,26.0,0.0,0.0,2036.0,경기도,안산시 상록구,음식,3
09-02,19,월요일,25.0,0.0,0.0,2000.0,경기도,안산시 상록구,음식,4
09-02,20,월요일,24.5,0.0,0.0,1999.0,경기도,안산시 상록구,음식,3
09-02,21,월요일,25.0,0.0,0.0,2000.0,경기도,안산시 상록구,음식,6
09-02,22,월요일,24.1,0.0,0.0,1744.0,경기도,안산시 상록구,음식,3
09-02,23,월요일,23.2,0.0,0.0,1563.0,경기도,안산시 상록구,음식,1
09-03,11,화요일,24.4,0.0,0.0,1763.0,경기도,안산시 상록구,음식,2
09-03,12,화요일,24.9,0.0,0.0,1930.0,경기도,안산시 상록구,음식,2
09-03,13,화요일,25.2,0.0,0.0,1453.0,경기도,안산시 상록구,음식,1
09-03,14,화요일,25.3,0.0,0.0,1400.0,경기도,안산시 상록구,음식,3
09-03,15,화요일,25.7,0.0,0.0,1896.0,경기도,안산시 상록구,음식,2
09-03,16,화요일,25.6,0.0,0.0,1934.0,경기도,안산시 상록구,음식,1
09-03,17,화요일,24.9,0.0,0.0,2000.0,경기도,안산시 상록구,음식,1
09-03,18,화요일,24.7,0.0,0.0,2000.0,경기도,안산시 상록구,음식,6
09-03,19,화요일,24.3,0.0,0.0,2000.0,경기도,안산시 상록구,음식,4
09-03,20,화요일,23.8,0.0,0.0,2000.0,경기도,안산시 상록구,음식,2
09-03,22,화요일,23.4,0.0,0.0,2000.0,경기도,안산시 상록구,음식,2
09-04,11,수요일,23.4,0.5,0.0,2000.0,경기도,안산시 상록구,음식,4
09-04,13,수요일,25.7,0.0,0.0,2000.0,경기도,안산시 상록구,음식,4
09-04,14,수요일,27.3,0.0,0.0,2000.0,경기도,안산시 상록구,음식,2
09-04,15,수요일,25.1,1.3,0.0,1123.0,경기도,안산시 상록구,음식,2
09-04,16,수요일,24.1,11.7,0.0,1652.0,경기도,안산시 상록구,음식,3
09-04,17,수요일,22.6,0.1,0.0,2000.0,경기도,안산시 상록구,음식,3
09-04,18,수요일,22.9,0.0,0.0,2000.0,경기도,안산시 상록구,음식,4
09-04,19,수요일,22.6,4.2,0.0,1660.0,경기도,안산시 상록구,음식,7
09-04,20,수요일,22.7,0.0,0.0,1868.0,경기도,안산시 상록구,음식,5
09-04,21,수요일,22.8,0.0,0.0,2009.0,경기도,안산시 상록구,음식,2
09-04,22,수요일,22.8,0.0,0.0,1691.0,경기도,안산시 상록구,음식,1
09-04,23,수요일,22.5,0.0,0.0,1756.0,경기도,안산시 상록구,음식,1
09-05,11,목요일,26.7,0.0,0.0,1884.0,경기도,안산시 상록구,음식,3
09-05,12,목요일,27.6,0.2,0.0,1989.0,경기도,안산시 상록구,음식,3
09-05,13,목요일,24.9,2.7,0.0,1045.0,경기도,안산시 상록구,음식,1
09-05,14,목요일,23.2,28.7,0.0,275.0,경기도,안산시 상록구,음식,3
09-05,15,목요일,23.0,13.8,0.0,1048.0,경기도,안산시 상록구,음식,4
09-05,16,목요일,23.0,27.2,0.0,912.0,경기도,안산시 상록구,음식,6
09-05,17,목요일,22.6,6.4,0.0,1296.0,경기도,안산시 상록구,음식,4
09-05,18,목요일,22.7,0.4,0.0,2000.0,경기도,안산시 상록구,음식,4
09-05,19,목요일,22.4,0.0,0.0,2000.0,경기도,안산시 상록구,음식,2
09-05,20,목요일,22.6,0.0,0.0,2000.0,경기도,안산시 상록구,음식,2
09-05,21,목요일,22.4,0.0,0.0,2000.0,경기도,안산시 상록구,음식,3
09-05,22,목요일,22.3,0.0,0.0,2000.0,경기도,안산시 상록구,음식,3
09-06,10,금요일,25.9,0.0,0.0,2058.0,경기도,안산시 상록구,음식,1
09-06,11,금요일,27.3,0.0,0.0,1965.0,경기도,안산시 상록구,음식,6
09-06,12,금요일,27.9,0.0,0.0,1965.0,경기도,안산시 상록구,음식,4
09-06,13,금요일,28.9,0.0,0.0,1962.0,경기도,안산시 상록구,음식,2
09-06,14,금요일,28.8,0.0,0.0,1995.0,경기도,안산시 상록구,음식,1
09-06,15,금요일,28.7,0.0,0.0,1793.0,경기도,안산시 상록구,음식,6
09-06,16,금요일,28.8,0.0,0.0,1654.0,경기도,안산시 상록구,음식,5
09-06,17,금요일,28.5,0.0,0.0,1789.0,경기도,안산시 상록구,음식,5
09-06,18,금요일,28.2,0.0,0.0,1769.0,경기도,안산시 상록구,음식,8
09-06,19,금요일,28.1,0.0,0.0,1677.0,경기도,안산시 상록구,음식,4
09-06,20,금요일,26.4,0.2,0.0,1844.0,경기도,안산시 상록구,음식,3
09-06,22,금요일,25.9,0.1,0.0,1176.0,경기도,안산시 상록구,음식,1
09-07,11,토요일,30.0,0.0,0.0,2000.0,경기도,안산시 상록구,음식,2
09-07,13,토요일,29.8,0.0,0.0,2000.0,경기도,안산시 상록구,음식,1
09-07,19,토요일,24.2,0.0,0.0,2000.0,경기도,안산시 상록구,음식,3
09-07,21,토요일,23.5,0.0,0.0,2000.0,경기도,안산시 상록구,음식,2
09-08,11,일요일,26.2,0.0,0.0,1169.0,경기도,안산시 상록구,음식,2
09-08,12,일요일,26.4,0.0,0.0,1245.0,경기도,안산시 상록구,음식,5
09-08,13,일요일,27.5,0.0,0.0,1142.0,경기도,안산시 상록구,음식,3
09-08,14,일요일,27.6,0.0,0.0,1212.0,경기도,안산시 상록구,음식,1
09-08,15,일요일,26.8,0.0,0.0,1526.0,경기도,안산시 상록구,음식,4
09-08,16,일요일,26.3,0.0,0.0,1362.0,경기도,안산시 상록구,음식,5
09-08,17,일요일,25.6,0.0,0.0,794.0,경기도,안산시 상록구,음식,2
09-08,18,일요일,25.1,0.0,0.0,530.0,경기도,안산시 상록구,음식,4
09-08,19,일요일,24.7,0.0,0.0,706.0,경기도,안산시 상록구,음식,5
09-08,20,일요일,24.1,0.0,0.0,759.0,경기도,안산시 상록구,음식,4
09-08,21,일요일,23.9,0.0,0.0,710.0,경기도,안산시 상록구,음식,4
09-08,22,일요일,23.7,0.0,0.0,654.0,경기도,안산시 상록구,음식,1
09-09,12,월요일,26.0,0.0,0.0,1013.0,경기도,안산시 상록구,음식,1
09-09,13,월요일,26.6,0.0,0.0,1174.0,경기도,안산시 상록구,음식,1
09-09,18,월요일,25.9,0.0,0.0,1210.0,경기도,안산시 상록구,음식,2
09-09,19,월요일,24.5,0.0,0.0,2342.0,경기도,안산시 상록구,음식,2
09-09,20,월요일,24.3,0.2,0.0,1792.0,경기도,안산시 상록구,음식,4
09-09,21,월요일,24.5,0.0,0.0,1979.0,경기도,안산시 상록구,음식,4
09-09,23,월요일,24.6,0.0,0.0,1599.0,경기도,안산시 상록구,음식,1
09-10,12,화요일,28.3,0.0,0.0,2000.0,경기도,안산시 상록구,음식,2
09-10,13,화요일,27.0,0.0,0.0,1827.0,경기도,안산시 상록구,음식,2
09-10,14,화요일,24.8,1.9,0.0,662.0,경기도,안산시 상록구,음식,1
09-10,15,화요일,25.3,0.1,0.0,1111.0,경기도,안산시 상록구,음식,2
09-10,16,화요일,25.7,0.0,0.0,1000.0,경기도,안산시 상록구,음식,1
09-10,17,화요일,25.6,0.0,0.0,1000.0,경기도,안산시 상록구,음식,2
09-10,18,화요일,25.8,0.0,0.0,1138.0,경기도,안산시 상록구,음식,3
09-10,19,화요일,25.3,0.3,0.0,551.0,경기도,안산시 상록구,음식,5
09-10,20,화요일,25.7,0.0,0.0,1010.0,경기도,안산시 상록구,음식,5
09-10,21,화요일,26.2,0.0,0.0,1385.0,경기도,안산시 상록구,음식,2
09-10,22,화요일,23.5,16.4,0.0,254.0,경기도,안산시 상록구,음식,1
09-10,23,화요일,22.8,19.8,0.0,251.0,경기도,안산시 상록구,음식,1
09-11,11,수요일,23.9,0.0,0.0,2000.0,경기도,안산시 상록구,음식,1
09-11,12,수요일,24.2,0.0,0.0,2000.0,경기도,안산시 상록구,음식,2
09-11,13,수요일,24.2,0.0,0.0,2000.0,경기도,안산시 상록구,음식,2
09-11,14,수요일,25.2,0.0,0.0,2000.0,경기도,안산시 상록구,음식,1
09-11,16,수요일,26.7,0.0,0.0,2000.0,경기도,안산시 상록구,음식,1
09-11,17,수요일,26.7,0.0,0.0,2000.0,경기도,안산시 상록구,음식,1
09-11,18,수요일,26.5,0.0,0.0,2000.0,경기도,안산시 상록구,음식,3
09-11,19,수요일,26.0,0.0,0.0,2000.0,경기도,안산시 상록구,음식,2
09-11,20,수요일,25.5,0.0,0.0,2000.0,경기도,안산시 상록구,음식,6
09-11,21,수요일,25.1,0.0,0.0,2000.0,경기도,안산시 상록구,음식,3
09-11,22,수요일,24.6,0.0,0.0,2000.0,경기도,안산시 상록구,음식,1
09-12,11,목요일,21.6,0.0,0.0,2000.0,경기도,안산시 상록구,음식,1
09-12,12,목요일,21.8,0.0,0.0,2000.0,경기도,안산시 상록구,음식,2
09-12,13,목요일,21.8,0.0,0.0,2000.0,경기도,안산시 상록구,음식,2
09-12,14,목요일,22.1,0.0,0.0,2000.0,경기도,안산시 상록구,음식,2
09-12,15,목요일,22.1,0.0,0.0,2000.0,경기도,안산시 상록구,음식,1
09-12,16,목요일,21.8,0.0,0.0,1944.0,경기도,안산시 상록구,음식,3
09-12,18,목요일,17.8,12.8,0.0,643.0,경기도,안산시 상록구,음식,3
09-12,20,목요일,18.6,2.6,0.0,1124.0,경기도,안산시 상록구,음식,2
09-12,22,목요일,18.3,2.6,0.0,1419.0,경기도,안산시 상록구,음식,3
09-12,23,목요일,18.2,0.8,0.0,1000.0,경기도,안산시 상록구,음식,1
09-13,12,금요일,25.1,0.0,0.0,2000.0,경기도,안산시 상록구,음식,1
09-13,15,금요일,27.7,0.0,0.0,2000.0,경기도,안산시 상록구,음식,1
09-13,16,금요일,28.5,0.0,0.0,2000.0,경기도,안산시 상록구,음식,3
09-13,17,금요일,28.0,0.0,0.0,1985.0,경기도,안산시 상록구,음식,2
09-13,18,금요일,27.0,0.0,0.0,2000.0,경기도,안산시 상록구,음식,4
09-13,19,금요일,23.7,0.0,0.0,2000.0,경기도,안산시 상록구,음식,1
09-13,20,금요일,23.2,0.0,0.0,2000.0,경기도,안산시 상록구,음식,1
09-13,21,금요일,21.9,0.0,0.0,2000.0,경기도,안산시 상록구,음식,3
09-13,23,금요일,21.4,0.0,0.0,1964.0,경기도,안산시 상록구,음식,2
09-14,11,토요일,23.3,0.0,0.0,2000.0,경기도,안산시 상록구,음식,2
09-14,12,토요일,23.9,0.0,0.0,1987.0,경기도,안산시 상록구,음식,4
09-14,13,토요일,23.7,0.0,0.0,1974.0,경기도,안산시 상록구,음식,2
09-14,14,토요일,22.6,0.0,0.0,565.0,경기도,안산시 상록구,음식,2
09-14,15,토요일,22.1,0.7,0.0,373.0,경기도,안산시 상록구,음식,1
09-14,16,토요일,22.3,0.6,0.0,547.0,경기도,안산시 상록구,음식,1
09-14,17,토요일,23.7,0.0,0.0,1364.0,경기도,안산시 상록구,음식,6
09-14,18,토요일,23.4,0.0,0.0,1900.0,경기도,안산시 상록구,음식,2
09-14,19,토요일,22.9,0.0,0.0,1702.0,경기도,안산시 상록구,음식,4
09-14,20,토요일,22.6,0.0,0.0,2000.0,경기도,안산시 상록구,음식,4
09-14,21,토요일,22.4,0.0,0.0,1868.0,경기도,안산시 상록구,음식,2
09-14,22,토요일,21.9,0.0,0.0,1084.0,경기도,안산시 상록구,음식,1
09-14,23,토요일,21.7,0.0,0.0,1064.0,경기도,안산시 상록구,음식,1
09-15,11,일요일,25.9,0.0,0.0,2000.0,경기도,안산시 상록구,음식,2
09-15,12,일요일,26.3,0.0,0.0,2000.0,경기도,안산시 상록구,음식,3
09-15,13,일요일,27.8,0.0,0.0,2000.0,경기도,안산시 상록구,음식,2
09-15,14,일요일,28.7,0.0,0.0,2000.0,경기도,안산시 상록구,음식,1
09-15,16,일요일,28.5,0.0,0.0,2000.0,경기도,안산시 상록구,음식,2
09-15,17,일요일,27.4,0.0,0.0,1964.0,경기도,안산시 상록구,음식,2
09-15,18,일요일,26.1,0.0,0.0,2000.0,경기도,안산시 상록구,음식,5
09-15,19,일요일,24.4,0.0,0.0,2000.0,경기도,안산시 상록구,음식,5
09-15,20,일요일,23.4,0.0,0.0,1949.0,경기도,안산시 상록구,음식,5
09-15,21,일요일,23.7,0.0,0.0,2000.0,경기도,안산시 상록구,음식,1
09-15,22,일요일,23.4,0.0,0.0,2000.0,경기도,안산시 상록구,음식,4
09-16,11,월요일,26.2,0.0,0.0,1981.0,경기도,안산시 상록구,음식,3
09-16,12,월요일,27.0,0.0,0.0,2000.0,경기도,안산시 상록구,음식,1
09-16,13,월요일,28.0,0.0,0.0,1999.0,경기도,안산시 상록구,음식,1
09-16,15,월요일,28.9,0.0,0.0,2000.0,경기도,안산시 상록구,음식,4
09-16,16,월요일,29.0,0.0,0.0,2000.0,경기도,안산시 상록구,음식,1
09-16,17,월요일,28.9,0.0,0.0,1949.0,경기도,안산시 상록구,음식,1
09-16,18,월요일,27.9,0.0,0.0,2000.0,경기도,안산시 상록구,음식,1
09-16,19,월요일,25.7,0.0,0.0,2000.0,경기도,안산시 상록구,음식,3
09-16,20,월요일,23.8,0.0,0.0,2000.0,경기도,안산시 상록구,음식,2
09-16,21,월요일,22.1,0.0,0.0,2000.0,경기도,안산시 상록구,음식,3
09-16,22,월요일,21.3,0.0,0.0,2000.0,경기도,안산시 상록구,음식,2
09-17,11,화요일,25.3,0.0,0.0,2000.0,경기도,안산시 상록구,음식,2
09-17,15,화요일,28.0,0.0,0.0,2000.0,경기도,안산시 상록구,음식,1
09-17,16,화요일,28.3,0.0,0.0,2000.0,경기도,안산시 상록구,음식,1
09-17,17,화요일,28.1,0.0,0.0,2000.0,경기도,안산시 상록구,음식,1
09-17,18,화요일,26.6,0.0,0.0,2000.0,경기도,안산시 상록구,음식,2
09-17,19,화요일,23.7,0.0,0.0,2000.0,경기도,안산시 상록구,음식,3
09-17,20,화요일,23.2,0.0,0.0,2000.0,경기도,안산시 상록구,음식,3
09-17,21,화요일,23.5,0.0,0.0,2000.0,경기도,안산시 상록구,음식,1
09-17,22,화요일,22.6,0.0,0.0,2000.0,경기도,안산시 상록구,음식,2
09-17,23,화요일,22.0,0.0,0.0,2000.0,경기도,안산시 상록구,음식,1
09-18,11,수요일,24.0,0.0,0.0,1997.0,경기도,안산시 상록구,음식,1
09-18,14,수요일,25.3,0.0,0.0,1989.0,경기도,안산시 상록구,음식,1
09-18,15,수요일,25.5,0.0,0.0,1988.0,경기도,안산시 상록구,음식,2
09-18,17,수요일,24.1,0.0,0.0,2000.0,경기도,안산시 상록구,음식,3
09-18,18,수요일,21.9,0.0,0.0,2000.0,경기도,안산시 상록구,음식,2
09-18,19,수요일,20.1,0.0,0.0,2000.0,경기도,안산시 상록구,음식,2
09-18,20,수요일,18.7,0.0,0.0,2000.0,경기도,안산시 상록구,음식,4
09-18,21,수요일,18.0,0.0,0.0,1955.0,경기도,안산시 상록구,음식,1
09-18,22,수요일,17.2,0.0,0.0,2000.0,경기도,안산시 상록구,음식,2
09-19,0,목요일,14.8,0.0,0.0,1996.0,경기도,안산시 상록구,음식,1
09-19,11,목요일,22.5,0.0,0.0,2013.0,경기도,안산시 상록구,음식,1
09-19,12,목요일,23.6,0.0,0.0,1878.0,경기도,안산시 상록구,음식,1
09-19,14,목요일,25.5,0.0,0.0,2000.0,경기도,안산시 상록구,음식,2
09-19,15,목요일,25.1,0.0,0.0,1997.0,경기도,안산시 상록구,음식,2
09-19,16,목요일,25.4,0.0,0.0,1977.0,경기도,안산시 상록구,음식,1
09-19,17,목요일,24.4,0.0,0.0,1971.0,경기도,안산시 상록구,음식,1
09-19,18,목요일,23.0,0.0,0.0,2000.0,경기도,안산시 상록구,음식,2
09-19,19,목요일,21.5,0.0,0.0,2000.0,경기도,안산시 상록구,음식,4
09-19,20,목요일,20.9,0.0,0.0,2000.0,경기도,안산시 상록구,음식,3
09-19,21,목요일,19.7,0.0,0.0,2000.0,경기도,안산시 상록구,음식,2
09-19,22,목요일,18.8,0.0,0.0,1984.0,경기도,안산시 상록구,음식,2
09-20,11,금요일,21.9,0.0,0.0,1984.0,경기도,안산시 상록구,음식,1
09-20,13,금요일,23.3,0.0,0.0,2000.0,경기도,안산시 상록구,음식,1
09-20,14,금요일,23.2,0.0,0.0,2000.0,경기도,안산시 상록구,음식,1
09-20,16,금요일,23.4,0.0,0.0,2000.0,경기도,안산시 상록구,음식,2
09-20,17,금요일,23.1,0.0,0.0,2000.0,경기도,안산시 상록구,음식,2
09-20,18,금요일,22.6,0.0,0.0,1852.0,경기도,안산시 상록구,음식,6
09-20,19,금요일,21.2,0.0,0.0,2000.0,경기도,안산시 상록구,음식,3
09-20,20,금요일,21.1,0.0,0.0,2000.0,경기도,안산시 상록구,음식,2
09-20,21,금요일,21.2,0.0,0.0,2000.0,경기도,안산시 상록구,음식,4
09-20,22,금요일,20.9,0.0,0.0,2000.0,경기도,안산시 상록구,음식,1
09-20,23,금요일,20.8,0.0,0.0,2000.0,경기도,안산시 상록구,음식,1
09-21,12,토요일,21.0,0.0,0.0,2000.0,경기도,안산시 상록구,음식,1
09-21,13,토요일,21.3,0.0,0.0,2000.0,경기도,안산시 상록구,음식,2
09-21,17,토요일,19.0,0.0,0.0,2000.0,경기도,안산시 상록구,음식,2
09-21,18,토요일,18.5,0.0,0.0,2000.0,경기도,안산시 상록구,음식,5
09-21,19,토요일,17.7,0.0,0.0,2000.0,경기도,안산시 상록구,음식,1
09-21,20,토요일,17.5,0.0,0.0,1939.0,경기도,안산시 상록구,음식,3
09-21,21,토요일,17.6,0.0,0.0,2000.0,경기도,안산시 상록구,음식,3
09-21,22,토요일,17.7,0.0,0.0,2000.0,경기도,안산시 상록구,음식,1
09-21,23,토요일,16.9,0.0,0.0,2007.0,경기도,안산시 상록구,음식,1
09-22,11,일요일,17.1,0.4,0.0,1995.0,경기도,안산시 상록구,음식,1
09-22,12,일요일,17.1,0.9,0.0,1814.0,경기도,안산시 상록구,음식,2
09-22,13,일요일,17.4,0.7,0.0,1955.0,경기도,안산시 상록구,음식,1
09-22,14,일요일,18.1,0.2,0.0,2000.0,경기도,안산시 상록구,음식,1
09-22,15,일요일,18.5,0.0,0.0,2000.0,경기도,안산시 상록구,음식,3
09-22,16,일요일,18.3,0.1,0.0,1998.0,경기도,안산시 상록구,음식,1
09-22,17,일요일,17.6,0.6,0.0,1941.0,경기도,안산시 상록구,음식,3
09-22,18,일요일,17.5,0.3,0.0,2000.0,경기도,안산시 상록구,음식,4
09-22,19,일요일,17.8,0.0,0.0,2000.0,경기도,안산시 상록구,음식,4
09-22,20,일요일,18.0,0.0,0.0,1955.0,경기도,안산시 상록구,음식,7
09-22,21,일요일,18.7,0.0,0.0,1996.0,경기도,안산시 상록구,음식,3
09-22,22,일요일,19.1,0.0,0.0,2000.0,경기도,안산시 상록구,음식,1
09-23,12,월요일,21.4,0.0,0.0,2000.0,경기도,안산시 상록구,음식,1
09-23,13,월요일,21.9,0.0,0.0,2000.0,경기도,안산시 상록구,음식,1
09-23,14,월요일,22.9,0.0,0.0,2000.0,경기도,안산시 상록구,음식,2
09-23,16,월요일,23.8,0.0,0.0,2000.0,경기도,안산시 상록구,음식,1
09-23,17,월요일,22.5,0.0,0.0,2000.0,경기도,안산시 상록구,음식,5
09-23,18,월요일,21.7,0.0,0.0,2000.0,경기도,안산시 상록구,음식,4
09-23,19,월요일,19.4,0.0,0.0,2000.0,경기도,안산시 상록구,음식,3
09-23,20,월요일,18.3,0.0,0.0,2000.0,경기도,안산시 상록구,음식,2
09-23,21,월요일,17.7,0.0,0.0,1982.0,경기도,안산시 상록구,음식,2
09-23,22,월요일,16.6,0.0,0.0,2000.0,경기도,안산시 상록구,음식,1
09-24,12,화요일,23.0,0.0,0.0,2015.0,경기도,안산시 상록구,음식,1
09-24,15,화요일,24.6,0.0,0.0,1994.0,경기도,안산시 상록구,음식,1
09-24,16,화요일,24.1,0.0,0.0,2000.0,경기도,안산시 상록구,음식,3
09-24,17,화요일,23.3,0.0,0.0,1950.0,경기도,안산시 상록구,음식,1
09-24,18,화요일,22.0,0.0,0.0,2000.0,경기도,안산시 상록구,음식,4
09-24,19,화요일,19.3,0.0,0.0,1957.0,경기도,안산시 상록구,음식,5
09-24,20,화요일,18.6,0.0,0.0,2000.0,경기도,안산시 상록구,음식,2
09-24,21,화요일,17.2,0.0,0.0,2000.0,경기도,안산시 상록구,음식,2
09-25,1,수요일,13.8,0.0,0.0,1942.0,경기도,안산시 상록구,음식,2
09-25,11,수요일,22.6,0.0,0.0,1367.0,경기도,안산시 상록구,음식,1
09-25,12,수요일,23.9,0.0,0.0,1752.0,경기도,안산시 상록구,음식,1
09-25,13,수요일,25.3,0.0,0.0,1921.0,경기도,안산시 상록구,음식,1
09-25,14,수요일,25.2,0.0,0.0,1989.0,경기도,안산시 상록구,음식,1
09-25,15,수요일,25.6,0.0,0.0,1923.0,경기도,안산시 상록구,음식,3
09-25,16,수요일,25.5,0.0,0.0,1944.0,경기도,안산시 상록구,음식,3
09-25,17,수요일,23.5,0.0,0.0,1966.0,경기도,안산시 상록구,음식,1
09-25,18,수요일,22.0,0.0,0.0,1594.0,경기도,안산시 상록구,음식,2
09-25,19,수요일,21.1,0.0,0.0,1557.0,경기도,안산시 상록구,음식,2
09-25,20,수요일,20.7,0.0,0.0,1505.0,경기도,안산시 상록구,음식,6
09-25,21,수요일,19.8,0.0,0.0,1055.0,경기도,안산시 상록구,음식,2
09-25,22,수요일,19.1,0.0,0.0,895.0,경기도,안산시 상록구,음식,1
09-26,11,목요일,24.2,0.0,0.0,2000.0,경기도,안산시 상록구,음식,1
09-26,12,목요일,24.9,0.0,0.0,1999.0,경기도,안산시 상록구,음식,1
09-26,13,목요일,25.2,0.0,0.0,2000.0,경기도,안산시 상록구,음식,1
09-26,14,목요일,26.2,0.0,0.0,2000.0,경기도,안산시 상록구,음식,1
09-26,17,목요일,25.1,0.0,0.0,1980.0,경기도,안산시 상록구,음식,4
09-26,18,목요일,24.6,0.0,0.0,2000.0,경기도,안산시 상록구,음식,2
09-26,19,목요일,23.9,0.0,0.0,1888.0,경기도,안산시 상록구,음식,8
09-26,20,목요일,23.4,0.0,0.0,2000.0,경기도,안산시 상록구,음식,3
09-26,21,목요일,22.6,0.0,0.0,2000.0,경기도,안산시 상록구,음식,3
09-26,22,목요일,22.1,0.0,0.0,1998.0,경기도,안산시 상록구,음식,1
09-27,8,금요일,20.6,0.0,0.0,2000.0,경기도,안산시 상록구,음식,1
09-27,14,금요일,26.5,0.0,0.0,2000.0,경기도,안산시 상록구,음식,1
09-27,15,금요일,26.3,0.0,0.0,2000.0,경기도,안산시 상록구,음식,1
09-27,16,금요일,26.4,0.0,0.0,1966.0,경기도,안산시 상록구,음식,1
09-27,18,금요일,24.7,0.0,0.0,2000.0,경기도,안산시 상록구,음식,1
09-27,19,금요일,24.1,0.0,0.0,2000.0,경기도,안산시 상록구,음식,6
09-27,20,금요일,23.8,0.0,0.0,2000.0,경기도,안산시 상록구,음식,4
09-27,21,금요일,23.0,0.0,0.0,2000.0,경기도,안산시 상록구,음식,6
09-27,23,금요일,21.4,0.0,0.0,2000.0,경기도,안산시 상록구,음식,2
09-28,11,토요일,25.1,0.0,0.0,1434.0,경기도,안산시 상록구,음식,3
09-28,12,토요일,26.9,0.0,0.0,1310.0,경기도,안산시 상록구,음식,1
09-28,13,토요일,26.9,0.0,0.0,1693.0,경기도,안산시 상록구,음식,1
09-28,14,토요일,27.9,0.0,0.0,1955.0,경기도,안산시 상록구,음식,3
09-28,15,토요일,27.2,0.0,0.0,1784.0,경기도,안산시 상록구,음식,3
09-28,16,토요일,27.2,0.0,0.0,1000.0,경기도,안산시 상록구,음식,2
09-28,17,토요일,26.7,0.0,0.0,1330.0,경기도,안산시 상록구,음식,4
09-28,18,토요일,24.9,0.0,0.0,1821.0,경기도,안산시 상록구,음식,6
09-28,19,토요일,22.8,0.0,0.0,1940.0,경기도,안산시 상록구,음식,4
09-28,20,토요일,21.5,0.0,0.0,1512.0,경기도,안산시 상록구,음식,2
09-28,21,토요일,21.1,0.0,0.0,1236.0,경기도,안산시 상록구,음식,4
09-28,22,토요일,20.5,0.0,0.0,1376.0,경기도,안산시 상록구,음식,2
09-28,23,토요일,19.6,0.0,0.0,1412.0,경기도,안산시 상록구,음식,2
09-29,11,일요일,24.5,0.0,0.0,1050.0,경기도,안산시 상록구,음식,1
09-29,12,일요일,25.7,0.0,0.0,1442.0,경기도,안산시 상록구,음식,3
09-29,13,일요일,26.8,0.0,0.0,1748.0,경기도,안산시 상록구,음식,1
09-29,15,일요일,27.5,0.0,0.0,1764.0,경기도,안산시 상록구,음식,5
09-29,17,일요일,25.7,0.0,0.0,2054.0,경기도,안산시 상록구,음식,3
09-29,18,일요일,23.4,0.0,0.0,1909.0,경기도,안산시 상록구,음식,4
09-29,19,일요일,22.0,0.0,0.0,2121.0,경기도,안산시 상록구,음식,4
09-29,20,일요일,20.2,0.0,0.0,929.0,경기도,안산시 상록구,음식,3
09-29,21,일요일,19.7,0.0,0.0,706.0,경기도,안산시 상록구,음식,2
09-29,22,일요일,18.7,0.0,0.0,810.0,경기도,안산시 상록구,음식,1
09-30,11,월요일,24.6,0.0,0.0,726.0,경기도,안산시 상록구,음식,1
09-30,13,월요일,26.9,0.0,0.0,1095.0,경기도,안산시 상록구,음식,1
09-30,14,월요일,27.5,0.0,0.0,1100.0,경기도,안산시 상록구,음식,3
09-30,16,월요일,27.8,0.0,0.0,840.0,경기도,안산시 상록구,음식,1
09-30,18,월요일,24.1,0.0,0.0,1263.0,경기도,안산시 상록구,음식,4
09-30,19,월요일,22.4,0.0,0.0,1000.0,경기도,안산시 상록구,음식,5
09-30,20,월요일,21.0,0.0,0.0,562.0,경기도,안산시 상록구,음식,3
09-30,21,월요일,19.9,0.0,0.0,465.0,경기도,안산시 상록구,음식,4
09-30,22,월요일,19.3,0.0,0.0,686.0,경기도,안산시 상록구,음식,4
10-01,2,화요일,17.1,0.0,0.0,336.0,경기도,안산시 상록구,음식,1
10-01,11,화요일,24.7,0.0,0.0,1179.0,경기도,안산시 상록구,음식,2
10-01,13,화요일,26.0,0.0,0.0,1086.0,경기도,안산시 상록구,음식,1
10-01,14,화요일,26.9,0.0,0.0,1232.0,경기도,안산시 상록구,음식,3
10-01,15,화요일,27.3,0.0,0.0,1260.0,경기도,안산시 상록구,음식,3
10-01,16,화요일,26.7,0.0,0.0,1133.0,경기도,안산시 상록구,음식,1
10-01,17,화요일,26.5,0.0,0.0,850.0,경기도,안산시 상록구,음식,3
10-01,18,화요일,25.7,0.0,0.0,1128.0,경기도,안산시 상록구,음식,2
10-01,19,화요일,24.8,0.0,0.0,1844.0,경기도,안산시 상록구,음식,2
10-01,20,화요일,23.5,0.0,0.0,1599.0,경기도,안산시 상록구,음식,6
10-01,21,화요일,22.8,0.0,0.0,1100.0,경기도,안산시 상록구,음식,1
10-01,22,화요일,22.5,0.0,0.0,1326.0,경기도,안산시 상록구,음식,1
10-01,23,화요일,21.3,0.0,0.0,1689.0,경기도,안산시 상록구,음식,1
10-02,0,수요일,21.2,0.0,0.0,1635.0,경기도,안산시 상록구,음식,3
10-02,11,수요일,22.8,0.0,0.0,1008.0,경기도,안산시 상록구,음식,1
10-02,12,수요일,22.2,0.3,0.0,650.0,경기도,안산시 상록구,음식,1
10-02,13,수요일,21.8,1.2,0.0,759.0,경기도,안산시 상록구,음식,2
10-02,14,수요일,21.7,2.2,0.0,1061.0,경기도,안산시 상록구,음식,2
10-02,15,수요일,21.7,1.0,0.0,1293.0,경기도,안산시 상록구,음식,2
10-02,16,수요일,21.6,0.9,0.0,1417.0,경기도,안산시 상록구,음식,1
10-02,17,수요일,21.2,1.9,0.0,839.0,경기도,안산시 상록구,음식,2
10-02,18,수요일,21.1,1.4,0.0,771.0,경기도,안산시 상록구,음식,3
10-02,19,수요일,21.0,2.9,0.0,1969.0,경기도,안산시 상록구,음식,3
10-02,20,수요일,20.8,1.2,0.0,1725.0,경기도,안산시 상록구,음식,4
10-02,21,수요일,21.3,1.3,0.0,2000.0,경기도,안산시 상록구,음식,2
10-02,22,수요일,20.9,3.2,0.0,1245.0,경기도,안산시 상록구,음식,3
10-02,23,수요일,20.5,4.5,0.0,857.0,경기도,안산시 상록구,음식,1
10-03,11,목요일,23.6,0.0,0.0,1995.0,경기도,안산시 상록구,음식,2
10-03,12,목요일,25.3,0.0,0.0,2000.0,경기도,안산시 상록구,음식,5
10-03,13,목요일,26.4,0.0,0.0,2000.0,경기도,안산시 상록구,음식,1
10-03,14,목요일,26.8,0.0,0.0,2000.0,경기도,안산시 상록구,음식,5
10-03,15,목요일,27.4,0.0,0.0,2000.0,경기도,안산시 상록구,음식,1
10-03,16,목요일,27.2,0.0,0.0,2000.0,경기도,안산시 상록구,음식,5
10-03,17,목요일,26.7,0.0,0.0,2000.0,경기도,안산시 상록구,음식,2
10-03,18,목요일,25.0,0.0,0.0,2000.0,경기도,안산시 상록구,음식,5
10-03,19,목요일,23.9,0.0,0.0,2000.0,경기도,안산시 상록구,음식,5
10-03,20,목요일,21.8,0.0,0.0,2000.0,경기도,안산시 상록구,음식,2
10-03,21,목요일,21.4,0.0,0.0,2000.0,경기도,안산시 상록구,음식,1
10-03,23,목요일,20.1,0.0,0.0,1986.0,경기도,안산시 상록구,음식,1
10-04,11,금요일,23.8,0.0,0.0,1706.0,경기도,안산시 상록구,음식,2
10-04,12,금요일,25.0,0.0,0.0,1159.0,경기도,안산시 상록구,음식,1
10-04,13,금요일,25.7,0.0,0.0,1389.0,경기도,안산시 상록구,음식,2
10-04,15,금요일,26.5,0.0,0.0,1000.0,경기도,안산시 상록구,음식,4
10-04,16,금요일,26.4,0.0,0.0,1309.0,경기도,안산시 상록구,음식,1
10-04,18,금요일,23.8,0.0,0.0,1115.0,경기도,안산시 상록구,음식,2
10-04,19,금요일,21.6,0.0,0.0,667.0,경기도,안산시 상록구,음식,6
10-04,20,금요일,21.2,0.0,0.0,390.0,경기도,안산시 상록구,음식,3
10-04,21,금요일,20.8,0.0,0.0,536.0,경기도,안산시 상록구,음식,2
10-04,22,금요일,20.2,0.0,0.0,537.0,경기도,안산시 상록구,음식,2
10-05,13,토요일,21.6,0.0,0.0,1798.0,경기도,안산시 상록구,음식,1
10-05,14,토요일,21.5,0.0,0.0,1929.0,경기도,안산시 상록구,음식,1
10-05,15,토요일,20.2,0.0,0.0,1988.0,경기도,안산시 상록구,음식,3
10-05,16,토요일,20.7,0.0,0.0,2091.0,경기도,안산시 상록구,음식,1
10-05,17,토요일,20.1,0.0,0.0,2000.0,경기도,안산시 상록구,음식,3
10-05,18,토요일,19.6,0.0,0.0,1987.0,경기도,안산시 상록구,음식,3
10-05,19,토요일,19.5,0.0,0.0,1998.0,경기도,안산시 상록구,음식,2
10-05,20,토요일,18.4,0.0,0.0,2000.0,경기도,안산시 상록구,음식,3
10-05,21,토요일,17.2,0.0,0.0,2000.0,경기도,안산시 상록구,음식,2
10-05,22,토요일,16.8,0.0,0.0,2000.0,경기도,안산시 상록구,음식,1
10-05,23,토요일,16.4,0.0,0.0,2000.0,경기도,안산시 상록구,음식,4
10-06,11,일요일,18.8,0.0,0.0,1977.0,경기도,안산시 상록구,음식,3
10-06,12,일요일,19.3,0.0,0.0,2000.0,경기도,안산시 상록구,음식,2
10-06,13,일요일,20.5,0.0,0.0,2000.0,경기도,안산시 상록구,음식,2
10-06,14,일요일,21.1,0.0,0.0,2000.0,경기도,안산시 상록구,음식,1
10-06,16,일요일,21.3,0.0,0.0,1997.0,경기도,안산시 상록구,음식,3
10-06,17,일요일,20.7,0.0,0.0,2000.0,경기도,안산시 상록구,음식,4
10-06,18,일요일,20.4,0.0,0.0,2000.0,경기도,안산시 상록구,음식,6
10-06,19,일요일,19.9,0.0,0.0,2000.0,경기도,안산시 상록구,음식,6
10-06,21,일요일,19.0,0.0,0.0,2000.0,경기도,안산시 상록구,음식,1
10-07,10,월요일,14.2,3.9,0.0,903.0,경기도,안산시 상록구,음식,2
10-07,11,월요일,14.3,3.2,0.0,886.0,경기도,안산시 상록구,음식,23
10-07,12,월요일,14.5,1.9,0.0,900.0,경기도,안산시 상록구,음식,42
10-07,13,월요일,14.8,0.7,0.0,1038.0,경기도,안산시 상록구,음식,30
10-07,14,월요일,15.1,0.6,0.0,584.0,경기도,안산시 상록구,음식,22
10-07,15,월요일,15.4,0.3,0.0,698.0,경기도,안산시 상록구,음식,16
10-07,16,월요일,15.7,0.2,0.0,927.0,경기도,안산시 상록구,음식,24
10-07,17,월요일,15.5,1.5,0.0,328.0,경기도,안산시 상록구,음식,45
10-07,18,월요일,15.1,3.2,0.0,215.0,경기도,안산시 상록구,음식,47
10-07,19,월요일,15.3,0.2,0.0,2000.0,경기도,안산시 상록구,음식,63
10-07,20,월요일,15.2,0.0,0.0,1843.0,경기도,안산시 상록구,음식,41
10-07,21,월요일,14.9,0.0,0.0,1633.0,경기도,안산시 상록구,음식,34
10-07,22,월요일,14.2,0.0,0.0,970.0,경기도,안산시 상록구,음식,21
10-07,23,월요일,14.0,0.0,0.0,1528.0,경기도,안산시 상록구,음식,25
10-08,0,화요일,13.4,0.0,0.0,1144.0,경기도,안산시 상록구,음식,14
10-08,1,화요일,12.8,0.0,0.0,1346.0,경기도,안산시 상록구,음식,9
10-08,2,화요일,12.7,0.0,0.0,1000.0,경기도,안산시 상록구,음식,7
10-08,10,화요일,16.9,0.0,0.0,887.0,경기도,안산시 상록구,음식,2
10-08,11,화요일,19.5,0.0,0.0,977.0,경기도,안산시 상록구,음식,19
10-08,12,화요일,19.7,0.0,0.0,1719.0,경기도,안산시 상록구,음식,20
10-08,13,화요일,20.2,0.0,0.0,2038.0,경기도,안산시 상록구,음식,26
10-08,14,화요일,19.5,0.0,0.0,1989.0,경기도,안산시 상록구,음식,19
10-08,15,화요일,19.3,0.0,0.0,2000.0,경기도,안산시 상록구,음식,14
10-08,16,화요일,19.0,0.0,0.0,2000.0,경기도,안산시 상록구,음식,31
10-08,17,화요일,18.2,0.0,0.0,2000.0,경기도,안산시 상록구,음식,21
10-08,18,화요일,16.4,0.0,0.0,1991.0,경기도,안산시 상록구,음식,55
10-08,19,화요일,14.9,0.0,0.0,2000.0,경기도,안산시 상록구,음식,60
10-08,20,화요일,13.8,0.0,0.0,2000.0,경기도,안산시 상록구,음식,40
10-08,21,화요일,13.0,0.0,0.0,2000.0,경기도,안산시 상록구,음식,44
10-08,22,화요일,12.1,0.0,0.0,2000.0,경기도,안산시 상록구,음식,55
10-08,23,화요일,11.7,0.0,0.0,2000.0,경기도,안산시 상록구,음식,34
10-09,0,수요일,10.7,0.0,0.0,2000.0,경기도,안산시 상록구,음식,26
10-09,1,수요일,9.7,0.0,0.0,2000.0,경기도,안산시 상록구,음식,15
10-09,2,수요일,8.2,0.0,0.0,2000.0,경기도,안산시 상록구,음식,12
10-09,10,수요일,15.1,0.0,0.0,1980.0,경기도,안산시 상록구,음식,4
10-09,11,수요일,16.8,0.0,0.0,2000.0,경기도,안산시 상록구,음식,33
10-09,12,수요일,17.9,0.0,0.0,2000.0,경기도,안산시 상록구,음식,45
10-09,13,수요일,18.5,0.0,0.0,1976.0,경기도,안산시 상록구,음식,41
10-09,14,수요일,18.8,0.0,0.0,1944.0,경기도,안산시 상록구,음식,21
10-09,15,수요일,18.9,0.0,0.0,2000.0,경기도,안산시 상록구,음식,25
10-09,16,수요일,18.8,0.0,0.0,2000.0,경기도,안산시 상록구,음식,28
10-09,17,수요일,18.8,0.0,0.0,2000.0,경기도,안산시 상록구,음식,58
10-09,18,수요일,16.7,0.0,0.0,2000.0,경기도,안산시 상록구,음식,56
10-09,19,수요일,14.3,0.0,0.0,2000.0,경기도,안산시 상록구,음식,57
10-09,20,수요일,13.1,0.0,0.0,2000.0,경기도,안산시 상록구,음식,46
10-09,21,수요일,12.2,0.0,0.0,2000.0,경기도,안산시 상록구,음식,48
10-09,22,수요일,11.0,0.0,0.0,2000.0,경기도,안산시 상록구,음식,46
10-09,23,수요일,10.5,0.0,0.0,2000.0,경기도,안산시 상록구,음식,36
10-10,0,목요일,9.7,0.0,0.0,2000.0,경기도,안산시 상록구,음식,23
10-10,1,목요일,9.7,0.0,0.0,2000.0,경기도,안산시 상록구,음식,17
10-10,2,목요일,10.0,0.0,0.0,2000.0,경기도,안산시 상록구,음식,9
10-10,10,목요일,14.8,0.0,0.0,1881.0,경기도,안산시 상록구,음식,2
10-10,11,목요일,15.8,0.0,0.0,1675.0,경기도,안산시 상록구,음식,25
10-10,12,목요일,17.1,0.0,0.0,1951.0,경기도,안산시 상록구,음식,21
10-10,13,목요일,18.9,0.0,0.0,1896.0,경기도,안산시 상록구,음식,22
10-10,14,목요일,19.2,0.0,0.0,1950.0,경기도,안산시 상록구,음식,21
10-10,15,목요일,19.3,0.0,0.0,1975.0,경기도,안산시 상록구,음식,22
10-10,16,목요일,19.2,0.0,0.0,2000.0,경기도,안산시 상록구,음식,23
10-10,17,목요일,19.0,0.0,0.0,1950.0,경기도,안산시 상록구,음식,20
10-10,18,목요일,18.2,0.0,0.0,1982.0,경기도,안산시 상록구,음식,69
10-10,19,목요일,16.6,0.0,0.0,1069.0,경기도,안산시 상록구,음식,65
10-10,20,목요일,15.5,0.0,0.0,988.0,경기도,안산시 상록구,음식,50
10-10,21,목요일,15.3,0.0,0.0,864.0,경기도,안산시 상록구,음식,48
10-10,22,목요일,14.7,0.0,0.0,1115.0,경기도,안산시 상록구,음식,43
10-10,23,목요일,14.6,0.0,0.0,1026.0,경기도,안산시 상록구,음식,31
10-11,0,금요일,14.1,0.0,0.0,1000.0,경기도,안산시 상록구,음식,17
10-11,1,금요일,14.8,0.0,0.0,1873.0,경기도,안산시 상록구,음식,6
10-11,2,금요일,14.3,0.0,0.0,1393.0,경기도,안산시 상록구,음식,7
10-11,11,금요일,20.1,0.0,0.0,1299.0,경기도,안산시 상록구,음식,24
10-11,12,금요일,21.6,0.0,0.0,1444.0,경기도,안산시 상록구,음식,25
10-11,13,금요일,22.4,0.0,0.0,1997.0,경기도,안산시 상록구,음식,22
10-11,14,금요일,23.1,0.0,0.0,1930.0,경기도,안산시 상록구,음식,14
10-11,15,금요일,24.5,0.0,0.0,1992.0,경기도,안산시 상록구,음식,16
10-11,16,금요일,24.7,0.0,0.0,2000.0,경기도,안산시 상록구,음식,21
10-11,17,금요일,23.9,0.0,0.0,2000.0,경기도,안산시 상록구,음식,36
10-11,18,금요일,22.2,0.0,0.0,2000.0,경기도,안산시 상록구,음식,59
10-11,19,금요일,22.0,0.0,0.0,2000.0,경기도,안산시 상록구,음식,63
10-11,20,금요일,21.3,0.0,0.0,2029.0,경기도,안산시 상록구,음식,56
10-11,21,금요일,20.5,0.0,0.0,2000.0,경기도,안산시 상록구,음식,43
10-11,22,금요일,19.6,0.0,0.0,1996.0,경기도,안산시 상록구,음식,38
10-11,23,금요일,18.8,0.0,0.0,2000.0,경기도,안산시 상록구,음식,34
10-12,0,토요일,18.3,0.0,0.0,2000.0,경기도,안산시 상록구,음식,22
10-12,1,토요일,17.9,0.0,0.0,2000.0,경기도,안산시 상록구,음식,17
10-12,2,토요일,17.4,0.0,0.0,2000.0,경기도,안산시 상록구,음식,18
10-12,10,토요일,20.2,0.0,0.0,1920.0,경기도,안산시 상록구,음식,5
10-12,11,토요일,21.3,0.0,0.0,2000.0,경기도,안산시 상록구,음식,29
10-12,12,토요일,22.3,0.0,0.0,1872.0,경기도,안산시 상록구,음식,30
10-12,13,토요일,23.0,0.0,0.0,1976.0,경기도,안산시 상록구,음식,34
10-12,14,토요일,22.5,0.0,0.0,1950.0,경기도,안산시 상록구,음식,22
10-12,15,토요일,22.1,0.0,0.0,2000.0,경기도,안산시 상록구,음식,30
10-12,16,토요일,21.3,0.0,0.0,1990.0,경기도,안산시 상록구,음식,23
10-12,17,토요일,20.0,0.0,0.0,2000.0,경기도,안산시 상록구,음식,33
10-12,18,토요일,18.5,0.0,0.0,2000.0,경기도,안산시 상록구,음식,70
10-12,19,토요일,17.5,0.0,0.0,2000.0,경기도,안산시 상록구,음식,77
10-12,20,토요일,16.8,0.0,0.0,2000.0,경기도,안산시 상록구,음식,54
10-12,21,토요일,16.3,0.0,0.0,2000.0,경기도,안산시 상록구,음식,63
10-12,22,토요일,15.7,0.0,0.0,2000.0,경기도,안산시 상록구,음식,31
10-12,23,토요일,14.9,0.0,0.0,2000.0,경기도,안산시 상록구,음식,41
10-13,0,일요일,14.1,0.0,0.0,2000.0,경기도,안산시 상록구,음식,25
10-13,1,일요일,14.2,0.0,0.0,2000.0,경기도,안산시 상록구,음식,18
10-13,2,일요일,13.4,0.0,0.0,2000.0,경기도,안산시 상록구,음식,17
10-13,10,일요일,17.6,0.0,0.0,1967.0,경기도,안산시 상록구,음식,3
10-13,11,일요일,19.0,0.0,0.0,1986.0,경기도,안산시 상록구,음식,23
10-13,12,일요일,20.1,0.0,0.0,1996.0,경기도,안산시 상록구,음식,31
10-13,13,일요일,21.0,0.0,0.0,2021.0,경기도,안산시 상록구,음식,41
10-13,14,일요일,22.0,0.0,0.0,1993.0,경기도,안산시 상록구,음식,18
10-13,15,일요일,22.0,0.0,0.0,2000.0,경기도,안산시 상록구,음식,32
10-13,16,일요일,22.2,0.0,0.0,2000.0,경기도,안산시 상록구,음식,33
10-13,17,일요일,21.9,0.0,0.0,1996.0,경기도,안산시 상록구,음식,37
10-13,18,일요일,20.6,0.0,0.0,2000.0,경기도,안산시 상록구,음식,79
10-13,19,일요일,17.8,0.0,0.0,1673.0,경기도,안산시 상록구,음식,65
10-13,20,일요일,16.4,0.0,0.0,1995.0,경기도,안산시 상록구,음식,37
10-13,21,일요일,15.8,0.0,0.0,1979.0,경기도,안산시 상록구,음식,36
10-13,22,일요일,15.1,0.0,0.0,1940.0,경기도,안산시 상록구,음식,33
10-13,23,일요일,14.9,0.0,0.0,1955.0,경기도,안산시 상록구,음식,28
10-14,0,월요일,13.3,0.0,0.0,1740.0,경기도,안산시 상록구,음식,29
10-14,1,월요일,12.8,0.0,0.0,1814.0,경기도,안산시 상록구,음식,25
10-14,2,월요일,12.6,0.0,0.0,1621.0,경기도,안산시 상록구,음식,5
10-14,10,월요일,17.0,0.0,0.0,1134.0,경기도,안산시 상록구,음식,2
10-14,11,월요일,17.7,0.0,0.0,1055.0,경기도,안산시 상록구,음식,6
10-14,12,월요일,18.4,0.0,0.0,1344.0,경기도,안산시 상록구,음식,20
10-14,13,월요일,18.4,0.0,0.0,1761.0,경기도,안산시 상록구,음식,11
10-14,14,월요일,18.6,0.0,0.0,1847.0,경기도,안산시 상록구,음식,22
10-14,15,월요일,18.6,0.0,0.0,2097.0,경기도,안산시 상록구,음식,11
10-14,16,월요일,17.4,0.0,0.0,1996.0,경기도,안산시 상록구,음식,19
10-14,17,월요일,17.1,0.0,0.0,2000.0,경기도,안산시 상록구,음식,28
10-14,18,월요일,15.4,0.0,0.0,2000.0,경기도,안산시 상록구,음식,42
10-14,19,월요일,13.6,0.0,0.0,2000.0,경기도,안산시 상록구,음식,57
10-14,20,월요일,12.8,0.0,0.0,2000.0,경기도,안산시 상록구,음식,48
10-14,21,월요일,12.0,0.0,0.0,2000.0,경기도,안산시 상록구,음식,25
10-14,22,월요일,11.1,0.0,0.0,2000.0,경기도,안산시 상록구,음식,26
10-14,23,월요일,9.2,0.0,0.0,2000.0,경기도,안산시 상록구,음식,34
10-15,0,화요일,8.5,0.0,0.0,2000.0,경기도,안산시 상록구,음식,16
10-15,1,화요일,8.2,0.0,0.0,2000.0,경기도,안산시 상록구,음식,9
10-15,2,화요일,8.0,0.0,0.0,2000.0,경기도,안산시 상록구,음식,8
10-15,10,화요일,15.9,0.0,0.0,2000.0,경기도,안산시 상록구,음식,4
10-15,11,화요일,17.1,0.0,0.0,2000.0,경기도,안산시 상록구,음식,15
10-15,12,화요일,17.8,0.0,0.0,2000.0,경기도,안산시 상록구,음식,22
10-15,13,화요일,19.0,0.0,0.0,2000.0,경기도,안산시 상록구,음식,19
10-15,14,화요일,19.0,0.0,0.0,2009.0,경기도,안산시 상록구,음식,16
10-15,15,화요일,18.7,0.0,0.0,2000.0,경기도,안산시 상록구,음식,14
10-15,16,화요일,18.5,0.0,0.0,2000.0,경기도,안산시 상록구,음식,12
10-15,17,화요일,19.4,0.0,0.0,2000.0,경기도,안산시 상록구,음식,20
10-15,18,화요일,16.8,0.0,0.0,2000.0,경기도,안산시 상록구,음식,49
10-15,19,화요일,14.7,0.0,0.0,2000.0,경기도,안산시 상록구,음식,48
10-15,20,화요일,13.8,0.0,0.0,1997.0,경기도,안산시 상록구,음식,46
10-15,21,화요일,12.3,0.0,0.0,1932.0,경기도,안산시 상록구,음식,39
10-15,22,화요일,11.9,0.0,0.0,2016.0,경기도,안산시 상록구,음식,44
10-15,23,화요일,11.7,0.0,0.0,1688.0,경기도,안산시 상록구,음식,24
10-16,0,수요일,10.9,0.0,0.0,1000.0,경기도,안산시 상록구,음식,16
10-16,1,수요일,9.7,0.0,0.0,611.0,경기도,안산시 상록구,음식,8
10-16,2,수요일,8.8,0.0,0.0,783.0,경기도,안산시 상록구,음식,10
10-16,10,수요일,16.0,0.0,0.0,1859.0,경기도,안산시 상록구,음식,1
10-16,11,수요일,17.3,0.0,0.0,1907.0,경기도,안산시 상록구,음식,15
10-16,12,수요일,18.5,0.0,0.0,2002.0,경기도,안산시 상록구,음식,19
10-16,13,수요일,19.5,0.0,0.0,1891.0,경기도,안산시 상록구,음식,16
10-16,14,수요일,19.4,0.0,0.0,1951.0,경기도,안산시 상록구,음식,19
10-16,15,수요일,19.6,0.0,0.0,1768.0,경기도,안산시 상록구,음식,15
10-16,16,수요일,18.2,0.0,0.0,1357.0,경기도,안산시 상록구,음식,14
10-16,17,수요일,17.4,0.0,0.0,1898.0,경기도,안산시 상록구,음식,24
10-16,18,수요일,16.1,0.0,0.0,2000.0,경기도,안산시 상록구,음식,46
10-16,19,수요일,14.5,0.0,0.0,1963.0,경기도,안산시 상록구,음식,58
10-16,20,수요일,14.0,0.0,0.0,1983.0,경기도,안산시 상록구,음식,43
10-16,21,수요일,13.8,0.0,0.0,1640.0,경기도,안산시 상록구,음식,45
10-16,22,수요일,13.5,0.0,0.0,1697.0,경기도,안산시 상록구,음식,41
10-16,23,수요일,13.2,0.0,0.0,1637.0,경기도,안산시 상록구,음식,21
10-17,0,목요일,12.5,0.0,0.0,1793.0,경기도,안산시 상록구,음식,18
10-17,1,목요일,12.0,0.0,0.0,1745.0,경기도,안산시 상록구,음식,4
10-17,2,목요일,11.7,0.0,0.0,1504.0,경기도,안산시 상록구,음식,6
10-17,10,목요일,15.0,0.0,0.0,1705.0,경기도,안산시 상록구,음식,6
10-17,11,목요일,16.8,0.0,0.0,1099.0,경기도,안산시 상록구,음식,11
10-17,12,목요일,17.8,0.0,0.0,1764.0,경기도,안산시 상록구,음식,20
10-17,13,목요일,18.6,0.0,0.0,1737.0,경기도,안산시 상록구,음식,31
10-17,14,목요일,19.1,0.0,0.0,1960.0,경기도,안산시 상록구,음식,17
10-17,15,목요일,20.5,0.0,0.0,1771.0,경기도,안산시 상록구,음식,16
10-17,16,목요일,20.2,0.0,0.0,1896.0,경기도,안산시 상록구,음식,26
10-17,17,목요일,19.2,0.0,0.0,1857.0,경기도,안산시 상록구,음식,35
10-17,18,목요일,17.7,0.0,0.0,1934.0,경기도,안산시 상록구,음식,57
10-17,19,목요일,16.5,0.0,0.0,1970.0,경기도,안산시 상록구,음식,65
10-17,20,목요일,14.3,0.0,0.0,1897.0,경기도,안산시 상록구,음식,45
10-17,21,목요일,13.5,0.0,0.0,1894.0,경기도,안산시 상록구,음식,26
10-17,22,목요일,12.6,0.0,0.0,1950.0,경기도,안산시 상록구,음식,29
10-17,23,목요일,12.6,0.0,0.0,1464.0,경기도,안산시 상록구,음식,34
10-18,0,금요일,11.3,0.0,0.0,1595.0,경기도,안산시 상록구,음식,15
10-18,1,금요일,12.7,0.0,0.0,1837.0,경기도,안산시 상록구,음식,12
10-18,2,금요일,11.2,0.0,0.0,1695.0,경기도,안산시 상록구,음식,7
10-18,10,금요일,18.1,0.0,0.0,1944.0,경기도,안산시 상록구,음식,5
10-18,11,금요일,19.2,0.0,0.0,1993.0,경기도,안산시 상록구,음식,19
10-18,12,금요일,20.5,0.0,0.0,2000.0,경기도,안산시 상록구,음식,37
10-18,13,금요일,21.0,0.0,0.0,1998.0,경기도,안산시 상록구,음식,19
10-18,14,금요일,21.5,0.0,0.0,2000.0,경기도,안산시 상록구,음식,14
10-18,15,금요일,21.1,0.0,0.0,2000.0,경기도,안산시 상록구,음식,13
10-18,16,금요일,20.8,0.0,0.0,1967.0,경기도,안산시 상록구,음식,21
10-18,17,금요일,20.8,0.0,0.0,2000.0,경기도,안산시 상록구,음식,33
10-18,18,금요일,20.2,0.0,0.0,2000.0,경기도,안산시 상록구,음식,65
10-18,19,금요일,19.6,0.0,0.0,2000.0,경기도,안산시 상록구,음식,80
10-18,20,금요일,19.1,0.0,0.0,2000.0,경기도,안산시 상록구,음식,55
10-18,21,금요일,18.3,0.0,0.0,2000.0,경기도,안산시 상록구,음식,50
10-18,22,금요일,16.8,0.0,0.0,2000.0,경기도,안산시 상록구,음식,33
10-18,23,금요일,15.5,0.0,0.0,2000.0,경기도,안산시 상록구,음식,46
10-19,0,토요일,14.4,0.0,0.0,2000.0,경기도,안산시 상록구,음식,22
10-19,1,토요일,13.6,0.0,0.0,2000.0,경기도,안산시 상록구,음식,7
10-19,2,토요일,12.8,0.0,0.0,2000.0,경기도,안산시 상록구,음식,9
10-19,10,토요일,18.6,0.0,0.0,2000.0,경기도,안산시 상록구,음식,3
10-19,11,토요일,19.6,0.0,0.0,2000.0,경기도,안산시 상록구,음식,27
10-19,12,토요일,21.2,0.0,0.0,2000.0,경기도,안산시 상록구,음식,48
10-19,13,토요일,21.0,0.0,0.0,2000.0,경기도,안산시 상록구,음식,43
10-19,14,토요일,21.2,0.0,0.0,2000.0,경기도,안산시 상록구,음식,49
10-19,15,토요일,20.7,0.0,0.0,2000.0,경기도,안산시 상록구,음식,32
10-19,16,토요일,21.4,0.0,0.0,2016.0,경기도,안산시 상록구,음식,32
10-19,17,토요일,20.0,0.0,0.0,1999.0,경기도,안산시 상록구,음식,61
10-19,18,토요일,18.1,0.0,0.0,1991.0,경기도,안산시 상록구,음식,77
10-19,19,토요일,16.4,0.0,0.0,1427.0,경기도,안산시 상록구,음식,83
10-19,20,토요일,15.7,0.0,0.0,1068.0,경기도,안산시 상록구,음식,74
10-19,21,토요일,15.3,0.0,0.0,1088.0,경기도,안산시 상록구,음식,49
10-19,22,토요일,14.6,0.0,0.0,1206.0,경기도,안산시 상록구,음식,40
10-19,23,토요일,14.1,0.0,0.0,1080.0,경기도,안산시 상록구,음식,41
10-20,0,일요일,13.0,0.0,0.0,927.0,경기도,안산시 상록구,음식,29
10-20,1,일요일,12.9,0.0,0.0,559.0,경기도,안산시 상록구,음식,23
10-20,2,일요일,11.8,0.0,0.0,396.0,경기도,안산시 상록구,음식,10
10-20,10,일요일,15.3,0.0,0.0,590.0,경기도,안산시 상록구,음식,5
10-20,11,일요일,16.0,0.0,0.0,551.0,경기도,안산시 상록구,음식,20
10-20,12,일요일,18.5,0.0,0.0,1496.0,경기도,안산시 상록구,음식,59
10-20,13,일요일,19.9,0.0,0.0,1000.0,경기도,안산시 상록구,음식,35
10-20,14,일요일,20.3,0.0,0.0,1959.0,경기도,안산시 상록구,음식,46
10-20,15,일요일,20.8,0.0,0.0,1865.0,경기도,안산시 상록구,음식,33
10-20,16,일요일,21.4,0.0,0.0,2006.0,경기도,안산시 상록구,음식,38
10-20,17,일요일,20.3,0.0,0.0,1941.0,경기도,안산시 상록구,음식,68
10-20,18,일요일,17.7,0.0,0.0,1587.0,경기도,안산시 상록구,음식,98
10-20,19,일요일,16.0,0.0,0.0,1858.0,경기도,안산시 상록구,음식,72
10-20,20,일요일,15.6,0.0,0.0,1008.0,경기도,안산시 상록구,음식,61
10-20,21,일요일,14.4,0.0,0.0,871.0,경기도,안산시 상록구,음식,44
10-20,22,일요일,13.5,0.0,0.0,655.0,경기도,안산시 상록구,음식,49
10-20,23,일요일,12.2,0.0,0.0,661.0,경기도,안산시 상록구,음식,33
10-21,0,월요일,11.7,0.0,0.0,548.0,경기도,안산시 상록구,음식,23
10-21,1,월요일,12.0,0.0,0.0,583.0,경기도,안산시 상록구,음식,21
10-21,2,월요일,11.4,0.0,0.0,509.0,경기도,안산시 상록구,음식,14
10-21,10,월요일,17.7,0.0,0.0,1602.0,경기도,안산시 상록구,음식,3
10-21,11,월요일,19.9,0.0,0.0,1863.0,경기도,안산시 상록구,음식,23
10-21,12,월요일,21.0,0.0,0.0,1702.0,경기도,안산시 상록구,음식,31
10-21,13,월요일,22.5,0.0,0.0,1931.0,경기도,안산시 상록구,음식,26
10-21,14,월요일,23.2,0.0,0.0,2000.0,경기도,안산시 상록구,음식,18
10-21,15,월요일,23.2,0.0,0.0,1969.0,경기도,안산시 상록구,음식,10
10-21,16,월요일,23.2,0.0,0.0,2031.0,경기도,안산시 상록구,음식,23
10-21,17,월요일,22.0,0.0,0.0,2021.0,경기도,안산시 상록구,음식,37
10-21,18,월요일,19.2,0.0,0.0,1073.0,경기도,안산시 상록구,음식,58
10-21,19,월요일,17.6,0.0,0.0,850.0,경기도,안산시 상록구,음식,69
10-21,20,월요일,16.8,0.0,0.0,1316.0,경기도,안산시 상록구,음식,47
10-21,21,월요일,15.6,0.0,0.0,1362.0,경기도,안산시 상록구,음식,45
10-21,22,월요일,15.0,0.0,0.0,754.0,경기도,안산시 상록구,음식,42
10-21,23,월요일,14.8,0.0,0.0,592.0,경기도,안산시 상록구,음식,22
10-22,0,화요일,14.2,0.0,0.0,600.0,경기도,안산시 상록구,음식,9
10-22,1,화요일,12.6,0.0,0.0,493.0,경기도,안산시 상록구,음식,8
10-22,2,화요일,13.6,0.0,0.0,597.0,경기도,안산시 상록구,음식,10
10-22,10,화요일,18.4,0.0,0.0,1796.0,경기도,안산시 상록구,음식,4
10-22,11,화요일,20.2,0.0,0.0,2040.0,경기도,안산시 상록구,음식,19
10-22,12,화요일,20.9,0.0,0.0,1935.0,경기도,안산시 상록구,음식,29
10-22,13,화요일,22.1,0.0,0.0,1944.0,경기도,안산시 상록구,음식,15
10-22,14,화요일,22.0,0.0,0.0,1979.0,경기도,안산시 상록구,음식,8
10-22,15,화요일,22.6,0.0,0.0,2000.0,경기도,안산시 상록구,음식,16
10-22,16,화요일,22.3,0.0,0.0,1998.0,경기도,안산시 상록구,음식,15
10-22,17,화요일,21.7,0.0,0.0,1993.0,경기도,안산시 상록구,음식,28
10-22,18,화요일,19.6,0.0,0.0,2000.0,경기도,안산시 상록구,음식,59
10-22,19,화요일,17.2,0.0,0.0,1821.0,경기도,안산시 상록구,음식,65
10-22,20,화요일,16.3,0.0,0.0,1505.0,경기도,안산시 상록구,음식,46
10-22,21,화요일,14.8,0.0,0.0,937.0,경기도,안산시 상록구,음식,52
10-22,22,화요일,14.8,0.0,0.0,889.0,경기도,안산시 상록구,음식,37
10-22,23,화요일,14.7,0.0,0.0,762.0,경기도,안산시 상록구,음식,22
10-23,0,수요일,13.9,0.0,0.0,762.0,경기도,안산시 상록구,음식,11
10-23,1,수요일,12.5,0.0,0.0,966.0,경기도,안산시 상록구,음식,6
10-23,2,수요일,13.9,0.0,0.0,649.0,경기도,안산시 상록구,음식,7
10-23,10,수요일,16.6,0.0,0.0,2000.0,경기도,안산시 상록구,음식,3
10-23,11,수요일,17.7,0.0,0.0,2000.0,경기도,안산시 상록구,음식,24
10-23,12,수요일,18.7,0.0,0.0,2000.0,경기도,안산시 상록구,음식,27
10-23,13,수요일,19.3,0.0,0.0,1998.0,경기도,안산시 상록구,음식,25
10-23,14,수요일,19.6,0.0,0.0,2000.0,경기도,안산시 상록구,음식,11
10-23,15,수요일,19.9,0.0,0.0,2000.0,경기도,안산시 상록구,음식,13
10-23,16,수요일,19.5,0.0,0.0,2000.0,경기도,안산시 상록구,음식,21
10-23,17,수요일,19.4,0.0,0.0,2000.0,경기도,안산시 상록구,음식,31
10-23,18,수요일,18.6,0.0,0.0,2000.0,경기도,안산시 상록구,음식,71
10-23,19,수요일,18.4,0.0,0.0,2000.0,경기도,안산시 상록구,음식,71
10-23,20,수요일,18.5,0.0,0.0,2000.0,경기도,안산시 상록구,음식,46
10-23,21,수요일,18.0,0.0,0.0,2000.0,경기도,안산시 상록구,음식,40
10-23,22,수요일,17.4,0.0,0.0,2000.0,경기도,안산시 상록구,음식,36
10-23,23,수요일,16.8,0.0,0.0,2034.0,경기도,안산시 상록구,음식,29
10-24,0,목요일,16.2,0.0,0.0,1968.0,경기도,안산시 상록구,음식,19
10-24,1,목요일,16.4,0.0,0.0,2000.0,경기도,안산시 상록구,음식,9
10-24,2,목요일,16.6,0.0,0.0,1999.0,경기도,안산시 상록구,음식,10
10-24,10,목요일,19.0,0.0,0.0,1987.0,경기도,안산시 상록구,음식,3
10-24,11,목요일,20.4,0.0,0.0,1959.0,경기도,안산시 상록구,음식,22
10-24,12,목요일,21.5,0.0,0.0,1843.0,경기도,안산시 상록구,음식,25
10-24,13,목요일,22.1,0.0,0.0,1965.0,경기도,안산시 상록구,음식,20
10-24,14,목요일,22.9,0.0,0.0,2000.0,경기도,안산시 상록구,음식,26
10-24,15,목요일,22.9,0.0,0.0,1977.0,경기도,안산시 상록구,음식,13
10-24,16,목요일,22.3,0.0,0.0,2000.0,경기도,안산시 상록구,음식,27
10-24,17,목요일,21.8,0.0,0.0,1904.0,경기도,안산시 상록구,음식,42
10-24,18,목요일,21.1,0.0,0.0,2000.0,경기도,안산시 상록구,음식,70
10-24,19,목요일,20.6,0.0,0.0,2000.0,경기도,안산시 상록구,음식,70
10-24,20,목요일,20.3,0.0,0.0,2000.0,경기도,안산시 상록구,음식,59
10-24,21,목요일,19.2,0.0,0.0,1950.0,경기도,안산시 상록구,음식,59
10-24,22,목요일,18.2,0.0,0.0,2000.0,경기도,안산시 상록구,음식,45
10-24,23,목요일,17.6,0.0,0.0,2000.0,경기도,안산시 상록구,음식,27
10-25,0,금요일,16.8,0.0,0.0,2002.0,경기도,안산시 상록구,음식,25
10-25,1,금요일,15.2,0.0,0.0,2000.0,경기도,안산시 상록구,음식,10
10-25,2,금요일,15.1,0.0,0.0,2000.0,경기도,안산시 상록구,음식,3
10-25,10,금요일,18.8,0.0,0.0,1943.0,경기도,안산시 상록구,음식,4
10-25,11,금요일,19.6,0.0,0.0,1973.0,경기도,안산시 상록구,음식,11
10-25,12,금요일,21.2,0.0,0.0,2073.0,경기도,안산시 상록구,음식,18
10-25,13,금요일,21.1,0.0,0.0,1865.0,경기도,안산시 상록구,음식,23
10-25,14,금요일,20.8,0.0,0.0,1988.0,경기도,안산시 상록구,음식,16
10-25,15,금요일,20.0,0.0,0.0,2000.0,경기도,안산시 상록구,음식,14
10-25,16,금요일,19.3,0.0,0.0,2000.0,경기도,안산시 상록구,음식,15
10-25,17,금요일,18.6,0.0,0.0,2000.0,경기도,안산시 상록구,음식,25
10-25,18,금요일,17.6,0.0,0.0,2000.0,경기도,안산시 상록구,음식,74
10-25,19,금요일,16.7,0.0,0.0,1931.0,경기도,안산시 상록구,음식,95
10-25,20,금요일,16.7,0.0,0.0,914.0,경기도,안산시 상록구,음식,74
10-25,21,금요일,16.2,0.0,0.0,903.0,경기도,안산시 상록구,음식,71
10-25,22,금요일,15.5,0.0,0.0,1505.0,경기도,안산시 상록구,음식,58
10-25,23,금요일,14.2,0.0,0.0,1860.0,경기도,안산시 상록구,음식,52
10-26,0,토요일,12.8,0.0,0.0,2000.0,경기도,안산시 상록구,음식,25
10-26,1,토요일,12.0,0.0,0.0,2000.0,경기도,안산시 상록구,음식,13
10-26,2,토요일,11.4,0.0,0.0,2000.0,경기도,안산시 상록구,음식,15
10-26,10,토요일,10.2,0.0,0.0,1895.0,경기도,안산시 상록구,음식,4
10-26,11,토요일,10.8,0.0,0.0,1883.0,경기도,안산시 상록구,음식,28
10-26,12,토요일,11.7,0.0,0.0,1888.0,경기도,안산시 상록구,음식,45
10-26,13,토요일,13.2,0.0,0.0,1903.0,경기도,안산시 상록구,음식,49
10-26,14,토요일,13.1,0.0,0.0,1669.0,경기도,안산시 상록구,음식,36
10-26,15,토요일,13.0,0.0,0.0,2094.0,경기도,안산시 상록구,음식,32
10-26,16,토요일,12.4,0.0,0.0,1952.0,경기도,안산시 상록구,음식,27
10-26,17,토요일,11.7,0.0,0.0,1997.0,경기도,안산시 상록구,음식,56
10-26,18,토요일,10.2,0.0,0.0,1998.0,경기도,안산시 상록구,음식,82
10-26,19,토요일,8.8,0.0,0.0,1983.0,경기도,안산시 상록구,음식,96
10-26,20,토요일,9.0,0.0,0.0,1971.0,경기도,안산시 상록구,음식,76
10-26,21,토요일,8.4,0.0,0.0,1974.0,경기도,안산시 상록구,음식,53
10-26,22,토요일,7.2,0.0,0.0,1439.0,경기도,안산시 상록구,음식,58
10-26,23,토요일,7.7,0.0,0.0,1661.0,경기도,안산시 상록구,음식,51
10-27,0,일요일,6.6,0.0,0.0,1722.0,경기도,안산시 상록구,음식,24
10-27,1,일요일,6.5,0.0,0.0,1984.0,경기도,안산시 상록구,음식,23
10-27,2,일요일,5.6,0.0,0.0,1954.0,경기도,안산시 상록구,음식,18
10-27,10,일요일,11.9,0.0,0.0,1853.0,경기도,안산시 상록구,음식,5
10-27,11,일요일,13.7,0.0,0.0,1813.0,경기도,안산시 상록구,음식,34
10-27,12,일요일,14.7,0.0,0.0,1986.0,경기도,안산시 상록구,음식,41
10-27,13,일요일,15.7,0.0,0.0,2071.0,경기도,안산시 상록구,음식,47
10-27,14,일요일,16.2,0.0,0.0,1807.0,경기도,안산시 상록구,음식,55
10-27,15,일요일,16.4,0.0,0.0,1992.0,경기도,안산시 상록구,음식,47
10-27,16,일요일,16.0,0.0,0.0,1997.0,경기도,안산시 상록구,음식,51
10-27,17,일요일,15.1,0.0,0.0,2000.0,경기도,안산시 상록구,음식,62
10-27,18,일요일,13.4,0.0,0.0,2000.0,경기도,안산시 상록구,음식,105
10-27,19,일요일,11.9,0.0,0.0,2000.0,경기도,안산시 상록구,음식,107
10-27,20,일요일,10.7,0.0,0.0,1463.0,경기도,안산시 상록구,음식,65
10-27,21,일요일,10.1,0.0,0.0,1840.0,경기도,안산시 상록구,음식,67
10-27,22,일요일,9.3,0.0,0.0,1733.0,경기도,안산시 상록구,음식,47
10-27,23,일요일,8.5,0.0,0.0,1343.0,경기도,안산시 상록구,음식,38
10-28,0,월요일,8.8,0.0,0.0,1175.0,경기도,안산시 상록구,음식,27
10-28,1,월요일,7.2,0.0,0.0,1084.0,경기도,안산시 상록구,음식,20
10-28,2,월요일,7.4,0.0,0.0,1857.0,경기도,안산시 상록구,음식,24
10-28,3,월요일,6.6,0.0,0.0,566.0,경기도,안산시 상록구,음식,2
10-28,10,월요일,13.4,0.0,0.0,1187.0,경기도,안산시 상록구,음식,3
10-28,11,월요일,15.2,0.0,0.0,1794.0,경기도,안산시 상록구,음식,23
10-28,12,월요일,16.0,0.0,0.0,1566.0,경기도,안산시 상록구,음식,25
10-28,13,월요일,17.1,0.0,0.0,1937.0,경기도,안산시 상록구,음식,15
10-28,14,월요일,16.7,0.0,0.0,1999.0,경기도,안산시 상록구,음식,17
10-28,15,월요일,17.2,0.0,0.0,1999.0,경기도,안산시 상록구,음식,16
10-28,16,월요일,17.0,0.0,0.0,2000.0,경기도,안산시 상록구,음식,16
10-28,17,월요일,16.7,0.0,0.0,2000.0,경기도,안산시 상록구,음식,31
10-28,18,월요일,16.1,0.0,0.0,1994.0,경기도,안산시 상록구,음식,65
10-28,19,월요일,15.2,0.0,0.0,1995.0,경기도,안산시 상록구,음식,68
10-28,20,월요일,14.5,0.0,0.0,1794.0,경기도,안산시 상록구,음식,50
10-28,21,월요일,13.1,0.0,0.0,1319.0,경기도,안산시 상록구,음식,41
10-28,22,월요일,13.0,0.0,0.0,1312.0,경기도,안산시 상록구,음식,32
10-28,23,월요일,13.8,0.0,0.0,1704.0,경기도,안산시 상록구,음식,24
10-29,0,화요일,12.7,2.7,0.0,469.0,경기도,안산시 상록구,음식,19
10-29,1,화요일,12.3,6.4,0.0,295.0,경기도,안산시 상록구,음식,19
10-29,2,화요일,12.3,0.0,0.0,318.0,경기도,안산시 상록구,음식,12
10-29,10,화요일,15.1,0.0,0.0,1291.0,경기도,안산시 상록구,음식,2
10-29,11,화요일,15.5,0.0,0.0,1736.0,경기도,안산시 상록구,음식,20
10-29,12,화요일,17.0,0.0,0.0,1683.0,경기도,안산시 상록구,음식,31
10-29,13,화요일,17.5,0.0,0.0,1820.0,경기도,안산시 상록구,음식,21
10-29,14,화요일,17.4,0.0,0.0,1788.0,경기도,안산시 상록구,음식,21
10-29,15,화요일,16.8,0.0,0.0,1964.0,경기도,안산시 상록구,음식,17
10-29,16,화요일,16.3,0.0,0.0,1920.0,경기도,안산시 상록구,음식,17
10-29,17,화요일,15.1,0.0,0.0,2000.0,경기도,안산시 상록구,음식,35
10-29,18,화요일,13.6,0.0,0.0,2000.0,경기도,안산시 상록구,음식,73
10-29,19,화요일,11.9,0.0,0.0,2000.0,경기도,안산시 상록구,음식,78
10-29,20,화요일,11.2,0.0,0.0,1996.0,경기도,안산시 상록구,음식,56
10-29,21,화요일,11.1,0.0,0.0,2000.0,경기도,안산시 상록구,음식,48
10-29,22,화요일,10.2,0.0,0.0,2000.0,경기도,안산시 상록구,음식,39
10-29,23,화요일,9.7,0.0,0.0,2000.0,경기도,안산시 상록구,음식,36
10-30,0,수요일,8.4,0.0,0.0,2000.0,경기도,안산시 상록구,음식,12
10-30,1,수요일,6.8,0.0,0.0,2000.0,경기도,안산시 상록구,음식,7
10-30,2,수요일,6.1,0.0,0.0,2000.0,경기도,안산시 상록구,음식,4
10-30,10,수요일,11.2,0.0,0.0,1975.0,경기도,안산시 상록구,음식,2
10-30,11,수요일,13.4,0.0,0.0,1915.0,경기도,안산시 상록구,음식,20
10-30,12,수요일,15.0,0.0,0.0,1871.0,경기도,안산시 상록구,음식,24
10-30,13,수요일,15.3,0.0,0.0,2087.0,경기도,안산시 상록구,음식,17
10-30,14,수요일,15.9,0.0,0.0,2014.0,경기도,안산시 상록구,음식,14
10-30,15,수요일,15.6,0.0,0.0,2000.0,경기도,안산시 상록구,음식,23
10-30,16,수요일,16.6,0.0,0.0,2000.0,경기도,안산시 상록구,음식,16
10-30,17,수요일,15.5,0.0,0.0,2000.0,경기도,안산시 상록구,음식,29
10-30,18,수요일,13.0,0.0,0.0,2000.0,경기도,안산시 상록구,음식,71
10-30,19,수요일,12.3,0.0,0.0,2000.0,경기도,안산시 상록구,음식,75
10-30,20,수요일,11.0,0.0,0.0,2000.0,경기도,안산시 상록구,음식,71
10-30,21,수요일,10.0,0.0,0.0,2011.0,경기도,안산시 상록구,음식,42
10-30,22,수요일,9.7,0.0,0.0,1980.0,경기도,안산시 상록구,음식,44
10-30,23,수요일,9.4,0.0,0.0,1892.0,경기도,안산시 상록구,음식,29
10-31,0,목요일,9.3,0.0,0.0,1523.0,경기도,안산시 상록구,음식,21
10-31,1,목요일,9.3,0.0,0.0,1570.0,경기도,안산시 상록구,음식,7
10-31,2,목요일,8.9,0.0,0.0,1513.0,경기도,안산시 상록구,음식,7
10-31,10,목요일,13.8,0.0,0.0,1577.0,경기도,안산시 상록구,음식,5
10-31,11,목요일,16.0,0.0,0.0,1468.0,경기도,안산시 상록구,음식,18
10-31,12,목요일,18.3,0.0,0.0,1751.0,경기도,안산시 상록구,음식,29
10-31,13,목요일,18.7,0.0,0.0,1505.0,경기도,안산시 상록구,음식,18
10-31,14,목요일,19.3,0.0,0.0,1800.0,경기도,안산시 상록구,음식,14
10-31,15,목요일,19.6,0.0,0.0,1538.0,경기도,안산시 상록구,음식,25
10-31,16,목요일,19.3,0.0,0.0,1230.0,경기도,안산시 상록구,음식,18
10-31,17,목요일,18.6,0.0,0.0,1046.0,경기도,안산시 상록구,음식,42
10-31,18,목요일,17.5,0.0,0.0,1040.0,경기도,안산시 상록구,음식,82
10-31,19,목요일,16.8,0.0,0.0,1083.0,경기도,안산시 상록구,음식,78
10-31,20,목요일,16.2,0.0,0.0,1217.0,경기도,안산시 상록구,음식,50
10-31,21,목요일,15.4,0.0,0.0,831.0,경기도,안산시 상록구,음식,47
10-31,22,목요일,15.1,0.0,0.0,2041.0,경기도,안산시 상록구,음식,43
10-31,23,목요일,14.3,0.0,0.0,1137.0,경기도,안산시 상록구,음식,32
11-01,0,금요일,14.3,0.0,0.0,662.0,경기도,안산시 상록구,음식,22
11-01,1,금요일,13.8,0.0,0.0,440.0,경기도,안산시 상록구,음식,22
11-01,2,금요일,14.1,0.0,0.0,376.0,경기도,안산시 상록구,음식,9
11-01,10,금요일,15.6,0.0,0.0,768.0,경기도,안산시 상록구,음식,1
11-01,11,금요일,17.2,0.0,0.0,954.0,경기도,안산시 상록구,음식,17
11-01,12,금요일,17.8,0.0,0.0,1552.0,경기도,안산시 상록구,음식,30
11-01,13,금요일,19.3,0.0,0.0,1831.0,경기도,안산시 상록구,음식,27
11-01,14,금요일,19.5,0.0,0.0,1846.0,경기도,안산시 상록구,음식,17
11-01,15,금요일,19.5,0.0,0.0,1983.0,경기도,안산시 상록구,음식,15
11-01,16,금요일,19.2,0.0,0.0,2000.0,경기도,안산시 상록구,음식,26
11-01,17,금요일,17.2,0.0,0.0,2000.0,경기도,안산시 상록구,음식,45
11-01,18,금요일,14.8,0.0,0.0,2000.0,경기도,안산시 상록구,음식,63
11-01,19,금요일,13.1,0.0,0.0,1943.0,경기도,안산시 상록구,음식,78
11-01,20,금요일,12.2,0.0,0.0,2000.0,경기도,안산시 상록구,음식,85
11-01,21,금요일,11.5,0.0,0.0,1838.0,경기도,안산시 상록구,음식,72
11-01,22,금요일,10.9,0.0,0.0,1993.0,경기도,안산시 상록구,음식,57
11-01,23,금요일,10.0,0.0,0.0,1756.0,경기도,안산시 상록구,음식,37
11-02,0,토요일,8.6,0.0,0.0,1655.0,경기도,안산시 상록구,음식,35
11-02,1,토요일,7.8,0.0,0.0,1487.0,경기도,안산시 상록구,음식,15
11-02,2,토요일,8.3,0.0,0.0,1536.0,경기도,안산시 상록구,음식,7
11-02,10,토요일,15.1,0.0,0.0,1678.0,경기도,안산시 상록구,음식,7
11-02,11,토요일,16.2,0.0,0.0,934.0,경기도,안산시 상록구,음식,30
11-02,12,토요일,17.8,0.0,0.0,1000.0,경기도,안산시 상록구,음식,38
11-02,13,토요일,17.9,0.0,0.0,1020.0,경기도,안산시 상록구,음식,46
11-02,14,토요일,18.5,0.0,0.0,1161.0,경기도,안산시 상록구,음식,56
11-02,15,토요일,18.1,0.0,0.0,1188.0,경기도,안산시 상록구,음식,30
11-02,16,토요일,18.2,0.0,0.0,1029.0,경기도,안산시 상록구,음식,35
11-02,17,토요일,17.4,0.0,0.0,1056.0,경기도,안산시 상록구,음식,58
11-02,18,토요일,15.9,0.0,0.0,912.0,경기도,안산시 상록구,음식,88
11-02,19,토요일,14.6,0.0,0.0,802.0,경기도,안산시 상록구,음식,76
11-02,20,토요일,13.7,0.0,0.0,707.0,경기도,안산시 상록구,음식,82
11-02,21,토요일,13.2,0.0,0.0,634.0,경기도,안산시 상록구,음식,69
11-02,22,토요일,12.1,0.0,0.0,582.0,경기도,안산시 상록구,음식,46
11-02,23,토요일,11.9,0.0,0.0,534.0,경기도,안산시 상록구,음식,51
11-03,0,일요일,11.9,0.0,0.0,508.0,경기도,안산시 상록구,음식,30
11-03,1,일요일,11.3,0.0,0.0,793.0,경기도,안산시 상록구,음식,9
11-03,2,일요일,10.8,0.0,0.0,527.0,경기도,안산시 상록구,음식,10
11-03,10,일요일,13.9,0.0,0.0,669.0,경기도,안산시 상록구,음식,4
11-03,11,일요일,16.2,0.0,0.0,774.0,경기도,안산시 상록구,음식,27
11-03,12,일요일,18.3,0.0,0.0,620.0,경기도,안산시 상록구,음식,49
11-03,13,일요일,19.0,0.0,0.0,898.0,경기도,안산시 상록구,음식,50
11-03,14,일요일,19.8,0.0,0.0,884.0,경기도,안산시 상록구,음식,62
11-03,15,일요일,19.9,0.0,0.0,960.0,경기도,안산시 상록구,음식,33
11-03,16,일요일,20.1,0.0,0.0,1698.0,경기도,안산시 상록구,음식,50
11-03,17,일요일,19.2,0.0,0.0,1990.0,경기도,안산시 상록구,음식,68
11-03,18,일요일,18.0,0.0,0.0,2000.0,경기도,안산시 상록구,음식,91
11-03,19,일요일,17.1,0.0,0.0,2000.0,경기도,안산시 상록구,음식,110
11-03,20,일요일,16.0,0.0,0.0,2000.0,경기도,안산시 상록구,음식,84
11-03,21,일요일,15.0,0.0,0.0,2000.0,경기도,안산시 상록구,음식,57
11-03,22,일요일,13.4,0.0,0.0,2000.0,경기도,안산시 상록구,음식,45
11-03,23,일요일,12.6,0.0,0.0,2000.0,경기도,안산시 상록구,음식,44
11-04,0,월요일,11.5,0.0,0.0,2000.0,경기도,안산시 상록구,음식,20
11-04,1,월요일,12.3,0.0,0.0,2000.0,경기도,안산시 상록구,음식,18
11-04,2,월요일,11.4,0.0,0.0,2000.0,경기도,안산시 상록구,음식,14
11-04,10,월요일,14.9,0.0,0.0,1998.0,경기도,안산시 상록구,음식,4
11-04,11,월요일,16.2,0.0,0.0,1998.0,경기도,안산시 상록구,음식,23
11-04,12,월요일,16.8,0.0,0.0,2000.0,경기도,안산시 상록구,음식,34
11-04,13,월요일,17.5,0.0,0.0,2000.0,경기도,안산시 상록구,음식,29
11-04,14,월요일,18.3,0.0,0.0,2000.0,경기도,안산시 상록구,음식,28
11-04,15,월요일,18.5,0.0,0.0,2000.0,경기도,안산시 상록구,음식,19
11-04,16,월요일,18.8,0.0,0.0,2000.0,경기도,안산시 상록구,음식,19
11-04,17,월요일,17.3,0.0,0.0,1997.0,경기도,안산시 상록구,음식,26
11-04,18,월요일,14.7,0.0,0.0,2000.0,경기도,안산시 상록구,음식,53
11-04,19,월요일,13.4,0.0,0.0,1990.0,경기도,안산시 상록구,음식,71
11-04,20,월요일,12.5,0.0,0.0,1704.0,경기도,안산시 상록구,음식,44
11-04,21,월요일,10.9,0.0,0.0,1751.0,경기도,안산시 상록구,음식,31
11-04,22,월요일,10.0,0.0,0.0,1506.0,경기도,안산시 상록구,음식,25
11-04,23,월요일,9.4,0.0,0.0,1602.0,경기도,안산시 상록구,음식,18
11-05,0,화요일,8.6,0.0,0.0,1127.0,경기도,안산시 상록구,음식,14
11-05,1,화요일,8.4,0.0,0.0,1128.0,경기도,안산시 상록구,음식,13
11-05,2,화요일,7.6,0.0,0.0,1222.0,경기도,안산시 상록구,음식,7
11-05,10,화요일,12.5,0.0,0.0,525.0,경기도,안산시 상록구,음식,2
11-05,11,화요일,14.0,0.0,0.0,781.0,경기도,안산시 상록구,음식,15
11-05,12,화요일,14.8,0.0,0.0,1123.0,경기도,안산시 상록구,음식,30
11-05,13,화요일,16.3,0.0,0.0,1932.0,경기도,안산시 상록구,음식,17
11-05,14,화요일,16.3,0.0,0.0,1953.0,경기도,안산시 상록구,음식,17
11-05,15,화요일,16.3,0.0,0.0,1904.0,경기도,안산시 상록구,음식,7
11-05,16,화요일,15.5,0.0,0.0,1896.0,경기도,안산시 상록구,음식,20
11-05,17,화요일,14.5,0.0,0.0,2000.0,경기도,안산시 상록구,음식,36
11-05,18,화요일,12.3,0.0,0.0,2000.0,경기도,안산시 상록구,음식,66
11-05,19,화요일,11.5,0.0,0.0,1924.0,경기도,안산시 상록구,음식,83
11-05,20,화요일,11.1,0.0,0.0,1882.0,경기도,안산시 상록구,음식,59
11-05,21,화요일,9.4,0.0,0.0,1445.0,경기도,안산시 상록구,음식,60
11-05,22,화요일,9.0,0.0,0.0,1251.0,경기도,안산시 상록구,음식,28
11-05,23,화요일,8.9,0.0,0.0,799.0,경기도,안산시 상록구,음식,30
11-06,0,수요일,8.4,0.0,0.0,716.0,경기도,안산시 상록구,음식,10
11-06,1,수요일,7.8,0.0,0.0,595.0,경기도,안산시 상록구,음식,10
11-06,2,수요일,6.8,0.0,0.0,767.0,경기도,안산시 상록구,음식,2
11-06,10,수요일,11.7,0.0,0.0,692.0,경기도,안산시 상록구,음식,4
11-06,11,수요일,12.6,0.0,0.0,992.0,경기도,안산시 상록구,음식,13
11-06,12,수요일,14.3,0.0,0.0,1535.0,경기도,안산시 상록구,음식,31
11-06,13,수요일,15.2,0.0,0.0,1106.0,경기도,안산시 상록구,음식,24
11-06,14,수요일,16.4,0.0,0.0,1395.0,경기도,안산시 상록구,음식,11
11-06,15,수요일,15.5,0.0,0.0,1900.0,경기도,안산시 상록구,음식,17
11-06,16,수요일,15.6,0.0,0.0,1956.0,경기도,안산시 상록구,음식,23
11-06,17,수요일,14.2,0.0,0.0,1988.0,경기도,안산시 상록구,음식,34
11-06,18,수요일,12.8,0.0,0.0,1638.0,경기도,안산시 상록구,음식,74
11-06,19,수요일,11.5,0.0,0.0,1170.0,경기도,안산시 상록구,음식,91
11-06,20,수요일,11.1,0.0,0.0,1353.0,경기도,안산시 상록구,음식,68
11-06,21,수요일,10.2,0.0,0.0,1121.0,경기도,안산시 상록구,음식,56
11-06,22,수요일,9.6,0.0,0.0,1112.0,경기도,안산시 상록구,음식,56
11-06,23,수요일,9.2,0.0,0.0,999.0,경기도,안산시 상록구,음식,24
11-07,0,목요일,8.6,0.0,0.0,1050.0,경기도,안산시 상록구,음식,19
11-07,1,목요일,8.1,0.0,0.0,1262.0,경기도,안산시 상록구,음식,8
11-07,2,목요일,7.9,0.0,0.0,1127.0,경기도,안산시 상록구,음식,5
11-07,10,목요일,12.0,0.0,0.0,1753.0,경기도,안산시 상록구,음식,5
11-07,11,목요일,12.9,0.0,0.0,1857.0,경기도,안산시 상록구,음식,17
11-07,12,목요일,13.3,0.0,0.0,1749.0,경기도,안산시 상록구,음식,29
11-07,13,목요일,13.9,0.0,0.0,1759.0,경기도,안산시 상록구,음식,23
11-07,14,목요일,12.9,0.0,0.0,1765.0,경기도,안산시 상록구,음식,19
11-07,15,목요일,12.9,0.0,0.0,1851.0,경기도,안산시 상록구,음식,15
11-07,16,목요일,12.2,0.0,0.0,1902.0,경기도,안산시 상록구,음식,25
11-07,17,목요일,10.9,0.0,0.0,2063.0,경기도,안산시 상록구,음식,32
11-07,18,목요일,8.9,0.0,0.0,1999.0,경기도,안산시 상록구,음식,72
11-07,19,목요일,8.6,0.0,0.0,1926.0,경기도,안산시 상록구,음식,62
11-07,20,목요일,7.5,0.0,0.0,2000.0,경기도,안산시 상록구,음식,59
11-07,21,목요일,7.0,0.0,0.0,2000.0,경기도,안산시 상록구,음식,48
11-07,22,목요일,6.5,0.0,0.0,2000.0,경기도,안산시 상록구,음식,30
11-07,23,목요일,4.8,0.0,0.0,2000.0,경기도,안산시 상록구,음식,28
11-08,0,금요일,4.0,0.0,0.0,2000.0,경기도,안산시 상록구,음식,13
11-08,1,금요일,3.8,0.0,0.0,2000.0,경기도,안산시 상록구,음식,13
11-08,2,금요일,2.9,0.0,0.0,2000.0,경기도,안산시 상록구,음식,6
11-08,10,금요일,6.6,0.0,0.0,1860.0,경기도,안산시 상록구,음식,3
11-08,11,금요일,8.5,0.0,0.0,1899.0,경기도,안산시 상록구,음식,27
11-08,12,금요일,10.3,0.0,0.0,1987.0,경기도,안산시 상록구,음식,38
11-08,13,금요일,12.1,0.0,0.0,2000.0,경기도,안산시 상록구,음식,13
11-08,14,금요일,12.6,0.0,0.0,2000.0,경기도,안산시 상록구,음식,17
11-08,15,금요일,12.3,0.0,0.0,1953.0,경기도,안산시 상록구,음식,20
11-08,16,금요일,11.8,0.0,0.0,1990.0,경기도,안산시 상록구,음식,16
11-08,17,금요일,10.4,0.0,0.0,2000.0,경기도,안산시 상록구,음식,47
11-08,18,금요일,8.7,0.0,0.0,1998.0,경기도,안산시 상록구,음식,72
11-08,19,금요일,8.2,0.0,0.0,1983.0,경기도,안산시 상록구,음식,87
11-08,20,금요일,7.6,0.0,0.0,1897.0,경기도,안산시 상록구,음식,75
11-08,21,금요일,5.4,0.0,0.0,1793.0,경기도,안산시 상록구,음식,68
11-08,22,금요일,4.6,0.0,0.0,1688.0,경기도,안산시 상록구,음식,68
11-08,23,금요일,4.4,0.0,0.0,1974.0,경기도,안산시 상록구,음식,45
11-09,0,토요일,3.8,0.0,0.0,1776.0,경기도,안산시 상록구,음식,31
11-09,1,토요일,3.0,0.0,0.0,1770.0,경기도,안산시 상록구,음식,8
11-09,2,토요일,1.6,0.0,0.0,1772.0,경기도,안산시 상록구,음식,15
11-09,10,토요일,9.7,0.0,0.0,1650.0,경기도,안산시 상록구,음식,6
11-09,11,토요일,11.7,0.0,0.0,1638.0,경기도,안산시 상록구,음식,27
11-09,12,토요일,13.6,0.0,0.0,1780.0,경기도,안산시 상록구,음식,42
11-09,13,토요일,15.5,0.0,0.0,2007.0,경기도,안산시 상록구,음식,49
11-09,14,토요일,15.9,0.0,0.0,2000.0,경기도,안산시 상록구,음식,47
11-09,15,토요일,16.3,0.0,0.0,2000.0,경기도,안산시 상록구,음식,41
11-09,16,토요일,15.5,0.0,0.0,1911.0,경기도,안산시 상록구,음식,34
11-09,17,토요일,13.8,0.0,0.0,1995.0,경기도,안산시 상록구,음식,73
11-09,18,토요일,11.7,0.0,0.0,2000.0,경기도,안산시 상록구,음식,111
11-09,19,토요일,10.3,0.0,0.0,1981.0,경기도,안산시 상록구,음식,80
11-09,20,토요일,9.1,0.0,0.0,1967.0,경기도,안산시 상록구,음식,89
11-09,21,토요일,7.1,0.0,0.0,1941.0,경기도,안산시 상록구,음식,75
11-09,22,토요일,6.8,0.0,0.0,1426.0,경기도,안산시 상록구,음식,71
11-09,23,토요일,6.0,0.0,0.0,1424.0,경기도,안산시 상록구,음식,57
11-10,0,일요일,6.0,0.0,0.0,1666.0,경기도,안산시 상록구,음식,27
11-10,1,일요일,5.5,0.0,0.0,1470.0,경기도,안산시 상록구,음식,17
11-10,2,일요일,5.6,0.0,0.0,1044.0,경기도,안산시 상록구,음식,18
11-10,10,일요일,9.2,0.0,0.0,1268.0,경기도,안산시 상록구,음식,3
11-10,11,일요일,11.2,0.0,0.0,1519.0,경기도,안산시 상록구,음식,17
11-10,12,일요일,12.1,0.0,0.0,1649.0,경기도,안산시 상록구,음식,36
11-10,13,일요일,13.0,0.0,0.0,1701.0,경기도,안산시 상록구,음식,47
11-10,14,일요일,14.6,0.0,0.0,1960.0,경기도,안산시 상록구,음식,41
11-10,15,일요일,14.5,0.0,0.0,1939.0,경기도,안산시 상록구,음식,32
11-10,16,일요일,14.6,0.0,0.0,1910.0,경기도,안산시 상록구,음식,35
11-10,17,일요일,13.5,0.0,0.0,1888.0,경기도,안산시 상록구,음식,73
11-10,18,일요일,13.4,0.0,0.0,1769.0,경기도,안산시 상록구,음식,121
11-10,19,일요일,12.2,0.0,0.0,1010.0,경기도,안산시 상록구,음식,98
11-10,20,일요일,9.6,0.0,0.0,325.0,경기도,안산시 상록구,음식,72
11-10,21,일요일,9.5,16.1,0.0,1500.0,경기도,안산시 상록구,음식,67
11-10,22,일요일,9.4,0.0,0.0,1300.0,경기도,안산시 상록구,음식,62
11-10,23,일요일,9.4,0.0,0.0,1100.0,경기도,안산시 상록구,음식,46
11-11,0,월요일,9.1,0.0,0.0,1100.0,경기도,안산시 상록구,음식,20
11-11,1,월요일,8.7,0.0,0.0,1100.0,경기도,안산시 상록구,음식,16
11-11,2,월요일,8.6,0.1,0.0,1200.0,경기도,안산시 상록구,음식,18
11-11,10,월요일,13.2,0.0,0.0,1849.0,경기도,안산시 상록구,음식,5
11-11,11,월요일,13.4,0.0,0.0,1926.0,경기도,안산시 상록구,음식,21
11-11,12,월요일,13.9,0.0,0.0,1795.0,경기도,안산시 상록구,음식,29
11-11,13,월요일,14.5,0.0,0.0,1919.0,경기도,안산시 상록구,음식,23
11-11,14,월요일,15.2,0.0,0.0,1949.0,경기도,안산시 상록구,음식,18
11-11,15,월요일,15.3,0.0,0.0,1976.0,경기도,안산시 상록구,음식,15
11-11,16,월요일,14.6,0.0,0.0,1975.0,경기도,안산시 상록구,음식,26
11-11,17,월요일,13.7,0.0,0.0,1993.0,경기도,안산시 상록구,음식,52
11-11,18,월요일,12.2,0.0,0.0,1661.0,경기도,안산시 상록구,음식,61
11-11,19,월요일,11.3,0.0,0.0,1669.0,경기도,안산시 상록구,음식,78
11-11,20,월요일,11.3,0.0,0.0,1919.0,경기도,안산시 상록구,음식,56
11-11,21,월요일,10.3,0.0,0.0,1895.0,경기도,안산시 상록구,음식,48
11-11,22,월요일,10.0,0.0,0.0,1630.0,경기도,안산시 상록구,음식,24
11-11,23,월요일,8.9,0.0,0.0,1827.0,경기도,안산시 상록구,음식,31
11-12,0,화요일,8.4,0.0,0.0,1485.0,경기도,안산시 상록구,음식,14
11-12,1,화요일,6.7,0.0,0.0,1161.0,경기도,안산시 상록구,음식,11
11-12,2,화요일,5.5,0.0,0.0,1083.0,경기도,안산시 상록구,음식,15
11-12,10,화요일,9.8,0.0,0.0,1214.0,경기도,안산시 상록구,음식,6
11-12,11,화요일,11.7,0.0,0.0,1344.0,경기도,안산시 상록구,음식,17
11-12,12,화요일,13.1,0.0,0.0,1981.0,경기도,안산시 상록구,음식,21
11-12,13,화요일,14.2,0.0,0.0,1987.0,경기도,안산시 상록구,음식,20
11-12,14,화요일,14.7,0.0,0.0,2000.0,경기도,안산시 상록구,음식,16
11-12,15,화요일,14.4,0.0,0.0,1987.0,경기도,안산시 상록구,음식,11
11-12,16,화요일,14.7,0.0,0.0,1929.0,경기도,안산시 상록구,음식,16
11-12,17,화요일,13.7,0.0,0.0,2007.0,경기도,안산시 상록구,음식,36
11-12,18,화요일,11.6,0.0,0.0,1739.0,경기도,안산시 상록구,음식,61
11-12,19,화요일,9.4,0.0,0.0,1834.0,경기도,안산시 상록구,음식,84
11-12,20,화요일,8.6,0.0,0.0,1112.0,경기도,안산시 상록구,음식,60
11-12,21,화요일,7.3,0.0,0.0,1083.0,경기도,안산시 상록구,음식,54
11-12,22,화요일,6.9,0.0,0.0,1106.0,경기도,안산시 상록구,음식,46
11-12,23,화요일,5.8,0.0,0.0,949.0,경기도,안산시 상록구,음식,27
11-13,0,수요일,5.9,0.0,0.0,935.0,경기도,안산시 상록구,음식,12
11-13,1,수요일,5.9,0.0,0.0,740.0,경기도,안산시 상록구,음식,13
11-13,2,수요일,5.4,0.0,0.0,1548.0,경기도,안산시 상록구,음식,3
11-13,10,수요일,8.2,0.0,0.0,533.0,경기도,안산시 상록구,음식,7
11-13,11,수요일,9.1,0.0,0.0,1042.0,경기도,안산시 상록구,음식,24
11-13,12,수요일,8.7,0.4,0.0,748.0,경기도,안산시 상록구,음식,31
11-13,13,수요일,8.8,0.0,0.0,746.0,경기도,안산시 상록구,음식,25
11-13,14,수요일,9.5,0.0,0.0,515.0,경기도,안산시 상록구,음식,28
11-13,15,수요일,10.0,0.7,0.0,457.0,경기도,안산시 상록구,음식,23
11-13,16,수요일,12.1,0.0,0.0,375.0,경기도,안산시 상록구,음식,27
11-13,17,수요일,11.3,0.0,0.0,1401.0,경기도,안산시 상록구,음식,61
11-13,18,수요일,9.2,4.6,0.0,2000.0,경기도,안산시 상록구,음식,72
11-13,19,수요일,8.4,0.0,0.0,2000.0,경기도,안산시 상록구,음식,92
11-13,20,수요일,7.9,0.0,0.0,2000.0,경기도,안산시 상록구,음식,82
11-13,21,수요일,7.3,0.0,0.0,2000.0,경기도,안산시 상록구,음식,64
11-13,22,수요일,5.8,0.0,0.0,1996.0,경기도,안산시 상록구,음식,59
11-13,23,수요일,4.9,0.0,0.0,2000.0,경기도,안산시 상록구,음식,40
11-14,0,목요일,4.1,0.0,0.0,2000.0,경기도,안산시 상록구,음식,28
11-14,1,목요일,3.9,0.0,0.0,2000.0,경기도,안산시 상록구,음식,12
11-14,2,목요일,2.7,0.0,0.0,2000.0,경기도,안산시 상록구,음식,9
11-14,3,목요일,1.5,0.0,0.0,2000.0,경기도,안산시 상록구,음식,1
11-14,10,목요일,1.5,0.0,0.0,1989.0,경기도,안산시 상록구,음식,3
11-14,11,목요일,2.2,0.0,0.0,2000.0,경기도,안산시 상록구,음식,22
11-14,12,목요일,2.9,0.0,0.0,2000.0,경기도,안산시 상록구,음식,34
11-14,13,목요일,4.1,0.0,0.0,2000.0,경기도,안산시 상록구,음식,24
11-14,14,목요일,4.5,0.0,0.0,1989.0,경기도,안산시 상록구,음식,17
11-14,15,목요일,4.9,0.0,0.0,2000.0,경기도,안산시 상록구,음식,21
11-14,16,목요일,4.6,0.0,0.0,2000.0,경기도,안산시 상록구,음식,16
11-14,17,목요일,4.3,0.0,0.0,2000.0,경기도,안산시 상록구,음식,36
11-14,18,목요일,3.4,0.0,0.0,1996.0,경기도,안산시 상록구,음식,81
11-14,19,목요일,2.8,0.0,0.0,2000.0,경기도,안산시 상록구,음식,76
11-14,20,목요일,2.1,0.0,0.0,2000.0,경기도,안산시 상록구,음식,76
11-14,21,목요일,1.5,0.0,0.0,2000.0,경기도,안산시 상록구,음식,69
11-14,22,목요일,0.7,0.0,0.0,1996.0,경기도,안산시 상록구,음식,45
11-14,23,목요일,0.2,0.0,0.0,2005.0,경기도,안산시 상록구,음식,27
11-15,0,금요일,0.7,0.0,0.0,1924.0,경기도,안산시 상록구,음식,24
11-15,1,금요일,0.5,0.0,0.0,1989.0,경기도,안산시 상록구,음식,18
11-15,2,금요일,1.5,0.0,0.0,2000.0,경기도,안산시 상록구,음식,6
11-15,10,금요일,5.8,0.0,0.0,1811.0,경기도,안산시 상록구,음식,3
11-15,11,금요일,7.4,0.0,0.0,1965.0,경기도,안산시 상록구,음식,27
11-15,12,금요일,7.3,2.6,0.0,2093.0,경기도,안산시 상록구,음식,30
11-15,13,금요일,8.5,0.0,0.0,1133.0,경기도,안산시 상록구,음식,24
11-15,14,금요일,9.9,0.0,0.0,1806.0,경기도,안산시 상록구,음식,20
11-15,15,금요일,10.7,0.5,0.0,1675.0,경기도,안산시 상록구,음식,16
11-15,16,금요일,10.8,0.0,0.0,1435.0,경기도,안산시 상록구,음식,27
11-15,17,금요일,10.1,0.0,0.0,608.0,경기도,안산시 상록구,음식,46
11-15,18,금요일,9.8,1.7,0.0,965.0,경기도,안산시 상록구,음식,83
11-15,19,금요일,9.0,0.0,0.0,712.0,경기도,안산시 상록구,음식,90
11-15,20,금요일,8.7,0.0,0.0,694.0,경기도,안산시 상록구,음식,86
11-15,21,금요일,8.5,0.0,0.0,990.0,경기도,안산시 상록구,음식,64
11-15,22,금요일,8.2,0.0,0.0,591.0,경기도,안산시 상록구,음식,58
11-15,23,금요일,8.2,0.0,0.0,1039.0,경기도,안산시 상록구,음식,38
11-16,0,토요일,7.8,0.7,0.0,512.0,경기도,안산시 상록구,음식,18
11-16,1,토요일,7.3,0.0,0.0,449.0,경기도,안산시 상록구,음식,6
11-16,2,토요일,6.8,0.0,0.0,558.0,경기도,안산시 상록구,음식,4
11-16,10,토요일,7.8,0.0,0.0,430.0,경기도,안산시 상록구,음식,3
11-16,11,토요일,8.5,0.0,0.0,440.0,경기도,안산시 상록구,음식,20
11-16,12,토요일,9.1,0.0,0.0,700.0,경기도,안산시 상록구,음식,45
11-16,13,토요일,11.3,0.0,0.0,1120.0,경기도,안산시 상록구,음식,43
11-16,14,토요일,12.9,0.0,0.0,1122.0,경기도,안산시 상록구,음식,41
11-16,15,토요일,13.8,0.0,0.0,1286.0,경기도,안산시 상록구,음식,28
11-16,16,토요일,14.1,0.0,0.0,1877.0,경기도,안산시 상록구,음식,26
11-16,17,토요일,12.5,0.0,0.0,2000.0,경기도,안산시 상록구,음식,50
11-16,18,토요일,9.7,0.0,0.0,1964.0,경기도,안산시 상록구,음식,68
11-16,19,토요일,8.0,0.0,0.0,1332.0,경기도,안산시 상록구,음식,103
11-16,20,토요일,6.9,0.0,0.0,1162.0,경기도,안산시 상록구,음식,66
11-16,21,토요일,6.2,0.0,0.0,942.0,경기도,안산시 상록구,음식,61
11-16,22,토요일,5.6,0.0,0.0,770.0,경기도,안산시 상록구,음식,54
11-16,23,토요일,4.7,0.0,0.0,587.0,경기도,안산시 상록구,음식,51
11-17,0,일요일,4.2,0.0,0.0,723.0,경기도,안산시 상록구,음식,29
11-17,1,일요일,4.0,0.0,0.0,514.0,경기도,안산시 상록구,음식,18
11-17,2,일요일,4.5,0.0,0.0,747.0,경기도,안산시 상록구,음식,12
11-17,10,일요일,10.5,0.0,0.0,1824.0,경기도,안산시 상록구,음식,9
11-17,11,일요일,9.4,0.0,0.0,1123.0,경기도,안산시 상록구,음식,26
11-17,12,일요일,8.8,4.2,0.0,869.0,경기도,안산시 상록구,음식,49
11-17,13,일요일,8.7,0.0,0.0,339.0,경기도,안산시 상록구,음식,54
11-17,14,일요일,9.5,0.0,0.0,686.0,경기도,안산시 상록구,음식,43
11-17,15,일요일,9.3,18.3,0.0,638.0,경기도,안산시 상록구,음식,62
11-17,16,일요일,9.7,0.0,0.0,992.0,경기도,안산시 상록구,음식,60
11-17,17,일요일,9.9,0.0,0.0,688.0,경기도,안산시 상록구,음식,102
11-17,18,일요일,9.9,6.7,0.0,699.0,경기도,안산시 상록구,음식,117
11-17,19,일요일,10.1,0.0,0.0,259.0,경기도,안산시 상록구,음식,100
11-17,20,일요일,10.4,0.0,0.0,481.0,경기도,안산시 상록구,음식,80
11-17,21,일요일,10.7,11.8,0.0,307.0,경기도,안산시 상록구,음식,63
11-17,22,일요일,11.1,0.0,0.0,552.0,경기도,안산시 상록구,음식,47
11-17,23,일요일,11.9,0.0,0.0,534.0,경기도,안산시 상록구,음식,44
11-18,0,월요일,12.4,0.6,0.0,244.0,경기도,안산시 상록구,음식,26
11-18,1,월요일,13.7,0.0,0.0,1570.0,경기도,안산시 상록구,음식,21
11-18,2,월요일,13.0,0.0,0.0,932.0,경기도,안산시 상록구,음식,14
11-18,10,월요일,5.6,0.0,0.0,1901.0,경기도,안산시 상록구,음식,6
11-18,11,월요일,5.7,0.0,0.0,1331.0,경기도,안산시 상록구,음식,19
11-18,12,월요일,5.7,0.0,0.0,1599.0,경기도,안산시 상록구,음식,42
11-18,13,월요일,6.0,0.0,0.0,1398.0,경기도,안산시 상록구,음식,18
11-18,14,월요일,5.7,0.0,0.0,1424.0,경기도,안산시 상록구,음식,25
11-18,15,월요일,5.2,0.0,0.0,1355.0,경기도,안산시 상록구,음식,19
11-18,16,월요일,4.5,0.0,0.0,1462.0,경기도,안산시 상록구,음식,25
11-18,17,월요일,3.9,0.0,0.0,1766.0,경기도,안산시 상록구,음식,28
11-18,18,월요일,3.0,0.0,0.0,1954.0,경기도,안산시 상록구,음식,67
11-18,19,월요일,2.7,0.0,0.0,2000.0,경기도,안산시 상록구,음식,84
11-18,20,월요일,2.4,0.0,0.0,2000.0,경기도,안산시 상록구,음식,53
11-18,21,월요일,1.8,0.0,0.0,2000.0,경기도,안산시 상록구,음식,46
11-18,22,월요일,2.0,0.0,0.0,2000.0,경기도,안산시 상록구,음식,38
11-18,23,월요일,1.5,0.0,0.0,2000.0,경기도,안산시 상록구,음식,30
11-19,0,화요일,1.1,0.0,0.0,924.0,경기도,안산시 상록구,음식,22
11-19,1,화요일,0.7,0.0,0.0,2000.0,경기도,안산시 상록구,음식,8
11-19,2,화요일,1.2,0.0,0.0,1999.0,경기도,안산시 상록구,음식,14
11-19,10,화요일,1.0,0.0,0.0,1964.0,경기도,안산시 상록구,음식,3
11-19,11,화요일,2.9,0.0,0.0,1995.0,경기도,안산시 상록구,음식,18
11-19,12,화요일,4.2,0.0,0.0,1994.0,경기도,안산시 상록구,음식,22
11-19,13,화요일,4.7,0.0,0.0,1995.0,경기도,안산시 상록구,음식,19
11-19,14,화요일,4.5,0.0,0.0,2000.0,경기도,안산시 상록구,음식,14
11-19,15,화요일,4.5,0.0,0.0,2000.0,경기도,안산시 상록구,음식,10
11-19,16,화요일,3.7,0.0,0.0,2000.0,경기도,안산시 상록구,음식,20
11-19,17,화요일,3.4,0.0,0.0,2000.0,경기도,안산시 상록구,음식,30
11-19,18,화요일,2.1,0.0,0.0,2000.0,경기도,안산시 상록구,음식,66
11-19,19,화요일,1.2,0.0,0.0,2004.0,경기도,안산시 상록구,음식,87
11-19,20,화요일,1.5,0.0,0.0,2000.0,경기도,안산시 상록구,음식,75
11-19,21,화요일,0.9,0.0,0.0,2000.0,경기도,안산시 상록구,음식,63
11-19,22,화요일,0.8,0.0,0.0,2000.0,경기도,안산시 상록구,음식,47
11-19,23,화요일,0.4,0.0,0.0,2000.0,경기도,안산시 상록구,음식,28
11-20,0,수요일,-0.2,0.0,0.0,2000.0,경기도,안산시 상록구,음식,12
11-20,1,수요일,-1.0,0.0,0.0,2000.0,경기도,안산시 상록구,음식,11
11-20,2,수요일,-0.5,0.0,0.0,2000.0,경기도,안산시 상록구,음식,6
11-20,10,수요일,0.7,0.0,0.0,2000.0,경기도,안산시 상록구,음식,4
11-20,11,수요일,1.8,0.0,0.0,1983.0,경기도,안산시 상록구,음식,20
11-20,12,수요일,3.8,0.0,0.0,2000.0,경기도,안산시 상록구,음식,20
11-20,13,수요일,5.1,0.0,0.0,1991.0,경기도,안산시 상록구,음식,25
11-20,14,수요일,6.1,0.0,0.0,2000.0,경기도,안산시 상록구,음식,24
11-20,15,수요일,6.0,0.0,0.0,2000.0,경기도,안산시 상록구,음식,20
11-20,16,수요일,6.0,0.0,0.0,2000.0,경기도,안산시 상록구,음식,24
11-20,17,수요일,4.9,0.0,0.0,2000.0,경기도,안산시 상록구,음식,48
11-20,18,수요일,3.1,0.0,0.0,2000.0,경기도,안산시 상록구,음식,79
11-20,19,수요일,2.5,0.0,0.0,2000.0,경기도,안산시 상록구,음식,73
11-20,20,수요일,0.9,0.0,0.0,1960.0,경기도,안산시 상록구,음식,68
11-20,21,수요일,-0.2,0.0,0.0,1847.0,경기도,안산시 상록구,음식,46
11-20,22,수요일,-1.0,0.0,0.0,1983.0,경기도,안산시 상록구,음식,45
11-20,23,수요일,-1.4,0.0,0.0,2027.0,경기도,안산시 상록구,음식,34
11-21,0,목요일,-1.8,0.0,0.0,1868.0,경기도,안산시 상록구,음식,17
11-21,1,목요일,-1.5,0.0,0.0,2016.0,경기도,안산시 상록구,음식,5
11-21,2,목요일,-2.4,0.0,0.0,1919.0,경기도,안산시 상록구,음식,11
11-21,10,목요일,4.5,0.0,0.0,1905.0,경기도,안산시 상록구,음식,4
11-21,11,목요일,6.2,0.0,0.0,2000.0,경기도,안산시 상록구,음식,17
11-21,12,목요일,7.9,0.0,0.0,2000.0,경기도,안산시 상록구,음식,29
11-21,13,목요일,8.3,0.0,0.0,1998.0,경기도,안산시 상록구,음식,28
11-21,14,목요일,9.2,0.0,0.0,1999.0,경기도,안산시 상록구,음식,16
11-21,15,목요일,9.5,0.0,0.0,1974.0,경기도,안산시 상록구,음식,11
11-21,16,목요일,9.5,0.0,0.0,1904.0,경기도,안산시 상록구,음식,26
11-21,17,목요일,8.9,0.0,0.0,2000.0,경기도,안산시 상록구,음식,26
11-21,18,목요일,8.6,0.0,0.0,1987.0,경기도,안산시 상록구,음식,49
11-21,19,목요일,8.0,0.0,0.0,1937.0,경기도,안산시 상록구,음식,78
11-21,20,목요일,7.5,0.0,0.0,2004.0,경기도,안산시 상록구,음식,60
11-21,21,목요일,7.7,0.0,0.0,1980.0,경기도,안산시 상록구,음식,52
11-21,22,목요일,7.4,0.0,0.0,2023.0,경기도,안산시 상록구,음식,40
11-21,23,목요일,7.8,0.0,0.0,2000.0,경기도,안산시 상록구,음식,23
11-22,0,금요일,7.9,0.0,0.0,1990.0,경기도,안산시 상록구,음식,12
11-22,1,금요일,7.7,0.0,0.0,2021.0,경기도,안산시 상록구,음식,13
11-22,2,금요일,8.1,0.0,0.0,2000.0,경기도,안산시 상록구,음식,8
11-22,10,금요일,10.7,0.0,0.0,1876.0,경기도,안산시 상록구,음식,4
11-22,11,금요일,13.0,0.0,0.0,1834.0,경기도,안산시 상록구,음식,17
11-22,12,금요일,14.6,0.0,0.0,1943.0,경기도,안산시 상록구,음식,24
11-22,13,금요일,15.5,0.0,0.0,1886.0,경기도,안산시 상록구,음식,17
11-22,14,금요일,16.0,0.0,0.0,1970.0,경기도,안산시 상록구,음식,13
11-22,15,금요일,16.2,0.0,0.0,1994.0,경기도,안산시 상록구,음식,18
11-22,16,금요일,16.3,0.0,0.0,2000.0,경기도,안산시 상록구,음식,30
11-22,17,금요일,15.0,0.0,0.0,2000.0,경기도,안산시 상록구,음식,24
11-22,18,금요일,12.7,0.0,0.0,1908.0,경기도,안산시 상록구,음식,78
11-22,19,금요일,11.6,0.0,0.0,1950.0,경기도,안산시 상록구,음식,93
11-22,20,금요일,10.2,0.0,0.0,1647.0,경기도,안산시 상록구,음식,83
11-22,21,금요일,10.0,0.0,0.0,1610.0,경기도,안산시 상록구,음식,71
11-22,22,금요일,8.4,0.0,0.0,1782.0,경기도,안산시 상록구,음식,48
11-22,23,금요일,7.8,0.0,0.0,1359.0,경기도,안산시 상록구,음식,58
11-23,0,토요일,8.0,0.0,0.0,1523.0,경기도,안산시 상록구,음식,37
11-23,1,토요일,7.8,0.0,0.0,1750.0,경기도,안산시 상록구,음식,14
11-23,2,토요일,8.1,0.0,0.0,1884.0,경기도,안산시 상록구,음식,11
11-23,10,토요일,13.4,0.0,0.0,2035.0,경기도,안산시 상록구,음식,7
11-23,11,토요일,14.5,0.0,0.0,1973.0,경기도,안산시 상록구,음식,23
11-23,12,토요일,15.2,0.0,0.0,2000.0,경기도,안산시 상록구,음식,40
11-23,13,토요일,15.9,0.0,0.0,2000.0,경기도,안산시 상록구,음식,38
11-23,14,토요일,16.5,0.0,0.0,1994.0,경기도,안산시 상록구,음식,38
11-23,15,토요일,16.6,0.0,0.0,1996.0,경기도,안산시 상록구,음식,37
11-23,16,토요일,17.9,0.0,0.0,2000.0,경기도,안산시 상록구,음식,32
11-23,17,토요일,15.4,0.0,0.0,2000.0,경기도,안산시 상록구,음식,67
11-23,18,토요일,14.2,0.0,0.0,2000.0,경기도,안산시 상록구,음식,95
11-23,19,토요일,13.1,0.0,0.0,1986.0,경기도,안산시 상록구,음식,99
11-23,20,토요일,12.0,0.0,0.0,2000.0,경기도,안산시 상록구,음식,65
11-23,21,토요일,12.5,0.0,0.0,2042.0,경기도,안산시 상록구,음식,84
11-23,22,토요일,12.0,0.0,0.0,2013.0,경기도,안산시 상록구,음식,53
11-23,23,토요일,11.0,0.0,0.0,1724.0,경기도,안산시 상록구,음식,60
11-24,0,일요일,9.5,0.0,0.0,1605.0,경기도,안산시 상록구,음식,27
11-24,1,일요일,8.6,0.0,0.0,1887.0,경기도,안산시 상록구,음식,20
11-24,2,일요일,7.8,0.0,0.0,1597.0,경기도,안산시 상록구,음식,20
11-24,10,일요일,13.4,0.0,0.0,1455.0,경기도,안산시 상록구,음식,11
11-24,11,일요일,15.0,0.0,0.0,1712.0,경기도,안산시 상록구,음식,27
11-24,12,일요일,17.1,0.0,0.0,1634.0,경기도,안산시 상록구,음식,47
11-24,13,일요일,17.4,0.0,0.0,1537.0,경기도,안산시 상록구,음식,59
11-24,14,일요일,16.1,0.0,0.0,1056.0,경기도,안산시 상록구,음식,62
11-24,15,일요일,14.8,0.5,0.0,778.0,경기도,안산시 상록구,음식,39
11-24,16,일요일,13.8,0.0,0.0,294.0,경기도,안산시 상록구,음식,52
11-24,17,일요일,11.3,0.0,0.0,447.0,경기도,안산시 상록구,음식,89
11-24,18,일요일,10.4,2.8,0.0,2000.0,경기도,안산시 상록구,음식,98
11-24,19,일요일,9.6,0.0,0.0,2000.0,경기도,안산시 상록구,음식,106
11-24,20,일요일,9.1,0.0,0.0,2000.0,경기도,안산시 상록구,음식,102
11-24,21,일요일,8.7,0.0,0.0,2000.0,경기도,안산시 상록구,음식,59
11-24,22,일요일,7.9,0.0,0.0,2000.0,경기도,안산시 상록구,음식,52
11-24,23,일요일,6.6,0.0,0.0,2000.0,경기도,안산시 상록구,음식,37
11-25,0,월요일,5.6,0.0,0.0,2000.0,경기도,안산시 상록구,음식,37
11-25,1,월요일,4.4,0.0,0.0,2000.0,경기도,안산시 상록구,음식,21
11-25,2,월요일,3.5,0.0,0.0,2000.0,경기도,안산시 상록구,음식,13
11-25,10,월요일,0.2,0.0,0.0,1960.0,경기도,안산시 상록구,음식,4
11-25,11,월요일,1.5,0.0,0.0,1905.0,경기도,안산시 상록구,음식,18
11-25,12,월요일,3.0,0.0,0.0,2031.0,경기도,안산시 상록구,음식,24
11-25,13,월요일,4.3,0.0,0.0,1982.0,경기도,안산시 상록구,음식,23
11-25,14,월요일,4.5,0.0,0.0,1909.0,경기도,안산시 상록구,음식,17
11-25,15,월요일,4.9,0.0,0.0,1761.0,경기도,안산시 상록구,음식,13
11-25,16,월요일,5.0,0.0,0.0,1711.0,경기도,안산시 상록구,음식,14
11-25,17,월요일,4.2,0.0,0.0,1702.0,경기도,안산시 상록구,음식,30
11-25,18,월요일,3.7,0.0,0.0,1765.0,경기도,안산시 상록구,음식,58
11-25,19,월요일,2.9,0.0,0.0,1663.0,경기도,안산시 상록구,음식,65
11-25,20,월요일,2.2,0.0,0.0,1111.0,경기도,안산시 상록구,음식,46
11-25,21,월요일,1.5,0.0,0.0,1091.0,경기도,안산시 상록구,음식,46
11-25,22,월요일,1.2,0.0,0.0,1292.0,경기도,안산시 상록구,음식,42
11-25,23,월요일,0.6,0.0,0.0,1208.0,경기도,안산시 상록구,음식,33
11-26,0,화요일,0.0,0.0,0.0,1031.0,경기도,안산시 상록구,음식,23
11-26,1,화요일,-0.1,0.0,0.0,958.0,경기도,안산시 상록구,음식,13
11-26,2,화요일,-0.8,0.0,0.0,638.0,경기도,안산시 상록구,음식,14
11-26,3,화요일,-0.5,0.0,0.0,782.0,경기도,안산시 상록구,음식,1
11-26,10,화요일,7.4,0.0,0.0,1951.0,경기도,안산시 상록구,음식,5
11-26,11,화요일,9.8,0.0,0.0,1986.0,경기도,안산시 상록구,음식,15
11-26,12,화요일,11.0,0.0,0.0,1996.0,경기도,안산시 상록구,음식,23
11-26,13,화요일,12.2,0.0,0.0,1999.0,경기도,안산시 상록구,음식,14
11-26,14,화요일,12.8,0.0,0.0,1988.0,경기도,안산시 상록구,음식,19
11-26,15,화요일,13.0,0.0,0.0,2000.0,경기도,안산시 상록구,음식,16
11-26,16,화요일,11.9,0.0,0.0,1946.0,경기도,안산시 상록구,음식,10
11-26,17,화요일,9.7,0.0,0.0,1793.0,경기도,안산시 상록구,음식,37
11-26,18,화요일,8.5,0.0,0.0,1431.0,경기도,안산시 상록구,음식,63
11-26,19,화요일,8.4,0.0,0.0,1475.0,경기도,안산시 상록구,음식,69
11-26,20,화요일,7.9,0.0,0.0,1652.0,경기도,안산시 상록구,음식,52
11-26,21,화요일,7.1,0.0,0.0,1245.0,경기도,안산시 상록구,음식,52
11-26,22,화요일,7.4,0.0,0.0,1184.0,경기도,안산시 상록구,음식,48
11-26,23,화요일,7.3,0.0,0.0,1186.0,경기도,안산시 상록구,음식,22
11-27,0,수요일,6.9,0.0,0.0,1160.0,경기도,안산시 상록구,음식,16
11-27,1,수요일,6.6,0.0,0.0,1579.0,경기도,안산시 상록구,음식,18
11-27,2,수요일,5.7,0.0,0.0,1697.0,경기도,안산시 상록구,음식,12
11-27,10,수요일,4.2,0.0,0.0,1851.0,경기도,안산시 상록구,음식,6
11-27,11,수요일,4.8,0.0,0.0,1873.0,경기도,안산시 상록구,음식,22
11-27,12,수요일,6.4,0.0,0.0,1753.0,경기도,안산시 상록구,음식,17
11-27,13,수요일,6.4,0.0,0.0,1815.0,경기도,안산시 상록구,음식,25
11-27,14,수요일,6.4,0.0,0.0,1856.0,경기도,안산시 상록구,음식,21
11-27,15,수요일,6.1,0.0,0.0,1899.0,경기도,안산시 상록구,음식,10
11-27,16,수요일,5.6,0.0,0.0,1976.0,경기도,안산시 상록구,음식,29
11-27,17,수요일,4.8,0.0,0.0,1786.0,경기도,안산시 상록구,음식,37
11-27,18,수요일,4.0,0.0,0.0,1708.0,경기도,안산시 상록구,음식,64
11-27,19,수요일,3.3,0.0,0.0,1893.0,경기도,안산시 상록구,음식,76
11-27,20,수요일,2.6,0.0,0.0,1776.0,경기도,안산시 상록구,음식,68
11-27,21,수요일,2.0,0.0,0.0,1726.0,경기도,안산시 상록구,음식,34
11-27,22,수요일,1.4,0.0,0.0,1697.0,경기도,안산시 상록구,음식,40
11-27,23,수요일,0.7,0.0,0.0,1689.0,경기도,안산시 상록구,음식,35
11-28,0,목요일,0.3,0.0,0.0,1651.0,경기도,안산시 상록구,음식,18
11-28,1,목요일,0.1,0.0,0.0,1655.0,경기도,안산시 상록구,음식,12
11-28,2,목요일,-0.5,0.0,0.0,1732.0,경기도,안산시 상록구,음식,8
11-28,10,목요일,4.8,0.0,0.0,1789.0,경기도,안산시 상록구,음식,4
11-28,11,목요일,5.9,0.0,0.0,1541.0,경기도,안산시 상록구,음식,15
11-28,12,목요일,8.2,0.0,0.0,1906.0,경기도,안산시 상록구,음식,22
11-28,13,목요일,9.6,0.0,0.0,1985.0,경기도,안산시 상록구,음식,23
11-28,14,목요일,10.3,0.0,0.0,2058.0,경기도,안산시 상록구,음식,26
11-28,15,목요일,9.8,0.0,0.0,1782.0,경기도,안산시 상록구,음식,13
11-28,16,목요일,8.9,0.0,0.0,1952.0,경기도,안산시 상록구,음식,24
11-28,17,목요일,7.4,0.0,0.0,2000.0,경기도,안산시 상록구,음식,49
11-28,18,목요일,6.2,0.0,0.0,2000.0,경기도,안산시 상록구,음식,76
11-28,19,목요일,5.3,0.0,0.0,1990.0,경기도,안산시 상록구,음식,82
11-28,20,목요일,4.1,0.0,0.0,1986.0,경기도,안산시 상록구,음식,61
11-28,21,목요일,3.2,0.0,0.0,2035.0,경기도,안산시 상록구,음식,46
11-28,22,목요일,2.1,0.0,0.0,1976.0,경기도,안산시 상록구,음식,39
11-28,23,목요일,1.9,0.0,0.0,2000.0,경기도,안산시 상록구,음식,37
11-29,0,금요일,0.9,0.0,0.0,1963.0,경기도,안산시 상록구,음식,24
11-29,1,금요일,-0.2,0.0,0.0,1988.0,경기도,안산시 상록구,음식,9
11-29,2,금요일,-0.3,0.0,0.0,1931.0,경기도,안산시 상록구,음식,12
11-29,10,금요일,1.8,0.0,0.0,1376.0,경기도,안산시 상록구,음식,4
11-29,11,금요일,3.8,0.0,0.0,1997.0,경기도,안산시 상록구,음식,18
11-29,12,금요일,5.7,0.0,0.0,1768.0,경기도,안산시 상록구,음식,40
11-29,13,금요일,6.5,0.0,0.0,2000.0,경기도,안산시 상록구,음식,18
11-29,14,금요일,7.1,0.0,0.0,1954.0,경기도,안산시 상록구,음식,13
11-29,15,금요일,7.8,0.0,0.0,2000.0,경기도,안산시 상록구,음식,18
11-29,16,금요일,7.5,0.0,0.0,2000.0,경기도,안산시 상록구,음식,15
11-29,17,금요일,6.0,0.0,0.0,2000.0,경기도,안산시 상록구,음식,40
11-29,18,금요일,3.7,0.0,0.0,2000.0,경기도,안산시 상록구,음식,54
11-29,19,금요일,2.7,0.0,0.0,2000.0,경기도,안산시 상록구,음식,84
11-29,20,금요일,1.4,0.0,0.0,1965.0,경기도,안산시 상록구,음식,73
11-29,21,금요일,1.1,0.0,0.0,1905.0,경기도,안산시 상록구,음식,68
11-29,22,금요일,0.2,0.0,0.0,1687.0,경기도,안산시 상록구,음식,45
11-29,23,금요일,-0.7,0.0,0.0,1669.0,경기도,안산시 상록구,음식,36
11-30,0,토요일,-0.4,0.0,0.0,1878.0,경기도,안산시 상록구,음식,26
11-30,1,토요일,-1.0,0.0,0.0,1936.0,경기도,안산시 상록구,음식,22
11-30,2,토요일,-1.1,0.0,0.0,1781.0,경기도,안산시 상록구,음식,7
11-30,10,토요일,5.0,0.0,0.0,1532.0,경기도,안산시 상록구,음식,12
11-30,11,토요일,6.0,0.0,0.0,1656.0,경기도,안산시 상록구,음식,22
11-30,12,토요일,7.5,0.0,0.0,1435.0,경기도,안산시 상록구,음식,34
11-30,13,토요일,9.0,0.0,0.0,1804.0,경기도,안산시 상록구,음식,44
11-30,14,토요일,9.4,0.0,0.0,1920.0,경기도,안산시 상록구,음식,41
11-30,15,토요일,9.2,0.0,0.0,1974.0,경기도,안산시 상록구,음식,33
11-30,16,토요일,8.9,0.0,0.0,2009.0,경기도,안산시 상록구,음식,36
11-30,17,토요일,7.8,0.0,0.0,1993.0,경기도,안산시 상록구,음식,71
11-30,18,토요일,7.0,0.0,0.0,1919.0,경기도,안산시 상록구,음식,82
11-30,19,토요일,6.5,0.0,0.0,1802.0,경기도,안산시 상록구,음식,103
11-30,20,토요일,6.3,0.0,0.0,1453.0,경기도,안산시 상록구,음식,77
11-30,21,토요일,5.9,0.0,0.0,1461.0,경기도,안산시 상록구,음식,61
11-30,22,토요일,5.2,0.0,0.0,1152.0,경기도,안산시 상록구,음식,52
11-30,23,토요일,5.1,0.0,0.0,1234.0,경기도,안산시 상록구,음식,64
12-01,18,일요일,5.7,1.2,0.0,691.0,경기도,안산시 상록구,음식,62
12-01,19,일요일,5.3,0.0,0.0,608.0,경기도,안산시 상록구,음식,114
12-01,20,일요일,5.1,0.0,0.0,548.0,경기도,안산시 상록구,음식,85
12-01,21,일요일,4.6,0.3,0.0,448.0,경기도,안산시 상록구,음식,84
12-01,22,일요일,3.8,0.0,0.0,348.0,경기도,안산시 상록구,음식,52
12-01,23,일요일,3.8,0.0,0.0,845.0,경기도,안산시 상록구,음식,55
12-02,11,월요일,2.7,0.0,0.0,2000.0,경기도,안산시 상록구,음식,2
12-02,12,월요일,3.2,0.0,0.0,1970.0,경기도,안산시 상록구,음식,15
12-02,13,월요일,3.9,0.0,0.0,2000.0,경기도,안산시 상록구,음식,27
12-02,14,월요일,3.0,0.0,0.0,1955.0,경기도,안산시 상록구,음식,12
12-02,15,월요일,2.3,0.0,0.0,1946.0,경기도,안산시 상록구,음식,8
12-02,16,월요일,2.1,0.0,0.0,1970.0,경기도,안산시 상록구,음식,18
12-02,17,월요일,1.1,0.0,0.0,2000.0,경기도,안산시 상록구,음식,19
12-02,18,월요일,0.6,0.0,0.0,2000.0,경기도,안산시 상록구,음식,59
12-02,19,월요일,0.2,0.0,0.0,2000.0,경기도,안산시 상록구,음식,62
12-02,20,월요일,-0.9,0.0,0.0,2000.0,경기도,안산시 상록구,음식,48
12-02,21,월요일,-1.5,0.0,0.0,1996.0,경기도,안산시 상록구,음식,35
12-02,22,월요일,-1.3,0.0,0.0,2000.0,경기도,안산시 상록구,음식,31
12-02,23,월요일,-1.1,0.0,0.0,2000.0,경기도,안산시 상록구,음식,27
12-03,0,화요일,-1.6,0.0,0.0,2000.0,경기도,안산시 상록구,음식,26
12-03,1,화요일,-2.2,0.0,0.0,2000.0,경기도,안산시 상록구,음식,19
12-03,2,화요일,-3.2,0.0,0.0,2000.0,경기도,안산시 상록구,음식,20
12-03,10,화요일,0.5,0.0,0.0,1981.0,경기도,안산시 상록구,음식,3
12-03,11,화요일,0.2,0.0,0.0,464.0,경기도,안산시 상록구,음식,21
12-03,12,화요일,-0.3,0.6,0.0,985.0,경기도,안산시 상록구,음식,32
12-03,13,화요일,0.0,0.0,0.5,950.0,경기도,안산시 상록구,음식,23
12-03,14,화요일,1.2,0.0,0.0,646.0,경기도,안산시 상록구,음식,13
12-03,15,화요일,1.7,0.6,0.0,498.0,경기도,안산시 상록구,음식,18
12-03,16,화요일,1.9,0.0,0.0,591.0,경기도,안산시 상록구,음식,25
12-03,17,화요일,2.0,0.0,0.0,745.0,경기도,안산시 상록구,음식,41
12-03,18,화요일,2.4,0.0,0.0,792.0,경기도,안산시 상록구,음식,70
12-03,19,화요일,2.6,0.0,0.0,1149.0,경기도,안산시 상록구,음식,85
12-03,20,화요일,2.5,0.0,0.0,824.0,경기도,안산시 상록구,음식,71
12-03,21,화요일,2.3,0.0,0.0,684.0,경기도,안산시 상록구,음식,56
12-03,22,화요일,2.5,0.0,0.0,743.0,경기도,안산시 상록구,음식,36
12-03,23,화요일,2.4,0.0,0.0,570.0,경기도,안산시 상록구,음식,41
12-04,0,수요일,2.6,0.0,0.0,675.0,경기도,안산시 상록구,음식,22
12-04,1,수요일,2.4,0.0,0.0,334.0,경기도,안산시 상록구,음식,7
12-04,2,수요일,1.9,0.0,0.0,400.0,경기도,안산시 상록구,음식,14
12-04,10,수요일,2.3,0.0,0.0,1475.0,경기도,안산시 상록구,음식,7
12-04,11,수요일,4.0,0.0,0.0,1978.0,경기도,안산시 상록구,음식,27
12-04,12,수요일,4.4,0.0,0.0,1996.0,경기도,안산시 상록구,음식,35
12-04,13,수요일,6.1,0.0,0.0,1999.0,경기도,안산시 상록구,음식,19
12-04,14,수요일,7.2,0.0,0.0,2000.0,경기도,안산시 상록구,음식,12
12-04,15,수요일,7.6,0.0,0.0,1947.0,경기도,안산시 상록구,음식,17
12-04,16,수요일,7.6,0.0,0.0,2000.0,경기도,안산시 상록구,음식,24
12-04,17,수요일,6.5,0.0,0.0,1955.0,경기도,안산시 상록구,음식,37
12-04,18,수요일,4.9,0.0,0.0,2000.0,경기도,안산시 상록구,음식,67
12-04,19,수요일,3.9,0.0,0.0,2003.0,경기도,안산시 상록구,음식,70
12-04,20,수요일,3.2,0.0,0.0,1998.0,경기도,안산시 상록구,음식,71
12-04,21,수요일,2.3,0.0,0.0,1979.0,경기도,안산시 상록구,음식,56
12-04,22,수요일,2.7,0.0,0.0,2000.0,경기도,안산시 상록구,음식,42
12-04,23,수요일,2.3,0.0,0.0,2000.0,경기도,안산시 상록구,음식,30
12-05,0,목요일,1.3,0.0,0.0,2000.0,경기도,안산시 상록구,음식,22
12-05,1,목요일,0.1,0.0,0.0,2000.0,경기도,안산시 상록구,음식,11
12-05,2,목요일,-0.9,0.0,0.0,1941.0,경기도,안산시 상록구,음식,12
12-05,10,목요일,-2.1,0.0,0.0,2000.0,경기도,안산시 상록구,음식,5
12-05,11,목요일,-0.9,0.0,0.0,1999.0,경기도,안산시 상록구,음식,20
12-05,12,목요일,0.3,0.0,0.0,2000.0,경기도,안산시 상록구,음식,21
12-05,13,목요일,-0.3,0.0,0.0,2000.0,경기도,안산시 상록구,음식,16
12-05,14,목요일,-1.1,0.0,0.0,1983.0,경기도,안산시 상록구,음식,22
12-05,15,목요일,-0.9,0.0,0.0,2000.0,경기도,안산시 상록구,음식,12
12-05,16,목요일,-2.0,0.0,0.0,2000.0,경기도,안산시 상록구,음식,13
12-05,17,목요일,-3.2,0.0,0.0,2000.0,경기도,안산시 상록구,음식,43
12-05,18,목요일,-3.9,0.0,0.0,2000.0,경기도,안산시 상록구,음식,87
12-05,19,목요일,-4.5,0.0,0.0,2000.0,경기도,안산시 상록구,음식,74
12-05,20,목요일,-5.4,0.0,0.0,2000.0,경기도,안산시 상록구,음식,77
12-05,21,목요일,-6.2,0.0,0.0,2000.0,경기도,안산시 상록구,음식,61
12-05,22,목요일,-7.0,0.0,0.0,2000.0,경기도,안산시 상록구,음식,64
12-05,23,목요일,-7.4,0.0,0.0,2000.0,경기도,안산시 상록구,음식,37
12-06,0,금요일,-7.8,0.0,0.0,2000.0,경기도,안산시 상록구,음식,20
12-06,1,금요일,-8.3,0.0,0.0,2000.0,경기도,안산시 상록구,음식,14
12-06,2,금요일,-8.7,0.0,0.0,2000.0,경기도,안산시 상록구,음식,14
12-06,10,금요일,-5.9,0.0,0.0,1993.0,경기도,안산시 상록구,음식,3
12-06,11,금요일,-4.9,0.0,0.0,1974.0,경기도,안산시 상록구,음식,29
12-06,12,금요일,-3.2,0.0,0.0,1993.0,경기도,안산시 상록구,음식,28
12-06,13,금요일,-2.1,0.0,0.0,1988.0,경기도,안산시 상록구,음식,14
12-06,14,금요일,-1.4,0.0,0.0,1956.0,경기도,안산시 상록구,음식,14
12-06,15,금요일,-0.9,0.0,0.0,1964.0,경기도,안산시 상록구,음식,12
12-06,16,금요일,-0.8,0.0,0.0,2002.0,경기도,안산시 상록구,음식,28
12-06,17,금요일,-1.8,0.0,0.0,1996.0,경기도,안산시 상록구,음식,49
12-06,18,금요일,-2.8,0.0,0.0,2000.0,경기도,안산시 상록구,음식,97
12-06,19,금요일,-3.4,0.0,0.0,2000.0,경기도,안산시 상록구,음식,76
12-06,20,금요일,-3.5,0.0,0.0,2000.0,경기도,안산시 상록구,음식,74
12-06,21,금요일,-4.9,0.0,0.0,2000.0,경기도,안산시 상록구,음식,52
12-06,22,금요일,-5.5,0.0,0.0,1855.0,경기도,안산시 상록구,음식,53
12-06,23,금요일,-5.9,0.0,0.0,1998.0,경기도,안산시 상록구,음식,50
12-07,0,토요일,-6.2,0.0,0.0,1996.0,경기도,안산시 상록구,음식,41
12-07,1,토요일,-6.0,0.0,0.0,1732.0,경기도,안산시 상록구,음식,16
12-07,2,토요일,-5.8,0.0,0.0,1692.0,경기도,안산시 상록구,음식,20
12-07,10,토요일,-1.4,0.0,0.0,1844.0,경기도,안산시 상록구,음식,3
12-07,11,토요일,-0.4,0.0,0.0,1595.0,경기도,안산시 상록구,음식,22
12-07,12,토요일,0.4,0.0,0.0,1748.0,경기도,안산시 상록구,음식,39
12-07,13,토요일,0.0,0.0,0.0,1024.0,경기도,안산시 상록구,음식,49
12-07,14,토요일,1.1,0.0,0.0,1534.0,경기도,안산시 상록구,음식,42
12-07,15,토요일,2.1,0.0,0.0,1425.0,경기도,안산시 상록구,음식,27
12-07,16,토요일,2.7,0.0,0.0,1368.0,경기도,안산시 상록구,음식,32
12-07,17,토요일,2.0,0.0,0.0,1366.0,경기도,안산시 상록구,음식,62
12-07,18,토요일,0.7,0.0,0.0,1006.0,경기도,안산시 상록구,음식,82
12-07,19,토요일,0.0,0.0,0.0,1021.0,경기도,안산시 상록구,음식,82
12-07,20,토요일,-0.9,0.0,0.0,804.0,경기도,안산시 상록구,음식,68
12-07,21,토요일,-1.4,0.0,0.0,847.0,경기도,안산시 상록구,음식,80
12-07,22,토요일,-1.5,0.0,0.0,757.0,경기도,안산시 상록구,음식,62
12-07,23,토요일,-1.6,0.0,0.0,611.0,경기도,안산시 상록구,음식,58
12-08,0,일요일,-2.6,0.0,0.0,593.0,경기도,안산시 상록구,음식,40
12-08,1,일요일,-3.3,0.0,0.0,753.0,경기도,안산시 상록구,음식,20
12-08,2,일요일,-4.1,0.0,0.0,594.0,경기도,안산시 상록구,음식,27
12-08,10,일요일,-1.0,0.0,0.0,559.0,경기도,안산시 상록구,음식,8
12-08,11,일요일,0.0,0.0,0.0,594.0,경기도,안산시 상록구,음식,29
12-08,12,일요일,1.6,0.0,0.0,777.0,경기도,안산시 상록구,음식,38
12-08,13,일요일,3.1,0.0,0.0,900.0,경기도,안산시 상록구,음식,49
12-08,14,일요일,4.9,0.0,0.0,1445.0,경기도,안산시 상록구,음식,34
12-08,15,일요일,4.8,0.0,0.0,1655.0,경기도,안산시 상록구,음식,39
12-08,16,일요일,4.6,0.0,0.0,1588.0,경기도,안산시 상록구,음식,48
12-08,17,일요일,3.8,0.0,0.0,1348.0,경기도,안산시 상록구,음식,95
12-08,18,일요일,1.7,0.0,0.0,1446.0,경기도,안산시 상록구,음식,108
12-08,19,일요일,0.5,0.0,0.0,1020.0,경기도,안산시 상록구,음식,106
12-08,20,일요일,-0.6,0.0,0.0,792.0,경기도,안산시 상록구,음식,76
12-08,21,일요일,-1.2,0.0,0.0,746.0,경기도,안산시 상록구,음식,60
12-08,22,일요일,-1.8,0.0,0.0,644.0,경기도,안산시 상록구,음식,78
12-08,23,일요일,-2.2,0.0,0.0,654.0,경기도,안산시 상록구,음식,42
12-09,0,월요일,-2.4,0.0,0.0,643.0,경기도,안산시 상록구,음식,27
12-09,1,월요일,-2.0,0.0,0.0,628.0,경기도,안산시 상록구,음식,27
12-09,2,월요일,-2.0,0.0,0.0,579.0,경기도,안산시 상록구,음식,14
12-09,10,월요일,2.0,0.0,0.0,745.0,경기도,안산시 상록구,음식,3
12-09,11,월요일,3.1,0.0,0.0,725.0,경기도,안산시 상록구,음식,15
12-09,12,월요일,4.5,0.0,0.0,746.0,경기도,안산시 상록구,음식,21
12-09,13,월요일,5.4,0.0,0.0,776.0,경기도,안산시 상록구,음식,20
12-09,14,월요일,6.6,0.0,0.0,963.0,경기도,안산시 상록구,음식,12
12-09,15,월요일,8.0,0.0,0.0,970.0,경기도,안산시 상록구,음식,18
12-09,16,월요일,8.2,0.0,0.0,1168.0,경기도,안산시 상록구,음식,33
12-09,17,월요일,7.1,0.0,0.0,723.0,경기도,안산시 상록구,음식,37
12-09,18,월요일,6.2,0.0,0.0,667.0,경기도,안산시 상록구,음식,63
12-09,19,월요일,6.0,0.0,0.0,649.0,경기도,안산시 상록구,음식,73
12-09,20,월요일,6.1,0.0,0.0,867.0,경기도,안산시 상록구,음식,50
12-09,21,월요일,6.1,0.0,0.0,1704.0,경기도,안산시 상록구,음식,54
12-09,22,월요일,6.1,0.0,0.0,1821.0,경기도,안산시 상록구,음식,28
12-09,23,월요일,4.6,0.0,0.0,1386.0,경기도,안산시 상록구,음식,38
12-10,0,화요일,4.6,0.0,0.0,1373.0,경기도,안산시 상록구,음식,25
12-10,1,화요일,4.4,0.0,0.0,834.0,경기도,안산시 상록구,음식,18
12-10,2,화요일,3.0,0.0,0.0,936.0,경기도,안산시 상록구,음식,19
12-10,10,화요일,6.3,0.0,0.0,412.0,경기도,안산시 상록구,음식,5
12-10,11,화요일,8.1,0.0,0.0,526.0,경기도,안산시 상록구,음식,18
12-10,12,화요일,9.5,0.0,0.0,529.0,경기도,안산시 상록구,음식,19
12-10,13,화요일,10.6,0.0,0.0,443.0,경기도,안산시 상록구,음식,26
12-10,14,화요일,11.3,0.0,0.0,605.0,경기도,안산시 상록구,음식,17
12-10,15,화요일,11.5,0.0,0.0,463.0,경기도,안산시 상록구,음식,11
12-10,16,화요일,11.4,0.0,0.0,442.0,경기도,안산시 상록구,음식,23
12-10,17,화요일,11.1,0.0,0.0,308.0,경기도,안산시 상록구,음식,36
12-10,18,화요일,9.6,0.0,0.0,418.0,경기도,안산시 상록구,음식,77
12-10,19,화요일,8.0,0.0,0.0,280.0,경기도,안산시 상록구,음식,88
12-10,20,화요일,7.8,0.0,0.0,288.0,경기도,안산시 상록구,음식,72
12-10,21,화요일,7.4,0.0,0.0,261.0,경기도,안산시 상록구,음식,45
12-10,22,화요일,6.6,0.0,0.0,257.0,경기도,안산시 상록구,음식,40
12-10,23,화요일,6.2,0.0,0.0,217.0,경기도,안산시 상록구,음식,28
12-11,0,수요일,6.1,0.0,0.0,236.0,경기도,안산시 상록구,음식,16
12-11,1,수요일,5.9,0.0,0.0,297.0,경기도,안산시 상록구,음식,15
12-11,2,수요일,5.9,0.0,0.0,268.0,경기도,안산시 상록구,음식,8
12-11,10,수요일,8.7,0.0,0.0,241.0,경기도,안산시 상록구,음식,6
12-11,11,수요일,8.5,0.0,0.0,461.0,경기도,안산시 상록구,음식,24
12-11,12,수요일,9.4,0.0,0.0,610.0,경기도,안산시 상록구,음식,33
12-11,13,수요일,9.2,0.0,0.0,813.0,경기도,안산시 상록구,음식,28
12-11,14,수요일,8.7,0.0,0.0,1064.0,경기도,안산시 상록구,음식,26
12-11,15,수요일,7.8,0.0,0.0,1306.0,경기도,안산시 상록구,음식,27
12-11,16,수요일,7.1,0.0,0.0,2027.0,경기도,안산시 상록구,음식,25
12-11,17,수요일,5.8,0.0,0.0,2000.0,경기도,안산시 상록구,음식,61
12-11,18,수요일,5.2,0.0,0.0,1783.0,경기도,안산시 상록구,음식,91
12-11,19,수요일,4.2,0.0,0.0,1952.0,경기도,안산시 상록구,음식,94
12-11,20,수요일,3.4,0.0,0.0,2000.0,경기도,안산시 상록구,음식,76
12-11,21,수요일,2.8,0.0,0.0,2000.0,경기도,안산시 상록구,음식,57
12-11,22,수요일,2.2,0.0,0.0,2000.0,경기도,안산시 상록구,음식,57
12-11,23,수요일,2.1,0.0,0.0,2000.0,경기도,안산시 상록구,음식,40
12-12,0,목요일,0.9,0.0,0.0,2000.0,경기도,안산시 상록구,음식,22
12-12,1,목요일,0.6,0.0,0.0,2000.0,경기도,안산시 상록구,음식,10
12-12,2,목요일,-0.1,0.0,0.0,2000.0,경기도,안산시 상록구,음식,14
12-12,10,목요일,-0.5,0.0,0.0,1975.0,경기도,안산시 상록구,음식,4
12-12,11,목요일,0.7,0.0,0.0,2000.0,경기도,안산시 상록구,음식,32
12-12,12,목요일,1.5,0.0,0.0,2022.0,경기도,안산시 상록구,음식,37
12-12,13,목요일,3.2,0.0,0.0,1954.0,경기도,안산시 상록구,음식,38
12-12,14,목요일,3.4,0.0,0.0,2000.0,경기도,안산시 상록구,음식,25
12-12,15,목요일,3.3,0.0,0.0,2000.0,경기도,안산시 상록구,음식,20
12-12,16,목요일,3.0,0.0,0.0,2000.0,경기도,안산시 상록구,음식,26
12-12,17,목요일,1.8,0.0,0.0,2000.0,경기도,안산시 상록구,음식,40
12-12,18,목요일,0.7,0.0,0.0,2000.0,경기도,안산시 상록구,음식,90
12-12,19,목요일,0.3,0.0,0.0,2000.0,경기도,안산시 상록구,음식,107
12-12,20,목요일,-0.4,0.0,0.0,1950.0,경기도,안산시 상록구,음식,76
12-12,21,목요일,-1.8,0.0,0.0,1957.0,경기도,안산시 상록구,음식,69
12-12,22,목요일,-2.0,0.0,0.0,1961.0,경기도,안산시 상록구,음식,49
12-12,23,목요일,-2.6,0.0,0.0,2002.0,경기도,안산시 상록구,음식,47
12-13,0,금요일,-2.9,0.0,0.0,1766.0,경기도,안산시 상록구,음식,23
12-13,1,금요일,-3.3,0.0,0.0,1907.0,경기도,안산시 상록구,음식,13
12-13,2,금요일,-3.5,0.0,0.0,1792.0,경기도,안산시 상록구,음식,19
12-13,10,금요일,1.6,0.0,0.0,1946.0,경기도,안산시 상록구,음식,3
12-13,11,금요일,2.8,0.0,0.0,1914.0,경기도,안산시 상록구,음식,22
12-13,12,금요일,4.2,0.0,0.0,1996.0,경기도,안산시 상록구,음식,32
12-13,13,금요일,4.6,0.0,0.0,1998.0,경기도,안산시 상록구,음식,23
12-13,14,금요일,5.4,0.0,0.0,2000.0,경기도,안산시 상록구,음식,19
12-13,15,금요일,5.7,0.0,0.0,2000.0,경기도,안산시 상록구,음식,12
12-13,16,금요일,5.9,0.0,0.0,2000.0,경기도,안산시 상록구,음식,14
12-13,17,금요일,5.0,0.0,0.0,2028.0,경기도,안산시 상록구,음식,41
12-13,18,금요일,4.5,0.0,0.0,1993.0,경기도,안산시 상록구,음식,72
12-13,19,금요일,4.5,0.0,0.0,1993.0,경기도,안산시 상록구,음식,100
12-13,20,금요일,4.8,0.0,0.0,2000.0,경기도,안산시 상록구,음식,100
12-13,21,금요일,4.4,0.0,0.0,1997.0,경기도,안산시 상록구,음식,74
12-13,22,금요일,4.4,0.0,0.0,2000.0,경기도,안산시 상록구,음식,61
12-13,23,금요일,4.4,0.0,0.0,1960.0,경기도,안산시 상록구,음식,49
12-14,0,토요일,2.7,0.9,0.0,1085.0,경기도,안산시 상록구,음식,28
12-14,1,토요일,2.7,0.0,0.0,817.0,경기도,안산시 상록구,음식,22
12-14,2,토요일,3.4,0.0,0.0,671.0,경기도,안산시 상록구,음식,25
12-14,10,토요일,1.9,0.0,0.0,1261.0,경기도,안산시 상록구,음식,4
12-14,11,토요일,2.9,0.0,0.0,1299.0,경기도,안산시 상록구,음식,31
12-14,12,토요일,3.7,0.0,0.0,1640.0,경기도,안산시 상록구,음식,39
12-14,13,토요일,4.6,0.0,0.0,1766.0,경기도,안산시 상록구,음식,51
12-14,14,토요일,5.6,0.0,0.0,1898.0,경기도,안산시 상록구,음식,39
12-14,15,토요일,6.1,0.0,0.0,1865.0,경기도,안산시 상록구,음식,22
12-14,16,토요일,6.1,0.0,0.0,1960.0,경기도,안산시 상록구,음식,36
12-14,17,토요일,3.8,0.0,0.0,1879.0,경기도,안산시 상록구,음식,62
12-14,18,토요일,2.2,0.0,0.0,1681.0,경기도,안산시 상록구,음식,85
12-14,19,토요일,1.7,0.0,0.0,1906.0,경기도,안산시 상록구,음식,95
12-14,20,토요일,1.5,0.0,0.0,1875.0,경기도,안산시 상록구,음식,75
12-14,21,토요일,0.9,0.0,0.0,1493.0,경기도,안산시 상록구,음식,80
12-14,22,토요일,0.9,0.0,0.0,1439.0,경기도,안산시 상록구,음식,66
12-14,23,토요일,0.8,0.0,0.0,1529.0,경기도,안산시 상록구,음식,53
12-15,0,일요일,0.7,0.0,0.0,1528.0,경기도,안산시 상록구,음식,35
12-15,1,일요일,0.4,0.0,0.0,1372.0,경기도,안산시 상록구,음식,20
12-15,2,일요일,-1.4,0.0,0.0,1068.0,경기도,안산시 상록구,음식,40
12-15,10,일요일,5.3,0.0,0.0,1439.0,경기도,안산시 상록구,음식,5
12-15,11,일요일,7.5,0.0,0.0,1391.0,경기도,안산시 상록구,음식,35
12-15,12,일요일,9.8,0.0,0.0,1894.0,경기도,안산시 상록구,음식,39
12-15,13,일요일,10.6,0.0,0.0,1949.0,경기도,안산시 상록구,음식,52
12-15,14,일요일,11.3,0.0,0.0,1919.0,경기도,안산시 상록구,음식,39
12-15,15,일요일,11.6,0.0,0.0,1926.0,경기도,안산시 상록구,음식,44
12-15,16,일요일,11.5,0.0,0.0,1931.0,경기도,안산시 상록구,음식,42
12-15,17,일요일,9.7,0.0,0.0,1934.0,경기도,안산시 상록구,음식,80
12-15,18,일요일,8.0,0.0,0.0,1780.0,경기도,안산시 상록구,음식,108
12-15,19,일요일,6.3,0.0,0.0,1533.0,경기도,안산시 상록구,음식,105
12-15,20,일요일,5.1,0.0,0.0,1109.0,경기도,안산시 상록구,음식,74
12-15,21,일요일,4.7,0.0,0.0,1181.0,경기도,안산시 상록구,음식,59
12-15,22,일요일,4.3,0.0,0.0,1000.0,경기도,안산시 상록구,음식,49
12-15,23,일요일,3.1,0.0,0.0,1000.0,경기도,안산시 상록구,음식,32
12-16,0,월요일,2.1,0.0,0.0,805.0,경기도,안산시 상록구,음식,31
12-16,1,월요일,1.4,0.0,0.0,746.0,경기도,안산시 상록구,음식,22
12-16,2,월요일,0.4,0.0,0.0,581.0,경기도,안산시 상록구,음식,19
12-16,10,월요일,8.0,0.0,0.0,1743.0,경기도,안산시 상록구,음식,2
12-16,11,월요일,9.6,0.0,0.0,1898.0,경기도,안산시 상록구,음식,19
12-16,12,월요일,11.2,0.0,0.0,1829.0,경기도,안산시 상록구,음식,16
12-16,13,월요일,12.8,0.0,0.0,1903.0,경기도,안산시 상록구,음식,20
12-16,14,월요일,13.9,0.0,0.0,1932.0,경기도,안산시 상록구,음식,17
12-16,15,월요일,14.1,0.0,0.0,1954.0,경기도,안산시 상록구,음식,12
12-16,16,월요일,13.8,0.0,0.0,1914.0,경기도,안산시 상록구,음식,26
12-16,17,월요일,12.9,0.0,0.0,1979.0,경기도,안산시 상록구,음식,45
12-16,18,월요일,11.1,0.0,0.0,1721.0,경기도,안산시 상록구,음식,55
12-16,19,월요일,10.7,0.0,0.0,1348.0,경기도,안산시 상록구,음식,60
12-16,20,월요일,11.1,0.0,0.0,1452.0,경기도,안산시 상록구,음식,56
12-16,21,월요일,10.5,0.0,0.0,1358.0,경기도,안산시 상록구,음식,43
12-16,22,월요일,10.2,0.0,0.0,1290.0,경기도,안산시 상록구,음식,36
12-16,23,월요일,10.8,0.0,0.0,1582.0,경기도,안산시 상록구,음식,30
12-17,0,화요일,10.5,0.0,0.0,1754.0,경기도,안산시 상록구,음식,72
12-17,1,화요일,9.8,0.0,0.0,1296.0,경기도,안산시 상록구,음식,62
12-17,2,화요일,9.4,0.0,0.0,1329.0,경기도,안산시 상록구,음식,22
12-17,3,화요일,9.8,0.0,0.0,1315.0,경기도,안산시 상록구,음식,2
12-17,10,화요일,8.1,0.0,0.0,659.0,경기도,안산시 상록구,음식,10
12-17,11,화요일,8.7,0.0,0.0,524.0,경기도,안산시 상록구,음식,30
12-17,12,화요일,9.9,0.3,0.0,798.0,경기도,안산시 상록구,음식,36
12-17,13,화요일,9.7,0.0,0.0,853.0,경기도,안산시 상록구,음식,38
12-17,14,화요일,9.2,0.0,0.0,615.0,경기도,안산시 상록구,음식,42
12-17,15,화요일,8.9,0.0,0.0,1056.0,경기도,안산시 상록구,음식,22
12-17,16,화요일,8.4,0.0,0.0,1689.0,경기도,안산시 상록구,음식,42
12-17,17,화요일,8.3,0.0,0.0,1614.0,경기도,안산시 상록구,음식,74
12-17,18,화요일,8.1,0.0,0.0,1683.0,경기도,안산시 상록구,음식,104
12-17,19,화요일,7.4,0.0,0.0,1936.0,경기도,안산시 상록구,음식,124
12-17,20,화요일,6.0,0.0,0.0,1446.0,경기도,안산시 상록구,음식,84
12-17,21,화요일,5.0,0.0,0.0,1091.0,경기도,안산시 상록구,음식,92
12-17,22,화요일,5.5,0.0,0.0,817.0,경기도,안산시 상록구,음식,52
12-17,23,화요일,5.1,0.0,0.0,663.0,경기도,안산시 상록구,음식,42
12-18,0,수요일,4.0,0.0,0.0,856.0,경기도,안산시 상록구,음식,17
12-18,1,수요일,2.8,0.0,0.0,825.0,경기도,안산시 상록구,음식,11
12-18,2,수요일,2.1,0.0,0.0,800.0,경기도,안산시 상록구,음식,14
12-18,10,수요일,0.4,0.0,0.0,1383.0,경기도,안산시 상록구,음식,3
12-18,11,수요일,1.1,0.0,0.0,1316.0,경기도,안산시 상록구,음식,25
12-18,12,수요일,2.5,0.0,0.0,1196.0,경기도,안산시 상록구,음식,36
12-18,13,수요일,3.6,0.0,0.0,1419.0,경기도,안산시 상록구,음식,30
12-18,14,수요일,4.2,0.0,0.0,1378.0,경기도,안산시 상록구,음식,15
12-18,15,수요일,4.2,0.0,0.0,1188.0,경기도,안산시 상록구,음식,9
12-18,16,수요일,3.8,0.0,0.0,1389.0,경기도,안산시 상록구,음식,33
12-18,17,수요일,2.3,0.0,0.0,1128.0,경기도,안산시 상록구,음식,41
12-18,18,수요일,0.9,0.0,0.0,1438.0,경기도,안산시 상록구,음식,86
12-18,19,수요일,0.6,0.0,0.0,1262.0,경기도,안산시 상록구,음식,92
12-18,20,수요일,1.1,0.0,0.0,1156.0,경기도,안산시 상록구,음식,64
12-18,21,수요일,0.8,0.0,0.0,1224.0,경기도,안산시 상록구,음식,62
12-18,22,수요일,0.3,0.0,0.0,1325.0,경기도,안산시 상록구,음식,48
12-18,23,수요일,-0.3,0.0,0.0,1331.0,경기도,안산시 상록구,음식,26
12-19,0,목요일,-0.7,0.0,0.0,1690.0,경기도,안산시 상록구,음식,24
12-19,1,목요일,-1.1,0.0,0.0,1831.0,경기도,안산시 상록구,음식,10
12-19,2,목요일,-1.4,0.0,0.0,1882.0,경기도,안산시 상록구,음식,10
12-19,3,목요일,-1.8,0.0,0.0,2000.0,경기도,안산시 상록구,음식,1
12-19,10,목요일,-1.0,0.0,0.0,1974.0,경기도,안산시 상록구,음식,3
12-19,11,목요일,0.2,0.0,0.0,1986.0,경기도,안산시 상록구,음식,20
12-19,12,목요일,1.5,0.0,0.0,2000.0,경기도,안산시 상록구,음식,28
12-19,13,목요일,2.3,0.0,0.0,2000.0,경기도,안산시 상록구,음식,29
12-19,14,목요일,3.0,0.0,0.0,1988.0,경기도,안산시 상록구,음식,26
12-19,15,목요일,3.8,0.0,0.0,2000.0,경기도,안산시 상록구,음식,23
12-19,16,목요일,3.0,0.0,0.0,2000.0,경기도,안산시 상록구,음식,20
12-19,17,목요일,2.0,0.0,0.0,2000.0,경기도,안산시 상록구,음식,42
12-19,18,목요일,1.1,0.0,0.0,2000.0,경기도,안산시 상록구,음식,68
12-19,19,목요일,0.1,0.0,0.0,2000.0,경기도,안산시 상록구,음식,82
12-19,20,목요일,-0.5,0.0,0.0,2000.0,경기도,안산시 상록구,음식,63
12-19,21,목요일,-0.9,0.0,0.0,2000.0,경기도,안산시 상록구,음식,62
12-19,22,목요일,-1.7,0.0,0.0,1985.0,경기도,안산시 상록구,음식,41
12-19,23,목요일,-1.8,0.0,0.0,1998.0,경기도,안산시 상록구,음식,37
12-20,0,금요일,-1.3,0.0,0.0,1983.0,경기도,안산시 상록구,음식,24
12-20,1,금요일,-0.9,0.0,0.0,1781.0,경기도,안산시 상록구,음식,25
12-20,2,금요일,-1.1,0.0,0.0,1941.0,경기도,안산시 상록구,음식,5
12-20,10,금요일,-0.5,0.0,0.0,1800.0,경기도,안산시 상록구,음식,7
12-20,11,금요일,0.6,0.0,0.0,1758.0,경기도,안산시 상록구,음식,23
12-20,12,금요일,1.7,0.0,0.0,2007.0,경기도,안산시 상록구,음식,41
12-20,13,금요일,2.2,0.0,0.0,1946.0,경기도,안산시 상록구,음식,38
12-20,14,금요일,2.5,0.0,0.0,1954.0,경기도,안산시 상록구,음식,39
12-20,15,금요일,2.1,0.0,0.0,1962.0,경기도,안산시 상록구,음식,21
12-20,16,금요일,1.7,0.0,0.0,2000.0,경기도,안산시 상록구,음식,27
12-20,17,금요일,0.2,0.0,0.0,1995.0,경기도,안산시 상록구,음식,61
12-20,18,금요일,-0.9,0.0,0.0,2000.0,경기도,안산시 상록구,음식,83
12-20,19,금요일,-1.8,0.0,0.0,2000.0,경기도,안산시 상록구,음식,104
12-20,20,금요일,-2.4,0.0,0.0,2000.0,경기도,안산시 상록구,음식,82
12-20,21,금요일,-2.5,0.0,0.0,1999.0,경기도,안산시 상록구,음식,63
12-20,22,금요일,-2.9,0.0,0.0,1997.0,경기도,안산시 상록구,음식,74
12-20,23,금요일,-3.7,0.0,0.0,2004.0,경기도,안산시 상록구,음식,42
12-21,0,토요일,-4.3,0.0,0.0,1924.0,경기도,안산시 상록구,음식,24
12-21,1,토요일,-5.2,0.0,0.0,1651.0,경기도,안산시 상록구,음식,18
12-21,2,토요일,-5.4,0.0,0.0,1736.0,경기도,안산시 상록구,음식,26
12-21,10,토요일,-0.6,0.0,0.0,1118.0,경기도,안산시 상록구,음식,3
12-21,11,토요일,0.2,0.0,0.0,1843.0,경기도,안산시 상록구,음식,43
12-21,12,토요일,1.1,0.0,0.0,1586.0,경기도,안산시 상록구,음식,65
12-21,13,토요일,2.0,0.0,0.0,2062.0,경기도,안산시 상록구,음식,45
12-21,14,토요일,2.7,0.0,0.0,1864.0,경기도,안산시 상록구,음식,48
12-21,15,토요일,3.0,0.0,0.0,1707.0,경기도,안산시 상록구,음식,36
12-21,16,토요일,1.8,0.0,0.0,833.0,경기도,안산시 상록구,음식,51
12-21,17,토요일,1.5,0.0,0.0,829.0,경기도,안산시 상록구,음식,66
12-21,18,토요일,1.8,0.2,0.0,792.0,경기도,안산시 상록구,음식,85
12-21,19,토요일,0.8,0.0,0.0,621.0,경기도,안산시 상록구,음식,105
12-21,20,토요일,0.0,0.0,0.0,804.0,경기도,안산시 상록구,음식,87
12-21,21,토요일,-0.1,0.1,0.0,798.0,경기도,안산시 상록구,음식,70
12-21,22,토요일,0.1,0.0,0.0,563.0,경기도,안산시 상록구,음식,62
12-21,23,토요일,-0.1,0.0,0.0,576.0,경기도,안산시 상록구,음식,88
12-22,0,일요일,-0.4,0.0,0.0,704.0,경기도,안산시 상록구,음식,33
12-22,10,일요일,3.5,0.0,0.0,737.0,경기도,안산시 상록구,음식,4
12-22,11,일요일,4.5,0.0,0.0,696.0,경기도,안산시 상록구,음식,31
12-22,12,일요일,5.4,0.0,0.0,771.0,경기도,안산시 상록구,음식,47
12-22,13,일요일,6.9,0.0,0.0,891.0,경기도,안산시 상록구,음식,73
12-22,14,일요일,7.9,0.0,0.0,1106.0,경기도,안산시 상록구,음식,45
12-22,15,일요일,8.4,0.0,0.0,1132.0,경기도,안산시 상록구,음식,48
12-22,16,일요일,8.0,0.0,0.0,1020.0,경기도,안산시 상록구,음식,53
12-22,17,일요일,7.4,0.0,0.0,1036.0,경기도,안산시 상록구,음식,106
12-22,18,일요일,5.8,0.0,0.0,847.0,경기도,안산시 상록구,음식,145
12-22,19,일요일,5.2,0.0,0.0,670.0,경기도,안산시 상록구,음식,120
12-22,20,일요일,4.8,0.0,0.0,1331.0,경기도,안산시 상록구,음식,67
12-22,21,일요일,4.5,0.0,0.0,1973.0,경기도,안산시 상록구,음식,66
12-22,22,일요일,3.9,0.0,0.0,1681.0,경기도,안산시 상록구,음식,51
12-22,23,일요일,4.2,0.0,0.0,1568.0,경기도,안산시 상록구,음식,50
12-23,0,월요일,4.0,0.0,0.0,857.0,경기도,안산시 상록구,음식,29
12-23,1,월요일,3.7,0.0,0.0,840.0,경기도,안산시 상록구,음식,38
12-23,2,월요일,3.2,0.0,0.0,388.0,경기도,안산시 상록구,음식,17
12-23,10,월요일,4.4,0.0,0.0,440.0,경기도,안산시 상록구,음식,8
12-23,11,월요일,4.4,0.0,0.0,1420.0,경기도,안산시 상록구,음식,31
12-23,12,월요일,4.5,0.0,0.0,1137.0,경기도,안산시 상록구,음식,41
12-23,13,월요일,5.0,0.0,0.0,850.0,경기도,안산시 상록구,음식,33
12-23,14,월요일,4.8,0.0,0.0,1433.0,경기도,안산시 상록구,음식,27
12-23,15,월요일,4.8,0.0,0.0,705.0,경기도,안산시 상록구,음식,13
12-23,16,월요일,4.8,0.0,0.0,777.0,경기도,안산시 상록구,음식,22
12-23,17,월요일,4.2,0.0,0.0,715.0,경기도,안산시 상록구,음식,40
12-23,18,월요일,4.1,0.0,0.0,641.0,경기도,안산시 상록구,음식,65
12-23,19,월요일,2.7,0.0,0.0,1500.0,경기도,안산시 상록구,음식,53
12-23,20,월요일,2.0,0.0,0.0,1722.0,경기도,안산시 상록구,음식,59
12-23,21,월요일,1.8,0.0,0.0,1631.0,경기도,안산시 상록구,음식,51
12-23,22,월요일,1.0,0.0,0.0,651.0,경기도,안산시 상록구,음식,45
12-23,23,월요일,1.2,0.0,0.0,574.0,경기도,안산시 상록구,음식,32
12-24,0,화요일,-0.1,0.0,0.0,764.0,경기도,안산시 상록구,음식,29
12-24,1,화요일,-1.0,0.0,0.0,471.0,경기도,안산시 상록구,음식,13
12-24,2,화요일,-1.5,0.0,0.0,346.0,경기도,안산시 상록구,음식,13
12-24,3,화요일,-2.3,0.0,0.0,400.0,경기도,안산시 상록구,음식,1
12-24,10,화요일,0.4,0.0,0.0,484.0,경기도,안산시 상록구,음식,2
12-24,11,화요일,2.6,0.0,0.0,624.0,경기도,안산시 상록구,음식,25
12-24,12,화요일,4.1,0.0,0.0,726.0,경기도,안산시 상록구,음식,35
12-24,13,화요일,5.7,0.0,0.0,635.0,경기도,안산시 상록구,음식,26
12-24,14,화요일,6.0,0.0,0.0,639.0,경기도,안산시 상록구,음식,28
12-24,15,화요일,6.2,0.0,0.0,528.0,경기도,안산시 상록구,음식,18
12-24,16,화요일,6.8,0.0,0.0,586.0,경기도,안산시 상록구,음식,19
12-24,17,화요일,5.6,0.0,0.0,665.0,경기도,안산시 상록구,음식,43
12-24,18,화요일,2.6,0.0,0.0,537.0,경기도,안산시 상록구,음식,96
12-24,19,화요일,2.3,0.0,0.0,597.0,경기도,안산시 상록구,음식,97
12-24,20,화요일,0.9,0.0,0.0,717.0,경기도,안산시 상록구,음식,82
12-24,21,화요일,0.1,0.0,0.0,725.0,경기도,안산시 상록구,음식,88
12-24,22,화요일,-0.8,0.0,0.0,499.0,경기도,안산시 상록구,음식,73
12-24,23,화요일,-1.2,0.0,0.0,532.0,경기도,안산시 상록구,음식,43
12-25,0,수요일,-1.5,0.0,0.0,543.0,경기도,안산시 상록구,음식,30
12-25,1,수요일,-1.7,0.0,0.0,442.0,경기도,안산시 상록구,음식,26
12-25,2,수요일,-2.9,0.0,0.0,340.0,경기도,안산시 상록구,음식,17
12-25,10,수요일,0.2,0.0,0.0,685.0,경기도,안산시 상록구,음식,3
12-25,11,수요일,3.7,0.0,0.0,623.0,경기도,안산시 상록구,음식,22
12-25,12,수요일,5.1,0.0,0.0,716.0,경기도,안산시 상록구,음식,53
12-25,13,수요일,6.1,0.0,0.0,903.0,경기도,안산시 상록구,음식,57
12-25,14,수요일,6.5,0.0,0.0,1125.0,경기도,안산시 상록구,음식,43
12-25,15,수요일,6.9,0.0,0.0,1222.0,경기도,안산시 상록구,음식,37
12-25,16,수요일,7.2,0.0,0.0,1323.0,경기도,안산시 상록구,음식,44
12-25,17,수요일,6.3,0.0,0.0,1553.0,경기도,안산시 상록구,음식,84
12-25,18,수요일,4.5,0.0,0.0,916.0,경기도,안산시 상록구,음식,122
12-25,19,수요일,3.7,0.0,0.0,779.0,경기도,안산시 상록구,음식,115
12-25,20,수요일,2.2,0.0,0.0,617.0,경기도,안산시 상록구,음식,89
12-25,21,수요일,1.4,0.0,0.0,551.0,경기도,안산시 상록구,음식,80
12-25,22,수요일,0.5,0.0,0.0,493.0,경기도,안산시 상록구,음식,63
12-25,23,수요일,-0.1,0.0,0.0,775.0,경기도,안산시 상록구,음식,41
12-26,0,목요일,1.3,0.0,0.0,668.0,경기도,안산시 상록구,음식,26
12-26,1,목요일,2.0,0.0,0.0,898.0,경기도,안산시 상록구,음식,17
12-26,2,목요일,2.0,0.0,0.0,874.0,경기도,안산시 상록구,음식,5
12-26,10,목요일,2.1,0.0,0.0,440.0,경기도,안산시 상록구,음식,6
12-26,11,목요일,2.7,0.0,0.0,408.0,경기도,안산시 상록구,음식,35
12-26,12,목요일,3.0,1.3,0.0,651.0,경기도,안산시 상록구,음식,43
12-26,13,목요일,3.0,0.0,0.0,541.0,경기도,안산시 상록구,음식,44
12-26,14,목요일,2.9,0.0,0.0,539.0,경기도,안산시 상록구,음식,23
12-26,15,목요일,3.5,0.3,0.0,749.0,경기도,안산시 상록구,음식,29
12-26,16,목요일,3.6,0.0,0.0,629.0,경기도,안산시 상록구,음식,21
12-26,17,목요일,2.8,0.0,0.0,850.0,경기도,안산시 상록구,음식,54
12-26,18,목요일,2.2,0.0,0.0,956.0,경기도,안산시 상록구,음식,92
12-26,19,목요일,1.7,0.0,0.0,907.0,경기도,안산시 상록구,음식,96
12-26,20,목요일,1.3,0.0,0.0,911.0,경기도,안산시 상록구,음식,59
12-26,21,목요일,0.5,0.0,0.0,1039.0,경기도,안산시 상록구,음식,50
12-26,22,목요일,-0.1,0.0,0.0,1935.0,경기도,안산시 상록구,음식,57
12-26,23,목요일,-0.9,0.0,0.0,1949.0,경기도,안산시 상록구,음식,43
12-27,0,금요일,-1.4,0.0,0.0,1956.0,경기도,안산시 상록구,음식,14
12-27,1,금요일,-1.8,0.0,0.0,1918.0,경기도,안산시 상록구,음식,12
12-27,2,금요일,-2.5,0.0,0.0,1799.0,경기도,안산시 상록구,음식,10
12-27,3,금요일,-2.8,0.0,0.0,1698.0,경기도,안산시 상록구,음식,1
12-27,10,금요일,-1.0,0.0,0.0,1113.0,경기도,안산시 상록구,음식,6
12-27,11,금요일,-0.5,0.0,0.0,1624.0,경기도,안산시 상록구,음식,30
12-27,12,금요일,0.8,0.0,0.0,1469.0,경기도,안산시 상록구,음식,36
12-27,13,금요일,1.9,0.0,0.0,1673.0,경기도,안산시 상록구,음식,38
12-27,14,금요일,2.5,0.0,0.0,1514.0,경기도,안산시 상록구,음식,20
12-27,15,금요일,2.4,0.0,0.0,1913.0,경기도,안산시 상록구,음식,23
12-27,16,금요일,2.0,0.0,0.0,2000.0,경기도,안산시 상록구,음식,24
12-27,17,금요일,1.1,0.0,0.0,2000.0,경기도,안산시 상록구,음식,37
12-27,18,금요일,0.4,0.0,0.0,2000.0,경기도,안산시 상록구,음식,74
12-27,19,금요일,-0.3,0.0,0.0,2000.0,경기도,안산시 상록구,음식,109
12-27,20,금요일,-1.2,0.0,0.0,1997.0,경기도,안산시 상록구,음식,80
12-27,21,금요일,-1.5,0.0,0.0,1957.0,경기도,안산시 상록구,음식,64
12-27,22,금요일,-2.5,0.0,0.0,1587.0,경기도,안산시 상록구,음식,56
12-27,23,금요일,-2.9,0.0,0.0,1607.0,경기도,안산시 상록구,음식,48
12-28,0,토요일,-2.2,0.0,0.0,1813.0,경기도,안산시 상록구,음식,29
12-28,1,토요일,-3.1,0.0,0.0,1567.0,경기도,안산시 상록구,음식,15
12-28,2,토요일,-3.5,0.0,0.0,1695.0,경기도,안산시 상록구,음식,9
12-28,10,토요일,0.5,0.0,0.0,1834.0,경기도,안산시 상록구,음식,2
12-28,11,토요일,1.8,0.0,0.0,1889.0,경기도,안산시 상록구,음식,27
12-28,12,토요일,3.6,0.0,0.0,1879.0,경기도,안산시 상록구,음식,42
12-28,13,토요일,4.6,0.0,0.0,1913.0,경기도,안산시 상록구,음식,49
12-28,14,토요일,5.5,0.0,0.0,1976.0,경기도,안산시 상록구,음식,22
12-28,15,토요일,5.6,0.0,0.0,1889.0,경기도,안산시 상록구,음식,35
12-28,16,토요일,6.0,0.0,0.0,1982.0,경기도,안산시 상록구,음식,36
12-28,17,토요일,5.1,0.0,0.0,1808.0,경기도,안산시 상록구,음식,49
12-28,18,토요일,3.6,0.0,0.0,1010.0,경기도,안산시 상록구,음식,89
12-28,19,토요일,3.3,0.0,0.0,1578.0,경기도,안산시 상록구,음식,78
12-28,20,토요일,2.1,0.0,0.0,1550.0,경기도,안산시 상록구,음식,62
12-28,21,토요일,0.9,0.0,0.0,1051.0,경기도,안산시 상록구,음식,71
12-28,22,토요일,0.8,0.0,0.0,1099.0,경기도,안산시 상록구,음식,68
12-28,23,토요일,-0.2,0.0,0.0,1042.0,경기도,안산시 상록구,음식,72
12-29,0,일요일,-0.5,0.0,0.0,1150.0,경기도,안산시 상록구,음식,39
12-29,1,일요일,-0.7,0.0,0.0,1050.0,경기도,안산시 상록구,음식,23
12-29,2,일요일,-0.6,0.0,0.0,1291.0,경기도,안산시 상록구,음식,22
12-29,10,일요일,3.5,0.0,0.0,1898.0,경기도,안산시 상록구,음식,3
12-29,11,일요일,4.0,0.0,0.0,1855.0,경기도,안산시 상록구,음식,33
12-29,12,일요일,5.2,0.0,0.0,1773.0,경기도,안산시 상록구,음식,47
12-29,13,일요일,5.8,0.0,0.0,1773.0,경기도,안산시 상록구,음식,65
12-29,14,일요일,6.0,0.0,0.0,1649.0,경기도,안산시 상록구,음식,50
12-29,15,일요일,5.3,0.0,0.0,1448.0,경기도,안산시 상록구,음식,37
12-29,16,일요일,5.0,0.0,0.0,1989.0,경기도,안산시 상록구,음식,57
12-29,17,일요일,4.9,0.0,0.0,1795.0,경기도,안산시 상록구,음식,78
12-29,18,일요일,4.5,0.0,0.0,1017.0,경기도,안산시 상록구,음식,117
12-29,19,일요일,4.4,0.0,0.0,1010.0,경기도,안산시 상록구,음식,90
12-29,20,일요일,4.3,0.0,0.0,878.0,경기도,안산시 상록구,음식,80
12-29,21,일요일,4.5,0.4,0.0,945.0,경기도,안산시 상록구,음식,84
12-29,22,일요일,4.8,0.0,0.0,963.0,경기도,안산시 상록구,음식,49
12-29,23,일요일,4.5,0.0,0.0,821.0,경기도,안산시 상록구,음식,43
12-30,0,월요일,4.5,0.2,0.0,840.0,경기도,안산시 상록구,음식,32
12-30,1,월요일,4.6,0.0,0.0,863.0,경기도,안산시 상록구,음식,25
12-30,2,월요일,4.3,0.0,0.0,846.0,경기도,안산시 상록구,음식,17
12-30,10,월요일,5.7,0.0,0.0,657.0,경기도,안산시 상록구,음식,2
12-30,11,월요일,6.2,0.0,0.0,688.0,경기도,안산시 상록구,음식,32
12-30,12,월요일,6.9,0.0,0.0,773.0,경기도,안산시 상록구,음식,45
12-30,13,월요일,6.8,0.0,0.0,400.0,경기도,안산시 상록구,음식,40
12-30,14,월요일,6.4,0.0,0.0,250.0,경기도,안산시 상록구,음식,24
12-30,15,월요일,6.1,0.5,0.0,400.0,경기도,안산시 상록구,음식,15
12-30,16,월요일,5.1,0.0,0.0,500.0,경기도,안산시 상록구,음식,20
12-30,17,월요일,4.4,0.0,0.0,826.0,경기도,안산시 상록구,음식,35
12-30,18,월요일,3.1,0.0,0.0,1500.0,경기도,안산시 상록구,음식,59
12-30,19,월요일,1.5,0.0,0.0,2034.0,경기도,안산시 상록구,음식,64
12-30,20,월요일,-0.3,0.0,0.0,2000.0,경기도,안산시 상록구,음식,49
12-30,21,월요일,-1.7,0.0,0.0,2000.0,경기도,안산시 상록구,음식,46
12-30,22,월요일,-2.6,0.0,0.0,2000.0,경기도,안산시 상록구,음식,28
12-30,23,월요일,-3.4,0.0,0.0,2000.0,경기도,안산시 상록구,음식,39
12-31,0,화요일,-4.1,0.0,0.0,1756.0,경기도,안산시 상록구,음식,25
12-31,1,화요일,-5.5,0.0,0.0,2039.0,경기도,안산시 상록구,음식,10
12-31,2,화요일,-6.2,0.0,0.0,1995.0,경기도,안산시 상록구,음식,5
12-31,10,화요일,-8.5,0.0,0.0,1978.0,경기도,안산시 상록구,음식,5
12-31,11,화요일,-7.7,0.0,0.0,1996.0,경기도,안산시 상록구,음식,20
12-31,12,화요일,-6.5,0.0,0.0,1974.0,경기도,안산시 상록구,음식,48
12-31,13,화요일,-5.5,0.0,0.0,2018.0,경기도,안산시 상록구,음식,31
12-31,14,화요일,-4.8,0.0,0.0,1979.0,경기도,안산시 상록구,음식,19
12-31,15,화요일,-4.4,0.0,0.0,2000.0,경기도,안산시 상록구,음식,11
12-31,16,화요일,-4.4,0.0,0.0,2000.0,경기도,안산시 상록구,음식,22
12-31,17,화요일,-4.6,0.0,0.0,2000.0,경기도,안산시 상록구,음식,47
12-31,18,화요일,-6.2,0.0,0.0,2000.0,경기도,안산시 상록구,음식,97
12-31,19,화요일,-7.1,0.0,0.0,1965.0,경기도,안산시 상록구,음식,100
12-31,20,화요일,-7.0,0.0,0.0,2000.0,경기도,안산시 상록구,음식,112
12-31,21,화요일,-6.7,0.0,0.0,2000.0,경기도,안산시 상록구,음식,72
12-31,22,화요일,-7.2,0.0,0.0,2000.0,경기도,안산시 상록구,음식,75
12-31,23,화요일,-7.4,0.0,0.0,2000.0,경기도,안산시 상록구,음식,66
