날짜,시간,요일,기온,강수량,적설,시정,시도,시군구,업종,주문건수
01-01,0,수요일,-6.0,0.0,0.0,2000,경기도,안산시 상록구,음식,36
01-01,1,수요일,-6.3,0.0,0.0,1919,경기도,안산시 상록구,음식,31
01-01,2,수요일,-6.2,0.0,0.0,1955,경기도,안산시 상록구,음식,22
01-01,10,수요일,-3.5,0.0,0.0,1890,경기도,안산시 상록구,음식,2
01-01,11,수요일,-3.0,0.0,0.0,1713,경기도,안산시 상록구,음식,32
01-01,12,수요일,-2.5,0.0,0.0,1979,경기도,안산시 상록구,음식,45
01-01,13,수요일,-1.5,0.0,0.0,1724,경기도,안산시 상록구,음식,38
01-01,14,수요일,-0.5,0.0,0.0,1385,경기도,안산시 상록구,음식,36
01-01,15,수요일,0.0,0.0,0.0,1491,경기도,안산시 상록구,음식,31
01-01,16,수요일,0.2,0.0,0.0,1651,경기도,안산시 상록구,음식,52
01-01,17,수요일,0.1,0.0,0.0,1130,경기도,안산시 상록구,음식,83
01-01,18,수요일,0.0,0.0,0.0,1121,경기도,안산시 상록구,음식,119
01-01,19,수요일,-0.1,0.0,0.0,730,경기도,안산시 상록구,음식,100
01-01,20,수요일,-0.3,0.0,0.0,933,경기도,안산시 상록구,음식,96
01-01,21,수요일,0.0,0.0,0.0,1422,경기도,안산시 상록구,음식,63
01-01,22,수요일,-0.1,0.0,0.0,977,경기도,안산시 상록구,음식,45
01-01,23,수요일,0.0,0.0,0.0,940,경기도,안산시 상록구,음식,35
01-02,0,목요일,-0.2,0.0,0.0,1127,경기도,안산시 상록구,음식,17
01-02,1,목요일,-0.2,0.0,0.0,1447,경기도,안산시 상록구,음식,15
01-02,2,목요일,0.0,0.0,0.0,1335,경기도,안산시 상록구,음식,19
01-02,10,목요일,1.6,0.0,0.0,838,경기도,안산시 상록구,음식,1
01-02,11,목요일,2.1,0.0,0.0,836,경기도,안산시 상록구,음식,19
01-02,12,목요일,2.4,0.0,0.0,776,경기도,안산시 상록구,음식,41
01-02,13,목요일,2.4,0.0,0.0,667,경기도,안산시 상록구,음식,27
01-02,14,목요일,2.6,0.0,0.0,659,경기도,안산시 상록구,음식,27
01-02,15,목요일,3.0,0.0,0.0,622,경기도,안산시 상록구,음식,30
01-02,16,목요일,3.2,0.0,0.0,605,경기도,안산시 상록구,음식,23
01-02,17,목요일,2.8,0.0,0.0,588,경기도,안산시 상록구,음식,39
01-02,18,목요일,2.2,0.0,0.0,554,경기도,안산시 상록구,음식,76
01-02,19,목요일,1.0,0.0,0.0,736,경기도,안산시 상록구,음식,86
01-02,20,목요일,0.8,0.0,0.0,664,경기도,안산시 상록구,음식,68
01-02,21,목요일,0.8,0.0,0.0,588,경기도,안산시 상록구,음식,46
01-02,22,목요일,1.5,0.0,0.0,788,경기도,안산시 상록구,음식,43
01-02,23,목요일,0.8,0.0,0.0,628,경기도,안산시 상록구,음식,35
01-03,0,금요일,1.1,0.0,0.0,862,경기도,안산시 상록구,음식,17
01-03,1,금요일,0.5,0.0,0.0,574,경기도,안산시 상록구,음식,7
01-03,2,금요일,-0.4,0.0,0.0,522,경기도,안산시 상록구,음식,7
01-03,10,금요일,0.1,0.0,0.0,814,경기도,안산시 상록구,음식,5
01-03,11,금요일,1.5,0.0,0.0,640,경기도,안산시 상록구,음식,34
01-03,12,금요일,3.2,0.0,0.0,771,경기도,안산시 상록구,음식,43
01-03,13,금요일,3.4,0.0,0.0,795,경기도,안산시 상록구,음식,30
01-03,14,금요일,4.5,0.0,0.0,959,경기도,안산시 상록구,음식,27
01-03,15,금요일,5.2,0.0,0.0,1410,경기도,안산시 상록구,음식,25
01-03,16,금요일,4.4,0.0,0.0,1114,경기도,안산시 상록구,음식,27
01-03,17,금요일,3.1,0.0,0.0,1241,경기도,안산시 상록구,음식,39
01-03,18,금요일,1.5,0.0,0.0,1387,경기도,안산시 상록구,음식,76
01-03,19,금요일,0.8,0.0,0.0,1153,경기도,안산시 상록구,음식,101
01-03,20,금요일,0.0,0.0,0.0,1239,경기도,안산시 상록구,음식,80
01-03,21,금요일,-0.7,0.0,0.0,775,경기도,안산시 상록구,음식,82
01-03,22,금요일,-2.1,0.0,0.0,736,경기도,안산시 상록구,음식,47
01-03,23,금요일,-2.1,0.0,0.0,711,경기도,안산시 상록구,음식,44
01-04,0,토요일,-3.2,0.0,0.0,584,경기도,안산시 상록구,음식,26
01-04,1,토요일,-3.0,0.0,0.0,597,경기도,안산시 상록구,음식,20
01-04,2,토요일,-3.2,0.0,0.0,537,경기도,안산시 상록구,음식,7
01-04,10,토요일,0.8,0.0,0.0,748,경기도,안산시 상록구,음식,6
01-04,11,토요일,2.8,0.0,0.0,938,경기도,안산시 상록구,음식,31
01-04,12,토요일,4.8,0.0,0.0,1769,경기도,안산시 상록구,음식,62
01-04,13,토요일,6.2,0.0,0.0,985,경기도,안산시 상록구,음식,48
01-04,14,토요일,6.9,0.0,0.0,1095,경기도,안산시 상록구,음식,39
01-04,15,토요일,7.4,0.0,0.0,1743,경기도,안산시 상록구,음식,37
01-04,16,토요일,6.9,0.0,0.0,1219,경기도,안산시 상록구,음식,37
01-04,17,토요일,5.3,0.0,0.0,1120,경기도,안산시 상록구,음식,54
01-04,18,토요일,3.1,0.0,0.0,1399,경기도,안산시 상록구,음식,101
01-04,19,토요일,2.3,0.0,0.0,1118,경기도,안산시 상록구,음식,121
01-04,20,토요일,1.0,0.0,0.0,1131,경기도,안산시 상록구,음식,93
01-04,21,토요일,1.7,0.0,0.0,1390,경기도,안산시 상록구,음식,66
01-04,22,토요일,1.4,0.0,0.0,1825,경기도,안산시 상록구,음식,65
01-04,23,토요일,1.0,0.0,0.0,1973,경기도,안산시 상록구,음식,42
01-05,0,일요일,-0.3,0.0,0.0,1707,경기도,안산시 상록구,음식,33
01-05,1,일요일,-1.6,0.0,0.0,1536,경기도,안산시 상록구,음식,24
01-05,2,일요일,-2.6,0.0,0.0,1376,경기도,안산시 상록구,음식,25
01-05,10,일요일,0.5,0.0,0.0,784,경기도,안산시 상록구,음식,7
01-05,11,일요일,2.0,0.0,0.0,844,경기도,안산시 상록구,음식,40
01-05,12,일요일,4.0,0.0,0.0,1489,경기도,안산시 상록구,음식,44
01-05,13,일요일,5.2,0.0,0.0,1489,경기도,안산시 상록구,음식,46
01-05,14,일요일,5.7,0.0,0.0,1631,경기도,안산시 상록구,음식,44
01-05,15,일요일,5.9,0.0,0.0,1685,경기도,안산시 상록구,음식,38
01-05,16,일요일,6.2,0.0,0.0,1762,경기도,안산시 상록구,음식,48
01-05,17,일요일,5.6,0.0,0.0,1670,경기도,안산시 상록구,음식,59
01-05,18,일요일,3.3,0.0,0.0,1061,경기도,안산시 상록구,음식,101
01-05,19,일요일,2.8,0.0,0.0,971,경기도,안산시 상록구,음식,106
01-05,20,일요일,2.1,0.0,0.0,1209,경기도,안산시 상록구,음식,71
01-05,21,일요일,0.7,0.0,0.0,1029,경기도,안산시 상록구,음식,57
01-05,22,일요일,-1.0,0.0,0.0,820,경기도,안산시 상록구,음식,50
01-05,23,일요일,-1.3,0.0,0.0,756,경기도,안산시 상록구,음식,47
01-06,0,월요일,-1.5,0.0,0.0,689,경기도,안산시 상록구,음식,44
01-06,1,월요일,-0.3,0.0,0.0,933,경기도,안산시 상록구,음식,48
01-06,2,월요일,-0.6,0.0,0.0,1050,경기도,안산시 상록구,음식,42
01-06,10,월요일,4.1,0.0,0.0,1654,경기도,안산시 상록구,음식,18
01-06,11,월요일,4.7,0.0,0.0,2048,경기도,안산시 상록구,음식,52
01-06,12,월요일,4.3,0.1,0.0,1126,경기도,안산시 상록구,음식,60
01-06,13,월요일,4.5,0.0,0.0,1635,경기도,안산시 상록구,음식,50
01-06,14,월요일,4.1,0.0,0.0,1097,경기도,안산시 상록구,음식,48
01-06,15,월요일,3.9,0.4,0.0,1050,경기도,안산시 상록구,음식,44
01-06,16,월요일,3.9,0.0,0.0,1120,경기도,안산시 상록구,음식,64
01-06,17,월요일,3.6,0.0,0.0,1010,경기도,안산시 상록구,음식,78
01-06,18,월요일,3.8,0.3,0.0,1006,경기도,안산시 상록구,음식,106
01-06,19,월요일,3.7,0.0,0.0,727,경기도,안산시 상록구,음식,134
01-06,20,월요일,3.8,0.0,0.0,524,경기도,안산시 상록구,음식,104
01-06,21,월요일,4.2,1.0,0.0,516,경기도,안산시 상록구,음식,92
01-06,22,월요일,4.3,0.0,0.0,403,경기도,안산시 상록구,음식,68
01-06,23,월요일,4.6,0.0,0.0,488,경기도,안산시 상록구,음식,50
01-07,0,화요일,4.9,2.1,0.0,556,경기도,안산시 상록구,음식,18
01-07,1,화요일,5.2,0.0,0.0,743,경기도,안산시 상록구,음식,12
01-07,2,화요일,5.4,0.0,0.0,750,경기도,안산시 상록구,음식,15
01-07,10,화요일,6.7,0.0,0.0,794,경기도,안산시 상록구,음식,1
01-07,11,화요일,7.0,0.0,0.0,967,경기도,안산시 상록구,음식,17
01-07,12,화요일,7.3,3.8,0.0,389,경기도,안산시 상록구,음식,33
01-07,13,화요일,7.5,0.0,0.0,741,경기도,안산시 상록구,음식,33
01-07,14,화요일,7.6,0.0,0.0,1124,경기도,안산시 상록구,음식,26
01-07,15,화요일,7.7,3.4,0.0,928,경기도,안산시 상록구,음식,20
01-07,16,화요일,7.8,0.0,0.0,612,경기도,안산시 상록구,음식,22
01-07,17,화요일,8.0,0.0,0.0,953,경기도,안산시 상록구,음식,51
01-07,18,화요일,8.4,6.7,0.0,934,경기도,안산시 상록구,음식,66
01-07,19,화요일,8.6,0.0,0.0,901,경기도,안산시 상록구,음식,91
01-07,20,화요일,8.6,0.0,0.0,380,경기도,안산시 상록구,음식,88
01-07,21,화요일,8.5,12.5,0.0,383,경기도,안산시 상록구,음식,75
01-07,22,화요일,9.1,0.0,0.0,1576,경기도,안산시 상록구,음식,43
01-07,23,화요일,12.1,0.0,0.0,1283,경기도,안산시 상록구,음식,46
01-08,0,수요일,11.7,2.5,0.0,1150,경기도,안산시 상록구,음식,29
01-08,1,수요일,7.4,0.0,0.0,1609,경기도,안산시 상록구,음식,12
01-08,2,수요일,5.4,0.0,0.0,502,경기도,안산시 상록구,음식,12
01-08,10,수요일,3.6,0.0,0.0,1682,경기도,안산시 상록구,음식,7
01-08,11,수요일,3.7,0.0,0.0,1254,경기도,안산시 상록구,음식,23
01-08,12,수요일,3.4,0.0,0.0,991,경기도,안산시 상록구,음식,30
01-08,13,수요일,4.1,0.0,0.0,1831,경기도,안산시 상록구,음식,36
01-08,14,수요일,4.0,0.0,0.0,523,경기도,안산시 상록구,음식,19
01-08,15,수요일,4.2,0.0,0.0,592,경기도,안산시 상록구,음식,20
01-08,16,수요일,3.8,0.0,0.0,580,경기도,안산시 상록구,음식,28
01-08,17,수요일,3.3,0.0,0.0,550,경기도,안산시 상록구,음식,51
01-08,18,수요일,3.2,0.0,0.0,729,경기도,안산시 상록구,음식,88
01-08,19,수요일,2.7,0.0,0.0,458,경기도,안산시 상록구,음식,87
01-08,20,수요일,2.6,0.0,0.0,890,경기도,안산시 상록구,음식,64
01-08,21,수요일,1.7,0.0,0.0,1574,경기도,안산시 상록구,음식,48
01-08,22,수요일,1.0,0.0,0.0,808,경기도,안산시 상록구,음식,52
01-08,23,수요일,0.5,0.0,0.0,1509,경기도,안산시 상록구,음식,37
01-09,0,목요일,0.2,0.0,0.0,1170,경기도,안산시 상록구,음식,16
01-09,1,목요일,0.2,0.0,0.0,1162,경기도,안산시 상록구,음식,10
01-09,2,목요일,0.0,0.0,0.0,837,경기도,안산시 상록구,음식,4
01-09,11,목요일,0.0,0.0,0.0,674,경기도,안산시 상록구,음식,23
01-09,12,목요일,0.7,0.0,0.0,777,경기도,안산시 상록구,음식,45
01-09,13,목요일,1.8,0.0,0.0,949,경기도,안산시 상록구,음식,43
01-09,14,목요일,2.5,0.0,0.0,1063,경기도,안산시 상록구,음식,35
01-09,15,목요일,2.7,0.0,0.0,1151,경기도,안산시 상록구,음식,19
01-09,16,목요일,2.2,0.0,0.0,1000,경기도,안산시 상록구,음식,25
01-09,17,목요일,1.0,0.0,0.0,966,경기도,안산시 상록구,음식,38
01-09,18,목요일,0.0,0.0,0.0,872,경기도,안산시 상록구,음식,76
01-09,19,목요일,-0.4,0.0,0.0,847,경기도,안산시 상록구,음식,99
01-09,20,목요일,-1.3,0.0,0.0,729,경기도,안산시 상록구,음식,80
01-09,21,목요일,-1.6,0.0,0.0,717,경기도,안산시 상록구,음식,74
01-09,22,목요일,-2.2,0.0,0.0,616,경기도,안산시 상록구,음식,63
01-09,23,목요일,-2.6,0.0,0.0,650,경기도,안산시 상록구,음식,46
01-10,0,금요일,-3.0,0.0,0.0,660,경기도,안산시 상록구,음식,16
01-10,1,금요일,-3.3,0.0,0.0,667,경기도,안산시 상록구,음식,15
01-10,2,금요일,-3.6,0.0,0.0,560,경기도,안산시 상록구,음식,14
01-10,10,금요일,-0.7,0.0,0.0,796,경기도,안산시 상록구,음식,6
01-10,11,금요일,0.7,0.0,0.0,647,경기도,안산시 상록구,음식,26
01-10,12,금요일,2.0,0.0,0.0,592,경기도,안산시 상록구,음식,40
01-10,13,금요일,2.9,0.0,0.0,627,경기도,안산시 상록구,음식,26
01-10,14,금요일,3.4,0.0,0.0,731,경기도,안산시 상록구,음식,27
01-10,15,금요일,4.1,0.0,0.0,552,경기도,안산시 상록구,음식,24
01-10,16,금요일,4.2,0.0,0.0,707,경기도,안산시 상록구,음식,15
01-10,17,금요일,3.3,0.0,0.0,535,경기도,안산시 상록구,음식,43
01-10,18,금요일,1.5,0.0,0.0,964,경기도,안산시 상록구,음식,87
01-10,19,금요일,0.4,0.0,0.0,766,경기도,안산시 상록구,음식,105
01-10,20,금요일,-0.1,0.0,0.0,746,경기도,안산시 상록구,음식,95
01-10,21,금요일,-0.5,0.0,0.0,653,경기도,안산시 상록구,음식,65
01-10,22,금요일,-1.1,0.0,0.0,577,경기도,안산시 상록구,음식,63
01-10,23,금요일,-1.6,0.0,0.0,555,경기도,안산시 상록구,음식,36
01-11,0,토요일,-1.9,0.0,0.0,557,경기도,안산시 상록구,음식,26
01-11,1,토요일,-2.5,0.0,0.0,686,경기도,안산시 상록구,음식,17
01-11,2,토요일,-3.0,0.0,0.0,673,경기도,안산시 상록구,음식,15
01-11,10,토요일,0.3,0.0,0.0,753,경기도,안산시 상록구,음식,14
01-11,11,토요일,2.0,0.0,0.0,643,경기도,안산시 상록구,음식,35
01-11,12,토요일,3.2,0.0,0.0,904,경기도,안산시 상록구,음식,63
01-11,13,토요일,3.7,0.0,0.0,932,경기도,안산시 상록구,음식,46
01-11,14,토요일,4.1,0.0,0.0,889,경기도,안산시 상록구,음식,39
01-11,15,토요일,3.9,0.0,0.0,1300,경기도,안산시 상록구,음식,40
01-11,16,토요일,3.4,0.0,0.0,1719,경기도,안산시 상록구,음식,42
01-11,17,토요일,1.8,0.0,0.0,1208,경기도,안산시 상록구,음식,83
01-11,18,토요일,0.5,0.0,0.0,766,경기도,안산시 상록구,음식,112
01-11,19,토요일,-0.1,0.0,0.0,758,경기도,안산시 상록구,음식,101
01-11,20,토요일,0.0,0.0,0.0,702,경기도,안산시 상록구,음식,83
01-11,21,토요일,0.1,0.0,0.0,892,경기도,안산시 상록구,음식,66
01-11,22,토요일,-0.4,0.0,0.0,833,경기도,안산시 상록구,음식,61
01-11,23,토요일,-0.3,0.0,0.0,930,경기도,안산시 상록구,음식,54
01-12,0,일요일,-0.9,0.0,0.0,716,경기도,안산시 상록구,음식,19
01-12,1,일요일,-0.8,0.0,0.0,797,경기도,안산시 상록구,음식,16
01-12,2,일요일,-1.2,0.0,0.0,884,경기도,안산시 상록구,음식,23
01-12,10,일요일,-1.1,0.0,0.0,984,경기도,안산시 상록구,음식,2
01-12,11,일요일,0.0,0.0,0.0,1638,경기도,안산시 상록구,음식,45
01-12,12,일요일,1.3,0.0,0.0,1495,경기도,안산시 상록구,음식,55
01-12,13,일요일,1.3,0.0,0.0,1859,경기도,안산시 상록구,음식,69
01-12,14,일요일,1.9,0.0,0.0,1952,경기도,안산시 상록구,음식,41
01-12,15,일요일,2.1,0.0,0.0,1915,경기도,안산시 상록구,음식,47
01-12,16,일요일,1.3,0.0,0.0,2000,경기도,안산시 상록구,음식,57
01-12,17,일요일,0.8,0.0,0.0,2000,경기도,안산시 상록구,음식,70
01-12,18,일요일,0.4,0.0,0.0,1863,경기도,안산시 상록구,음식,127
01-12,19,일요일,-0.3,0.0,0.0,1884,경기도,안산시 상록구,음식,116
01-12,20,일요일,-0.9,0.0,0.0,1619,경기도,안산시 상록구,음식,79
01-12,21,일요일,-0.8,0.0,0.0,2000,경기도,안산시 상록구,음식,85
01-12,22,일요일,-0.4,0.0,0.0,2000,경기도,안산시 상록구,음식,65
01-12,23,일요일,-0.9,0.0,0.0,2000,경기도,안산시 상록구,음식,32
01-13,0,월요일,-1.2,0.0,0.0,2000,경기도,안산시 상록구,음식,17
01-13,1,월요일,-2.0,0.0,0.0,1943,경기도,안산시 상록구,음식,11
01-13,2,월요일,-2.6,0.0,0.0,1787,경기도,안산시 상록구,음식,20
01-13,10,월요일,-1.6,0.0,0.0,1866,경기도,안산시 상록구,음식,6
01-13,11,월요일,-0.3,0.0,0.0,1995,경기도,안산시 상록구,음식,32
01-13,12,월요일,-0.4,0.0,0.0,1998,경기도,안산시 상록구,음식,50
01-13,13,월요일,-0.1,0.0,0.0,1988,경기도,안산시 상록구,음식,38
01-13,14,월요일,0.3,0.0,0.0,1989,경기도,안산시 상록구,음식,23
01-13,15,월요일,0.4,0.0,0.0,2000,경기도,안산시 상록구,음식,29
01-13,16,월요일,0.0,0.0,0.0,2000,경기도,안산시 상록구,음식,19
01-13,17,월요일,-0.5,0.0,0.0,2000,경기도,안산시 상록구,음식,41
01-13,18,월요일,-1.8,0.0,0.0,2000,경기도,안산시 상록구,음식,70
01-13,19,월요일,-2.0,0.0,0.0,1950,경기도,안산시 상록구,음식,87
01-13,20,월요일,-2.9,0.0,0.0,2000,경기도,안산시 상록구,음식,67
01-13,21,월요일,-3.3,0.0,0.0,2000,경기도,안산시 상록구,음식,37
01-13,22,월요일,-3.5,0.0,0.0,2000,경기도,안산시 상록구,음식,38
01-13,23,월요일,-4.3,0.0,0.0,1997,경기도,안산시 상록구,음식,30
01-14,0,화요일,-4.6,0.0,0.0,1950,경기도,안산시 상록구,음식,15
01-14,1,화요일,-5.2,0.0,0.0,1902,경기도,안산시 상록구,음식,11
01-14,2,화요일,-5.2,0.0,0.0,1761,경기도,안산시 상록구,음식,6
01-14,10,화요일,-1.2,0.0,0.0,1777,경기도,안산시 상록구,음식,5
01-14,11,화요일,-0.3,0.0,0.0,1884,경기도,안산시 상록구,음식,34
01-14,12,화요일,0.8,0.0,0.0,1933,경기도,안산시 상록구,음식,23
01-14,13,화요일,1.8,0.0,0.0,1910,경기도,안산시 상록구,음식,23
01-14,14,화요일,2.6,0.0,0.0,1795,경기도,안산시 상록구,음식,20
01-14,15,화요일,2.8,0.0,0.0,1747,경기도,안산시 상록구,음식,13
01-14,16,화요일,2.3,0.0,0.0,1559,경기도,안산시 상록구,음식,19
01-14,17,화요일,1.1,0.0,0.0,1792,경기도,안산시 상록구,음식,25
01-14,18,화요일,-0.2,0.0,0.0,1949,경기도,안산시 상록구,음식,74
01-14,19,화요일,-1.4,0.0,0.0,2000,경기도,안산시 상록구,음식,61
01-14,20,화요일,-2.0,0.0,0.0,2000,경기도,안산시 상록구,음식,54
01-14,21,화요일,-2.1,0.0,0.0,1955,경기도,안산시 상록구,음식,45
01-14,22,화요일,-2.5,0.0,0.0,2000,경기도,안산시 상록구,음식,31
01-14,23,화요일,-3.3,0.0,0.0,2000,경기도,안산시 상록구,음식,25
01-15,0,수요일,-3.4,0.0,0.0,1941,경기도,안산시 상록구,음식,16
01-15,1,수요일,-4.2,0.0,0.0,1957,경기도,안산시 상록구,음식,1
01-15,2,수요일,-4.8,0.0,0.0,1812,경기도,안산시 상록구,음식,11
01-15,10,수요일,-2.2,0.0,0.0,1715,경기도,안산시 상록구,음식,8
01-15,11,수요일,-1.4,0.0,0.0,1766,경기도,안산시 상록구,음식,31
01-15,12,수요일,-1.4,0.0,0.0,1996,경기도,안산시 상록구,음식,42
01-15,13,수요일,0.9,0.0,0.0,1974,경기도,안산시 상록구,음식,32
01-15,14,수요일,1.6,0.0,0.0,1924,경기도,안산시 상록구,음식,23
01-15,15,수요일,2.0,0.0,0.0,2000,경기도,안산시 상록구,음식,23
01-15,16,수요일,1.9,0.0,0.0,1975,경기도,안산시 상록구,음식,30
01-15,17,수요일,1.1,0.0,0.0,1760,경기도,안산시 상록구,음식,55
01-15,18,수요일,-0.4,0.0,0.0,1921,경기도,안산시 상록구,음식,101
01-15,19,수요일,-1.2,0.0,0.0,1870,경기도,안산시 상록구,음식,108
01-15,20,수요일,-2.2,0.0,0.0,1593,경기도,안산시 상록구,음식,79
01-15,21,수요일,-2.3,0.0,0.0,1611,경기도,안산시 상록구,음식,44
01-15,22,수요일,-2.4,0.0,0.0,1937,경기도,안산시 상록구,음식,45
01-15,23,수요일,-3.5,0.0,0.0,1336,경기도,안산시 상록구,음식,33
01-16,0,목요일,-4.0,0.0,0.0,1205,경기도,안산시 상록구,음식,16
01-16,1,목요일,-3.9,0.0,0.0,1260,경기도,안산시 상록구,음식,12
01-16,2,목요일,-5.8,0.0,0.0,1012,경기도,안산시 상록구,음식,10
01-16,10,목요일,-2.0,0.0,0.0,1686,경기도,안산시 상록구,음식,8
01-16,11,목요일,0.0,0.0,0.0,1668,경기도,안산시 상록구,음식,29
01-16,12,목요일,0.7,0.0,0.0,1675,경기도,안산시 상록구,음식,41
01-16,13,목요일,2.1,0.0,0.0,2000,경기도,안산시 상록구,음식,37
01-16,14,목요일,3.3,0.0,0.0,1986,경기도,안산시 상록구,음식,21
01-16,15,목요일,4.0,0.0,0.0,2000,경기도,안산시 상록구,음식,21
01-16,16,목요일,3.1,0.0,0.0,1891,경기도,안산시 상록구,음식,26
01-16,17,목요일,0.8,0.0,0.0,1991,경기도,안산시 상록구,음식,47
01-16,18,목요일,-0.2,0.0,0.0,2000,경기도,안산시 상록구,음식,83
01-16,19,목요일,-0.8,0.0,0.0,1831,경기도,안산시 상록구,음식,108
01-16,20,목요일,-0.5,0.0,0.0,1615,경기도,안산시 상록구,음식,75
01-16,21,목요일,-1.3,0.0,0.0,1631,경기도,안산시 상록구,음식,51
01-16,22,목요일,-1.9,0.0,0.0,1730,경기도,안산시 상록구,음식,46
01-16,23,목요일,-2.0,0.0,0.0,1617,경기도,안산시 상록구,음식,44
01-17,0,금요일,-2.8,0.0,0.0,1427,경기도,안산시 상록구,음식,13
01-17,1,금요일,-2.8,0.0,0.0,1756,경기도,안산시 상록구,음식,15
01-17,2,금요일,-3.8,0.0,0.0,1302,경기도,안산시 상록구,음식,16
01-17,10,금요일,-1.5,0.0,0.0,1233,경기도,안산시 상록구,음식,5
01-17,11,금요일,0.1,0.0,0.0,1601,경기도,안산시 상록구,음식,35
01-17,12,금요일,1.9,0.0,0.0,1690,경기도,안산시 상록구,음식,70
01-17,13,금요일,2.9,0.0,0.0,1860,경기도,안산시 상록구,음식,34
01-17,14,금요일,3.8,0.0,0.0,1833,경기도,안산시 상록구,음식,19
01-17,15,금요일,4.4,0.0,0.0,1942,경기도,안산시 상록구,음식,22
01-17,16,금요일,3.8,0.0,0.0,1080,경기도,안산시 상록구,음식,19
01-17,17,금요일,2.1,0.0,0.0,1141,경기도,안산시 상록구,음식,39
01-17,18,금요일,0.9,0.0,0.0,1212,경기도,안산시 상록구,음식,79
01-17,19,금요일,-0.4,0.0,0.0,1446,경기도,안산시 상록구,음식,108
01-17,20,금요일,-0.6,0.0,0.0,1208,경기도,안산시 상록구,음식,85
01-17,21,금요일,-1.2,0.0,0.0,1054,경기도,안산시 상록구,음식,82
01-17,22,금요일,-1.3,0.0,0.0,983,경기도,안산시 상록구,음식,63
01-17,23,금요일,-1.5,0.0,0.0,1368,경기도,안산시 상록구,음식,50
01-18,0,토요일,-2.2,0.0,0.0,1095,경기도,안산시 상록구,음식,22
01-18,1,토요일,-2.5,0.0,0.0,1124,경기도,안산시 상록구,음식,8
01-18,2,토요일,-3.4,0.0,0.0,947,경기도,안산시 상록구,음식,12
01-18,3,토요일,-3.9,0.0,0.0,783,경기도,안산시 상록구,음식,1
01-18,10,토요일,-0.4,0.0,0.0,641,경기도,안산시 상록구,음식,6
01-18,11,토요일,1.0,0.0,0.0,669,경기도,안산시 상록구,음식,33
01-18,12,토요일,2.6,0.0,0.0,715,경기도,안산시 상록구,음식,62
01-18,13,토요일,3.9,0.0,0.0,945,경기도,안산시 상록구,음식,46
01-18,14,토요일,5.1,0.0,0.0,1238,경기도,안산시 상록구,음식,34
01-18,15,토요일,5.4,0.0,0.0,1705,경기도,안산시 상록구,음식,51
01-18,16,토요일,5.1,0.0,0.0,1988,경기도,안산시 상록구,음식,46
01-18,17,토요일,3.9,0.0,0.0,2000,경기도,안산시 상록구,음식,66
01-18,18,토요일,2.1,0.0,0.0,2000,경기도,안산시 상록구,음식,108
01-18,19,토요일,0.7,0.0,0.0,2000,경기도,안산시 상록구,음식,97
01-18,20,토요일,-0.7,0.0,0.0,2000,경기도,안산시 상록구,음식,72
01-18,21,토요일,-0.9,0.0,0.0,1861,경기도,안산시 상록구,음식,83
01-18,22,토요일,-2.1,0.0,0.0,1916,경기도,안산시 상록구,음식,56
01-18,23,토요일,-1.8,0.0,0.0,1775,경기도,안산시 상록구,음식,47
01-19,0,일요일,-2.0,0.0,0.0,1525,경기도,안산시 상록구,음식,7
01-19,1,일요일,-1.3,0.0,0.0,1751,경기도,안산시 상록구,음식,5
01-19,2,일요일,-1.5,0.0,0.0,1477,경기도,안산시 상록구,음식,17
01-19,10,일요일,0.3,0.0,0.0,576,경기도,안산시 상록구,음식,11
01-19,11,일요일,3.0,0.0,0.0,1238,경기도,안산시 상록구,음식,43
01-19,12,일요일,5.2,0.2,0.0,1832,경기도,안산시 상록구,음식,70
01-19,13,일요일,5.8,0.0,0.0,479,경기도,안산시 상록구,음식,72
01-19,14,일요일,3.7,0.0,0.0,494,경기도,안산시 상록구,음식,45
01-19,15,일요일,5.2,0.2,0.0,706,경기도,안산시 상록구,음식,55
01-19,16,일요일,5.3,0.0,0.0,1555,경기도,안산시 상록구,음식,60
01-19,17,일요일,4.6,0.0,0.0,765,경기도,안산시 상록구,음식,81
01-19,18,일요일,3.6,0.0,0.0,774,경기도,안산시 상록구,음식,117
01-19,19,일요일,2.6,0.0,0.0,768,경기도,안산시 상록구,음식,111
01-19,20,일요일,1.6,0.0,0.0,812,경기도,안산시 상록구,음식,89
01-19,21,일요일,1.5,0.0,0.0,1539,경기도,안산시 상록구,음식,51
01-19,22,일요일,0.2,0.0,0.0,828,경기도,안산시 상록구,음식,47
01-19,23,일요일,0.7,0.0,0.0,900,경기도,안산시 상록구,음식,50
01-20,0,월요일,1.0,0.0,0.0,518,경기도,안산시 상록구,음식,18
01-20,1,월요일,0.9,0.0,0.0,570,경기도,안산시 상록구,음식,3
01-20,2,월요일,-0.1,0.0,0.0,563,경기도,안산시 상록구,음식,11
01-20,10,월요일,2.3,0.0,0.0,1496,경기도,안산시 상록구,음식,5
01-20,11,월요일,3.3,0.0,0.0,1942,경기도,안산시 상록구,음식,30
01-20,12,월요일,4.4,0.0,0.0,2042,경기도,안산시 상록구,음식,49
01-20,13,월요일,5.0,0.0,0.0,1906,경기도,안산시 상록구,음식,25
01-20,14,월요일,5.3,0.0,0.0,1549,경기도,안산시 상록구,음식,20
01-20,15,월요일,5.0,0.0,0.0,1501,경기도,안산시 상록구,음식,24
01-20,16,월요일,4.0,0.0,0.0,1066,경기도,안산시 상록구,음식,16
01-20,17,월요일,4.2,0.0,0.0,1390,경기도,안산시 상록구,음식,30
01-20,18,월요일,3.0,0.0,0.0,2000,경기도,안산시 상록구,음식,77
01-20,19,월요일,1.8,0.0,0.0,2027,경기도,안산시 상록구,음식,83
01-20,20,월요일,0.9,0.0,0.0,2000,경기도,안산시 상록구,음식,62
01-20,21,월요일,-0.6,0.0,0.0,2000,경기도,안산시 상록구,음식,50
01-20,22,월요일,-1.4,0.0,0.0,2000,경기도,안산시 상록구,음식,31
01-20,23,월요일,-1.9,0.0,0.0,2000,경기도,안산시 상록구,음식,26
01-21,0,화요일,-2.5,0.0,0.0,2000,경기도,안산시 상록구,음식,15
01-21,1,화요일,-2.9,0.0,0.0,2000,경기도,안산시 상록구,음식,13
01-21,2,화요일,-3.5,0.0,0.0,1977,경기도,안산시 상록구,음식,20
01-21,10,화요일,-1.1,0.0,0.0,1533,경기도,안산시 상록구,음식,7
01-21,11,화요일,0.4,0.0,0.0,1830,경기도,안산시 상록구,음식,26
01-21,12,화요일,1.1,0.0,0.0,1847,경기도,안산시 상록구,음식,36
01-21,13,화요일,2.0,0.0,0.0,1906,경기도,안산시 상록구,음식,34
01-21,14,화요일,2.7,0.0,0.0,2000,경기도,안산시 상록구,음식,23
01-21,15,화요일,4.3,0.0,0.0,1990,경기도,안산시 상록구,음식,18
01-21,16,화요일,4.9,0.0,0.0,1948,경기도,안산시 상록구,음식,16
01-21,17,화요일,4.6,0.0,0.0,1974,경기도,안산시 상록구,음식,35
01-21,18,화요일,2.1,0.0,0.0,2000,경기도,안산시 상록구,음식,74
01-21,19,화요일,0.5,0.0,0.0,1705,경기도,안산시 상록구,음식,82
01-21,20,화요일,0.4,0.0,0.0,1371,경기도,안산시 상록구,음식,70
01-21,21,화요일,-0.5,0.0,0.0,1116,경기도,안산시 상록구,음식,54
01-21,22,화요일,-1.1,0.0,0.0,1074,경기도,안산시 상록구,음식,54
01-21,23,화요일,-1.1,0.0,0.0,1010,경기도,안산시 상록구,음식,16
01-22,0,수요일,-1.0,0.0,0.0,1016,경기도,안산시 상록구,음식,2
01-22,2,수요일,-0.9,0.0,0.0,955,경기도,안산시 상록구,음식,1
01-22,10,수요일,2.7,0.0,0.0,1956,경기도,안산시 상록구,음식,7
01-22,11,수요일,3.5,0.0,0.0,1938,경기도,안산시 상록구,음식,17
01-22,12,수요일,3.8,0.0,0.0,1855,경기도,안산시 상록구,음식,36
01-22,13,수요일,3.2,0.0,0.0,1941,경기도,안산시 상록구,음식,39
01-22,14,수요일,3.3,0.0,0.0,1998,경기도,안산시 상록구,음식,32
01-22,15,수요일,4.3,0.0,0.0,1875,경기도,안산시 상록구,음식,15
01-22,16,수요일,4.8,0.0,0.0,1764,경기도,안산시 상록구,음식,26
01-22,17,수요일,4.7,0.0,0.0,1962,경기도,안산시 상록구,음식,40
01-22,18,수요일,3.8,0.0,0.0,1682,경기도,안산시 상록구,음식,86
01-22,19,수요일,3.9,0.0,0.0,1459,경기도,안산시 상록구,음식,81
01-22,20,수요일,3.0,0.0,0.0,1503,경기도,안산시 상록구,음식,60
01-22,21,수요일,2.4,0.0,0.0,1198,경기도,안산시 상록구,음식,55
01-22,22,수요일,2.5,0.0,0.0,1465,경기도,안산시 상록구,음식,52
01-22,23,수요일,2.4,0.0,0.0,1669,경기도,안산시 상록구,음식,33
01-23,0,목요일,0.8,0.0,0.0,1069,경기도,안산시 상록구,음식,19
01-23,1,목요일,0.8,0.0,0.0,1299,경기도,안산시 상록구,음식,13
01-23,2,목요일,0.7,0.0,0.0,1356,경기도,안산시 상록구,음식,18
01-23,3,목요일,0.9,0.0,0.0,1687,경기도,안산시 상록구,음식,1
01-23,10,목요일,3.3,0.0,0.0,1263,경기도,안산시 상록구,음식,6
01-23,11,목요일,6.3,0.0,0.0,1004,경기도,안산시 상록구,음식,23
01-23,12,목요일,8.1,0.0,0.0,1290,경기도,안산시 상록구,음식,43
01-23,13,목요일,9.8,0.0,0.0,1013,경기도,안산시 상록구,음식,32
01-23,14,목요일,10.4,0.0,0.0,1000,경기도,안산시 상록구,음식,26
01-23,15,목요일,10.5,0.0,0.0,896,경기도,안산시 상록구,음식,24
01-23,16,목요일,9.8,0.0,0.0,951,경기도,안산시 상록구,음식,24
01-23,17,목요일,8.1,0.0,0.0,857,경기도,안산시 상록구,음식,34
01-23,18,목요일,6.1,0.0,0.0,770,경기도,안산시 상록구,음식,77
01-23,19,목요일,4.3,0.0,0.0,606,경기도,안산시 상록구,음식,95
01-23,20,목요일,4.3,0.0,0.0,611,경기도,안산시 상록구,음식,70
01-23,21,목요일,4.4,0.0,0.0,759,경기도,안산시 상록구,음식,65
01-23,22,목요일,4.5,0.0,0.0,827,경기도,안산시 상록구,음식,59
01-23,23,목요일,3.8,0.0,0.0,754,경기도,안산시 상록구,음식,51
01-24,0,금요일,3.6,0.0,0.0,709,경기도,안산시 상록구,음식,28
01-24,1,금요일,2.6,0.0,0.0,678,경기도,안산시 상록구,음식,13
01-24,2,금요일,1.4,0.0,0.0,601,경기도,안산시 상록구,음식,19
01-24,10,금요일,2.5,0.0,0.0,688,경기도,안산시 상록구,음식,6
01-24,11,금요일,3.9,0.0,0.0,507,경기도,안산시 상록구,음식,31
01-24,12,금요일,5.7,0.0,0.0,625,경기도,안산시 상록구,음식,33
01-24,13,금요일,6.4,0.0,0.0,584,경기도,안산시 상록구,음식,49
01-24,14,금요일,7.5,0.0,0.0,683,경기도,안산시 상록구,음식,28
01-24,15,금요일,8.6,0.0,0.0,617,경기도,안산시 상록구,음식,32
01-24,16,금요일,7.8,0.0,0.0,719,경기도,안산시 상록구,음식,29
01-24,17,금요일,6.1,0.0,0.0,574,경기도,안산시 상록구,음식,34
01-24,18,금요일,3.6,0.0,0.0,664,경기도,안산시 상록구,음식,50
01-24,19,금요일,3.1,0.0,0.0,521,경기도,안산시 상록구,음식,61
01-24,20,금요일,2.3,0.0,0.0,599,경기도,안산시 상록구,음식,54
01-24,21,금요일,1.7,0.0,0.0,900,경기도,안산시 상록구,음식,43
01-24,22,금요일,1.1,0.0,0.0,500,경기도,안산시 상록구,음식,42
01-24,23,금요일,-0.2,0.0,0.0,679,경기도,안산시 상록구,음식,43
01-25,0,토요일,-0.1,0.0,0.0,593,경기도,안산시 상록구,음식,1
01-25,10,토요일,3.6,0.0,0.0,779,경기도,안산시 상록구,음식,6
01-25,11,토요일,7.4,0.0,0.0,1842,경기도,안산시 상록구,음식,29
01-25,12,토요일,7.7,0.0,0.0,1756,경기도,안산시 상록구,음식,32
01-25,13,토요일,8.1,0.0,0.0,1817,경기도,안산시 상록구,음식,27
01-25,14,토요일,8.5,0.0,0.0,1749,경기도,안산시 상록구,음식,22
01-25,15,토요일,8.5,0.0,0.0,1569,경기도,안산시 상록구,음식,27
01-25,16,토요일,8.6,0.0,0.0,1765,경기도,안산시 상록구,음식,31
01-25,17,토요일,7.3,0.0,0.0,824,경기도,안산시 상록구,음식,51
01-25,18,토요일,5.8,0.0,0.0,950,경기도,안산시 상록구,음식,88
01-25,19,토요일,4.6,0.0,0.0,805,경기도,안산시 상록구,음식,60
01-25,20,토요일,3.6,0.0,0.0,704,경기도,안산시 상록구,음식,59
01-25,21,토요일,2.8,0.0,0.0,602,경기도,안산시 상록구,음식,61
01-25,22,토요일,2.4,0.0,0.0,728,경기도,안산시 상록구,음식,44
01-25,23,토요일,1.7,0.0,0.0,600,경기도,안산시 상록구,음식,54
01-26,0,일요일,1.0,0.0,0.0,551,경기도,안산시 상록구,음식,33
01-26,1,일요일,-0.1,0.0,0.0,511,경기도,안산시 상록구,음식,19
01-26,2,일요일,-0.4,0.0,0.0,1068,경기도,안산시 상록구,음식,8
01-26,10,일요일,3.2,0.0,0.0,879,경기도,안산시 상록구,음식,11
01-26,11,일요일,6.9,0.0,0.0,1560,경기도,안산시 상록구,음식,27
01-26,12,일요일,8.2,0.0,0.0,1435,경기도,안산시 상록구,음식,35
01-26,13,일요일,10.0,0.0,0.0,1617,경기도,안산시 상록구,음식,48
01-26,14,일요일,10.8,0.0,0.0,1979,경기도,안산시 상록구,음식,25
01-26,15,일요일,11.5,0.0,0.0,1990,경기도,안산시 상록구,음식,27
01-26,16,일요일,11.6,0.0,0.0,2000,경기도,안산시 상록구,음식,29
01-26,17,일요일,11.0,0.0,0.0,1988,경기도,안산시 상록구,음식,61
01-26,18,일요일,9.9,0.0,0.0,2000,경기도,안산시 상록구,음식,82
01-26,19,일요일,10.0,0.0,0.0,2000,경기도,안산시 상록구,음식,75
01-26,20,일요일,8.9,0.0,0.0,2000,경기도,안산시 상록구,음식,73
01-26,21,일요일,8.3,0.0,0.0,2000,경기도,안산시 상록구,음식,77
01-26,22,일요일,7.5,0.0,0.0,2000,경기도,안산시 상록구,음식,49
01-26,23,일요일,7.2,0.0,0.0,2000,경기도,안산시 상록구,음식,34
01-27,0,월요일,6.8,0.0,0.0,2000,경기도,안산시 상록구,음식,38
01-27,1,월요일,6.8,0.0,0.0,2000,경기도,안산시 상록구,음식,30
01-27,2,월요일,6.5,0.0,0.0,2000,경기도,안산시 상록구,음식,21
01-27,10,월요일,7.1,0.0,0.0,2000,경기도,안산시 상록구,음식,9
01-27,11,월요일,7.3,0.0,0.0,2000,경기도,안산시 상록구,음식,37
01-27,12,월요일,7.4,0.0,0.0,2000,경기도,안산시 상록구,음식,41
01-27,13,월요일,7.7,0.0,0.0,2000,경기도,안산시 상록구,음식,41
01-27,14,월요일,8.0,0.0,0.0,2000,경기도,안산시 상록구,음식,32
01-27,15,월요일,7.4,0.0,0.0,2000,경기도,안산시 상록구,음식,37
01-27,16,월요일,6.8,0.0,0.0,1836,경기도,안산시 상록구,음식,40
01-27,17,월요일,6.6,0.0,0.0,1953,경기도,안산시 상록구,음식,53
01-27,18,월요일,5.7,0.0,0.0,2000,경기도,안산시 상록구,음식,82
01-27,19,월요일,4.3,0.0,0.0,1957,경기도,안산시 상록구,음식,76
01-27,20,월요일,3.7,0.0,0.0,1226,경기도,안산시 상록구,음식,54
01-27,21,월요일,3.6,1.2,0.0,1915,경기도,안산시 상록구,음식,53
01-27,22,월요일,3.9,0.0,0.0,1993,경기도,안산시 상록구,음식,35
01-27,23,월요일,4.1,0.0,0.0,1997,경기도,안산시 상록구,음식,26
01-28,0,화요일,3.9,0.2,0.0,1968,경기도,안산시 상록구,음식,17
01-28,1,화요일,4.2,0.0,0.0,2000,경기도,안산시 상록구,음식,8
01-28,2,화요일,4.4,0.0,0.0,1953,경기도,안산시 상록구,음식,5
01-28,10,화요일,8.0,0.0,0.0,2000,경기도,안산시 상록구,음식,4
01-28,11,화요일,9.1,0.0,0.0,2000,경기도,안산시 상록구,음식,21
01-28,12,화요일,9.7,0.0,0.0,1952,경기도,안산시 상록구,음식,38
01-28,13,화요일,10.1,0.0,0.0,2000,경기도,안산시 상록구,음식,39
01-28,14,화요일,10.5,0.0,0.0,2000,경기도,안산시 상록구,음식,21
01-28,15,화요일,10.6,0.0,0.0,2000,경기도,안산시 상록구,음식,16
01-28,16,화요일,10.6,0.0,0.0,2000,경기도,안산시 상록구,음식,12
01-28,17,화요일,10.1,0.0,0.0,2000,경기도,안산시 상록구,음식,29
01-28,18,화요일,9.8,0.0,0.0,2000,경기도,안산시 상록구,음식,65
01-28,19,화요일,9.4,0.0,0.0,2000,경기도,안산시 상록구,음식,79
01-28,20,화요일,8.7,0.0,0.0,2000,경기도,안산시 상록구,음식,52
01-28,21,화요일,7.8,0.0,0.0,2000,경기도,안산시 상록구,음식,45
01-28,22,화요일,7.0,0.0,0.0,2000,경기도,안산시 상록구,음식,40
01-28,23,화요일,6.7,0.0,0.0,2000,경기도,안산시 상록구,음식,28
01-29,0,수요일,4.9,0.0,0.0,1974,경기도,안산시 상록구,음식,20
01-29,1,수요일,4.4,0.0,0.0,2000,경기도,안산시 상록구,음식,2
01-29,2,수요일,4.5,0.0,0.0,2000,경기도,안산시 상록구,음식,1
01-29,10,수요일,5.9,0.0,0.0,2000,경기도,안산시 상록구,음식,6
01-29,11,수요일,7.8,0.0,0.0,1984,경기도,안산시 상록구,음식,28
01-29,12,수요일,8.6,0.0,0.0,2000,경기도,안산시 상록구,음식,52
01-29,13,수요일,10.0,0.0,0.0,1994,경기도,안산시 상록구,음식,37
01-29,14,수요일,10.3,0.0,0.0,1997,경기도,안산시 상록구,음식,32
01-29,15,수요일,10.0,0.0,0.0,2000,경기도,안산시 상록구,음식,25
01-29,16,수요일,10.9,0.0,0.0,2000,경기도,안산시 상록구,음식,19
01-29,17,수요일,10.4,0.0,0.0,2000,경기도,안산시 상록구,음식,42
01-29,18,수요일,9.3,0.0,0.0,2000,경기도,안산시 상록구,음식,70
01-29,19,수요일,7.6,0.0,0.0,2000,경기도,안산시 상록구,음식,91
01-29,20,수요일,7.0,0.0,0.0,2000,경기도,안산시 상록구,음식,55
01-29,21,수요일,6.4,0.0,0.0,2000,경기도,안산시 상록구,음식,62
01-29,22,수요일,5.7,0.0,0.0,2000,경기도,안산시 상록구,음식,47
01-29,23,수요일,3.7,0.0,0.0,2000,경기도,안산시 상록구,음식,43
01-30,0,목요일,5.6,0.0,0.0,2000,경기도,안산시 상록구,음식,15
01-30,1,목요일,5.5,0.0,0.0,2000,경기도,안산시 상록구,음식,12
01-30,2,목요일,5.3,0.0,0.0,2000,경기도,안산시 상록구,음식,15
01-30,10,목요일,6.0,0.0,0.0,1913,경기도,안산시 상록구,음식,3
01-30,11,목요일,8.0,0.0,0.0,2000,경기도,안산시 상록구,음식,26
01-30,12,목요일,9.3,0.0,0.0,1967,경기도,안산시 상록구,음식,31
01-30,13,목요일,9.8,0.0,0.0,1991,경기도,안산시 상록구,음식,28
01-30,14,목요일,10.5,0.0,0.0,2000,경기도,안산시 상록구,음식,23
01-30,15,목요일,8.9,0.0,0.0,2000,경기도,안산시 상록구,음식,24
01-30,16,목요일,9.0,0.0,0.0,2000,경기도,안산시 상록구,음식,13
01-30,17,목요일,8.1,0.0,0.0,1992,경기도,안산시 상록구,음식,41
01-30,18,목요일,6.3,0.0,0.0,2000,경기도,안산시 상록구,음식,81
01-30,19,목요일,5.6,0.0,0.0,2000,경기도,안산시 상록구,음식,92
01-30,20,목요일,4.6,0.0,0.0,2000,경기도,안산시 상록구,음식,48
01-30,21,목요일,4.3,0.0,0.0,2000,경기도,안산시 상록구,음식,64
01-30,22,목요일,4.0,0.0,0.0,2000,경기도,안산시 상록구,음식,38
01-30,23,목요일,4.1,0.0,0.0,2000,경기도,안산시 상록구,음식,35
01-31,0,금요일,3.9,0.0,0.0,1841,경기도,안산시 상록구,음식,11
01-31,1,금요일,2.6,0.0,0.0,1776,경기도,안산시 상록구,음식,10
01-31,2,금요일,2.6,0.0,0.0,1440,경기도,안산시 상록구,음식,12
01-31,10,금요일,3.7,0.0,0.0,727,경기도,안산시 상록구,음식,10
01-31,11,금요일,4.5,0.0,0.0,738,경기도,안산시 상록구,음식,30
01-31,12,금요일,5.3,0.0,0.0,638,경기도,안산시 상록구,음식,46
01-31,13,금요일,6.8,0.0,0.0,1140,경기도,안산시 상록구,음식,27
01-31,14,금요일,6.3,0.0,0.0,1160,경기도,안산시 상록구,음식,26
01-31,15,금요일,6.2,0.0,0.0,1215,경기도,안산시 상록구,음식,18
01-31,16,금요일,6.4,0.0,0.0,1291,경기도,안산시 상록구,음식,23
01-31,17,금요일,5.2,0.0,0.0,1276,경기도,안산시 상록구,음식,50
01-31,18,금요일,4.0,0.0,0.0,1038,경기도,안산시 상록구,음식,54
01-31,19,금요일,2.9,0.0,0.0,947,경기도,안산시 상록구,음식,117
01-31,20,금요일,1.9,0.0,0.0,961,경기도,안산시 상록구,음식,96
01-31,21,금요일,0.9,0.0,0.0,872,경기도,안산시 상록구,음식,84
01-31,22,금요일,0.5,0.0,0.0,730,경기도,안산시 상록구,음식,56
01-31,23,금요일,0.0,0.0,0.0,645,경기도,안산시 상록구,음식,37
02-01,0,토요일,-0.5,0.0,0.0,611,경기도,안산시 상록구,음식,22
02-01,1,토요일,-0.5,0.0,0.0,535,경기도,안산시 상록구,음식,9
02-01,2,토요일,-1.1,0.0,0.0,611,경기도,안산시 상록구,음식,18
02-01,3,토요일,-1.2,0.0,0.0,615,경기도,안산시 상록구,음식,1
02-01,10,토요일,1.2,0.0,0.0,743,경기도,안산시 상록구,음식,12
02-01,11,토요일,2.0,0.0,0.0,829,경기도,안산시 상록구,음식,28
02-01,12,토요일,4.2,0.0,0.0,673,경기도,안산시 상록구,음식,51
02-01,13,토요일,5.0,0.0,0.0,564,경기도,안산시 상록구,음식,55
02-01,14,토요일,5.6,0.0,0.0,530,경기도,안산시 상록구,음식,43
02-01,15,토요일,7.4,0.0,0.0,779,경기도,안산시 상록구,음식,44
02-01,16,토요일,7.3,0.0,0.0,530,경기도,안산시 상록구,음식,42
02-01,17,토요일,6.2,0.0,0.0,691,경기도,안산시 상록구,음식,53
02-01,18,토요일,4.8,0.0,0.0,492,경기도,안산시 상록구,음식,112
02-01,19,토요일,4.1,0.0,0.0,639,경기도,안산시 상록구,음식,100
02-01,20,토요일,2.9,0.0,0.0,708,경기도,안산시 상록구,음식,95
02-01,21,토요일,1.9,0.0,0.0,667,경기도,안산시 상록구,음식,69
02-01,22,토요일,1.8,0.0,0.0,898,경기도,안산시 상록구,음식,74
02-01,23,토요일,0.3,0.0,0.0,472,경기도,안산시 상록구,음식,37
02-02,0,일요일,-0.4,0.0,0.0,652,경기도,안산시 상록구,음식,30
02-02,1,일요일,-1.4,0.0,0.0,379,경기도,안산시 상록구,음식,14
02-02,2,일요일,-1.8,0.0,0.0,478,경기도,안산시 상록구,음식,12
02-02,10,일요일,1.2,0.0,0.0,627,경기도,안산시 상록구,음식,12
02-02,11,일요일,2.1,0.0,0.0,566,경기도,안산시 상록구,음식,40
02-02,12,일요일,3.5,0.0,0.0,838,경기도,안산시 상록구,음식,56
02-02,13,일요일,4.8,0.0,0.0,1157,경기도,안산시 상록구,음식,67
02-02,14,일요일,5.2,0.0,0.0,1409,경기도,안산시 상록구,음식,35
02-02,15,일요일,5.8,0.0,0.0,1035,경기도,안산시 상록구,음식,53
02-02,16,일요일,5.6,0.0,0.0,960,경기도,안산시 상록구,음식,51
02-02,17,일요일,4.4,0.0,0.0,1099,경기도,안산시 상록구,음식,58
02-02,18,일요일,2.9,0.0,0.0,1423,경기도,안산시 상록구,음식,111
02-02,19,일요일,1.4,0.0,0.0,1404,경기도,안산시 상록구,음식,109
02-02,20,일요일,0.6,0.0,0.0,1699,경기도,안산시 상록구,음식,83
02-02,21,일요일,0.2,0.0,0.0,1650,경기도,안산시 상록구,음식,57
02-02,22,일요일,0.8,0.0,0.0,1914,경기도,안산시 상록구,음식,51
02-02,23,일요일,1.0,0.0,0.0,1888,경기도,안산시 상록구,음식,44
02-03,0,월요일,2.2,0.0,0.0,1797,경기도,안산시 상록구,음식,20
02-03,1,월요일,1.3,0.0,0.0,1509,경기도,안산시 상록구,음식,25
02-03,2,월요일,0.5,0.0,0.4,1361,경기도,안산시 상록구,음식,28
02-03,3,월요일,0.8,0.1,0.3,1678,경기도,안산시 상록구,음식,2
02-03,10,월요일,0.6,0.0,0.0,1983,경기도,안산시 상록구,음식,6
02-03,11,월요일,1.8,0.0,0.0,1731,경기도,안산시 상록구,음식,22
02-03,12,월요일,2.3,0.0,0.0,1802,경기도,안산시 상록구,음식,39
02-03,13,월요일,2.5,0.0,0.0,2000,경기도,안산시 상록구,음식,30
02-03,14,월요일,2.4,0.0,0.0,2000,경기도,안산시 상록구,음식,24
02-03,15,월요일,1.8,0.0,0.0,2000,경기도,안산시 상록구,음식,25
02-03,16,월요일,2.1,0.0,0.0,1999,경기도,안산시 상록구,음식,24
02-03,17,월요일,1.1,0.0,0.0,2000,경기도,안산시 상록구,음식,31
02-03,18,월요일,-0.1,0.0,0.0,2000,경기도,안산시 상록구,음식,62
02-03,19,월요일,-1.2,0.0,0.0,2000,경기도,안산시 상록구,음식,82
02-03,20,월요일,-1.9,0.0,0.0,2000,경기도,안산시 상록구,음식,52
02-03,21,월요일,-1.9,0.0,0.0,2000,경기도,안산시 상록구,음식,49
02-03,22,월요일,-2.6,0.0,0.0,2000,경기도,안산시 상록구,음식,27
02-03,23,월요일,-2.3,0.0,0.0,2000,경기도,안산시 상록구,음식,32
02-04,0,화요일,-2.8,0.0,0.0,1999,경기도,안산시 상록구,음식,11
02-04,1,화요일,-3.3,0.0,0.0,2000,경기도,안산시 상록구,음식,4
02-04,2,화요일,-4.2,0.0,0.0,2000,경기도,안산시 상록구,음식,12
02-04,10,화요일,-1.2,0.0,0.0,1909,경기도,안산시 상록구,음식,5
02-04,11,화요일,0.3,0.0,0.0,1825,경기도,안산시 상록구,음식,32
02-04,12,화요일,2.3,0.0,0.0,1711,경기도,안산시 상록구,음식,35
02-04,13,화요일,3.7,0.0,0.0,1912,경기도,안산시 상록구,음식,30
02-04,14,화요일,3.8,0.0,0.0,2000,경기도,안산시 상록구,음식,35
02-04,15,화요일,4.6,0.0,0.0,1924,경기도,안산시 상록구,음식,16
02-04,16,화요일,3.9,0.0,0.0,2000,경기도,안산시 상록구,음식,21
02-04,17,화요일,3.5,0.0,0.0,1616,경기도,안산시 상록구,음식,47
02-04,18,화요일,2.1,0.0,0.0,830,경기도,안산시 상록구,음식,67
02-04,19,화요일,0.8,0.0,0.0,618,경기도,안산시 상록구,음식,100
02-04,20,화요일,0.6,0.0,0.3,489,경기도,안산시 상록구,음식,77
02-04,21,화요일,0.4,0.9,0.3,462,경기도,안산시 상록구,음식,61
02-04,22,화요일,-1.1,0.0,0.6,911,경기도,안산시 상록구,음식,40
02-04,23,화요일,-1.6,0.0,0.6,1643,경기도,안산시 상록구,음식,33
02-05,0,수요일,-2.4,0.2,0.6,1680,경기도,안산시 상록구,음식,6
02-05,1,수요일,-5.0,0.0,0.6,1993,경기도,안산시 상록구,음식,10
02-05,2,수요일,-6.3,0.0,0.6,2000,경기도,안산시 상록구,음식,10
02-05,10,수요일,-8.4,0.0,0.4,1949,경기도,안산시 상록구,음식,7
02-05,11,수요일,-7.1,0.0,0.3,1985,경기도,안산시 상록구,음식,29
02-05,12,수요일,-6.4,0.0,0.0,1950,경기도,안산시 상록구,음식,46
02-05,13,수요일,-5.3,0.0,0.0,2000,경기도,안산시 상록구,음식,38
02-05,14,수요일,-4.5,0.0,0.0,2000,경기도,안산시 상록구,음식,27
02-05,15,수요일,-3.9,0.0,0.0,2000,경기도,안산시 상록구,음식,32
02-05,16,수요일,-4.0,0.0,0.0,2000,경기도,안산시 상록구,음식,38
02-05,17,수요일,-4.5,0.0,0.0,2000,경기도,안산시 상록구,음식,50
02-05,18,수요일,-5.3,0.0,0.0,2000,경기도,안산시 상록구,음식,75
02-05,19,수요일,-6.0,0.0,0.0,2000,경기도,안산시 상록구,음식,118
02-05,20,수요일,-6.7,0.0,0.0,2000,경기도,안산시 상록구,음식,83
02-05,21,수요일,-7.4,0.0,0.0,2000,경기도,안산시 상록구,음식,59
02-05,22,수요일,-8.2,0.0,0.0,2000,경기도,안산시 상록구,음식,56
02-05,23,수요일,-9.1,0.0,0.0,2000,경기도,안산시 상록구,음식,31
02-06,0,목요일,-9.3,0.0,0.0,2000,경기도,안산시 상록구,음식,27
02-06,1,목요일,-9.6,0.0,0.0,2000,경기도,안산시 상록구,음식,10
02-06,2,목요일,-9.9,0.0,0.0,2000,경기도,안산시 상록구,음식,14
02-06,10,목요일,-6.7,0.0,0.0,1981,경기도,안산시 상록구,음식,4
02-06,11,목요일,-5.8,0.0,0.0,1978,경기도,안산시 상록구,음식,19
02-06,12,목요일,-4.7,0.0,0.0,1883,경기도,안산시 상록구,음식,49
02-06,13,목요일,-3.0,0.0,0.0,1994,경기도,안산시 상록구,음식,37
02-06,14,목요일,-1.6,0.0,0.0,1997,경기도,안산시 상록구,음식,27
02-06,15,목요일,-1.1,0.0,0.0,1996,경기도,안산시 상록구,음식,33
02-06,16,목요일,-0.1,0.0,0.0,2000,경기도,안산시 상록구,음식,31
02-06,17,목요일,-1.2,0.0,0.0,2000,경기도,안산시 상록구,음식,38
02-06,18,목요일,-3.1,0.0,0.0,1841,경기도,안산시 상록구,음식,69
02-06,19,목요일,-4.3,0.0,0.0,2072,경기도,안산시 상록구,음식,103
02-06,20,목요일,-5.0,0.0,0.0,1752,경기도,안산시 상록구,음식,90
02-06,21,목요일,-5.3,0.0,0.0,1980,경기도,안산시 상록구,음식,53
02-06,22,목요일,-5.7,0.0,0.0,1755,경기도,안산시 상록구,음식,61
02-06,23,목요일,-6.3,0.0,0.0,1668,경기도,안산시 상록구,음식,51
02-07,0,금요일,-7.0,0.0,0.0,1823,경기도,안산시 상록구,음식,27
02-07,1,금요일,-7.7,0.0,0.0,1601,경기도,안산시 상록구,음식,13
02-07,2,금요일,-7.7,0.0,0.0,2000,경기도,안산시 상록구,음식,9
02-07,10,금요일,-2.1,0.0,0.0,1972,경기도,안산시 상록구,음식,9
02-07,11,금요일,-0.6,0.0,0.0,1958,경기도,안산시 상록구,음식,25
02-07,12,금요일,1.0,0.0,0.0,1907,경기도,안산시 상록구,음식,35
02-07,13,금요일,1.7,0.0,0.0,1960,경기도,안산시 상록구,음식,33
02-07,14,금요일,2.4,0.0,0.0,1863,경기도,안산시 상록구,음식,30
02-07,15,금요일,2.5,0.0,0.0,2000,경기도,안산시 상록구,음식,16
02-07,16,금요일,1.5,0.0,0.0,1574,경기도,안산시 상록구,음식,24
02-07,17,금요일,1.3,0.0,0.0,1902,경기도,안산시 상록구,음식,30
02-07,18,금요일,0.3,0.0,0.0,1776,경기도,안산시 상록구,음식,81
02-07,19,금요일,0.0,0.0,0.0,1843,경기도,안산시 상록구,음식,98
02-07,20,금요일,-0.2,0.0,0.0,1684,경기도,안산시 상록구,음식,90
02-07,21,금요일,-0.5,0.0,0.0,1640,경기도,안산시 상록구,음식,88
02-07,22,금요일,-0.2,0.0,0.0,1801,경기도,안산시 상록구,음식,71
02-07,23,금요일,0.0,0.0,0.0,1822,경기도,안산시 상록구,음식,53
02-08,0,토요일,-0.1,0.0,0.0,1749,경기도,안산시 상록구,음식,23
02-08,1,토요일,-0.4,0.0,0.0,1186,경기도,안산시 상록구,음식,22
02-08,2,토요일,-0.4,0.0,0.0,950,경기도,안산시 상록구,음식,17
02-08,10,토요일,-0.1,0.0,0.0,1056,경기도,안산시 상록구,음식,13
02-08,11,토요일,0.5,0.0,0.0,1126,경기도,안산시 상록구,음식,43
02-08,12,토요일,1.9,0.0,0.0,1314,경기도,안산시 상록구,음식,65
02-08,13,토요일,3.2,0.0,0.0,1604,경기도,안산시 상록구,음식,49
02-08,14,토요일,3.5,0.0,0.0,1689,경기도,안산시 상록구,음식,36
02-08,15,토요일,4.2,0.0,0.0,1999,경기도,안산시 상록구,음식,29
02-08,16,토요일,3.0,0.0,0.0,1904,경기도,안산시 상록구,음식,36
02-08,17,토요일,2.6,0.0,0.0,1961,경기도,안산시 상록구,음식,72
02-08,18,토요일,2.0,0.0,0.0,2098,경기도,안산시 상록구,음식,111
02-08,19,토요일,1.5,0.0,0.0,2000,경기도,안산시 상록구,음식,111
02-08,20,토요일,0.5,0.0,0.0,2000,경기도,안산시 상록구,음식,93
02-08,21,토요일,-0.8,0.0,0.0,2000,경기도,안산시 상록구,음식,66
02-08,22,토요일,-0.4,0.0,0.0,2000,경기도,안산시 상록구,음식,42
02-08,23,토요일,-1.2,0.0,0.0,2105,경기도,안산시 상록구,음식,46
02-09,0,일요일,-2.0,0.0,0.0,2000,경기도,안산시 상록구,음식,28
02-09,1,일요일,-2.6,0.0,0.0,1955,경기도,안산시 상록구,음식,14
02-09,2,일요일,-3.6,0.0,0.0,2000,경기도,안산시 상록구,음식,24
02-09,10,일요일,-0.6,0.0,0.0,1639,경기도,안산시 상록구,음식,17
02-09,11,일요일,1.2,0.0,0.0,2040,경기도,안산시 상록구,음식,38
02-09,12,일요일,1.9,0.0,0.0,1961,경기도,안산시 상록구,음식,73
02-09,13,일요일,3.0,0.0,0.0,1976,경기도,안산시 상록구,음식,61
02-09,14,일요일,3.1,0.0,0.0,2024,경기도,안산시 상록구,음식,44
02-09,15,일요일,3.5,0.0,0.0,1725,경기도,안산시 상록구,음식,51
02-09,16,일요일,3.2,0.0,0.0,1791,경기도,안산시 상록구,음식,59
02-09,17,일요일,3.6,0.0,0.0,1884,경기도,안산시 상록구,음식,85
02-09,18,일요일,2.0,0.0,0.0,1598,경기도,안산시 상록구,음식,122
02-09,19,일요일,1.2,0.0,0.0,1966,경기도,안산시 상록구,음식,107
02-09,20,일요일,-0.4,0.0,0.0,1650,경기도,안산시 상록구,음식,98
02-09,21,일요일,-0.1,0.0,0.0,1464,경기도,안산시 상록구,음식,72
02-09,22,일요일,-0.3,0.0,0.0,1401,경기도,안산시 상록구,음식,60
02-09,23,일요일,-0.4,0.0,0.0,1317,경기도,안산시 상록구,음식,53
02-10,0,월요일,-0.3,0.0,0.0,1024,경기도,안산시 상록구,음식,23
02-10,1,월요일,0.2,0.0,0.0,1074,경기도,안산시 상록구,음식,13
02-10,2,월요일,0.7,0.0,0.0,1010,경기도,안산시 상록구,음식,16
02-10,10,월요일,4.1,0.0,0.0,829,경기도,안산시 상록구,음식,9
02-10,11,월요일,5.7,0.0,0.0,1099,경기도,안산시 상록구,음식,24
02-10,12,월요일,7.6,0.0,0.0,1545,경기도,안산시 상록구,음식,52
02-10,13,월요일,8.9,0.0,0.0,1974,경기도,안산시 상록구,음식,39
02-10,14,월요일,9.8,0.0,0.0,1798,경기도,안산시 상록구,음식,24
02-10,15,월요일,9.6,0.0,0.0,1591,경기도,안산시 상록구,음식,27
02-10,16,월요일,9.3,0.0,0.0,1394,경기도,안산시 상록구,음식,27
02-10,17,월요일,8.6,0.0,0.0,1598,경기도,안산시 상록구,음식,37
02-10,18,월요일,6.3,0.0,0.0,1672,경기도,안산시 상록구,음식,79
02-10,19,월요일,4.1,0.0,0.0,1894,경기도,안산시 상록구,음식,88
02-10,20,월요일,3.7,0.0,0.0,1609,경기도,안산시 상록구,음식,64
02-10,21,월요일,1.5,0.0,0.0,1631,경기도,안산시 상록구,음식,56
02-10,22,월요일,1.2,0.0,0.0,1566,경기도,안산시 상록구,음식,50
02-10,23,월요일,0.7,0.0,0.0,1628,경기도,안산시 상록구,음식,39
02-11,0,화요일,-0.5,0.0,0.0,1396,경기도,안산시 상록구,음식,18
02-11,1,화요일,-1.0,0.0,0.0,1448,경기도,안산시 상록구,음식,8
02-11,2,화요일,-1.3,0.0,0.0,1194,경기도,안산시 상록구,음식,13
02-11,10,화요일,6.1,0.0,0.0,1220,경기도,안산시 상록구,음식,4
02-11,11,화요일,8.1,0.0,0.0,1268,경기도,안산시 상록구,음식,22
02-11,12,화요일,10.5,0.0,0.0,1401,경기도,안산시 상록구,음식,32
02-11,13,화요일,11.9,0.0,0.0,1424,경기도,안산시 상록구,음식,21
02-11,14,화요일,12.9,0.0,0.0,1873,경기도,안산시 상록구,음식,17
02-11,15,화요일,13.8,0.0,0.0,2000,경기도,안산시 상록구,음식,18
02-11,16,화요일,13.9,0.0,0.0,1878,경기도,안산시 상록구,음식,21
02-11,17,화요일,13.7,0.0,0.0,1997,경기도,안산시 상록구,음식,35
02-11,18,화요일,11.1,0.0,0.0,1594,경기도,안산시 상록구,음식,48
02-11,19,화요일,8.6,0.0,0.0,1521,경기도,안산시 상록구,음식,81
02-11,20,화요일,8.3,0.0,0.0,1108,경기도,안산시 상록구,음식,53
02-11,21,화요일,8.1,0.0,0.0,1238,경기도,안산시 상록구,음식,51
02-11,22,화요일,7.5,0.0,0.0,1207,경기도,안산시 상록구,음식,35
02-11,23,화요일,6.6,0.0,0.0,1180,경기도,안산시 상록구,음식,26
02-12,0,수요일,6.1,0.0,0.0,1215,경기도,안산시 상록구,음식,9
02-12,1,수요일,6.4,0.0,0.0,1177,경기도,안산시 상록구,음식,14
02-12,2,수요일,5.8,0.0,0.0,1013,경기도,안산시 상록구,음식,14
02-12,3,수요일,5.5,0.0,0.0,1009,경기도,안산시 상록구,음식,1
02-12,10,수요일,7.0,0.0,0.0,872,경기도,안산시 상록구,음식,9
02-12,11,수요일,5.9,0.0,0.0,296,경기도,안산시 상록구,음식,33
02-12,12,수요일,6.6,2.8,0.0,338,경기도,안산시 상록구,음식,49
02-12,13,수요일,7.1,0.0,0.0,396,경기도,안산시 상록구,음식,47
02-12,14,수요일,7.7,0.0,0.0,300,경기도,안산시 상록구,음식,20
02-12,15,수요일,7.8,2.5,0.0,200,경기도,안산시 상록구,음식,34
02-12,16,수요일,8.1,0.0,0.0,214,경기도,안산시 상록구,음식,36
02-12,17,수요일,8.1,0.0,0.0,420,경기도,안산시 상록구,음식,57
02-12,18,수요일,8.0,3.3,0.0,354,경기도,안산시 상록구,음식,91
02-12,19,수요일,8.0,0.0,0.0,270,경기도,안산시 상록구,음식,100
02-12,20,수요일,8.0,0.0,0.0,806,경기도,안산시 상록구,음식,81
02-12,21,수요일,8.0,1.0,0.0,379,경기도,안산시 상록구,음식,77
02-12,22,수요일,7.6,0.0,0.0,198,경기도,안산시 상록구,음식,54
02-12,23,수요일,7.4,0.0,0.0,137,경기도,안산시 상록구,음식,33
02-13,0,목요일,7.5,0.6,0.0,348,경기도,안산시 상록구,음식,17
02-13,1,목요일,7.1,0.0,0.0,213,경기도,안산시 상록구,음식,12
02-13,2,목요일,6.4,0.0,0.0,161,경기도,안산시 상록구,음식,20
02-13,10,목요일,5.5,0.0,0.0,180,경기도,안산시 상록구,음식,6
02-13,11,목요일,5.7,0.0,0.0,210,경기도,안산시 상록구,음식,31
02-13,12,목요일,6.5,0.0,0.0,246,경기도,안산시 상록구,음식,35
02-13,13,목요일,6.8,0.0,0.0,220,경기도,안산시 상록구,음식,33
02-13,14,목요일,7.0,0.0,0.0,330,경기도,안산시 상록구,음식,26
02-13,15,목요일,7.0,0.0,0.0,350,경기도,안산시 상록구,음식,23
02-13,16,목요일,7.3,0.0,0.0,420,경기도,안산시 상록구,음식,21
02-13,17,목요일,7.3,0.0,0.0,500,경기도,안산시 상록구,음식,58
02-13,18,목요일,7.2,0.0,0.0,950,경기도,안산시 상록구,음식,65
02-13,19,목요일,6.8,0.0,0.0,450,경기도,안산시 상록구,음식,87
02-13,20,목요일,6.7,0.0,0.0,695,경기도,안산시 상록구,음식,75
02-13,21,목요일,5.4,0.0,0.0,510,경기도,안산시 상록구,음식,53
02-13,22,목요일,5.2,0.0,0.0,559,경기도,안산시 상록구,음식,45
02-13,23,목요일,4.7,0.0,0.0,431,경기도,안산시 상록구,음식,37
02-14,0,금요일,3.6,0.0,0.0,323,경기도,안산시 상록구,음식,12
02-14,1,금요일,3.6,0.0,0.0,344,경기도,안산시 상록구,음식,8
02-14,2,금요일,3.0,0.0,0.0,324,경기도,안산시 상록구,음식,19
02-14,10,금요일,5.9,0.0,0.0,387,경기도,안산시 상록구,음식,1
02-14,11,금요일,7.2,0.0,0.0,466,경기도,안산시 상록구,음식,27
02-14,12,금요일,9.0,0.0,0.0,559,경기도,안산시 상록구,음식,38
02-14,13,금요일,10.6,0.0,0.0,712,경기도,안산시 상록구,음식,27
02-14,14,금요일,12.0,0.0,0.0,725,경기도,안산시 상록구,음식,22
02-14,15,금요일,12.7,0.0,0.0,820,경기도,안산시 상록구,음식,18
02-14,16,금요일,13.0,0.0,0.0,851,경기도,안산시 상록구,음식,20
02-14,17,금요일,13.1,0.0,0.0,649,경기도,안산시 상록구,음식,31
02-14,18,금요일,11.2,0.0,0.0,616,경기도,안산시 상록구,음식,82
02-14,19,금요일,9.4,0.0,0.0,470,경기도,안산시 상록구,음식,90
02-14,20,금요일,7.8,0.0,0.0,586,경기도,안산시 상록구,음식,76
02-14,21,금요일,6.4,0.0,0.0,474,경기도,안산시 상록구,음식,83
02-14,22,금요일,5.5,0.0,0.0,403,경기도,안산시 상록구,음식,71
02-14,23,금요일,5.0,0.0,0.0,295,경기도,안산시 상록구,음식,38
02-15,0,토요일,3.6,0.0,0.0,204,경기도,안산시 상록구,음식,22
02-15,1,토요일,4.3,0.0,0.0,209,경기도,안산시 상록구,음식,14
02-15,2,토요일,4.6,0.0,0.0,357,경기도,안산시 상록구,음식,16
02-15,10,토요일,10.7,0.0,0.0,825,경기도,안산시 상록구,음식,10
02-15,11,토요일,12.7,0.0,0.0,1008,경기도,안산시 상록구,음식,33
02-15,12,토요일,14.2,0.0,0.0,1101,경기도,안산시 상록구,음식,58
02-15,13,토요일,15.1,0.0,0.0,1171,경기도,안산시 상록구,음식,49
02-15,14,토요일,15.0,0.0,0.0,1070,경기도,안산시 상록구,음식,33
02-15,15,토요일,14.6,0.0,0.0,1041,경기도,안산시 상록구,음식,35
02-15,16,토요일,14.5,0.0,0.0,1010,경기도,안산시 상록구,음식,36
02-15,17,토요일,14.2,0.0,0.0,1235,경기도,안산시 상록구,음식,74
02-15,18,토요일,11.8,0.0,0.0,1263,경기도,안산시 상록구,음식,93
02-15,19,토요일,9.9,0.0,0.0,1752,경기도,안산시 상록구,음식,105
02-15,20,토요일,9.4,0.0,0.0,711,경기도,안산시 상록구,음식,90
02-15,21,토요일,6.8,0.1,0.0,171,경기도,안산시 상록구,음식,104
02-15,22,토요일,7.1,0.0,0.0,168,경기도,안산시 상록구,음식,90
02-15,23,토요일,7.1,0.0,0.0,203,경기도,안산시 상록구,음식,65
02-16,0,일요일,5.0,1.6,0.0,555,경기도,안산시 상록구,음식,41
02-16,1,일요일,4.2,0.0,0.0,765,경기도,안산시 상록구,음식,16
02-16,2,일요일,3.2,0.0,0.0,1596,경기도,안산시 상록구,음식,24
02-16,10,일요일,-0.6,0.0,1.3,494,경기도,안산시 상록구,음식,8
02-16,11,일요일,-0.4,0.0,1.3,1955,경기도,안산시 상록구,음식,33
02-16,12,일요일,-0.5,0.5,1.3,1355,경기도,안산시 상록구,음식,61
02-16,13,일요일,-0.4,0.0,1.2,2208,경기도,안산시 상록구,음식,66
02-16,14,일요일,-1.6,0.0,1.2,398,경기도,안산시 상록구,음식,49
02-16,15,일요일,-1.2,0.4,1.2,1097,경기도,안산시 상록구,음식,43
02-16,16,일요일,-1.5,0.0,1.3,739,경기도,안산시 상록구,음식,58
02-16,17,일요일,-2.1,0.0,1.5,873,경기도,안산시 상록구,음식,69
02-16,18,일요일,-2.0,0.3,1.3,2000,경기도,안산시 상록구,음식,97
02-16,19,일요일,-2.2,0.0,1.1,2000,경기도,안산시 상록구,음식,126
02-16,20,일요일,-3.0,0.0,1.5,729,경기도,안산시 상록구,음식,8
02-16,21,일요일,-3.6,0.0,2.5,1368,경기도,안산시 상록구,음식,1
02-16,22,일요일,-3.3,0.0,2.1,1998,경기도,안산시 상록구,음식,4
02-16,23,일요일,-3.3,0.0,2.0,1980,경기도,안산시 상록구,음식,1
02-17,10,월요일,-5.0,0.0,2.5,1472,경기도,안산시 상록구,음식,11
02-17,11,월요일,-4.7,0.0,2.2,1920,경기도,안산시 상록구,음식,28
02-17,12,월요일,-4.2,0.0,2.0,1092,경기도,안산시 상록구,음식,40
02-17,13,월요일,-4.3,0.0,1.7,1456,경기도,안산시 상록구,음식,42
02-17,14,월요일,-3.6,0.0,1.5,1970,경기도,안산시 상록구,음식,38
02-17,15,월요일,-3.9,0.0,1.3,1994,경기도,안산시 상록구,음식,15
02-17,16,월요일,-3.9,0.0,1.2,1995,경기도,안산시 상록구,음식,25
02-17,17,월요일,-4.6,0.0,0.9,1352,경기도,안산시 상록구,음식,40
02-17,18,월요일,-5.2,0.0,0.7,1750,경기도,안산시 상록구,음식,83
02-17,19,월요일,-5.5,0.0,0.7,1999,경기도,안산시 상록구,음식,91
02-17,20,월요일,-5.7,0.0,0.7,2000,경기도,안산시 상록구,음식,97
02-17,21,월요일,-6.0,0.0,0.7,2000,경기도,안산시 상록구,음식,83
02-17,22,월요일,-6.2,0.0,0.7,2000,경기도,안산시 상록구,음식,45
02-17,23,월요일,-6.4,0.0,0.7,2000,경기도,안산시 상록구,음식,32
02-18,0,화요일,-6.0,0.0,0.7,2000,경기도,안산시 상록구,음식,8
02-18,1,화요일,-6.6,0.0,0.7,2000,경기도,안산시 상록구,음식,10
02-18,2,화요일,-6.2,0.0,0.7,2000,경기도,안산시 상록구,음식,18
02-18,10,화요일,-4.3,0.0,0.7,2000,경기도,안산시 상록구,음식,12
02-18,11,화요일,-3.2,0.0,0.6,2000,경기도,안산시 상록구,음식,36
02-18,12,화요일,-2.2,0.0,0.5,1921,경기도,안산시 상록구,음식,33
02-18,13,화요일,-0.3,0.0,0.4,1959,경기도,안산시 상록구,음식,28
02-18,14,화요일,-0.2,0.0,0.3,1992,경기도,안산시 상록구,음식,23
02-18,15,화요일,0.7,0.0,0.0,1978,경기도,안산시 상록구,음식,18
02-18,16,화요일,1.2,0.0,0.0,2000,경기도,안산시 상록구,음식,28
02-18,17,화요일,0.5,0.0,0.0,1976,경기도,안산시 상록구,음식,40
02-18,18,화요일,-1.0,0.0,0.0,2000,경기도,안산시 상록구,음식,65
02-18,19,화요일,-1.7,0.0,0.0,2000,경기도,안산시 상록구,음식,101
02-18,20,화요일,-2.2,0.0,0.0,2000,경기도,안산시 상록구,음식,51
02-18,21,화요일,-2.4,0.0,0.0,2000,경기도,안산시 상록구,음식,45
02-18,22,화요일,-3.6,0.0,0.0,2000,경기도,안산시 상록구,음식,47
02-18,23,화요일,-3.5,0.0,0.0,2000,경기도,안산시 상록구,음식,28
02-19,0,수요일,-4.3,0.0,0.0,1957,경기도,안산시 상록구,음식,11
02-19,1,수요일,-4.5,0.0,0.0,1996,경기도,안산시 상록구,음식,14
02-19,2,수요일,-4.6,0.0,0.0,1913,경기도,안산시 상록구,음식,17
02-19,10,수요일,0.3,0.0,0.0,1991,경기도,안산시 상록구,음식,15
02-19,11,수요일,1.4,0.0,0.0,2000,경기도,안산시 상록구,음식,32
02-19,12,수요일,2.8,0.0,0.0,2000,경기도,안산시 상록구,음식,58
02-19,13,수요일,4.2,0.0,0.0,1956,경기도,안산시 상록구,음식,44
02-19,14,수요일,4.6,0.0,0.0,2000,경기도,안산시 상록구,음식,31
02-19,15,수요일,5.5,0.0,0.0,2000,경기도,안산시 상록구,음식,25
02-19,16,수요일,6.3,0.0,0.0,1950,경기도,안산시 상록구,음식,22
02-19,17,수요일,5.8,0.0,0.0,1858,경기도,안산시 상록구,음식,44
02-19,18,수요일,5.3,0.0,0.0,1719,경기도,안산시 상록구,음식,101
02-19,19,수요일,4.9,0.0,0.0,1871,경기도,안산시 상록구,음식,90
02-19,20,수요일,3.6,0.0,0.0,1061,경기도,안산시 상록구,음식,65
02-19,21,수요일,1.8,0.0,0.0,1244,경기도,안산시 상록구,음식,55
02-19,22,수요일,1.5,0.0,0.0,1201,경기도,안산시 상록구,음식,44
02-19,23,수요일,1.1,0.0,0.0,971,경기도,안산시 상록구,음식,30
02-20,0,목요일,1.2,0.0,0.0,1277,경기도,안산시 상록구,음식,18
02-20,1,목요일,0.6,0.0,0.0,920,경기도,안산시 상록구,음식,13
02-20,2,목요일,0.9,0.0,0.0,819,경기도,안산시 상록구,음식,21
02-20,10,목요일,5.6,0.0,0.0,663,경기도,안산시 상록구,음식,3
02-20,11,목요일,6.8,0.0,0.0,729,경기도,안산시 상록구,음식,31
02-20,12,목요일,7.9,0.0,0.0,846,경기도,안산시 상록구,음식,43
02-20,13,목요일,9.9,0.0,0.0,1194,경기도,안산시 상록구,음식,31
02-20,14,목요일,10.6,0.0,0.0,1712,경기도,안산시 상록구,음식,30
02-20,15,목요일,11.3,0.0,0.0,1738,경기도,안산시 상록구,음식,26
02-20,16,목요일,10.8,0.0,0.0,1166,경기도,안산시 상록구,음식,24
02-20,17,목요일,9.3,0.0,0.0,1622,경기도,안산시 상록구,음식,31
02-20,18,목요일,7.5,0.0,0.0,1239,경기도,안산시 상록구,음식,97
02-20,19,목요일,5.6,0.0,0.0,1002,경기도,안산시 상록구,음식,106
02-20,20,목요일,5.1,0.0,0.0,854,경기도,안산시 상록구,음식,79
02-20,21,목요일,3.9,0.0,0.0,910,경기도,안산시 상록구,음식,51
02-20,22,목요일,3.0,0.0,0.0,795,경기도,안산시 상록구,음식,34
02-20,23,목요일,2.2,0.0,0.0,642,경기도,안산시 상록구,음식,33
02-21,0,금요일,1.4,0.0,0.0,576,경기도,안산시 상록구,음식,15
02-21,1,금요일,1.1,0.0,0.0,578,경기도,안산시 상록구,음식,17
02-21,2,금요일,1.6,0.0,0.0,867,경기도,안산시 상록구,음식,15
02-21,10,금요일,6.3,0.0,0.0,678,경기도,안산시 상록구,음식,7
02-21,11,금요일,7.7,0.0,0.0,1585,경기도,안산시 상록구,음식,32
02-21,12,금요일,9.0,0.0,0.0,785,경기도,안산시 상록구,음식,41
02-21,13,금요일,11.0,0.0,0.0,1128,경기도,안산시 상록구,음식,50
02-21,14,금요일,11.8,0.0,0.0,1387,경기도,안산시 상록구,음식,38
02-21,15,금요일,11.6,0.0,0.0,1581,경기도,안산시 상록구,음식,20
02-21,16,금요일,11.6,0.0,0.0,1687,경기도,안산시 상록구,음식,23
02-21,17,금요일,11.1,0.0,0.0,1811,경기도,안산시 상록구,음식,47
02-21,18,금요일,10.5,0.0,0.0,1752,경기도,안산시 상록구,음식,101
02-21,19,금요일,10.1,0.0,0.0,1719,경기도,안산시 상록구,음식,114
02-21,20,금요일,9.6,0.0,0.0,1436,경기도,안산시 상록구,음식,106
02-21,21,금요일,7.7,1.1,0.0,957,경기도,안산시 상록구,음식,91
02-21,22,금요일,7.7,0.0,0.0,900,경기도,안산시 상록구,음식,76
02-21,23,금요일,7.1,0.0,0.0,400,경기도,안산시 상록구,음식,52
02-22,0,토요일,7.1,4.0,0.0,738,경기도,안산시 상록구,음식,26
02-22,1,토요일,7.2,0.0,0.0,940,경기도,안산시 상록구,음식,26
02-22,2,토요일,7.2,0.0,0.0,1265,경기도,안산시 상록구,음식,19
02-22,10,토요일,5.6,0.0,0.0,474,경기도,안산시 상록구,음식,17
02-22,11,토요일,7.0,0.0,0.0,540,경기도,안산시 상록구,음식,69
02-22,12,토요일,7.7,0.0,0.0,793,경기도,안산시 상록구,음식,68
02-22,13,토요일,7.8,0.0,0.0,1139,경기도,안산시 상록구,음식,59
02-22,14,토요일,7.5,0.0,0.0,688,경기도,안산시 상록구,음식,44
02-22,15,토요일,6.4,0.0,0.0,678,경기도,안산시 상록구,음식,42
02-22,16,토요일,5.9,0.0,0.0,1183,경기도,안산시 상록구,음식,41
02-22,17,토요일,5.3,0.0,0.0,1476,경기도,안산시 상록구,음식,81
02-22,18,토요일,3.7,0.0,0.0,1803,경기도,안산시 상록구,음식,120
02-22,19,토요일,3.2,0.0,0.0,2000,경기도,안산시 상록구,음식,135
02-22,20,토요일,2.7,0.0,0.0,2000,경기도,안산시 상록구,음식,108
02-22,21,토요일,2.5,0.0,0.0,2000,경기도,안산시 상록구,음식,76
02-22,22,토요일,1.9,0.0,0.0,2000,경기도,안산시 상록구,음식,68
02-22,23,토요일,1.1,0.0,0.0,2000,경기도,안산시 상록구,음식,56
02-23,0,일요일,0.6,0.0,0.0,2000,경기도,안산시 상록구,음식,31
02-23,1,일요일,-0.5,0.0,0.0,2000,경기도,안산시 상록구,음식,15
02-23,2,일요일,-0.9,0.0,0.0,2000,경기도,안산시 상록구,음식,15
02-23,10,일요일,3.0,0.0,0.0,1923,경기도,안산시 상록구,음식,24
02-23,11,일요일,5.1,0.0,0.0,2000,경기도,안산시 상록구,음식,49
02-23,12,일요일,5.7,0.0,0.0,1967,경기도,안산시 상록구,음식,75
02-23,13,일요일,6.1,0.0,0.0,2000,경기도,안산시 상록구,음식,85
02-23,14,일요일,6.9,0.0,0.0,1969,경기도,안산시 상록구,음식,64
02-23,15,일요일,7.2,0.0,0.0,1998,경기도,안산시 상록구,음식,61
02-23,16,일요일,7.2,0.0,0.0,2000,경기도,안산시 상록구,음식,70
02-23,17,일요일,6.9,0.0,0.0,1990,경기도,안산시 상록구,음식,93
02-23,18,일요일,5.4,0.0,0.0,2000,경기도,안산시 상록구,음식,119
02-23,19,일요일,3.7,0.0,0.0,2000,경기도,안산시 상록구,음식,112
02-23,20,일요일,2.9,0.0,0.0,2000,경기도,안산시 상록구,음식,106
02-23,21,일요일,1.8,0.0,0.0,2000,경기도,안산시 상록구,음식,70
02-23,22,일요일,1.8,0.0,0.0,2000,경기도,안산시 상록구,음식,50
02-23,23,일요일,1.3,0.0,0.0,2000,경기도,안산시 상록구,음식,47
02-24,0,월요일,0.0,0.0,0.0,2000,경기도,안산시 상록구,음식,27
02-24,1,월요일,0.2,0.0,0.0,1906,경기도,안산시 상록구,음식,23
02-24,2,월요일,0.7,0.0,0.0,1890,경기도,안산시 상록구,음식,26
02-24,10,월요일,5.6,0.0,0.0,1967,경기도,안산시 상록구,음식,8
02-24,11,월요일,7.9,0.0,0.0,2000,경기도,안산시 상록구,음식,41
02-24,12,월요일,9.7,0.0,0.0,1986,경기도,안산시 상록구,음식,49
02-24,13,월요일,10.4,0.0,0.0,1995,경기도,안산시 상록구,음식,42
02-24,14,월요일,11.1,0.0,0.0,1999,경기도,안산시 상록구,음식,23
02-24,15,월요일,13.6,0.0,0.0,2000,경기도,안산시 상록구,음식,36
02-24,16,월요일,12.9,0.0,0.0,2000,경기도,안산시 상록구,음식,18
02-24,17,월요일,12.6,0.0,0.0,2000,경기도,안산시 상록구,음식,32
02-24,18,월요일,12.1,0.0,0.0,1994,경기도,안산시 상록구,음식,70
02-24,19,월요일,9.9,0.0,0.0,2000,경기도,안산시 상록구,음식,83
02-24,20,월요일,8.3,0.0,0.0,2022,경기도,안산시 상록구,음식,69
02-24,21,월요일,7.8,0.0,0.0,1808,경기도,안산시 상록구,음식,59
02-24,22,월요일,7.7,0.0,0.0,1657,경기도,안산시 상록구,음식,39
02-24,23,월요일,7.7,0.0,0.0,1735,경기도,안산시 상록구,음식,25
02-25,0,화요일,8.0,0.0,0.0,1806,경기도,안산시 상록구,음식,19
02-25,1,화요일,7.1,0.0,0.0,828,경기도,안산시 상록구,음식,19
02-25,2,화요일,6.1,0.0,0.0,806,경기도,안산시 상록구,음식,25
02-25,10,화요일,6.2,0.0,0.0,814,경기도,안산시 상록구,음식,16
02-25,11,화요일,6.3,0.0,0.0,650,경기도,안산시 상록구,음식,42
02-25,12,화요일,6.6,8.4,0.0,1353,경기도,안산시 상록구,음식,45
02-25,13,화요일,6.6,0.0,0.0,1572,경기도,안산시 상록구,음식,41
02-25,14,화요일,7.0,0.0,0.0,1590,경기도,안산시 상록구,음식,37
02-25,15,화요일,7.4,3.2,0.0,2000,경기도,안산시 상록구,음식,30
02-25,16,화요일,7.7,0.0,0.0,2000,경기도,안산시 상록구,음식,20
02-25,17,화요일,8.0,0.0,0.0,2000,경기도,안산시 상록구,음식,42
02-25,18,화요일,8.1,0.0,0.0,2000,경기도,안산시 상록구,음식,93
02-25,19,화요일,8.2,0.0,0.0,2000,경기도,안산시 상록구,음식,121
02-25,20,화요일,8.1,0.0,0.0,2000,경기도,안산시 상록구,음식,91
02-25,21,화요일,8.0,0.0,0.0,2000,경기도,안산시 상록구,음식,86
02-25,22,화요일,7.7,0.0,0.0,2000,경기도,안산시 상록구,음식,49
02-25,23,화요일,7.0,0.0,0.0,2000,경기도,안산시 상록구,음식,35
02-26,0,수요일,6.2,0.0,0.0,2000,경기도,안산시 상록구,음식,21
02-26,1,수요일,5.4,0.0,0.0,2000,경기도,안산시 상록구,음식,4
02-26,2,수요일,3.9,0.0,0.0,2000,경기도,안산시 상록구,음식,17
02-26,10,수요일,8.5,0.0,0.0,2000,경기도,안산시 상록구,음식,11
02-26,11,수요일,9.7,0.0,0.0,2000,경기도,안산시 상록구,음식,44
02-26,12,수요일,10.7,0.0,0.0,2000,경기도,안산시 상록구,음식,46
02-26,13,수요일,10.9,0.0,0.0,1962,경기도,안산시 상록구,음식,45
02-26,14,수요일,10.6,0.0,0.0,2000,경기도,안산시 상록구,음식,30
02-26,15,수요일,10.8,0.0,0.0,2000,경기도,안산시 상록구,음식,27
02-26,16,수요일,10.4,0.0,0.0,1996,경기도,안산시 상록구,음식,25
02-26,17,수요일,8.9,0.0,0.0,2000,경기도,안산시 상록구,음식,65
02-26,18,수요일,7.2,0.0,0.0,2000,경기도,안산시 상록구,음식,106
02-26,19,수요일,5.7,0.0,0.0,2000,경기도,안산시 상록구,음식,135
02-26,20,수요일,5.5,0.0,0.0,1462,경기도,안산시 상록구,음식,94
02-26,21,수요일,4.6,0.0,0.0,1341,경기도,안산시 상록구,음식,70
02-26,22,수요일,4.2,0.0,0.0,1108,경기도,안산시 상록구,음식,32
02-26,23,수요일,3.4,0.0,0.0,1248,경기도,안산시 상록구,음식,23
02-27,0,목요일,2.6,0.0,0.0,780,경기도,안산시 상록구,음식,13
02-27,1,목요일,2.4,0.0,0.0,1230,경기도,안산시 상록구,음식,20
02-27,2,목요일,1.8,0.0,0.0,740,경기도,안산시 상록구,음식,15
02-27,10,목요일,6.9,0.0,0.0,2000,경기도,안산시 상록구,음식,11
02-27,11,목요일,8.3,0.0,0.0,2000,경기도,안산시 상록구,음식,29
02-27,12,목요일,9.2,0.0,0.0,2000,경기도,안산시 상록구,음식,50
02-27,13,목요일,9.4,0.0,0.0,1986,경기도,안산시 상록구,음식,42
02-27,14,목요일,9.6,0.0,0.0,2000,경기도,안산시 상록구,음식,27
02-27,15,목요일,10.6,0.0,0.0,1999,경기도,안산시 상록구,음식,32
02-27,16,목요일,10.9,0.0,0.0,2000,경기도,안산시 상록구,음식,27
02-27,17,목요일,10.6,0.0,0.0,2000,경기도,안산시 상록구,음식,49
02-27,18,목요일,8.5,0.0,0.0,2000,경기도,안산시 상록구,음식,93
02-27,19,목요일,6.6,0.0,0.0,1999,경기도,안산시 상록구,음식,117
02-27,20,목요일,5.7,0.0,0.0,1851,경기도,안산시 상록구,음식,84
02-27,21,목요일,4.6,0.0,0.0,1995,경기도,안산시 상록구,음식,75
02-27,22,목요일,4.2,0.0,0.0,2021,경기도,안산시 상록구,음식,54
02-27,23,목요일,3.7,0.0,0.0,1901,경기도,안산시 상록구,음식,41
02-28,0,금요일,3.4,0.0,0.0,1482,경기도,안산시 상록구,음식,23
02-28,1,금요일,3.2,0.0,0.0,1390,경기도,안산시 상록구,음식,11
02-28,2,금요일,3.2,0.0,0.0,1215,경기도,안산시 상록구,음식,17
02-28,10,금요일,4.8,0.0,0.0,1558,경기도,안산시 상록구,음식,11
02-28,11,금요일,3.7,0.0,0.0,758,경기도,안산시 상록구,음식,40
02-28,12,금요일,3.0,2.4,0.0,935,경기도,안산시 상록구,음식,53
02-28,13,금요일,3.6,0.0,0.0,829,경기도,안산시 상록구,음식,53
02-28,14,금요일,4.1,0.0,0.0,679,경기도,안산시 상록구,음식,28
02-28,15,금요일,4.8,2.6,0.0,1253,경기도,안산시 상록구,음식,41
02-28,16,금요일,5.3,0.0,0.0,967,경기도,안산시 상록구,음식,38
02-28,17,금요일,5.5,0.0,0.0,812,경기도,안산시 상록구,음식,73
02-28,18,금요일,5.4,0.2,0.0,876,경기도,안산시 상록구,음식,109
02-28,19,금요일,5.4,0.0,0.0,908,경기도,안산시 상록구,음식,141
02-28,20,금요일,5.5,0.0,0.0,718,경기도,안산시 상록구,음식,150
02-28,21,금요일,5.7,0.0,0.0,667,경기도,안산시 상록구,음식,93
02-28,22,금요일,5.6,0.0,0.0,532,경기도,안산시 상록구,음식,70
02-28,23,금요일,5.6,0.0,0.0,582,경기도,안산시 상록구,음식,56
02-29,0,토요일,5.2,0.0,0.0,534,경기도,안산시 상록구,음식,33
02-29,1,토요일,5.4,0.0,0.0,690,경기도,안산시 상록구,음식,16
02-29,2,토요일,5.2,0.0,0.0,515,경기도,안산시 상록구,음식,25
02-29,10,토요일,6.9,0.0,0.0,845,경기도,안산시 상록구,음식,29
02-29,11,토요일,7.1,0.0,0.0,1138,경기도,안산시 상록구,음식,61
02-29,12,토요일,9.4,0.0,0.0,1778,경기도,안산시 상록구,음식,76
02-29,13,토요일,11.4,0.0,0.0,1800,경기도,안산시 상록구,음식,72
02-29,14,토요일,12.0,0.0,0.0,1915,경기도,안산시 상록구,음식,69
02-29,15,토요일,12.4,0.0,0.0,1876,경기도,안산시 상록구,음식,51
02-29,16,토요일,11.7,0.0,0.0,1786,경기도,안산시 상록구,음식,58
02-29,17,토요일,11.1,0.0,0.0,1887,경기도,안산시 상록구,음식,100
02-29,18,토요일,9.3,0.0,0.0,1886,경기도,안산시 상록구,음식,119
02-29,19,토요일,7.1,0.0,0.0,1783,경기도,안산시 상록구,음식,141
02-29,20,토요일,6.0,0.0,0.0,1242,경기도,안산시 상록구,음식,93
02-29,21,토요일,5.4,0.0,0.0,883,경기도,안산시 상록구,음식,87
02-29,22,토요일,4.6,0.0,0.0,714,경기도,안산시 상록구,음식,69
02-29,23,토요일,3.9,0.0,0.0,545,경기도,안산시 상록구,음식,51
03-01,0,일요일,3.4,0.0,0.0,637,경기도,안산시 상록구,음식,28
03-01,1,일요일,3.1,0.0,0.0,561,경기도,안산시 상록구,음식,13
03-01,2,일요일,1.5,0.0,0.0,316,경기도,안산시 상록구,음식,23
03-01,10,일요일,4.1,0.0,0.0,581,경기도,안산시 상록구,음식,26
03-01,11,일요일,6.2,0.0,0.0,693,경기도,안산시 상록구,음식,46
03-01,12,일요일,8.6,0.0,0.0,889,경기도,안산시 상록구,음식,93
03-01,13,일요일,9.6,0.0,0.0,784,경기도,안산시 상록구,음식,81
03-01,14,일요일,9.7,0.0,0.0,740,경기도,안산시 상록구,음식,79
03-01,15,일요일,7.9,0.0,0.0,900,경기도,안산시 상록구,음식,88
03-01,16,일요일,6.4,0.0,0.0,1202,경기도,안산시 상록구,음식,104
03-01,17,일요일,6.2,0.0,0.0,1155,경기도,안산시 상록구,음식,113
03-01,18,일요일,5.9,0.0,0.0,960,경기도,안산시 상록구,음식,151
03-01,19,일요일,5.5,0.0,0.0,789,경기도,안산시 상록구,음식,138
03-01,20,일요일,5.1,0.0,0.0,797,경기도,안산시 상록구,음식,122
03-01,21,일요일,5.1,0.0,0.0,742,경기도,안산시 상록구,음식,83
03-01,22,일요일,5.2,0.0,0.0,592,경기도,안산시 상록구,음식,56
03-01,23,일요일,4.9,0.0,0.0,585,경기도,안산시 상록구,음식,39
03-02,0,월요일,4.9,0.0,0.0,670,경기도,안산시 상록구,음식,29
03-02,1,월요일,4.6,0.0,0.0,1149,경기도,안산시 상록구,음식,17
03-02,2,월요일,3.6,0.0,0.0,1074,경기도,안산시 상록구,음식,23
03-02,10,월요일,3.3,0.0,0.0,1771,경기도,안산시 상록구,음식,22
03-02,11,월요일,4.0,0.0,0.0,1879,경기도,안산시 상록구,음식,55
03-02,12,월요일,4.9,0.0,0.0,1815,경기도,안산시 상록구,음식,58
03-02,13,월요일,6.0,0.0,0.0,1816,경기도,안산시 상록구,음식,50
03-02,14,월요일,5.9,0.0,0.0,1841,경기도,안산시 상록구,음식,43
03-02,15,월요일,5.6,0.0,0.0,2000,경기도,안산시 상록구,음식,32
03-02,16,월요일,6.4,0.0,0.0,1872,경기도,안산시 상록구,음식,23
03-02,17,월요일,5.5,0.0,0.0,1989,경기도,안산시 상록구,음식,46
03-02,18,월요일,4.5,0.0,0.0,2000,경기도,안산시 상록구,음식,88
03-02,19,월요일,3.8,0.0,0.0,2000,경기도,안산시 상록구,음식,96
03-02,20,월요일,3.0,0.0,0.0,1996,경기도,안산시 상록구,음식,82
03-02,21,월요일,2.5,0.0,0.0,1961,경기도,안산시 상록구,음식,63
03-02,22,월요일,1.9,0.0,0.0,1969,경기도,안산시 상록구,음식,38
03-02,23,월요일,1.7,0.0,0.0,1811,경기도,안산시 상록구,음식,26
03-03,0,화요일,0.6,0.0,0.0,1480,경기도,안산시 상록구,음식,12
03-03,1,화요일,0.1,0.0,0.0,1283,경기도,안산시 상록구,음식,10
03-03,2,화요일,-0.5,0.0,0.0,1022,경기도,안산시 상록구,음식,19
03-03,9,화요일,4.3,0.0,0.0,1006,경기도,안산시 상록구,음식,1
03-03,10,화요일,6.7,0.0,0.0,1259,경기도,안산시 상록구,음식,15
03-03,11,화요일,7.8,0.0,0.0,1448,경기도,안산시 상록구,음식,37
03-03,12,화요일,8.9,0.0,0.0,1568,경기도,안산시 상록구,음식,54
03-03,13,화요일,10.0,0.0,0.0,1458,경기도,안산시 상록구,음식,47
03-03,14,화요일,10.3,0.0,0.0,1445,경기도,안산시 상록구,음식,21
03-03,15,화요일,10.4,0.0,0.0,1437,경기도,안산시 상록구,음식,26
03-03,16,화요일,9.7,0.0,0.0,1190,경기도,안산시 상록구,음식,25
03-03,17,화요일,8.6,0.0,0.0,1079,경기도,안산시 상록구,음식,34
03-03,18,화요일,6.4,0.0,0.0,1096,경기도,안산시 상록구,음식,93
03-03,19,화요일,5.1,0.0,0.0,838,경기도,안산시 상록구,음식,121
03-03,20,화요일,4.5,0.0,0.0,950,경기도,안산시 상록구,음식,97
03-03,21,화요일,3.8,0.0,0.0,1118,경기도,안산시 상록구,음식,61
03-03,22,화요일,3.2,0.0,0.0,1610,경기도,안산시 상록구,음식,48
03-03,23,화요일,3.0,0.0,0.0,1621,경기도,안산시 상록구,음식,40
03-04,0,수요일,2.9,0.0,0.0,1517,경기도,안산시 상록구,음식,6
03-04,1,수요일,3.2,0.0,0.0,1689,경기도,안산시 상록구,음식,8
03-04,2,수요일,3.6,0.0,0.0,1561,경기도,안산시 상록구,음식,7
03-04,10,수요일,4.3,0.0,0.0,1386,경기도,안산시 상록구,음식,10
03-04,11,수요일,4.4,0.0,0.0,1309,경기도,안산시 상록구,음식,43
03-04,12,수요일,4.4,0.0,0.0,1294,경기도,안산시 상록구,음식,63
03-04,13,수요일,5.0,0.0,0.0,1665,경기도,안산시 상록구,음식,61
03-04,14,수요일,4.2,0.0,0.0,1375,경기도,안산시 상록구,음식,40
03-04,15,수요일,3.2,0.0,0.0,1425,경기도,안산시 상록구,음식,36
03-04,16,수요일,3.2,0.0,0.0,1412,경기도,안산시 상록구,음식,44
03-04,17,수요일,2.2,0.0,0.0,1062,경기도,안산시 상록구,음식,60
03-04,18,수요일,1.8,0.0,0.0,1105,경기도,안산시 상록구,음식,123
03-04,19,수요일,1.2,0.0,0.0,1421,경기도,안산시 상록구,음식,125
03-04,20,수요일,0.7,0.0,0.0,1485,경기도,안산시 상록구,음식,84
03-04,21,수요일,0.3,0.0,0.0,1282,경기도,안산시 상록구,음식,70
03-04,22,수요일,0.0,0.0,0.0,1315,경기도,안산시 상록구,음식,53
03-04,23,수요일,-0.1,0.0,0.0,1235,경기도,안산시 상록구,음식,36
03-05,0,목요일,-0.8,0.0,0.0,1162,경기도,안산시 상록구,음식,20
03-05,1,목요일,-1.3,0.0,0.0,1198,경기도,안산시 상록구,음식,18
03-05,2,목요일,-1.2,0.0,0.0,1102,경기도,안산시 상록구,음식,19
03-05,10,목요일,0.7,0.0,0.0,1686,경기도,안산시 상록구,음식,10
03-05,11,목요일,2.3,0.0,0.0,1897,경기도,안산시 상록구,음식,52
03-05,12,목요일,3.6,0.0,0.0,1930,경기도,안산시 상록구,음식,57
03-05,13,목요일,4.3,0.0,0.0,1893,경기도,안산시 상록구,음식,38
03-05,14,목요일,5.0,0.0,0.0,1930,경기도,안산시 상록구,음식,41
03-05,15,목요일,5.3,0.0,0.0,1872,경기도,안산시 상록구,음식,48
03-05,16,목요일,4.9,0.0,0.0,1982,경기도,안산시 상록구,음식,40
03-05,17,목요일,4.6,0.0,0.0,1827,경기도,안산시 상록구,음식,42
03-05,18,목요일,3.6,0.0,0.0,1992,경기도,안산시 상록구,음식,125
03-05,19,목요일,2.3,0.0,0.0,2000,경기도,안산시 상록구,음식,122
03-05,20,목요일,1.9,0.0,0.0,2000,경기도,안산시 상록구,음식,112
03-05,21,목요일,1.2,0.0,0.0,2000,경기도,안산시 상록구,음식,84
03-05,22,목요일,0.4,0.0,0.0,2000,경기도,안산시 상록구,음식,61
03-05,23,목요일,-0.1,0.0,0.0,2025,경기도,안산시 상록구,음식,52
03-06,0,금요일,-0.8,0.0,0.0,1764,경기도,안산시 상록구,음식,14
03-06,1,금요일,-1.1,0.0,0.0,1649,경기도,안산시 상록구,음식,14
03-06,2,금요일,-1.9,0.0,0.0,1359,경기도,안산시 상록구,음식,8
03-06,10,금요일,2.7,0.0,0.0,1666,경기도,안산시 상록구,음식,10
03-06,11,금요일,4.8,0.0,0.0,1892,경기도,안산시 상록구,음식,38
03-06,12,금요일,6.0,0.0,0.0,1936,경기도,안산시 상록구,음식,47
03-06,13,금요일,6.6,0.0,0.0,1998,경기도,안산시 상록구,음식,38
03-06,14,금요일,8.7,0.0,0.0,2022,경기도,안산시 상록구,음식,29
03-06,15,금요일,9.9,0.0,0.0,1999,경기도,안산시 상록구,음식,35
03-06,16,금요일,10.2,0.0,0.0,1885,경기도,안산시 상록구,음식,40
03-06,17,금요일,8.8,0.0,0.0,1988,경기도,안산시 상록구,음식,48
03-06,18,금요일,7.4,0.0,0.0,1996,경기도,안산시 상록구,음식,109
03-06,19,금요일,5.4,0.0,0.0,2047,경기도,안산시 상록구,음식,121
03-06,20,금요일,4.5,0.0,0.0,1688,경기도,안산시 상록구,음식,105
03-06,21,금요일,3.6,0.0,0.0,1552,경기도,안산시 상록구,음식,87
03-06,22,금요일,3.0,0.0,0.0,1863,경기도,안산시 상록구,음식,52
03-06,23,금요일,2.0,0.0,0.0,1632,경기도,안산시 상록구,음식,53
03-07,0,토요일,1.4,0.0,0.0,1431,경기도,안산시 상록구,음식,21
03-07,1,토요일,1.8,0.0,0.0,1304,경기도,안산시 상록구,음식,9
03-07,2,토요일,0.7,0.0,0.0,1108,경기도,안산시 상록구,음식,10
03-07,10,토요일,7.2,0.0,0.0,1740,경기도,안산시 상록구,음식,13
03-07,11,토요일,9.1,0.0,0.0,1591,경기도,안산시 상록구,음식,68
03-07,12,토요일,9.8,0.0,0.0,1722,경기도,안산시 상록구,음식,78
03-07,13,토요일,10.7,0.0,0.0,1902,경기도,안산시 상록구,음식,71
03-07,14,토요일,11.8,0.0,0.0,1854,경기도,안산시 상록구,음식,47
03-07,15,토요일,12.2,0.0,0.0,1984,경기도,안산시 상록구,음식,48
03-07,16,토요일,11.5,0.0,0.0,1989,경기도,안산시 상록구,음식,71
03-07,17,토요일,11.1,0.0,0.0,1698,경기도,안산시 상록구,음식,72
03-07,18,토요일,9.4,0.0,0.0,1670,경기도,안산시 상록구,음식,141
03-07,19,토요일,7.0,0.0,0.0,1126,경기도,안산시 상록구,음식,134
03-07,20,토요일,5.6,0.0,0.0,1107,경기도,안산시 상록구,음식,111
03-07,21,토요일,5.1,0.0,0.0,1319,경기도,안산시 상록구,음식,101
03-07,22,토요일,3.5,0.0,0.0,1114,경기도,안산시 상록구,음식,68
03-07,23,토요일,3.3,0.0,0.0,1079,경기도,안산시 상록구,음식,51
03-08,0,일요일,2.8,0.0,0.0,788,경기도,안산시 상록구,음식,26
03-08,1,일요일,1.7,0.0,0.0,969,경기도,안산시 상록구,음식,17
03-08,2,일요일,1.8,0.0,0.0,1475,경기도,안산시 상록구,음식,14
03-08,10,일요일,7.6,0.0,0.0,668,경기도,안산시 상록구,음식,18
03-08,11,일요일,10.5,0.0,0.0,854,경기도,안산시 상록구,음식,70
03-08,12,일요일,12.9,0.0,0.0,1098,경기도,안산시 상록구,음식,77
03-08,13,일요일,14.0,0.0,0.0,1239,경기도,안산시 상록구,음식,78
03-08,14,일요일,14.8,0.0,0.0,1756,경기도,안산시 상록구,음식,79
03-08,15,일요일,16.5,0.0,0.0,1912,경기도,안산시 상록구,음식,66
03-08,16,일요일,16.6,0.0,0.0,1947,경기도,안산시 상록구,음식,70
03-08,17,일요일,14.7,0.0,0.0,817,경기도,안산시 상록구,음식,83
03-08,18,일요일,13.0,0.0,0.0,951,경기도,안산시 상록구,음식,140
03-08,19,일요일,10.2,0.0,0.0,1010,경기도,안산시 상록구,음식,130
03-08,20,일요일,8.8,0.0,0.0,619,경기도,안산시 상록구,음식,102
03-08,21,일요일,7.1,0.0,0.0,833,경기도,안산시 상록구,음식,90
03-08,22,일요일,6.2,0.0,0.0,825,경기도,안산시 상록구,음식,47
03-08,23,일요일,5.2,0.0,0.0,1331,경기도,안산시 상록구,음식,42
03-09,0,월요일,4.4,0.0,0.0,700,경기도,안산시 상록구,음식,23
03-09,1,월요일,4.5,0.0,0.0,613,경기도,안산시 상록구,음식,21
03-09,2,월요일,3.3,0.0,0.0,620,경기도,안산시 상록구,음식,12
03-09,3,월요일,2.8,0.0,0.0,565,경기도,안산시 상록구,음식,1
03-09,10,월요일,10.1,0.0,0.0,533,경기도,안산시 상록구,음식,22
03-09,11,월요일,12.7,0.0,0.0,624,경기도,안산시 상록구,음식,37
03-09,12,월요일,14.3,0.0,0.0,638,경기도,안산시 상록구,음식,69
03-09,13,월요일,15.9,0.0,0.0,819,경기도,안산시 상록구,음식,47
03-09,14,월요일,16.2,0.0,0.0,1137,경기도,안산시 상록구,음식,34
03-09,15,월요일,15.9,0.0,0.0,1056,경기도,안산시 상록구,음식,31
03-09,16,월요일,15.5,0.0,0.0,1602,경기도,안산시 상록구,음식,30
03-09,17,월요일,13.3,0.0,0.0,606,경기도,안산시 상록구,음식,49
03-09,18,월요일,12.8,0.0,0.0,1045,경기도,안산시 상록구,음식,80
03-09,19,월요일,12.7,0.0,0.0,1188,경기도,안산시 상록구,음식,98
03-09,20,월요일,11.6,0.0,0.0,1406,경기도,안산시 상록구,음식,56
03-09,21,월요일,11.9,0.0,0.0,1498,경기도,안산시 상록구,음식,54
03-09,22,월요일,10.7,0.0,0.0,1937,경기도,안산시 상록구,음식,36
03-09,23,월요일,10.1,0.0,0.0,1172,경기도,안산시 상록구,음식,28
03-10,0,화요일,8.6,0.2,0.0,945,경기도,안산시 상록구,음식,17
03-10,1,화요일,7.6,0.0,0.0,700,경기도,안산시 상록구,음식,17
03-10,2,화요일,7.5,0.0,0.0,906,경기도,안산시 상록구,음식,16
03-10,10,화요일,7.5,0.0,0.0,748,경기도,안산시 상록구,음식,20
03-10,11,화요일,7.7,0.0,0.0,1118,경기도,안산시 상록구,음식,43
03-10,12,화요일,8.0,3.1,0.0,1065,경기도,안산시 상록구,음식,57
03-10,13,화요일,7.4,0.0,0.0,1481,경기도,안산시 상록구,음식,47
03-10,14,화요일,7.9,0.0,0.0,1703,경기도,안산시 상록구,음식,39
03-10,15,화요일,7.1,0.2,0.0,1100,경기도,안산시 상록구,음식,45
03-10,16,화요일,7.1,0.0,0.0,2035,경기도,안산시 상록구,음식,21
03-10,17,화요일,7.0,0.0,0.0,875,경기도,안산시 상록구,음식,60
03-10,18,화요일,6.9,0.0,0.0,800,경기도,안산시 상록구,음식,97
03-10,19,화요일,6.9,0.0,0.0,1326,경기도,안산시 상록구,음식,110
03-10,20,화요일,6.2,0.0,0.0,1973,경기도,안산시 상록구,음식,97
03-10,21,화요일,5.6,0.0,0.0,2000,경기도,안산시 상록구,음식,86
03-10,22,화요일,5.0,0.0,0.0,2000,경기도,안산시 상록구,음식,59
03-10,23,화요일,4.4,0.0,0.0,2000,경기도,안산시 상록구,음식,35
03-11,0,수요일,3.9,0.0,0.0,1965,경기도,안산시 상록구,음식,20
03-11,1,수요일,3.9,0.0,0.0,1930,경기도,안산시 상록구,음식,12
03-11,2,수요일,2.9,0.0,0.0,1677,경기도,안산시 상록구,음식,10
03-11,10,수요일,4.2,0.0,0.0,1994,경기도,안산시 상록구,음식,5
03-11,11,수요일,5.2,0.0,0.0,2013,경기도,안산시 상록구,음식,37
03-11,12,수요일,5.7,0.0,0.0,1948,경기도,안산시 상록구,음식,56
03-11,13,수요일,6.4,0.0,0.0,2000,경기도,안산시 상록구,음식,58
03-11,14,수요일,6.5,0.0,0.0,2000,경기도,안산시 상록구,음식,34
03-11,15,수요일,6.6,0.0,0.0,2000,경기도,안산시 상록구,음식,32
03-11,16,수요일,6.9,0.0,0.0,2015,경기도,안산시 상록구,음식,25
03-11,17,수요일,6.2,0.0,0.0,1950,경기도,안산시 상록구,음식,53
03-11,18,수요일,5.9,0.0,0.0,2000,경기도,안산시 상록구,음식,103
03-11,19,수요일,4.3,0.0,0.0,1961,경기도,안산시 상록구,음식,133
03-11,20,수요일,3.7,0.0,0.0,1984,경기도,안산시 상록구,음식,96
03-11,21,수요일,2.7,0.0,0.0,1674,경기도,안산시 상록구,음식,71
03-11,22,수요일,2.3,0.0,0.0,2000,경기도,안산시 상록구,음식,69
03-11,23,수요일,1.9,0.0,0.0,2000,경기도,안산시 상록구,음식,35
03-12,0,목요일,0.9,0.0,0.0,2000,경기도,안산시 상록구,음식,21
03-12,1,목요일,0.8,0.0,0.0,1948,경기도,안산시 상록구,음식,15
03-12,2,목요일,0.8,0.0,0.0,1996,경기도,안산시 상록구,음식,4
03-12,10,목요일,6.9,0.0,0.0,1937,경기도,안산시 상록구,음식,18
03-12,11,목요일,8.3,0.0,0.0,1999,경기도,안산시 상록구,음식,40
03-12,12,목요일,10.0,0.0,0.0,1991,경기도,안산시 상록구,음식,60
03-12,13,목요일,11.5,0.0,0.0,2000,경기도,안산시 상록구,음식,38
03-12,14,목요일,12.6,0.0,0.0,2000,경기도,안산시 상록구,음식,30
03-12,15,목요일,13.9,0.0,0.0,1996,경기도,안산시 상록구,음식,26
03-12,16,목요일,13.4,0.0,0.0,2000,경기도,안산시 상록구,음식,32
03-12,17,목요일,11.8,0.0,0.0,2000,경기도,안산시 상록구,음식,58
03-12,18,목요일,10.4,0.0,0.0,2000,경기도,안산시 상록구,음식,89
03-12,19,목요일,8.7,0.0,0.0,2000,경기도,안산시 상록구,음식,119
03-12,20,목요일,8.3,0.0,0.0,2000,경기도,안산시 상록구,음식,83
03-12,21,목요일,6.8,0.0,0.0,1868,경기도,안산시 상록구,음식,69
03-12,22,목요일,6.5,0.0,0.0,2003,경기도,안산시 상록구,음식,50
03-12,23,목요일,6.3,0.0,0.0,1955,경기도,안산시 상록구,음식,33
03-13,0,금요일,6.1,0.0,0.0,1808,경기도,안산시 상록구,음식,11
03-13,1,금요일,6.6,0.0,0.0,1915,경기도,안산시 상록구,음식,16
03-13,2,금요일,6.9,0.0,0.0,1620,경기도,안산시 상록구,음식,13
03-13,10,금요일,6.2,0.0,0.0,1982,경기도,안산시 상록구,음식,12
03-13,11,금요일,7.7,0.0,0.0,2000,경기도,안산시 상록구,음식,46
03-13,12,금요일,8.6,0.0,0.0,2000,경기도,안산시 상록구,음식,59
03-13,13,금요일,9.6,0.0,0.0,1999,경기도,안산시 상록구,음식,35
03-13,14,금요일,8.9,0.0,0.0,2000,경기도,안산시 상록구,음식,47
03-13,15,금요일,8.4,0.0,0.0,2000,경기도,안산시 상록구,음식,37
03-13,16,금요일,7.8,0.0,0.0,1996,경기도,안산시 상록구,음식,49
03-13,17,금요일,6.4,0.0,0.0,2000,경기도,안산시 상록구,음식,59
03-13,18,금요일,4.5,0.0,0.0,2000,경기도,안산시 상록구,음식,135
03-13,19,금요일,4.0,0.0,0.0,2072,경기도,안산시 상록구,음식,150
03-13,20,금요일,2.8,0.0,0.0,1877,경기도,안산시 상록구,음식,109
03-13,21,금요일,3.0,0.0,0.0,2000,경기도,안산시 상록구,음식,86
03-13,22,금요일,2.1,0.0,0.0,2000,경기도,안산시 상록구,음식,64
03-13,23,금요일,1.4,0.0,0.0,2000,경기도,안산시 상록구,음식,46
03-14,0,토요일,0.6,0.0,0.0,2000,경기도,안산시 상록구,음식,24
03-14,1,토요일,-0.5,0.0,0.0,2000,경기도,안산시 상록구,음식,16
03-14,2,토요일,-1.0,0.0,0.0,2000,경기도,안산시 상록구,음식,19
03-14,10,토요일,4.5,0.0,0.0,2000,경기도,안산시 상록구,음식,22
03-14,11,토요일,5.6,0.0,0.0,2000,경기도,안산시 상록구,음식,56
03-14,12,토요일,7.4,0.0,0.0,1928,경기도,안산시 상록구,음식,67
03-14,13,토요일,7.4,0.0,0.0,2000,경기도,안산시 상록구,음식,87
03-14,14,토요일,8.3,0.0,0.0,2000,경기도,안산시 상록구,음식,61
03-14,15,토요일,8.2,0.0,0.0,2000,경기도,안산시 상록구,음식,62
03-14,16,토요일,8.3,0.0,0.0,1977,경기도,안산시 상록구,음식,46
03-14,17,토요일,8.2,0.0,0.0,2000,경기도,안산시 상록구,음식,79
03-14,18,토요일,7.3,0.0,0.0,1718,경기도,안산시 상록구,음식,149
03-14,19,토요일,6.2,0.0,0.0,1579,경기도,안산시 상록구,음식,144
03-14,20,토요일,5.4,0.0,0.0,1084,경기도,안산시 상록구,음식,136
03-14,21,토요일,5.8,0.0,0.0,889,경기도,안산시 상록구,음식,106
03-14,22,토요일,5.2,0.0,0.0,607,경기도,안산시 상록구,음식,92
03-14,23,토요일,4.6,0.0,0.0,504,경기도,안산시 상록구,음식,54
03-15,0,일요일,4.0,0.0,0.0,602,경기도,안산시 상록구,음식,32
03-15,1,일요일,4.0,0.0,0.0,1569,경기도,안산시 상록구,음식,21
03-15,2,일요일,3.3,0.0,0.0,1623,경기도,안산시 상록구,음식,16
03-15,10,일요일,7.7,0.0,0.0,1903,경기도,안산시 상록구,음식,29
03-15,11,일요일,8.8,0.0,0.0,1991,경기도,안산시 상록구,음식,76
03-15,12,일요일,8.4,0.0,0.0,1997,경기도,안산시 상록구,음식,69
03-15,13,일요일,8.6,0.0,0.0,1992,경기도,안산시 상록구,음식,97
03-15,14,일요일,7.8,0.0,0.0,1962,경기도,안산시 상록구,음식,55
03-15,15,일요일,7.8,0.0,0.0,2000,경기도,안산시 상록구,음식,62
03-15,16,일요일,6.7,0.0,0.0,1996,경기도,안산시 상록구,음식,74
03-15,17,일요일,5.4,0.0,0.0,2000,경기도,안산시 상록구,음식,104
03-15,18,일요일,4.6,0.0,0.0,2000,경기도,안산시 상록구,음식,137
03-15,19,일요일,3.5,0.0,0.0,2000,경기도,안산시 상록구,음식,142
03-15,20,일요일,2.8,0.0,0.0,2000,경기도,안산시 상록구,음식,101
03-15,21,일요일,2.5,0.0,0.0,2000,경기도,안산시 상록구,음식,94
03-15,22,일요일,1.9,0.0,0.0,2000,경기도,안산시 상록구,음식,71
03-15,23,일요일,1.1,0.0,0.0,2000,경기도,안산시 상록구,음식,50
03-16,0,월요일,1.1,0.0,0.0,2000,경기도,안산시 상록구,음식,26
03-16,1,월요일,0.4,0.0,0.0,2000,경기도,안산시 상록구,음식,20
03-16,2,월요일,0.1,0.0,0.0,2000,경기도,안산시 상록구,음식,21
03-16,10,월요일,4.6,0.0,0.0,2000,경기도,안산시 상록구,음식,12
03-16,11,월요일,5.9,0.0,0.0,2000,경기도,안산시 상록구,음식,53
03-16,12,월요일,7.3,0.0,0.0,1994,경기도,안산시 상록구,음식,65
03-16,13,월요일,7.7,0.0,0.0,2000,경기도,안산시 상록구,음식,61
03-16,14,월요일,8.2,0.0,0.0,2000,경기도,안산시 상록구,음식,38
03-16,15,월요일,8.8,0.0,0.0,2000,경기도,안산시 상록구,음식,33
03-16,16,월요일,8.2,0.0,0.0,2000,경기도,안산시 상록구,음식,42
03-16,17,월요일,6.7,0.0,0.0,2000,경기도,안산시 상록구,음식,56
03-16,18,월요일,5.6,0.0,0.0,2000,경기도,안산시 상록구,음식,108
03-16,19,월요일,4.1,0.0,0.0,2000,경기도,안산시 상록구,음식,105
03-16,20,월요일,3.4,0.0,0.0,2000,경기도,안산시 상록구,음식,70
03-16,21,월요일,3.0,0.0,0.0,2000,경기도,안산시 상록구,음식,56
03-16,22,월요일,2.4,0.0,0.0,2000,경기도,안산시 상록구,음식,33
03-16,23,월요일,2.1,0.0,0.0,2000,경기도,안산시 상록구,음식,15
03-17,0,화요일,1.6,0.0,0.0,1995,경기도,안산시 상록구,음식,10
03-17,1,화요일,2.1,0.0,0.0,2000,경기도,안산시 상록구,음식,10
03-17,2,화요일,2.5,0.0,0.0,1998,경기도,안산시 상록구,음식,6
03-17,10,화요일,4.6,0.0,0.0,1890,경기도,안산시 상록구,음식,11
03-17,11,화요일,5.2,0.0,0.0,1967,경기도,안산시 상록구,음식,34
03-17,12,화요일,5.9,0.0,0.0,1383,경기도,안산시 상록구,음식,46
03-17,13,화요일,7.6,0.0,0.0,1616,경기도,안산시 상록구,음식,27
03-17,14,화요일,11.2,0.0,0.0,1182,경기도,안산시 상록구,음식,45
03-17,15,화요일,12.3,0.0,0.0,1167,경기도,안산시 상록구,음식,19
03-17,16,화요일,12.6,0.0,0.0,1153,경기도,안산시 상록구,음식,22
03-17,17,화요일,11.9,0.0,0.0,1100,경기도,안산시 상록구,음식,50
03-17,18,화요일,10.5,0.0,0.0,874,경기도,안산시 상록구,음식,88
03-17,19,화요일,8.6,0.0,0.0,727,경기도,안산시 상록구,음식,107
03-17,20,화요일,7.4,0.0,0.0,717,경기도,안산시 상록구,음식,86
03-17,21,화요일,6.2,0.0,0.0,711,경기도,안산시 상록구,음식,68
03-17,22,화요일,5.3,0.0,0.0,666,경기도,안산시 상록구,음식,56
03-17,23,화요일,4.2,0.0,0.0,591,경기도,안산시 상록구,음식,33
03-18,0,수요일,2.4,0.0,0.0,520,경기도,안산시 상록구,음식,20
03-18,1,수요일,2.4,0.0,0.0,418,경기도,안산시 상록구,음식,22
03-18,2,수요일,1.7,0.0,0.0,429,경기도,안산시 상록구,음식,16
03-18,10,수요일,8.4,0.0,0.0,893,경기도,안산시 상록구,음식,23
03-18,11,수요일,11.1,0.0,0.0,1469,경기도,안산시 상록구,음식,50
03-18,12,수요일,13.4,0.0,0.0,1800,경기도,안산시 상록구,음식,68
03-18,13,수요일,14.9,0.0,0.0,1980,경기도,안산시 상록구,음식,52
03-18,14,수요일,15.4,0.0,0.0,2000,경기도,안산시 상록구,음식,39
03-18,15,수요일,16.7,0.0,0.0,1971,경기도,안산시 상록구,음식,34
03-18,16,수요일,17.4,0.0,0.0,1979,경기도,안산시 상록구,음식,29
03-18,17,수요일,16.8,0.0,0.0,1998,경기도,안산시 상록구,음식,50
03-18,18,수요일,15.8,0.0,0.0,2000,경기도,안산시 상록구,음식,101
03-18,19,수요일,13.3,0.0,0.0,2000,경기도,안산시 상록구,음식,135
03-18,20,수요일,11.1,0.0,0.0,2000,경기도,안산시 상록구,음식,81
03-18,21,수요일,10.1,0.0,0.0,2000,경기도,안산시 상록구,음식,69
03-18,22,수요일,10.1,0.0,0.0,2000,경기도,안산시 상록구,음식,55
03-18,23,수요일,9.8,0.0,0.0,2000,경기도,안산시 상록구,음식,31
03-19,0,목요일,10.7,0.0,0.0,1706,경기도,안산시 상록구,음식,11
03-19,1,목요일,9.8,0.0,0.0,1999,경기도,안산시 상록구,음식,15
03-19,2,목요일,10.4,0.0,0.0,1802,경기도,안산시 상록구,음식,12
03-19,10,목요일,8.4,0.0,0.0,721,경기도,안산시 상록구,음식,12
03-19,11,목요일,9.3,0.0,0.0,1601,경기도,안산시 상록구,음식,48
03-19,12,목요일,8.2,0.0,0.0,1845,경기도,안산시 상록구,음식,62
03-19,13,목요일,8.6,0.0,0.0,1996,경기도,안산시 상록구,음식,41
03-19,14,목요일,8.9,0.0,0.0,1933,경기도,안산시 상록구,음식,52
03-19,15,목요일,9.3,0.0,0.0,2019,경기도,안산시 상록구,음식,32
03-19,16,목요일,8.6,0.0,0.0,2000,경기도,안산시 상록구,음식,36
03-19,17,목요일,8.2,0.0,0.0,2000,경기도,안산시 상록구,음식,67
03-19,18,목요일,7.6,0.0,0.0,1994,경기도,안산시 상록구,음식,103
03-19,19,목요일,6.9,0.0,0.0,2000,경기도,안산시 상록구,음식,115
03-19,20,목요일,6.9,0.0,0.0,2000,경기도,안산시 상록구,음식,86
03-19,21,목요일,6.7,0.0,0.0,2000,경기도,안산시 상록구,음식,51
03-19,22,목요일,7.2,0.0,0.0,2000,경기도,안산시 상록구,음식,54
03-19,23,목요일,7.0,0.0,0.0,1999,경기도,안산시 상록구,음식,51
03-20,0,금요일,6.7,0.0,0.0,2000,경기도,안산시 상록구,음식,20
03-20,1,금요일,5.8,0.0,0.0,2000,경기도,안산시 상록구,음식,20
03-20,2,금요일,5.2,0.0,0.0,2000,경기도,안산시 상록구,음식,26
03-20,10,금요일,9.2,0.0,0.0,2015,경기도,안산시 상록구,음식,13
03-20,11,금요일,11.5,0.0,0.0,1986,경기도,안산시 상록구,음식,41
03-20,12,금요일,12.9,0.0,0.0,1938,경기도,안산시 상록구,음식,62
03-20,13,금요일,14.2,0.0,0.0,1995,경기도,안산시 상록구,음식,46
03-20,14,금요일,13.7,0.0,0.0,2000,경기도,안산시 상록구,음식,45
03-20,15,금요일,13.7,0.0,0.0,2000,경기도,안산시 상록구,음식,37
03-20,16,금요일,13.3,0.0,0.0,2000,경기도,안산시 상록구,음식,27
03-20,17,금요일,13.0,0.0,0.0,2000,경기도,안산시 상록구,음식,56
03-20,18,금요일,11.7,0.0,0.0,2000,경기도,안산시 상록구,음식,108
03-20,19,금요일,10.6,0.0,0.0,2000,경기도,안산시 상록구,음식,137
03-20,20,금요일,10.0,0.0,0.0,2000,경기도,안산시 상록구,음식,114
03-20,21,금요일,9.0,0.0,0.0,1996,경기도,안산시 상록구,음식,87
03-20,22,금요일,7.8,0.0,0.0,2000,경기도,안산시 상록구,음식,61
03-20,23,금요일,6.9,0.0,0.0,2000,경기도,안산시 상록구,음식,31
03-21,0,토요일,6.5,0.0,0.0,2000,경기도,안산시 상록구,음식,16
03-21,1,토요일,7.5,0.0,0.0,1949,경기도,안산시 상록구,음식,22
03-21,2,토요일,5.9,0.0,0.0,2000,경기도,안산시 상록구,음식,21
03-21,10,토요일,11.5,0.0,0.0,1954,경기도,안산시 상록구,음식,25
03-21,11,토요일,13.7,0.0,0.0,1854,경기도,안산시 상록구,음식,42
03-21,12,토요일,15.7,0.0,0.0,1760,경기도,안산시 상록구,음식,64
03-21,13,토요일,17.3,0.0,0.0,1767,경기도,안산시 상록구,음식,64
03-21,14,토요일,18.4,0.0,0.0,1634,경기도,안산시 상록구,음식,44
03-21,15,토요일,19.7,0.0,0.0,1716,경기도,안산시 상록구,음식,34
03-21,16,토요일,19.8,0.0,0.0,1646,경기도,안산시 상록구,음식,56
03-21,17,토요일,17.4,0.0,0.0,1865,경기도,안산시 상록구,음식,91
03-21,18,토요일,14.9,0.0,0.0,1625,경기도,안산시 상록구,음식,121
03-21,19,토요일,13.3,0.0,0.0,1521,경기도,안산시 상록구,음식,132
03-21,20,토요일,12.1,0.0,0.0,1337,경기도,안산시 상록구,음식,128
03-21,21,토요일,11.3,0.0,0.0,871,경기도,안산시 상록구,음식,86
03-21,22,토요일,11.4,0.0,0.0,873,경기도,안산시 상록구,음식,80
03-21,23,토요일,11.4,0.0,0.0,815,경기도,안산시 상록구,음식,53
03-22,0,일요일,11.1,0.0,0.0,814,경기도,안산시 상록구,음식,27
03-22,1,일요일,10.4,0.0,0.0,529,경기도,안산시 상록구,음식,28
03-22,2,일요일,9.7,0.0,0.0,645,경기도,안산시 상록구,음식,28
03-22,10,일요일,12.3,0.0,0.0,2000,경기도,안산시 상록구,음식,31
03-22,11,일요일,13.6,0.0,0.0,2000,경기도,안산시 상록구,음식,56
03-22,12,일요일,15.3,0.0,0.0,2000,경기도,안산시 상록구,음식,92
03-22,13,일요일,16.0,0.0,0.0,1950,경기도,안산시 상록구,음식,90
03-22,14,일요일,16.3,0.0,0.0,2000,경기도,안산시 상록구,음식,65
03-22,15,일요일,16.6,0.0,0.0,1994,경기도,안산시 상록구,음식,46
03-22,16,일요일,15.6,0.0,0.0,2000,경기도,안산시 상록구,음식,66
03-22,17,일요일,14.6,0.0,0.0,1994,경기도,안산시 상록구,음식,98
03-22,18,일요일,12.9,0.0,0.0,2000,경기도,안산시 상록구,음식,166
03-22,19,일요일,11.5,0.0,0.0,2000,경기도,안산시 상록구,음식,152
03-22,20,일요일,9.2,0.0,0.0,2000,경기도,안산시 상록구,음식,96
03-22,21,일요일,9.0,0.0,0.0,2000,경기도,안산시 상록구,음식,80
03-22,22,일요일,9.0,0.0,0.0,2000,경기도,안산시 상록구,음식,47
03-22,23,일요일,9.5,0.0,0.0,2000,경기도,안산시 상록구,음식,40
03-23,0,월요일,8.6,0.0,0.0,1988,경기도,안산시 상록구,음식,25
03-23,1,월요일,7.3,0.0,0.0,2000,경기도,안산시 상록구,음식,15
03-23,2,월요일,7.6,0.0,0.0,2000,경기도,안산시 상록구,음식,24
03-23,10,월요일,11.1,0.0,0.0,1893,경기도,안산시 상록구,음식,8
03-23,11,월요일,12.4,0.0,0.0,1738,경기도,안산시 상록구,음식,51
03-23,12,월요일,13.9,0.0,0.0,1898,경기도,안산시 상록구,음식,66
03-23,13,월요일,14.9,0.0,0.0,1954,경기도,안산시 상록구,음식,55
03-23,14,월요일,15.9,0.0,0.0,1918,경기도,안산시 상록구,음식,38
03-23,15,월요일,16.0,0.0,0.0,1981,경기도,안산시 상록구,음식,24
03-23,16,월요일,15.2,0.0,0.0,1896,경기도,안산시 상록구,음식,33
03-23,17,월요일,14.1,0.0,0.0,1879,경기도,안산시 상록구,음식,48
03-23,18,월요일,12.0,0.0,0.0,1848,경기도,안산시 상록구,음식,95
03-23,19,월요일,10.3,0.0,0.0,1658,경기도,안산시 상록구,음식,94
03-23,20,월요일,9.3,0.0,0.0,1628,경기도,안산시 상록구,음식,65
03-23,21,월요일,8.8,0.0,0.0,1482,경기도,안산시 상록구,음식,50
03-23,22,월요일,7.1,0.0,0.0,1042,경기도,안산시 상록구,음식,36
03-23,23,월요일,6.4,0.0,0.0,859,경기도,안산시 상록구,음식,20
03-24,0,화요일,5.7,0.0,0.0,687,경기도,안산시 상록구,음식,13
03-24,1,화요일,5.2,0.0,0.0,614,경기도,안산시 상록구,음식,13
03-24,2,화요일,4.7,0.0,0.0,598,경기도,안산시 상록구,음식,16
03-24,10,화요일,11.1,0.0,0.0,660,경기도,안산시 상록구,음식,14
03-24,11,화요일,13.3,0.0,0.0,837,경기도,안산시 상록구,음식,42
03-24,12,화요일,14.7,0.0,0.0,1576,경기도,안산시 상록구,음식,79
03-24,13,화요일,15.7,0.0,0.0,1701,경기도,안산시 상록구,음식,42
03-24,14,화요일,16.9,0.0,0.0,1477,경기도,안산시 상록구,음식,47
03-24,15,화요일,17.0,0.0,0.0,1318,경기도,안산시 상록구,음식,28
03-24,16,화요일,16.3,0.0,0.0,1821,경기도,안산시 상록구,음식,26
03-24,17,화요일,15.5,0.0,0.0,1811,경기도,안산시 상록구,음식,48
03-24,18,화요일,14.3,0.0,0.0,2000,경기도,안산시 상록구,음식,105
03-24,19,화요일,12.2,0.0,0.0,2000,경기도,안산시 상록구,음식,123
03-24,20,화요일,11.0,0.0,0.0,1940,경기도,안산시 상록구,음식,83
03-24,21,화요일,9.1,0.0,0.0,1748,경기도,안산시 상록구,음식,69
03-24,22,화요일,8.0,0.0,0.0,1911,경기도,안산시 상록구,음식,45
03-24,23,화요일,7.7,0.0,0.0,1939,경기도,안산시 상록구,음식,35
03-25,0,수요일,6.4,0.0,0.0,1853,경기도,안산시 상록구,음식,16
03-25,1,수요일,6.1,0.0,0.0,1589,경기도,안산시 상록구,음식,6
03-25,2,수요일,6.7,0.0,0.0,1043,경기도,안산시 상록구,음식,10
03-25,10,수요일,13.6,0.0,0.0,1396,경기도,안산시 상록구,음식,11
03-25,11,수요일,15.0,0.0,0.0,1711,경기도,안산시 상록구,음식,54
03-25,12,수요일,17.0,0.0,0.0,1863,경기도,안산시 상록구,음식,82
03-25,13,수요일,18.6,0.0,0.0,1766,경기도,안산시 상록구,음식,60
03-25,14,수요일,19.2,0.0,0.0,1829,경기도,안산시 상록구,음식,48
03-25,15,수요일,19.1,0.0,0.0,1634,경기도,안산시 상록구,음식,33
03-25,16,수요일,17.5,0.0,0.0,1644,경기도,안산시 상록구,음식,27
03-25,17,수요일,16.7,0.0,0.0,1948,경기도,안산시 상록구,음식,63
03-25,18,수요일,15.6,0.0,0.0,1996,경기도,안산시 상록구,음식,107
03-25,19,수요일,14.4,0.0,0.0,2000,경기도,안산시 상록구,음식,135
03-25,20,수요일,13.8,0.0,0.0,1850,경기도,안산시 상록구,음식,102
03-25,21,수요일,12.7,0.0,0.0,2000,경기도,안산시 상록구,음식,66
03-25,22,수요일,11.6,0.0,0.0,1927,경기도,안산시 상록구,음식,43
03-25,23,수요일,10.9,0.0,0.0,1709,경기도,안산시 상록구,음식,28
03-26,0,목요일,10.3,0.0,0.0,1694,경기도,안산시 상록구,음식,20
03-26,1,목요일,8.9,0.0,0.0,1593,경기도,안산시 상록구,음식,20
03-26,2,목요일,8.9,0.0,0.0,1498,경기도,안산시 상록구,음식,25
03-26,10,목요일,16.8,0.0,0.0,1465,경기도,안산시 상록구,음식,14
03-26,11,목요일,17.9,0.0,0.0,1936,경기도,안산시 상록구,음식,49
03-26,12,목요일,18.7,0.0,0.0,1986,경기도,안산시 상록구,음식,48
03-26,13,목요일,19.5,0.0,0.0,1642,경기도,안산시 상록구,음식,37
03-26,14,목요일,20.1,0.0,0.0,1695,경기도,안산시 상록구,음식,38
03-26,15,목요일,19.2,0.0,0.0,1872,경기도,안산시 상록구,음식,30
03-26,16,목요일,17.9,0.0,0.0,2034,경기도,안산시 상록구,음식,41
03-26,17,목요일,16.4,0.0,0.0,1880,경기도,안산시 상록구,음식,63
03-26,18,목요일,16.9,0.0,0.0,1998,경기도,안산시 상록구,음식,127
03-26,19,목요일,16.1,0.0,0.0,1949,경기도,안산시 상록구,음식,147
03-26,20,목요일,14.4,0.0,0.0,542,경기도,안산시 상록구,음식,88
03-26,21,목요일,14.8,0.1,0.0,1239,경기도,안산시 상록구,음식,72
03-26,22,목요일,14.8,0.0,0.0,1153,경기도,안산시 상록구,음식,57
03-26,23,목요일,14.1,0.0,0.0,761,경기도,안산시 상록구,음식,32
03-27,0,금요일,13.9,4.0,0.0,604,경기도,안산시 상록구,음식,16
03-27,1,금요일,13.8,0.0,0.0,219,경기도,안산시 상록구,음식,14
03-27,2,금요일,13.7,0.0,0.0,143,경기도,안산시 상록구,음식,17
03-27,10,금요일,12.3,0.0,0.0,781,경기도,안산시 상록구,음식,19
03-27,11,금요일,12.2,0.0,0.0,875,경기도,안산시 상록구,음식,55
03-27,12,금요일,11.6,0.0,0.0,1929,경기도,안산시 상록구,음식,68
03-27,13,금요일,12.4,0.0,0.0,1967,경기도,안산시 상록구,음식,40
03-27,14,금요일,12.8,0.0,0.0,2000,경기도,안산시 상록구,음식,35
03-27,15,금요일,12.8,0.0,0.0,2000,경기도,안산시 상록구,음식,39
03-27,16,금요일,12.7,0.0,0.0,1998,경기도,안산시 상록구,음식,31
03-27,17,금요일,11.4,0.0,0.0,2000,경기도,안산시 상록구,음식,52
03-27,18,금요일,10.4,0.0,0.0,2000,경기도,안산시 상록구,음식,103
03-27,19,금요일,8.8,0.0,0.0,2000,경기도,안산시 상록구,음식,132
03-27,20,금요일,9.0,0.0,0.0,2000,경기도,안산시 상록구,음식,111
03-27,21,금요일,8.8,0.0,0.0,2000,경기도,안산시 상록구,음식,94
03-27,22,금요일,8.2,0.0,0.0,2000,경기도,안산시 상록구,음식,44
03-27,23,금요일,7.3,0.0,0.0,1996,경기도,안산시 상록구,음식,43
03-28,0,토요일,7.3,0.0,0.0,2000,경기도,안산시 상록구,음식,18
03-28,1,토요일,7.6,0.0,0.0,2000,경기도,안산시 상록구,음식,21
03-28,2,토요일,7.5,0.0,0.0,2000,경기도,안산시 상록구,음식,15
03-28,10,토요일,7.3,0.0,0.0,2000,경기도,안산시 상록구,음식,24
03-28,11,토요일,8.4,0.0,0.0,2000,경기도,안산시 상록구,음식,64
03-28,12,토요일,9.4,0.0,0.0,2000,경기도,안산시 상록구,음식,71
03-28,13,토요일,10.7,0.0,0.0,1995,경기도,안산시 상록구,음식,63
03-28,14,토요일,11.1,0.0,0.0,1997,경기도,안산시 상록구,음식,68
03-28,15,토요일,11.8,0.0,0.0,2000,경기도,안산시 상록구,음식,44
03-28,16,토요일,11.6,0.0,0.0,1990,경기도,안산시 상록구,음식,51
03-28,17,토요일,9.8,0.0,0.0,2000,경기도,안산시 상록구,음식,77
03-28,18,토요일,9.0,0.0,0.0,2000,경기도,안산시 상록구,음식,115
03-28,19,토요일,8.2,0.0,0.0,2000,경기도,안산시 상록구,음식,147
03-28,20,토요일,7.1,0.0,0.0,2000,경기도,안산시 상록구,음식,118
03-28,21,토요일,6.9,0.0,0.0,2000,경기도,안산시 상록구,음식,88
03-28,22,토요일,6.1,0.0,0.0,1955,경기도,안산시 상록구,음식,78
03-28,23,토요일,5.4,0.0,0.0,2000,경기도,안산시 상록구,음식,56
03-29,0,일요일,4.4,0.0,0.0,2000,경기도,안산시 상록구,음식,29
03-29,1,일요일,2.7,0.0,0.0,2000,경기도,안산시 상록구,음식,24
03-29,2,일요일,1.5,0.0,0.0,2000,경기도,안산시 상록구,음식,25
03-29,10,일요일,9.6,0.0,0.0,1982,경기도,안산시 상록구,음식,26
03-29,11,일요일,10.6,0.0,0.0,1980,경기도,안산시 상록구,음식,59
03-29,12,일요일,12.2,0.0,0.0,1922,경기도,안산시 상록구,음식,77
03-29,13,일요일,12.9,0.0,0.0,2000,경기도,안산시 상록구,음식,73
03-29,14,일요일,13.8,0.0,0.0,2000,경기도,안산시 상록구,음식,46
03-29,15,일요일,14.3,0.0,0.0,2000,경기도,안산시 상록구,음식,53
03-29,16,일요일,15.2,0.0,0.0,2000,경기도,안산시 상록구,음식,64
03-29,17,일요일,13.4,0.0,0.0,1947,경기도,안산시 상록구,음식,96
03-29,18,일요일,11.6,0.0,0.0,1997,경기도,안산시 상록구,음식,120
03-29,19,일요일,9.7,0.0,0.0,2000,경기도,안산시 상록구,음식,114
03-29,20,일요일,8.3,0.0,0.0,2000,경기도,안산시 상록구,음식,103
03-29,21,일요일,7.2,0.0,0.0,1906,경기도,안산시 상록구,음식,84
03-29,22,일요일,6.6,0.0,0.0,1877,경기도,안산시 상록구,음식,48
03-29,23,일요일,5.9,0.0,0.0,1804,경기도,안산시 상록구,음식,43
03-30,0,월요일,5.7,0.0,0.0,1864,경기도,안산시 상록구,음식,26
03-30,1,월요일,5.4,0.0,0.0,1898,경기도,안산시 상록구,음식,19
03-30,2,월요일,3.5,0.0,0.0,1253,경기도,안산시 상록구,음식,18
03-30,10,월요일,9.9,0.0,0.0,1913,경기도,안산시 상록구,음식,12
03-30,11,월요일,11.3,0.0,0.0,1858,경기도,안산시 상록구,음식,41
03-30,12,월요일,13.4,0.0,0.0,1922,경기도,안산시 상록구,음식,59
03-30,13,월요일,14.5,0.0,0.0,1886,경기도,안산시 상록구,음식,41
03-30,14,월요일,14.8,0.0,0.0,1942,경기도,안산시 상록구,음식,45
03-30,15,월요일,15.0,0.0,0.0,1982,경기도,안산시 상록구,음식,37
03-30,16,월요일,15.1,0.0,0.0,1980,경기도,안산시 상록구,음식,23
03-30,17,월요일,14.3,0.0,0.0,1987,경기도,안산시 상록구,음식,48
03-30,18,월요일,12.7,0.0,0.0,2000,경기도,안산시 상록구,음식,74
03-30,19,월요일,10.0,0.0,0.0,2000,경기도,안산시 상록구,음식,90
03-30,20,월요일,7.5,0.0,0.0,2000,경기도,안산시 상록구,음식,73
03-30,21,월요일,6.5,0.0,0.0,2000,경기도,안산시 상록구,음식,41
03-30,22,월요일,5.7,0.0,0.0,2000,경기도,안산시 상록구,음식,38
03-30,23,월요일,5.5,0.0,0.0,2000,경기도,안산시 상록구,음식,23
03-31,0,화요일,4.8,0.0,0.0,1864,경기도,안산시 상록구,음식,20
03-31,1,화요일,4.3,0.0,0.0,1926,경기도,안산시 상록구,음식,18
03-31,2,화요일,3.4,0.0,0.0,1919,경기도,안산시 상록구,음식,13
03-31,10,화요일,11.9,0.0,0.0,1975,경기도,안산시 상록구,음식,20
03-31,11,화요일,14.3,0.0,0.0,1916,경기도,안산시 상록구,음식,40
03-31,12,화요일,15.9,0.0,0.0,1954,경기도,안산시 상록구,음식,49
03-31,13,화요일,16.6,0.0,0.0,1876,경기도,안산시 상록구,음식,33
03-31,14,화요일,16.8,0.0,0.0,1821,경기도,안산시 상록구,음식,42
03-31,15,화요일,16.8,0.0,0.0,2000,경기도,안산시 상록구,음식,38
03-31,16,화요일,15.7,0.0,0.0,1896,경기도,안산시 상록구,음식,25
03-31,17,화요일,15.4,0.0,0.0,1991,경기도,안산시 상록구,음식,50
03-31,18,화요일,13.5,0.0,0.0,2000,경기도,안산시 상록구,음식,110
03-31,19,화요일,11.3,0.0,0.0,2000,경기도,안산시 상록구,음식,135
03-31,20,화요일,10.7,0.0,0.0,2008,경기도,안산시 상록구,음식,111
03-31,21,화요일,9.1,0.0,0.0,1866,경기도,안산시 상록구,음식,75
03-31,22,화요일,8.8,0.0,0.0,1942,경기도,안산시 상록구,음식,44
03-31,23,화요일,8.4,0.0,0.0,1749,경기도,안산시 상록구,음식,32
04-01,0,수요일,8.4,0.0,0.0,1866,경기도,안산시 상록구,음식,14
04-01,1,수요일,8.8,0.0,0.0,2003,경기도,안산시 상록구,음식,8
04-01,2,수요일,9.2,0.0,0.0,1805,경기도,안산시 상록구,음식,13
04-01,10,수요일,12.6,0.0,0.0,1743,경기도,안산시 상록구,음식,15
04-01,11,수요일,14.0,0.0,0.0,1839,경기도,안산시 상록구,음식,48
04-01,12,수요일,16.2,0.0,0.0,1263,경기도,안산시 상록구,음식,66
04-01,13,수요일,16.0,0.0,0.0,1203,경기도,안산시 상록구,음식,55
04-01,14,수요일,14.9,0.0,0.0,1337,경기도,안산시 상록구,음식,42
04-01,15,수요일,13.9,0.0,0.0,1907,경기도,안산시 상록구,음식,36
04-01,16,수요일,12.8,0.0,0.0,1972,경기도,안산시 상록구,음식,52
04-01,17,수요일,11.7,0.0,0.0,2000,경기도,안산시 상록구,음식,59
04-01,18,수요일,11.5,0.0,0.0,2000,경기도,안산시 상록구,음식,126
04-01,19,수요일,10.3,0.0,0.0,2000,경기도,안산시 상록구,음식,133
04-01,20,수요일,9.0,0.0,0.0,2000,경기도,안산시 상록구,음식,117
04-01,21,수요일,9.7,0.0,0.0,2000,경기도,안산시 상록구,음식,93
04-01,22,수요일,8.0,0.0,0.0,2000,경기도,안산시 상록구,음식,47
04-01,23,수요일,6.9,0.0,0.0,2000,경기도,안산시 상록구,음식,37
04-02,0,목요일,6.7,0.0,0.0,2000,경기도,안산시 상록구,음식,22
04-02,1,목요일,5.4,0.0,0.0,2000,경기도,안산시 상록구,음식,21
04-02,2,목요일,4.4,0.0,0.0,2000,경기도,안산시 상록구,음식,21
04-02,10,목요일,9.7,0.0,0.0,1988,경기도,안산시 상록구,음식,13
04-02,11,목요일,12.6,0.0,0.0,1981,경기도,안산시 상록구,음식,43
04-02,12,목요일,14.1,0.0,0.0,1986,경기도,안산시 상록구,음식,63
04-02,13,목요일,14.5,0.0,0.0,1925,경기도,안산시 상록구,음식,48
04-02,14,목요일,14.2,0.0,0.0,1993,경기도,안산시 상록구,음식,35
04-02,15,목요일,14.4,0.0,0.0,2000,경기도,안산시 상록구,음식,23
04-02,16,목요일,13.4,0.0,0.0,1997,경기도,안산시 상록구,음식,42
04-02,17,목요일,12.3,0.0,0.0,2009,경기도,안산시 상록구,음식,53
04-02,18,목요일,11.8,0.0,0.0,2000,경기도,안산시 상록구,음식,131
04-02,19,목요일,11.2,0.0,0.0,2000,경기도,안산시 상록구,음식,127
04-02,20,목요일,9.4,0.0,0.0,2000,경기도,안산시 상록구,음식,91
04-02,21,목요일,8.2,0.0,0.0,1762,경기도,안산시 상록구,음식,76
04-02,22,목요일,8.0,0.0,0.0,2000,경기도,안산시 상록구,음식,69
04-02,23,목요일,6.6,0.0,0.0,2000,경기도,안산시 상록구,음식,35
04-03,0,금요일,5.7,0.0,0.0,1965,경기도,안산시 상록구,음식,22
04-03,1,금요일,5.3,0.0,0.0,1815,경기도,안산시 상록구,음식,7
04-03,2,금요일,4.6,0.0,0.0,1591,경기도,안산시 상록구,음식,11
04-03,10,금요일,10.3,0.0,0.0,655,경기도,안산시 상록구,음식,9
04-03,11,금요일,11.9,0.0,0.0,1100,경기도,안산시 상록구,음식,40
04-03,12,금요일,13.7,0.0,0.0,1642,경기도,안산시 상록구,음식,60
04-03,13,금요일,14.8,0.0,0.0,1746,경기도,안산시 상록구,음식,60
04-03,14,금요일,14.8,0.0,0.0,1774,경기도,안산시 상록구,음식,48
04-03,15,금요일,14.5,0.0,0.0,1766,경기도,안산시 상록구,음식,35
04-03,16,금요일,14.5,0.0,0.0,1691,경기도,안산시 상록구,음식,37
04-03,17,금요일,13.9,0.0,0.0,2028,경기도,안산시 상록구,음식,44
04-03,18,금요일,12.5,0.0,0.0,1990,경기도,안산시 상록구,음식,121
04-03,19,금요일,10.4,0.0,0.0,1883,경기도,안산시 상록구,음식,154
04-03,20,금요일,8.8,0.0,0.0,1766,경기도,안산시 상록구,음식,132
04-03,21,금요일,7.9,0.0,0.0,1504,경기도,안산시 상록구,음식,91
04-03,22,금요일,7.6,0.0,0.0,1375,경기도,안산시 상록구,음식,72
04-03,23,금요일,7.1,0.0,0.0,1197,경기도,안산시 상록구,음식,64
04-04,0,토요일,6.5,0.0,0.0,835,경기도,안산시 상록구,음식,26
04-04,1,토요일,6.2,0.0,0.0,570,경기도,안산시 상록구,음식,12
04-04,2,토요일,6.6,0.0,0.0,624,경기도,안산시 상록구,음식,12
04-04,3,토요일,6.0,0.0,0.0,626,경기도,안산시 상록구,음식,2
04-04,10,토요일,11.1,0.0,0.0,1272,경기도,안산시 상록구,음식,24
04-04,11,토요일,11.8,0.0,0.0,1892,경기도,안산시 상록구,음식,62
04-04,12,토요일,12.5,0.0,0.0,1902,경기도,안산시 상록구,음식,80
04-04,13,토요일,12.6,0.0,0.0,1994,경기도,안산시 상록구,음식,66
04-04,14,토요일,13.1,0.0,0.0,2000,경기도,안산시 상록구,음식,54
04-04,15,토요일,12.7,0.0,0.0,2000,경기도,안산시 상록구,음식,58
04-04,16,토요일,11.5,0.0,0.0,1986,경기도,안산시 상록구,음식,61
04-04,17,토요일,11.2,0.0,0.0,2004,경기도,안산시 상록구,음식,90
04-04,18,토요일,10.7,0.0,0.0,2000,경기도,안산시 상록구,음식,122
04-04,19,토요일,9.5,0.0,0.0,2000,경기도,안산시 상록구,음식,124
04-04,20,토요일,8.6,0.0,0.0,2000,경기도,안산시 상록구,음식,110
04-04,21,토요일,8.1,0.0,0.0,2000,경기도,안산시 상록구,음식,93
04-04,22,토요일,7.0,0.0,0.0,2000,경기도,안산시 상록구,음식,83
04-04,23,토요일,6.4,0.0,0.0,2000,경기도,안산시 상록구,음식,59
04-05,0,일요일,6.1,0.0,0.0,2000,경기도,안산시 상록구,음식,29
04-05,1,일요일,5.9,0.0,0.0,2000,경기도,안산시 상록구,음식,16
04-05,2,일요일,5.2,0.0,0.0,2000,경기도,안산시 상록구,음식,18
04-05,10,일요일,7.7,0.0,0.0,1982,경기도,안산시 상록구,음식,30
04-05,11,일요일,8.9,0.0,0.0,1932,경기도,안산시 상록구,음식,69
04-05,12,일요일,9.9,0.0,0.0,1943,경기도,안산시 상록구,음식,77
04-05,13,일요일,11.0,0.0,0.0,2000,경기도,안산시 상록구,음식,74
04-05,14,일요일,10.9,0.0,0.0,1973,경기도,안산시 상록구,음식,79
04-05,15,일요일,11.1,0.0,0.0,2000,경기도,안산시 상록구,음식,66
04-05,16,일요일,10.9,0.0,0.0,1970,경기도,안산시 상록구,음식,67
04-05,17,일요일,10.7,0.0,0.0,1996,경기도,안산시 상록구,음식,103
04-05,18,일요일,9.3,0.0,0.0,1998,경기도,안산시 상록구,음식,138
04-05,19,일요일,7.9,0.0,0.0,2000,경기도,안산시 상록구,음식,138
04-05,20,일요일,6.6,0.0,0.0,1950,경기도,안산시 상록구,음식,116
04-05,21,일요일,6.2,0.0,0.0,2000,경기도,안산시 상록구,음식,94
04-05,22,일요일,4.6,0.0,0.0,2000,경기도,안산시 상록구,음식,66
04-05,23,일요일,4.7,0.0,0.0,1997,경기도,안산시 상록구,음식,49
04-06,0,월요일,4.1,0.0,0.0,1802,경기도,안산시 상록구,음식,21
04-06,1,월요일,3.4,0.0,0.0,1977,경기도,안산시 상록구,음식,15
04-06,2,월요일,3.0,0.0,0.0,1766,경기도,안산시 상록구,음식,12
04-06,10,월요일,9.7,0.0,0.0,1830,경기도,안산시 상록구,음식,15
04-06,11,월요일,11.9,0.0,0.0,1930,경기도,안산시 상록구,음식,66
04-06,12,월요일,13.4,0.0,0.0,1939,경기도,안산시 상록구,음식,60
04-06,13,월요일,14.2,0.0,0.0,2000,경기도,안산시 상록구,음식,52
04-06,14,월요일,14.9,0.0,0.0,1991,경기도,안산시 상록구,음식,45
04-06,15,월요일,14.4,0.0,0.0,1943,경기도,안산시 상록구,음식,24
04-06,16,월요일,13.3,0.0,0.0,1971,경기도,안산시 상록구,음식,41
04-06,17,월요일,12.8,0.0,0.0,1999,경기도,안산시 상록구,음식,37
04-06,18,월요일,11.8,0.0,0.0,1999,경기도,안산시 상록구,음식,107
04-06,19,월요일,9.8,0.0,0.0,2000,경기도,안산시 상록구,음식,93
04-06,20,월요일,8.6,0.0,0.0,2000,경기도,안산시 상록구,음식,60
04-06,21,월요일,8.4,0.0,0.0,2000,경기도,안산시 상록구,음식,62
04-06,22,월요일,7.8,0.0,0.0,2000,경기도,안산시 상록구,음식,35
04-06,23,월요일,7.2,0.0,0.0,1952,경기도,안산시 상록구,음식,24
04-07,0,화요일,6.9,0.0,0.0,2000,경기도,안산시 상록구,음식,13
04-07,1,화요일,6.9,0.0,0.0,2015,경기도,안산시 상록구,음식,10
04-07,2,화요일,5.4,0.0,0.0,2000,경기도,안산시 상록구,음식,11
04-07,10,화요일,10.4,0.0,0.0,1737,경기도,안산시 상록구,음식,16
04-07,11,화요일,12.9,0.0,0.0,1848,경기도,안산시 상록구,음식,44
04-07,12,화요일,15.0,0.0,0.0,1342,경기도,안산시 상록구,음식,51
04-07,13,화요일,16.3,0.0,0.0,1487,경기도,안산시 상록구,음식,41
04-07,14,화요일,16.4,0.0,0.0,1023,경기도,안산시 상록구,음식,26
04-07,15,화요일,16.7,0.0,0.0,1087,경기도,안산시 상록구,음식,32
04-07,16,화요일,15.5,0.0,0.0,1227,경기도,안산시 상록구,음식,26
04-07,17,화요일,14.5,0.0,0.0,1400,경기도,안산시 상록구,음식,46
04-07,18,화요일,12.6,0.0,0.0,1552,경기도,안산시 상록구,음식,108
04-07,19,화요일,10.5,0.0,0.0,1662,경기도,안산시 상록구,음식,133
04-07,20,화요일,9.5,0.0,0.0,1539,경기도,안산시 상록구,음식,109
04-07,21,화요일,8.6,0.0,0.0,1442,경기도,안산시 상록구,음식,70
04-07,22,화요일,7.7,0.0,0.0,1812,경기도,안산시 상록구,음식,65
04-07,23,화요일,6.6,0.0,0.0,1977,경기도,안산시 상록구,음식,29
04-08,0,수요일,5.8,0.0,0.0,2000,경기도,안산시 상록구,음식,7
04-08,1,수요일,5.4,0.0,0.0,1991,경기도,안산시 상록구,음식,3
04-08,2,수요일,5.2,0.0,0.0,2000,경기도,안산시 상록구,음식,13
04-08,10,수요일,11.3,0.0,0.0,2000,경기도,안산시 상록구,음식,22
04-08,11,수요일,12.2,0.0,0.0,1987,경기도,안산시 상록구,음식,55
04-08,12,수요일,13.4,0.0,0.0,1978,경기도,안산시 상록구,음식,58
04-08,13,수요일,13.3,0.0,0.0,2000,경기도,안산시 상록구,음식,43
04-08,14,수요일,13.5,0.0,0.0,1900,경기도,안산시 상록구,음식,32
04-08,15,수요일,13.1,0.0,0.0,1950,경기도,안산시 상록구,음식,22
04-08,16,수요일,13.0,0.0,0.0,2000,경기도,안산시 상록구,음식,25
04-08,17,수요일,12.4,0.0,0.0,2000,경기도,안산시 상록구,음식,75
04-08,18,수요일,11.1,0.0,0.0,2000,경기도,안산시 상록구,음식,104
04-08,19,수요일,9.8,0.0,0.0,2000,경기도,안산시 상록구,음식,133
04-08,20,수요일,8.7,0.0,0.0,2000,경기도,안산시 상록구,음식,79
04-08,21,수요일,7.6,0.0,0.0,2000,경기도,안산시 상록구,음식,68
04-08,22,수요일,6.6,0.0,0.0,2000,경기도,안산시 상록구,음식,42
04-08,23,수요일,6.1,0.0,0.0,2000,경기도,안산시 상록구,음식,39
04-09,0,목요일,6.0,0.0,0.0,1995,경기도,안산시 상록구,음식,9
04-09,1,목요일,5.4,0.0,0.0,2000,경기도,안산시 상록구,음식,23
04-09,2,목요일,5.4,0.0,0.0,2000,경기도,안산시 상록구,음식,19
04-09,3,목요일,3.9,0.0,0.0,2000,경기도,안산시 상록구,음식,1
04-09,10,목요일,9.6,0.0,0.0,1973,경기도,안산시 상록구,음식,14
04-09,11,목요일,11.7,0.0,0.0,1903,경기도,안산시 상록구,음식,47
04-09,12,목요일,12.7,0.0,0.0,1944,경기도,안산시 상록구,음식,63
04-09,13,목요일,13.8,0.0,0.0,1963,경기도,안산시 상록구,음식,48
04-09,14,목요일,12.7,0.0,0.0,1992,경기도,안산시 상록구,음식,32
04-09,15,목요일,13.1,0.0,0.0,1991,경기도,안산시 상록구,음식,36
04-09,16,목요일,12.3,0.0,0.0,1994,경기도,안산시 상록구,음식,38
04-09,17,목요일,11.7,0.0,0.0,1979,경기도,안산시 상록구,음식,61
04-09,18,목요일,10.8,0.0,0.0,2000,경기도,안산시 상록구,음식,96
04-09,19,목요일,9.6,0.0,0.0,2000,경기도,안산시 상록구,음식,107
04-09,20,목요일,8.4,0.0,0.0,2000,경기도,안산시 상록구,음식,112
04-09,21,목요일,7.2,0.0,0.0,2000,경기도,안산시 상록구,음식,56
04-09,22,목요일,6.8,0.0,0.0,1997,경기도,안산시 상록구,음식,63
04-09,23,목요일,7.2,0.0,0.0,1979,경기도,안산시 상록구,음식,38
04-10,0,금요일,7.2,0.0,0.0,1912,경기도,안산시 상록구,음식,22
04-10,1,금요일,6.0,0.0,0.0,1710,경기도,안산시 상록구,음식,11
04-10,2,금요일,5.8,0.0,0.0,1189,경기도,안산시 상록구,음식,13
04-10,3,금요일,5.4,0.0,0.0,1188,경기도,안산시 상록구,음식,2
04-10,10,금요일,12.2,0.0,0.0,1989,경기도,안산시 상록구,음식,15
04-10,11,금요일,12.7,0.0,0.0,1961,경기도,안산시 상록구,음식,45
04-10,12,금요일,14.1,0.0,0.0,1914,경기도,안산시 상록구,음식,63
04-10,13,금요일,14.4,0.0,0.0,1840,경기도,안산시 상록구,음식,36
04-10,14,금요일,15.3,0.0,0.0,1996,경기도,안산시 상록구,음식,23
04-10,15,금요일,14.8,0.0,0.0,1969,경기도,안산시 상록구,음식,30
04-10,16,금요일,14.5,0.0,0.0,1855,경기도,안산시 상록구,음식,43
04-10,17,금요일,13.5,0.0,0.0,1945,경기도,안산시 상록구,음식,59
04-10,18,금요일,12.2,0.0,0.0,1998,경기도,안산시 상록구,음식,118
04-10,19,금요일,10.7,0.0,0.0,2015,경기도,안산시 상록구,음식,144
04-10,20,금요일,8.9,0.0,0.0,1409,경기도,안산시 상록구,음식,124
04-10,21,금요일,8.1,0.0,0.0,1816,경기도,안산시 상록구,음식,90
04-10,22,금요일,7.1,0.0,0.0,1993,경기도,안산시 상록구,음식,58
04-10,23,금요일,6.8,0.0,0.0,1871,경기도,안산시 상록구,음식,50
04-11,0,토요일,6.3,0.0,0.0,1948,경기도,안산시 상록구,음식,26
04-11,1,토요일,5.7,0.0,0.0,1884,경기도,안산시 상록구,음식,20
04-11,2,토요일,5.4,0.0,0.0,1717,경기도,안산시 상록구,음식,16
04-11,9,토요일,7.8,0.0,0.0,1402,경기도,안산시 상록구,음식,1
04-11,10,토요일,9.7,0.0,0.0,1569,경기도,안산시 상록구,음식,16
04-11,11,토요일,11.6,0.0,0.0,1714,경기도,안산시 상록구,음식,53
04-11,12,토요일,13.1,0.0,0.0,1521,경기도,안산시 상록구,음식,77
04-11,13,토요일,13.9,0.0,0.0,1340,경기도,안산시 상록구,음식,70
04-11,14,토요일,14.6,0.0,0.0,1622,경기도,안산시 상록구,음식,60
04-11,15,토요일,13.8,0.0,0.0,1783,경기도,안산시 상록구,음식,54
04-11,16,토요일,13.2,0.0,0.0,1996,경기도,안산시 상록구,음식,54
04-11,17,토요일,12.8,0.0,0.0,1985,경기도,안산시 상록구,음식,82
04-11,18,토요일,10.9,0.0,0.0,2000,경기도,안산시 상록구,음식,109
04-11,19,토요일,8.9,0.0,0.0,2000,경기도,안산시 상록구,음식,135
04-11,20,토요일,7.6,0.0,0.0,1958,경기도,안산시 상록구,음식,112
04-11,21,토요일,6.7,0.0,0.0,1858,경기도,안산시 상록구,음식,94
04-11,22,토요일,6.4,0.0,0.0,1743,경기도,안산시 상록구,음식,68
04-11,23,토요일,5.7,0.0,0.0,1678,경기도,안산시 상록구,음식,51
04-12,0,일요일,5.4,0.0,0.0,1348,경기도,안산시 상록구,음식,21
04-12,1,일요일,4.4,0.0,0.0,1119,경기도,안산시 상록구,음식,22
04-12,2,일요일,3.5,0.0,0.0,882,경기도,안산시 상록구,음식,19
04-12,9,일요일,10.0,0.0,0.0,1227,경기도,안산시 상록구,음식,2
04-12,10,일요일,12.8,0.0,0.0,1920,경기도,안산시 상록구,음식,47
04-12,11,일요일,13.3,0.0,0.0,1999,경기도,안산시 상록구,음식,70
04-12,12,일요일,14.6,0.0,0.0,2000,경기도,안산시 상록구,음식,82
04-12,13,일요일,14.9,0.0,0.0,2000,경기도,안산시 상록구,음식,87
04-12,14,일요일,14.3,0.0,0.0,2000,경기도,안산시 상록구,음식,85
04-12,15,일요일,14.9,0.0,0.0,2000,경기도,안산시 상록구,음식,56
04-12,16,일요일,14.3,0.0,0.0,2000,경기도,안산시 상록구,음식,54
04-12,17,일요일,14.1,0.0,0.0,1950,경기도,안산시 상록구,음식,95
04-12,18,일요일,13.0,0.0,0.0,2000,경기도,안산시 상록구,음식,120
04-12,19,일요일,11.9,0.0,0.0,2000,경기도,안산시 상록구,음식,147
04-12,20,일요일,10.9,0.0,0.0,2000,경기도,안산시 상록구,음식,111
04-12,21,일요일,10.4,0.0,0.0,2000,경기도,안산시 상록구,음식,96
04-12,22,일요일,9.5,0.0,0.0,2000,경기도,안산시 상록구,음식,41
04-12,23,일요일,8.8,0.0,0.0,2000,경기도,안산시 상록구,음식,47
04-13,0,월요일,8.4,0.0,0.0,2000,경기도,안산시 상록구,음식,20
04-13,1,월요일,7.8,0.0,0.0,2000,경기도,안산시 상록구,음식,12
04-13,2,월요일,6.8,0.0,0.0,2000,경기도,안산시 상록구,음식,16
04-13,10,월요일,11.0,0.0,0.0,1950,경기도,안산시 상록구,음식,13
04-13,11,월요일,12.4,0.0,0.0,2000,경기도,안산시 상록구,음식,48
04-13,12,월요일,13.7,0.0,0.0,1950,경기도,안산시 상록구,음식,78
04-13,13,월요일,15.8,0.0,0.0,2000,경기도,안산시 상록구,음식,54
04-13,14,월요일,17.5,0.0,0.0,1980,경기도,안산시 상록구,음식,38
04-13,15,월요일,18.3,0.0,0.0,2000,경기도,안산시 상록구,음식,24
04-13,16,월요일,18.8,0.0,0.0,2000,경기도,안산시 상록구,음식,28
04-13,17,월요일,15.7,0.0,0.0,1995,경기도,안산시 상록구,음식,40
04-13,18,월요일,14.0,0.0,0.0,2000,경기도,안산시 상록구,음식,90
04-13,19,월요일,13.0,0.0,0.0,2000,경기도,안산시 상록구,음식,82
04-13,20,월요일,11.0,0.0,0.0,2000,경기도,안산시 상록구,음식,81
04-13,21,월요일,9.7,0.0,0.0,2009,경기도,안산시 상록구,음식,65
04-13,22,월요일,9.0,0.0,0.0,2000,경기도,안산시 상록구,음식,51
04-13,23,월요일,8.1,0.0,0.0,1994,경기도,안산시 상록구,음식,32
04-14,0,화요일,7.8,0.0,0.0,1381,경기도,안산시 상록구,음식,17
04-14,1,화요일,7.6,0.0,0.0,1368,경기도,안산시 상록구,음식,7
04-14,2,화요일,6.7,0.0,0.0,1419,경기도,안산시 상록구,음식,13
04-14,10,화요일,13.0,0.0,0.0,1567,경기도,안산시 상록구,음식,18
04-14,11,화요일,15.3,0.0,0.0,2000,경기도,안산시 상록구,음식,51
04-14,12,화요일,17.0,0.0,0.0,1882,경기도,안산시 상록구,음식,82
04-14,13,화요일,18.1,0.0,0.0,1903,경기도,안산시 상록구,음식,50
04-14,14,화요일,18.1,0.0,0.0,1908,경기도,안산시 상록구,음식,37
04-14,15,화요일,18.0,0.0,0.0,1834,경기도,안산시 상록구,음식,27
04-14,16,화요일,17.7,0.0,0.0,1950,경기도,안산시 상록구,음식,33
04-14,17,화요일,17.1,0.0,0.0,2000,경기도,안산시 상록구,음식,63
04-14,18,화요일,15.0,0.0,0.0,2000,경기도,안산시 상록구,음식,105
04-14,19,화요일,13.9,0.0,0.0,1954,경기도,안산시 상록구,음식,106
04-14,20,화요일,12.0,0.0,0.0,2000,경기도,안산시 상록구,음식,110
04-14,21,화요일,11.0,0.0,0.0,1998,경기도,안산시 상록구,음식,90
04-14,22,화요일,9.4,0.0,0.0,2068,경기도,안산시 상록구,음식,75
04-14,23,화요일,9.0,0.0,0.0,1785,경기도,안산시 상록구,음식,52
04-15,0,수요일,7.4,0.0,0.0,1767,경기도,안산시 상록구,음식,30
04-15,1,수요일,6.6,0.0,0.0,1809,경기도,안산시 상록구,음식,9
04-15,2,수요일,5.8,0.0,0.0,1410,경기도,안산시 상록구,음식,16
04-15,9,수요일,11.8,0.0,0.0,1242,경기도,안산시 상록구,음식,1
04-15,10,수요일,14.3,0.0,0.0,1702,경기도,안산시 상록구,음식,28
04-15,11,수요일,16.0,0.0,0.0,1452,경기도,안산시 상록구,음식,61
04-15,12,수요일,17.3,0.0,0.0,1467,경기도,안산시 상록구,음식,75
04-15,13,수요일,18.8,0.0,0.0,1303,경기도,안산시 상록구,음식,77
04-15,14,수요일,19.1,0.0,0.0,1477,경기도,안산시 상록구,음식,50
04-15,15,수요일,18.1,0.0,0.0,1717,경기도,안산시 상록구,음식,50
04-15,16,수요일,18.2,0.0,0.0,1878,경기도,안산시 상록구,음식,46
04-15,17,수요일,16.8,0.0,0.0,1818,경기도,안산시 상록구,음식,71
04-15,18,수요일,15.3,0.0,0.0,2000,경기도,안산시 상록구,음식,127
04-15,19,수요일,14.0,0.0,0.0,2000,경기도,안산시 상록구,음식,143
04-15,20,수요일,11.8,0.0,0.0,2000,경기도,안산시 상록구,음식,96
04-15,21,수요일,11.0,0.0,0.0,2000,경기도,안산시 상록구,음식,84
04-15,22,수요일,10.8,0.0,0.0,1998,경기도,안산시 상록구,음식,55
04-15,23,수요일,10.1,0.0,0.0,2000,경기도,안산시 상록구,음식,27
04-16,0,목요일,9.5,0.0,0.0,1803,경기도,안산시 상록구,음식,17
04-16,1,목요일,8.7,0.0,0.0,1772,경기도,안산시 상록구,음식,15
04-16,2,목요일,7.7,0.0,0.0,1374,경기도,안산시 상록구,음식,9
04-16,10,목요일,16.4,0.0,0.0,1951,경기도,안산시 상록구,음식,16
04-16,11,목요일,18.4,0.0,0.0,1828,경기도,안산시 상록구,음식,33
04-16,12,목요일,19.4,0.0,0.0,1605,경기도,안산시 상록구,음식,58
04-16,13,목요일,20.8,0.0,0.0,1908,경기도,안산시 상록구,음식,45
04-16,14,목요일,21.7,0.0,0.0,1767,경기도,안산시 상록구,음식,37
04-16,15,목요일,22.4,0.0,0.0,1839,경기도,안산시 상록구,음식,20
04-16,16,목요일,23.3,0.0,0.0,1800,경기도,안산시 상록구,음식,20
04-16,17,목요일,22.9,0.0,0.0,1886,경기도,안산시 상록구,음식,51
04-16,18,목요일,18.7,0.0,0.0,1791,경기도,안산시 상록구,음식,95
04-16,19,목요일,16.9,0.0,0.0,1866,경기도,안산시 상록구,음식,110
04-16,20,목요일,15.3,0.0,0.0,1996,경기도,안산시 상록구,음식,83
04-16,21,목요일,14.2,0.0,0.0,1720,경기도,안산시 상록구,음식,51
04-16,22,목요일,14.2,0.0,0.0,1597,경기도,안산시 상록구,음식,52
04-16,23,목요일,14.5,0.0,0.0,1719,경기도,안산시 상록구,음식,36
04-17,0,금요일,13.4,0.0,0.0,1511,경기도,안산시 상록구,음식,14
04-17,1,금요일,15.4,0.0,0.0,1964,경기도,안산시 상록구,음식,5
04-17,2,금요일,15.6,0.0,0.0,2000,경기도,안산시 상록구,음식,6
04-17,10,금요일,10.7,0.0,0.0,1971,경기도,안산시 상록구,음식,17
04-17,11,금요일,12.0,0.0,0.0,2000,경기도,안산시 상록구,음식,53
04-17,12,금요일,13.3,0.0,0.0,1904,경기도,안산시 상록구,음식,64
04-17,13,금요일,13.0,0.7,0.0,1084,경기도,안산시 상록구,음식,45
04-17,14,금요일,13.7,0.7,0.0,1907,경기도,안산시 상록구,음식,47
04-17,15,금요일,14.6,0.1,0.0,1474,경기도,안산시 상록구,음식,28
04-17,16,금요일,16.1,0.0,0.0,1920,경기도,안산시 상록구,음식,47
04-17,17,금요일,14.4,0.0,0.0,1347,경기도,안산시 상록구,음식,66
04-17,18,금요일,14.4,0.0,0.0,1042,경기도,안산시 상록구,음식,105
04-17,19,금요일,13.4,0.0,0.0,1069,경기도,안산시 상록구,음식,151
04-17,20,금요일,12.2,0.0,0.0,857,경기도,안산시 상록구,음식,95
04-17,21,금요일,10.7,0.0,0.0,502,경기도,안산시 상록구,음식,84
04-17,22,금요일,10.3,0.0,0.0,476,경기도,안산시 상록구,음식,60
04-17,23,금요일,10.0,0.0,0.0,689,경기도,안산시 상록구,음식,48
04-18,0,토요일,9.9,0.0,0.0,576,경기도,안산시 상록구,음식,26
04-18,1,토요일,9.9,0.0,0.0,619,경기도,안산시 상록구,음식,18
04-18,2,토요일,9.9,0.0,0.0,770,경기도,안산시 상록구,음식,18
04-18,10,토요일,14.2,0.0,0.0,2000,경기도,안산시 상록구,음식,26
04-18,11,토요일,15.8,0.0,0.0,2000,경기도,안산시 상록구,음식,36
04-18,12,토요일,16.7,0.0,0.0,2000,경기도,안산시 상록구,음식,68
04-18,13,토요일,17.0,0.0,0.0,1983,경기도,안산시 상록구,음식,55
04-18,14,토요일,17.8,0.0,0.0,1928,경기도,안산시 상록구,음식,35
04-18,15,토요일,16.9,0.0,0.0,2000,경기도,안산시 상록구,음식,43
04-18,16,토요일,17.2,0.0,0.0,2000,경기도,안산시 상록구,음식,50
04-18,17,토요일,16.7,0.0,0.0,1996,경기도,안산시 상록구,음식,78
04-18,18,토요일,16.0,0.0,0.0,2000,경기도,안산시 상록구,음식,104
04-18,19,토요일,14.3,0.0,0.0,1981,경기도,안산시 상록구,음식,119
04-18,20,토요일,12.2,0.0,0.0,1990,경기도,안산시 상록구,음식,110
04-18,21,토요일,11.8,0.0,0.0,1930,경기도,안산시 상록구,음식,103
04-18,22,토요일,10.4,0.0,0.0,1400,경기도,안산시 상록구,음식,76
04-18,23,토요일,9.7,0.0,0.0,696,경기도,안산시 상록구,음식,52
04-19,0,일요일,9.2,0.0,0.0,579,경기도,안산시 상록구,음식,19
04-19,1,일요일,9.0,0.0,0.0,594,경기도,안산시 상록구,음식,17
04-19,2,일요일,9.0,0.0,0.0,546,경기도,안산시 상록구,음식,10
04-19,10,일요일,14.9,0.0,0.0,2087,경기도,안산시 상록구,음식,34
04-19,11,일요일,14.7,0.0,0.0,1978,경기도,안산시 상록구,음식,60
04-19,12,일요일,15.0,0.0,0.0,1910,경기도,안산시 상록구,음식,94
04-19,13,일요일,15.2,0.0,0.0,1991,경기도,안산시 상록구,음식,76
04-19,14,일요일,15.3,0.0,0.0,2000,경기도,안산시 상록구,음식,63
04-19,15,일요일,14.1,0.0,0.0,1413,경기도,안산시 상록구,음식,53
04-19,16,일요일,12.0,1.1,0.0,914,경기도,안산시 상록구,음식,82
04-19,17,일요일,11.0,2.7,0.0,761,경기도,안산시 상록구,음식,134
04-19,18,일요일,10.9,3.2,0.0,929,경기도,안산시 상록구,음식,163
04-19,19,일요일,10.7,2.3,0.0,770,경기도,안산시 상록구,음식,124
04-19,20,일요일,10.8,1.2,0.0,1671,경기도,안산시 상록구,음식,112
04-19,21,일요일,10.5,1.0,0.0,1341,경기도,안산시 상록구,음식,72
04-19,22,일요일,10.1,0.0,0.0,1144,경기도,안산시 상록구,음식,69
04-19,23,일요일,10.1,0.0,0.0,2000,경기도,안산시 상록구,음식,46
04-20,0,월요일,9.8,0.0,0.0,2000,경기도,안산시 상록구,음식,32
04-20,1,월요일,10.0,0.0,0.0,2000,경기도,안산시 상록구,음식,17
04-20,2,월요일,9.8,0.0,0.0,1987,경기도,안산시 상록구,음식,25
04-20,10,월요일,12.4,0.0,0.0,1859,경기도,안산시 상록구,음식,22
04-20,11,월요일,13.7,0.0,0.0,1981,경기도,안산시 상록구,음식,51
04-20,12,월요일,14.0,0.0,0.0,1974,경기도,안산시 상록구,음식,72
04-20,13,월요일,13.0,0.0,0.0,1998,경기도,안산시 상록구,음식,45
04-20,14,월요일,10.5,0.2,0.0,849,경기도,안산시 상록구,음식,39
04-20,15,월요일,10.7,0.0,0.0,1068,경기도,안산시 상록구,음식,36
04-20,16,월요일,11.6,0.0,0.0,885,경기도,안산시 상록구,음식,29
04-20,17,월요일,11.1,0.0,0.0,1348,경기도,안산시 상록구,음식,58
04-20,18,월요일,10.1,0.0,0.0,2000,경기도,안산시 상록구,음식,98
04-20,19,월요일,9.8,0.0,0.0,2000,경기도,안산시 상록구,음식,122
04-20,20,월요일,9.9,0.0,0.0,2000,경기도,안산시 상록구,음식,84
04-20,21,월요일,9.8,0.0,0.0,1962,경기도,안산시 상록구,음식,69
04-20,22,월요일,9.1,0.0,0.0,2000,경기도,안산시 상록구,음식,50
04-20,23,월요일,8.8,0.0,0.0,2000,경기도,안산시 상록구,음식,41
04-21,0,화요일,7.1,0.0,0.0,2000,경기도,안산시 상록구,음식,21
04-21,1,화요일,7.0,0.0,0.0,1996,경기도,안산시 상록구,음식,15
04-21,2,화요일,6.4,0.0,0.0,1997,경기도,안산시 상록구,음식,9
04-21,10,화요일,9.7,0.0,0.0,1999,경기도,안산시 상록구,음식,21
04-21,11,화요일,10.0,0.0,0.0,1914,경기도,안산시 상록구,음식,59
04-21,12,화요일,10.1,0.0,0.0,1979,경기도,안산시 상록구,음식,76
04-21,13,화요일,9.4,0.0,0.0,1993,경기도,안산시 상록구,음식,72
04-21,14,화요일,9.0,0.0,0.0,2000,경기도,안산시 상록구,음식,38
04-21,15,화요일,8.7,0.0,0.0,2000,경기도,안산시 상록구,음식,43
04-21,16,화요일,8.5,0.0,0.0,2000,경기도,안산시 상록구,음식,45
04-21,17,화요일,7.9,0.0,0.0,2000,경기도,안산시 상록구,음식,74
04-21,18,화요일,7.4,0.0,0.0,2000,경기도,안산시 상록구,음식,117
04-21,19,화요일,6.5,0.0,0.0,2000,경기도,안산시 상록구,음식,149
04-21,20,화요일,6.3,0.0,0.0,2000,경기도,안산시 상록구,음식,136
04-21,21,화요일,6.0,0.0,0.0,2000,경기도,안산시 상록구,음식,107
04-21,22,화요일,6.1,0.0,0.0,2000,경기도,안산시 상록구,음식,52
04-21,23,화요일,6.3,0.0,0.0,2000,경기도,안산시 상록구,음식,37
04-22,0,수요일,6.6,0.0,0.0,2000,경기도,안산시 상록구,음식,16
04-22,1,수요일,6.7,0.0,0.0,1997,경기도,안산시 상록구,음식,16
04-22,2,수요일,6.9,0.0,0.0,2000,경기도,안산시 상록구,음식,11
04-22,10,수요일,7.6,0.0,0.0,1592,경기도,안산시 상록구,음식,19
04-22,11,수요일,7.3,0.0,0.0,1784,경기도,안산시 상록구,음식,42
04-22,12,수요일,7.6,0.0,0.0,1948,경기도,안산시 상록구,음식,72
04-22,13,수요일,8.9,0.0,0.0,2000,경기도,안산시 상록구,음식,56
04-22,14,수요일,8.4,0.0,0.0,1978,경기도,안산시 상록구,음식,40
04-22,15,수요일,8.1,0.0,0.0,2000,경기도,안산시 상록구,음식,44
04-22,16,수요일,7.6,0.0,0.0,2000,경기도,안산시 상록구,음식,44
04-22,17,수요일,6.7,0.0,0.0,2000,경기도,안산시 상록구,음식,70
04-22,18,수요일,7.0,0.0,0.0,2000,경기도,안산시 상록구,음식,110
04-22,19,수요일,6.8,0.0,0.0,2000,경기도,안산시 상록구,음식,107
04-22,20,수요일,7.0,0.0,0.0,2000,경기도,안산시 상록구,음식,109
04-22,21,수요일,6.7,0.0,0.0,2000,경기도,안산시 상록구,음식,70
04-22,22,수요일,6.6,0.0,0.0,2000,경기도,안산시 상록구,음식,46
04-22,23,수요일,5.7,0.0,0.0,2000,경기도,안산시 상록구,음식,34
04-23,0,목요일,5.6,0.0,0.0,2000,경기도,안산시 상록구,음식,28
04-23,1,목요일,4.9,0.0,0.0,2000,경기도,안산시 상록구,음식,18
04-23,2,목요일,5.4,0.0,0.0,2000,경기도,안산시 상록구,음식,19
04-23,10,목요일,10.4,0.0,0.0,1987,경기도,안산시 상록구,음식,12
04-23,11,목요일,11.5,0.0,0.0,1936,경기도,안산시 상록구,음식,40
04-23,12,목요일,11.0,0.0,0.0,1949,경기도,안산시 상록구,음식,70
04-23,13,목요일,11.9,0.0,0.0,2000,경기도,안산시 상록구,음식,33
04-23,14,목요일,12.4,0.0,0.0,2000,경기도,안산시 상록구,음식,37
04-23,15,목요일,11.7,0.0,0.0,2000,경기도,안산시 상록구,음식,36
04-23,16,목요일,11.6,0.0,0.0,2000,경기도,안산시 상록구,음식,31
04-23,17,목요일,11.3,0.0,0.0,1990,경기도,안산시 상록구,음식,54
04-23,18,목요일,9.6,0.0,0.0,2000,경기도,안산시 상록구,음식,97
04-23,19,목요일,8.4,0.0,0.0,2000,경기도,안산시 상록구,음식,117
04-23,20,목요일,7.6,0.0,0.0,1950,경기도,안산시 상록구,음식,88
04-23,21,목요일,7.4,0.0,0.0,2000,경기도,안산시 상록구,음식,81
04-23,22,목요일,7.1,0.0,0.0,2000,경기도,안산시 상록구,음식,53
04-23,23,목요일,6.1,0.0,0.0,2000,경기도,안산시 상록구,음식,41
04-24,0,금요일,5.4,0.0,0.0,2000,경기도,안산시 상록구,음식,25
04-24,1,금요일,4.9,0.0,0.0,1989,경기도,안산시 상록구,음식,18
04-24,2,금요일,4.4,0.0,0.0,2000,경기도,안산시 상록구,음식,13
04-24,10,금요일,12.0,0.0,0.0,1988,경기도,안산시 상록구,음식,13
04-24,11,금요일,14.3,0.0,0.0,2000,경기도,안산시 상록구,음식,39
04-24,12,금요일,14.7,0.0,0.0,2000,경기도,안산시 상록구,음식,63
04-24,13,금요일,14.4,0.0,0.0,1850,경기도,안산시 상록구,음식,48
04-24,14,금요일,14.5,0.0,0.0,1954,경기도,안산시 상록구,음식,36
04-24,15,금요일,14.9,0.0,0.0,2000,경기도,안산시 상록구,음식,29
04-24,16,금요일,15.0,0.0,0.0,1987,경기도,안산시 상록구,음식,26
04-24,17,금요일,14.1,0.0,0.0,2000,경기도,안산시 상록구,음식,46
04-24,18,금요일,13.6,0.0,0.0,2000,경기도,안산시 상록구,음식,115
04-24,19,금요일,12.6,0.0,0.0,2000,경기도,안산시 상록구,음식,126
04-24,20,금요일,11.5,0.0,0.0,2000,경기도,안산시 상록구,음식,135
04-24,21,금요일,10.5,0.0,0.0,2000,경기도,안산시 상록구,음식,94
04-24,22,금요일,9.3,0.0,0.0,1986,경기도,안산시 상록구,음식,75
04-24,23,금요일,9.0,0.0,0.0,1998,경기도,안산시 상록구,음식,60
04-25,0,토요일,9.4,0.0,0.0,2000,경기도,안산시 상록구,음식,18
04-25,1,토요일,9.3,0.0,0.0,2000,경기도,안산시 상록구,음식,20
04-25,2,토요일,10.1,0.0,0.0,1924,경기도,안산시 상록구,음식,17
04-25,10,토요일,16.4,0.0,0.0,1813,경기도,안산시 상록구,음식,19
04-25,11,토요일,17.3,0.0,0.0,1700,경기도,안산시 상록구,음식,41
04-25,12,토요일,17.7,0.0,0.0,1542,경기도,안산시 상록구,음식,74
04-25,13,토요일,17.9,0.0,0.0,1679,경기도,안산시 상록구,음식,69
04-25,14,토요일,17.8,0.0,0.0,1476,경기도,안산시 상록구,음식,49
04-25,15,토요일,17.0,0.0,0.0,1261,경기도,안산시 상록구,음식,49
04-25,16,토요일,16.7,0.0,0.0,1124,경기도,안산시 상록구,음식,50
04-25,17,토요일,16.1,0.0,0.0,1461,경기도,안산시 상록구,음식,87
04-25,18,토요일,14.6,0.0,0.0,1549,경기도,안산시 상록구,음식,118
04-25,19,토요일,12.8,0.0,0.0,1802,경기도,안산시 상록구,음식,135
04-25,20,토요일,11.7,0.0,0.0,2000,경기도,안산시 상록구,음식,113
04-25,21,토요일,10.4,0.0,0.0,1929,경기도,안산시 상록구,음식,84
04-25,22,토요일,9.9,0.0,0.0,1889,경기도,안산시 상록구,음식,71
04-25,23,토요일,9.1,0.0,0.0,1792,경기도,안산시 상록구,음식,58
04-26,0,일요일,9.0,0.0,0.0,1520,경기도,안산시 상록구,음식,40
04-26,1,일요일,9.5,0.0,0.0,1774,경기도,안산시 상록구,음식,30
04-26,2,일요일,8.1,0.0,0.0,1938,경기도,안산시 상록구,음식,18
04-26,10,일요일,13.6,0.0,0.0,1994,경기도,안산시 상록구,음식,24
04-26,11,일요일,14.6,0.0,0.0,1949,경기도,안산시 상록구,음식,53
04-26,12,일요일,16.0,0.0,0.0,2000,경기도,안산시 상록구,음식,59
04-26,13,일요일,17.4,0.0,0.0,2000,경기도,안산시 상록구,음식,93
04-26,14,일요일,18.0,0.0,0.0,2000,경기도,안산시 상록구,음식,68
04-26,15,일요일,18.0,0.0,0.0,2000,경기도,안산시 상록구,음식,73
04-26,16,일요일,17.6,0.0,0.0,2000,경기도,안산시 상록구,음식,61
04-26,17,일요일,16.2,0.0,0.0,2000,경기도,안산시 상록구,음식,80
04-26,18,일요일,15.0,0.0,0.0,2000,경기도,안산시 상록구,음식,128
04-26,19,일요일,13.2,0.0,0.0,2000,경기도,안산시 상록구,음식,121
04-26,20,일요일,11.7,0.0,0.0,2000,경기도,안산시 상록구,음식,117
04-26,21,일요일,10.8,0.0,0.0,2000,경기도,안산시 상록구,음식,77
04-26,22,일요일,9.7,0.0,0.0,2000,경기도,안산시 상록구,음식,61
04-26,23,일요일,8.8,0.0,0.0,2000,경기도,안산시 상록구,음식,36
04-27,0,월요일,8.6,0.0,0.0,2000,경기도,안산시 상록구,음식,27
04-27,1,월요일,7.8,0.0,0.0,1965,경기도,안산시 상록구,음식,15
04-27,2,월요일,7.6,0.0,0.0,1935,경기도,안산시 상록구,음식,30
04-27,10,월요일,14.2,0.0,0.0,1898,경기도,안산시 상록구,음식,7
04-27,11,월요일,15.5,0.0,0.0,1995,경기도,안산시 상록구,음식,51
04-27,12,월요일,16.2,0.0,0.0,1993,경기도,안산시 상록구,음식,65
04-27,13,월요일,17.1,0.0,0.0,1999,경기도,안산시 상록구,음식,39
04-27,14,월요일,16.9,0.0,0.0,2000,경기도,안산시 상록구,음식,37
04-27,15,월요일,16.8,0.0,0.0,2000,경기도,안산시 상록구,음식,44
04-27,16,월요일,17.1,0.0,0.0,2000,경기도,안산시 상록구,음식,32
04-27,17,월요일,15.6,0.0,0.0,2000,경기도,안산시 상록구,음식,49
04-27,18,월요일,15.3,0.0,0.0,2000,경기도,안산시 상록구,음식,125
04-27,19,월요일,13.8,0.0,0.0,2000,경기도,안산시 상록구,음식,96
04-27,20,월요일,12.4,0.0,0.0,2000,경기도,안산시 상록구,음식,102
04-27,21,월요일,11.0,0.0,0.0,2000,경기도,안산시 상록구,음식,75
04-27,22,월요일,10.2,0.0,0.0,2000,경기도,안산시 상록구,음식,55
04-27,23,월요일,9.3,0.0,0.0,2000,경기도,안산시 상록구,음식,38
04-28,0,화요일,9.0,0.0,0.0,2000,경기도,안산시 상록구,음식,23
04-28,1,화요일,8.7,0.0,0.0,1950,경기도,안산시 상록구,음식,20
04-28,2,화요일,7.7,0.0,0.0,2000,경기도,안산시 상록구,음식,10
04-28,10,화요일,15.3,0.0,0.0,1993,경기도,안산시 상록구,음식,18
04-28,11,화요일,16.5,0.0,0.0,1940,경기도,안산시 상록구,음식,31
04-28,12,화요일,18.3,0.0,0.0,2000,경기도,안산시 상록구,음식,46
04-28,13,화요일,19.9,0.0,0.0,2000,경기도,안산시 상록구,음식,55
04-28,14,화요일,19.6,0.0,0.0,2000,경기도,안산시 상록구,음식,28
04-28,15,화요일,20.8,0.0,0.0,2000,경기도,안산시 상록구,음식,26
04-28,16,화요일,19.3,0.0,0.0,1973,경기도,안산시 상록구,음식,29
04-28,17,화요일,19.2,0.0,0.0,2000,경기도,안산시 상록구,음식,50
04-28,18,화요일,18.0,0.0,0.0,2000,경기도,안산시 상록구,음식,90
04-28,19,화요일,16.3,0.0,0.0,1995,경기도,안산시 상록구,음식,101
04-28,20,화요일,14.7,0.0,0.0,2016,경기도,안산시 상록구,음식,78
04-28,21,화요일,13.3,0.0,0.0,1535,경기도,안산시 상록구,음식,51
04-28,22,화요일,12.3,0.0,0.0,1042,경기도,안산시 상록구,음식,55
04-28,23,화요일,11.6,0.0,0.0,906,경기도,안산시 상록구,음식,43
04-29,0,수요일,11.0,0.0,0.0,758,경기도,안산시 상록구,음식,24
04-29,1,수요일,10.3,0.0,0.0,647,경기도,안산시 상록구,음식,13
04-29,2,수요일,10.0,0.0,0.0,649,경기도,안산시 상록구,음식,10
04-29,10,수요일,16.1,0.0,0.0,1732,경기도,안산시 상록구,음식,13
04-29,11,수요일,18.0,0.0,0.0,1849,경기도,안산시 상록구,음식,44
04-29,12,수요일,19.9,0.0,0.0,1680,경기도,안산시 상록구,음식,59
04-29,13,수요일,21.2,0.0,0.0,1784,경기도,안산시 상록구,음식,41
04-29,14,수요일,21.8,0.0,0.0,1872,경기도,안산시 상록구,음식,29
04-29,15,수요일,20.4,0.0,0.0,1903,경기도,안산시 상록구,음식,38
04-29,16,수요일,20.0,0.0,0.0,1958,경기도,안산시 상록구,음식,32
04-29,17,수요일,19.4,0.0,0.0,1995,경기도,안산시 상록구,음식,53
04-29,18,수요일,18.5,0.0,0.0,2000,경기도,안산시 상록구,음식,106
04-29,19,수요일,16.8,0.0,0.0,1903,경기도,안산시 상록구,음식,127
04-29,20,수요일,14.8,0.0,0.0,2000,경기도,안산시 상록구,음식,118
04-29,21,수요일,13.5,0.0,0.0,2000,경기도,안산시 상록구,음식,99
04-29,22,수요일,12.1,0.0,0.0,2000,경기도,안산시 상록구,음식,69
04-29,23,수요일,10.5,0.0,0.0,2000,경기도,안산시 상록구,음식,44
04-30,0,목요일,9.4,0.0,0.0,2000,경기도,안산시 상록구,음식,37
04-30,1,목요일,9.0,0.0,0.0,2000,경기도,안산시 상록구,음식,23
04-30,2,목요일,7.6,0.0,0.0,2000,경기도,안산시 상록구,음식,16
04-30,10,목요일,17.7,0.0,0.0,1991,경기도,안산시 상록구,음식,20
04-30,11,목요일,19.5,0.0,0.0,1978,경기도,안산시 상록구,음식,53
04-30,12,목요일,21.1,0.0,0.0,1981,경기도,안산시 상록구,음식,83
04-30,13,목요일,22.0,0.0,0.0,1919,경기도,안산시 상록구,음식,69
04-30,14,목요일,22.6,0.0,0.0,1897,경기도,안산시 상록구,음식,51
04-30,15,목요일,23.1,0.0,0.0,1942,경기도,안산시 상록구,음식,58
04-30,16,목요일,23.5,0.0,0.0,1996,경기도,안산시 상록구,음식,72
04-30,17,목요일,22.7,0.0,0.0,1973,경기도,안산시 상록구,음식,69
04-30,18,목요일,20.6,0.0,0.0,2000,경기도,안산시 상록구,음식,120
04-30,19,목요일,20.0,0.0,0.0,1968,경기도,안산시 상록구,음식,123
04-30,20,목요일,18.6,0.0,0.0,1764,경기도,안산시 상록구,음식,95
04-30,21,목요일,18.0,0.0,0.0,1758,경기도,안산시 상록구,음식,83
04-30,22,목요일,17.4,0.0,0.0,1263,경기도,안산시 상록구,음식,53
04-30,23,목요일,16.7,0.0,0.0,1391,경기도,안산시 상록구,음식,66
05-01,0,금요일,16.7,0.0,0.0,886,경기도,안산시 상록구,음식,46
05-01,1,금요일,17.2,0.0,0.0,1107,경기도,안산시 상록구,음식,17
05-01,2,금요일,16.3,0.0,0.0,925,경기도,안산시 상록구,음식,27
05-01,10,금요일,19.9,0.0,0.0,1287,경기도,안산시 상록구,음식,19
05-01,11,금요일,21.6,0.0,0.0,1528,경기도,안산시 상록구,음식,59
05-01,12,금요일,24.2,0.0,0.0,1427,경기도,안산시 상록구,음식,73
05-01,13,금요일,25.3,0.0,0.0,1651,경기도,안산시 상록구,음식,73
05-01,14,금요일,27.0,0.0,0.0,1809,경기도,안산시 상록구,음식,41
05-01,15,금요일,25.8,0.0,0.0,1638,경기도,안산시 상록구,음식,48
05-01,16,금요일,25.8,0.0,0.0,2000,경기도,안산시 상록구,음식,38
05-01,17,금요일,24.9,0.0,0.0,1611,경기도,안산시 상록구,음식,81
05-01,18,금요일,23.1,0.0,0.0,1983,경기도,안산시 상록구,음식,109
05-01,19,금요일,21.0,0.0,0.0,1410,경기도,안산시 상록구,음식,134
05-01,20,금요일,19.7,0.0,0.0,1108,경기도,안산시 상록구,음식,100
05-01,21,금요일,18.7,0.0,0.0,771,경기도,안산시 상록구,음식,105
05-01,22,금요일,19.0,0.0,0.0,735,경기도,안산시 상록구,음식,65
05-01,23,금요일,18.9,0.0,0.0,574,경기도,안산시 상록구,음식,63
05-02,0,토요일,18.9,0.0,0.0,794,경기도,안산시 상록구,음식,28
05-02,1,토요일,18.8,0.0,0.0,922,경기도,안산시 상록구,음식,22
05-02,2,토요일,18.5,0.0,0.0,1298,경기도,안산시 상록구,음식,21
05-02,10,토요일,21.1,0.0,0.0,863,경기도,안산시 상록구,음식,26
05-02,11,토요일,21.9,0.0,0.0,910,경기도,안산시 상록구,음식,53
05-02,12,토요일,23.7,0.0,0.0,894,경기도,안산시 상록구,음식,80
05-02,13,토요일,24.4,0.0,0.0,1500,경기도,안산시 상록구,음식,83
05-02,14,토요일,24.9,0.0,0.0,2000,경기도,안산시 상록구,음식,38
05-02,15,토요일,24.4,0.0,0.0,2000,경기도,안산시 상록구,음식,49
05-02,16,토요일,23.6,0.0,0.0,1902,경기도,안산시 상록구,음식,47
05-02,17,토요일,22.5,0.0,0.0,1832,경기도,안산시 상록구,음식,78
05-02,18,토요일,22.2,0.0,0.0,1636,경기도,안산시 상록구,음식,92
05-02,19,토요일,22.0,0.0,0.0,1990,경기도,안산시 상록구,음식,111
05-02,20,토요일,20.7,0.0,0.0,1894,경기도,안산시 상록구,음식,107
05-02,21,토요일,20.2,0.0,0.0,1881,경기도,안산시 상록구,음식,86
05-02,22,토요일,19.9,0.0,0.0,1589,경기도,안산시 상록구,음식,81
05-02,23,토요일,19.7,0.1,0.0,1691,경기도,안산시 상록구,음식,57
05-03,0,일요일,19.2,0.0,0.0,1427,경기도,안산시 상록구,음식,32
05-03,1,일요일,18.8,0.0,0.0,1174,경기도,안산시 상록구,음식,21
05-03,2,일요일,18.8,0.0,0.0,819,경기도,안산시 상록구,음식,15
05-03,10,일요일,21.2,0.0,0.0,1889,경기도,안산시 상록구,음식,20
05-03,11,일요일,23.1,0.0,0.0,1903,경기도,안산시 상록구,음식,37
05-03,12,일요일,23.7,0.0,0.0,1976,경기도,안산시 상록구,음식,71
05-03,13,일요일,24.7,0.0,0.0,1865,경기도,안산시 상록구,음식,67
05-03,14,일요일,24.5,0.0,0.0,2000,경기도,안산시 상록구,음식,51
05-03,15,일요일,25.6,0.0,0.0,2000,경기도,안산시 상록구,음식,45
05-03,16,일요일,25.3,0.0,0.0,2000,경기도,안산시 상록구,음식,71
05-03,17,일요일,24.9,0.0,0.0,2000,경기도,안산시 상록구,음식,82
05-03,18,일요일,25.4,0.0,0.0,2000,경기도,안산시 상록구,음식,109
05-03,19,일요일,23.9,0.0,0.0,2000,경기도,안산시 상록구,음식,120
05-03,20,일요일,22.6,0.0,0.0,1791,경기도,안산시 상록구,음식,93
05-03,21,일요일,21.8,0.0,0.0,2000,경기도,안산시 상록구,음식,91
05-03,22,일요일,20.9,0.0,0.0,2000,경기도,안산시 상록구,음식,65
05-03,23,일요일,19.5,0.0,0.0,1909,경기도,안산시 상록구,음식,59
05-04,0,월요일,18.7,0.0,0.0,689,경기도,안산시 상록구,음식,27
05-04,1,월요일,18.5,0.0,0.0,769,경기도,안산시 상록구,음식,33
05-04,2,월요일,18.4,0.0,0.0,753,경기도,안산시 상록구,음식,14
05-04,10,월요일,21.5,0.0,0.0,1868,경기도,안산시 상록구,음식,16
05-04,11,월요일,22.2,0.0,0.0,2041,경기도,안산시 상록구,음식,47
05-04,12,월요일,22.8,0.0,0.0,1963,경기도,안산시 상록구,음식,60
05-04,13,월요일,22.7,0.0,0.0,1914,경기도,안산시 상록구,음식,53
05-04,14,월요일,23.0,0.0,0.0,1893,경기도,안산시 상록구,음식,43
05-04,15,월요일,22.6,0.0,0.0,1947,경기도,안산시 상록구,음식,42
05-04,16,월요일,22.0,0.0,0.0,1951,경기도,안산시 상록구,음식,31
05-04,17,월요일,20.9,0.0,0.0,2000,경기도,안산시 상록구,음식,68
05-04,18,월요일,17.9,0.0,0.0,1992,경기도,안산시 상록구,음식,91
05-04,19,월요일,16.1,0.0,0.0,1982,경기도,안산시 상록구,음식,124
05-04,20,월요일,14.6,0.0,0.0,1980,경기도,안산시 상록구,음식,99
05-04,21,월요일,13.5,0.0,0.0,2000,경기도,안산시 상록구,음식,90
05-04,22,월요일,12.8,0.0,0.0,1946,경기도,안산시 상록구,음식,50
05-04,23,월요일,12.3,0.0,0.0,1740,경기도,안산시 상록구,음식,39
05-05,0,화요일,12.7,0.0,0.0,1898,경기도,안산시 상록구,음식,27
05-05,1,화요일,12.5,0.0,0.0,1571,경기도,안산시 상록구,음식,24
05-05,2,화요일,12.2,0.0,0.0,1477,경기도,안산시 상록구,음식,31
05-05,10,화요일,19.1,0.0,0.0,1896,경기도,안산시 상록구,음식,14
05-05,11,화요일,20.0,0.0,0.0,1619,경기도,안산시 상록구,음식,51
05-05,12,화요일,19.4,0.0,0.0,1902,경기도,안산시 상록구,음식,84
05-05,13,화요일,14.9,0.0,0.0,732,경기도,안산시 상록구,음식,74
05-05,14,화요일,14.2,0.4,0.0,1072,경기도,안산시 상록구,음식,93
05-05,15,화요일,13.1,2.1,0.0,925,경기도,안산시 상록구,음식,62
05-05,16,화요일,13.1,0.0,0.0,864,경기도,안산시 상록구,음식,75
05-05,17,화요일,14.1,0.0,0.0,1325,경기도,안산시 상록구,음식,108
05-05,18,화요일,15.8,0.0,0.0,1125,경기도,안산시 상록구,음식,152
05-05,19,화요일,15.9,0.0,0.0,1859,경기도,안산시 상록구,음식,152
05-05,20,화요일,13.7,0.0,0.0,689,경기도,안산시 상록구,음식,112
05-05,21,화요일,12.6,0.0,0.0,560,경기도,안산시 상록구,음식,71
05-05,22,화요일,12.0,0.0,0.0,557,경기도,안산시 상록구,음식,52
05-05,23,화요일,11.5,0.0,0.0,883,경기도,안산시 상록구,음식,51
05-06,0,수요일,11.1,0.0,0.0,709,경기도,안산시 상록구,음식,22
05-06,1,수요일,10.5,0.0,0.0,703,경기도,안산시 상록구,음식,18
05-06,2,수요일,10.1,0.0,0.0,620,경기도,안산시 상록구,음식,24
05-06,10,수요일,20.0,0.0,0.0,1741,경기도,안산시 상록구,음식,16
05-06,11,수요일,21.1,0.0,0.0,1708,경기도,안산시 상록구,음식,56
05-06,12,수요일,23.3,0.0,0.0,1949,경기도,안산시 상록구,음식,60
05-06,13,수요일,24.9,0.0,0.0,1954,경기도,안산시 상록구,음식,55
05-06,14,수요일,25.5,0.0,0.0,1465,경기도,안산시 상록구,음식,42
05-06,15,수요일,25.7,0.0,0.0,2021,경기도,안산시 상록구,음식,34
05-06,16,수요일,25.0,0.0,0.0,1888,경기도,안산시 상록구,음식,35
05-06,17,수요일,23.9,0.0,0.0,1941,경기도,안산시 상록구,음식,57
05-06,18,수요일,23.1,0.0,0.0,1982,경기도,안산시 상록구,음식,90
05-06,19,수요일,20.9,0.0,0.0,2000,경기도,안산시 상록구,음식,90
05-06,20,수요일,19.0,0.0,0.0,2000,경기도,안산시 상록구,음식,74
05-06,21,수요일,17.2,0.0,0.0,1814,경기도,안산시 상록구,음식,52
05-06,22,수요일,16.7,0.0,0.0,1959,경기도,안산시 상록구,음식,52
05-06,23,수요일,16.9,0.0,0.0,1991,경기도,안산시 상록구,음식,38
05-07,0,목요일,16.4,0.0,0.0,2034,경기도,안산시 상록구,음식,27
05-07,1,목요일,17.5,0.0,0.0,1872,경기도,안산시 상록구,음식,18
05-07,2,목요일,17.3,0.0,0.0,2000,경기도,안산시 상록구,음식,14
05-07,10,목요일,21.0,0.0,0.0,1982,경기도,안산시 상록구,음식,11
05-07,11,목요일,22.3,0.0,0.0,2000,경기도,안산시 상록구,음식,42
05-07,12,목요일,23.7,0.0,0.0,1997,경기도,안산시 상록구,음식,48
05-07,13,목요일,24.2,0.0,0.0,2000,경기도,안산시 상록구,음식,50
05-07,14,목요일,25.4,0.0,0.0,2000,경기도,안산시 상록구,음식,29
05-07,15,목요일,24.8,0.0,0.0,1949,경기도,안산시 상록구,음식,25
05-07,16,목요일,24.9,0.0,0.0,2000,경기도,안산시 상록구,음식,41
05-07,17,목요일,25.4,0.0,0.0,1996,경기도,안산시 상록구,음식,52
05-07,18,목요일,24.6,0.0,0.0,1996,경기도,안산시 상록구,음식,94
05-07,19,목요일,23.4,0.0,0.0,2000,경기도,안산시 상록구,음식,109
05-07,20,목요일,21.7,0.0,0.0,2000,경기도,안산시 상록구,음식,86
05-07,21,목요일,21.2,0.0,0.0,2000,경기도,안산시 상록구,음식,69
05-07,22,목요일,20.7,0.0,0.0,2000,경기도,안산시 상록구,음식,44
05-07,23,목요일,20.6,0.0,0.0,1957,경기도,안산시 상록구,음식,42
05-08,0,금요일,19.5,0.0,0.0,2000,경기도,안산시 상록구,음식,22
05-08,1,금요일,19.1,0.0,0.0,2000,경기도,안산시 상록구,음식,10
05-08,2,금요일,18.9,0.0,0.0,1996,경기도,안산시 상록구,음식,18
05-08,10,금요일,20.0,0.0,0.0,2000,경기도,안산시 상록구,음식,11
05-08,11,금요일,21.4,0.0,0.0,1997,경기도,안산시 상록구,음식,39
05-08,12,금요일,22.7,0.0,0.0,1990,경기도,안산시 상록구,음식,65
05-08,13,금요일,23.7,0.0,0.0,1997,경기도,안산시 상록구,음식,61
05-08,14,금요일,23.9,0.0,0.0,1993,경기도,안산시 상록구,음식,41
05-08,15,금요일,23.9,0.0,0.0,2000,경기도,안산시 상록구,음식,24
05-08,16,금요일,23.3,0.0,0.0,2000,경기도,안산시 상록구,음식,30
05-08,17,금요일,20.5,0.0,0.0,2000,경기도,안산시 상록구,음식,67
05-08,18,금요일,20.2,0.0,0.0,2000,경기도,안산시 상록구,음식,137
05-08,19,금요일,20.2,0.0,0.0,1955,경기도,안산시 상록구,음식,175
05-08,20,금요일,17.8,0.1,0.0,1787,경기도,안산시 상록구,음식,165
05-08,21,금요일,16.5,0.4,0.0,1404,경기도,안산시 상록구,음식,122
05-08,22,금요일,15.8,0.8,0.0,958,경기도,안산시 상록구,음식,84
05-08,23,금요일,14.5,0.8,0.0,974,경기도,안산시 상록구,음식,60
05-09,0,토요일,14.3,1.0,0.0,524,경기도,안산시 상록구,음식,40
05-09,1,토요일,14.3,1.9,0.0,966,경기도,안산시 상록구,음식,23
05-09,2,토요일,13.4,0.4,0.0,613,경기도,안산시 상록구,음식,29
05-09,3,토요일,13.1,0.7,0.0,805,경기도,안산시 상록구,음식,2
05-09,10,토요일,15.5,6.4,0.0,950,경기도,안산시 상록구,음식,26
05-09,11,토요일,15.9,3.1,0.0,744,경기도,안산시 상록구,음식,58
05-09,12,토요일,16.4,2.0,0.0,1905,경기도,안산시 상록구,음식,85
05-09,13,토요일,16.6,0.2,0.0,1426,경기도,안산시 상록구,음식,79
05-09,14,토요일,16.9,0.9,0.0,1444,경기도,안산시 상록구,음식,75
05-09,15,토요일,17.1,0.7,0.0,719,경기도,안산시 상록구,음식,72
05-09,16,토요일,16.3,2.0,0.0,375,경기도,안산시 상록구,음식,56
05-09,17,토요일,15.0,0.5,0.0,554,경기도,안산시 상록구,음식,105
05-09,18,토요일,14.9,0.0,0.0,793,경기도,안산시 상록구,음식,164
05-09,19,토요일,14.3,0.0,0.0,1446,경기도,안산시 상록구,음식,153
05-09,20,토요일,13.9,0.0,0.0,760,경기도,안산시 상록구,음식,106
05-09,21,토요일,13.3,0.0,0.0,532,경기도,안산시 상록구,음식,117
05-09,22,토요일,13.7,0.1,0.0,707,경기도,안산시 상록구,음식,82
05-09,23,토요일,13.0,0.0,0.0,581,경기도,안산시 상록구,음식,85
05-10,0,일요일,13.2,0.0,0.0,1420,경기도,안산시 상록구,음식,38
05-10,1,일요일,13.0,0.0,0.0,1189,경기도,안산시 상록구,음식,40
05-10,2,일요일,13.2,0.1,0.0,1301,경기도,안산시 상록구,음식,17
05-10,10,일요일,14.2,0.0,0.0,1766,경기도,안산시 상록구,음식,25
05-10,11,일요일,14.4,0.0,0.0,1445,경기도,안산시 상록구,음식,62
05-10,12,일요일,15.0,0.0,0.0,1653,경기도,안산시 상록구,음식,88
05-10,13,일요일,15.8,0.0,0.0,1675,경기도,안산시 상록구,음식,94
05-10,14,일요일,16.5,0.0,0.0,1971,경기도,안산시 상록구,음식,71
05-10,15,일요일,15.8,0.0,0.0,950,경기도,안산시 상록구,음식,69
05-10,16,일요일,16.1,0.0,0.0,639,경기도,안산시 상록구,음식,82
05-10,17,일요일,15.1,0.0,0.0,735,경기도,안산시 상록구,음식,94
05-10,18,일요일,15.1,0.0,0.0,747,경기도,안산시 상록구,음식,144
05-10,19,일요일,14.6,0.0,0.0,539,경기도,안산시 상록구,음식,144
05-10,20,일요일,13.7,0.0,0.0,543,경기도,안산시 상록구,음식,108
05-10,21,일요일,13.5,0.0,0.0,555,경기도,안산시 상록구,음식,93
05-10,22,일요일,13.3,0.0,0.0,487,경기도,안산시 상록구,음식,61
05-10,23,일요일,14.2,0.0,0.0,574,경기도,안산시 상록구,음식,44
05-11,0,월요일,14.1,0.0,0.0,570,경기도,안산시 상록구,음식,17
05-11,1,월요일,13.7,0.0,0.0,794,경기도,안산시 상록구,음식,30
05-11,2,월요일,13.5,0.0,0.0,522,경기도,안산시 상록구,음식,25
05-11,3,월요일,13.5,0.0,0.0,434,경기도,안산시 상록구,음식,1
05-11,10,월요일,18.2,0.0,0.0,623,경기도,안산시 상록구,음식,10
05-11,11,월요일,19.7,0.0,0.0,816,경기도,안산시 상록구,음식,43
05-11,12,월요일,21.4,0.0,0.0,1081,경기도,안산시 상록구,음식,72
05-11,13,월요일,22.1,0.0,0.0,1698,경기도,안산시 상록구,음식,48
05-11,14,월요일,21.8,0.0,0.0,1891,경기도,안산시 상록구,음식,49
05-11,15,월요일,21.0,0.0,0.0,1947,경기도,안산시 상록구,음식,32
05-11,16,월요일,20.4,0.0,0.0,1910,경기도,안산시 상록구,음식,33
05-11,17,월요일,19.2,0.0,0.0,1675,경기도,안산시 상록구,음식,69
05-11,18,월요일,18.4,0.0,0.0,1799,경기도,안산시 상록구,음식,110
05-11,19,월요일,17.6,0.0,0.0,1718,경기도,안산시 상록구,음식,124
05-11,20,월요일,16.8,0.0,0.0,1796,경기도,안산시 상록구,음식,99
05-11,21,월요일,15.7,0.0,0.0,1870,경기도,안산시 상록구,음식,69
05-11,22,월요일,15.6,0.0,0.0,1696,경기도,안산시 상록구,음식,57
05-11,23,월요일,13.7,0.4,0.0,1706,경기도,안산시 상록구,음식,45
05-12,0,화요일,12.1,0.8,0.0,722,경기도,안산시 상록구,음식,31
05-12,1,화요일,11.6,1.0,0.0,883,경기도,안산시 상록구,음식,18
05-12,2,화요일,11.4,0.0,0.0,953,경기도,안산시 상록구,음식,13
05-12,3,화요일,10.9,0.0,0.0,940,경기도,안산시 상록구,음식,1
05-12,10,화요일,17.3,0.0,0.0,1966,경기도,안산시 상록구,음식,8
05-12,11,화요일,16.7,0.0,0.0,1965,경기도,안산시 상록구,음식,42
05-12,12,화요일,16.3,0.0,0.0,1951,경기도,안산시 상록구,음식,69
05-12,13,화요일,16.9,0.0,0.0,1535,경기도,안산시 상록구,음식,66
05-12,14,화요일,17.9,0.0,0.0,1400,경기도,안산시 상록구,음식,36
05-12,15,화요일,17.9,0.0,0.0,1573,경기도,안산시 상록구,음식,35
05-12,16,화요일,18.1,0.0,0.0,1735,경기도,안산시 상록구,음식,46
05-12,17,화요일,17.3,0.0,0.0,1944,경기도,안산시 상록구,음식,63
05-12,18,화요일,16.4,0.0,0.0,1981,경기도,안산시 상록구,음식,101
05-12,19,화요일,15.2,0.0,0.0,1934,경기도,안산시 상록구,음식,109
05-12,20,화요일,14.1,0.0,0.0,2000,경기도,안산시 상록구,음식,81
05-12,21,화요일,13.3,0.0,0.0,2000,경기도,안산시 상록구,음식,84
05-12,22,화요일,13.0,0.0,0.0,2000,경기도,안산시 상록구,음식,50
05-12,23,화요일,12.1,0.0,0.0,2000,경기도,안산시 상록구,음식,38
05-13,0,수요일,11.6,0.0,0.0,2000,경기도,안산시 상록구,음식,22
05-13,1,수요일,10.8,0.0,0.0,2000,경기도,안산시 상록구,음식,23
05-13,2,수요일,10.8,0.0,0.0,2000,경기도,안산시 상록구,음식,14
05-13,10,수요일,17.9,0.0,0.0,2000,경기도,안산시 상록구,음식,17
05-13,11,수요일,18.7,0.0,0.0,2000,경기도,안산시 상록구,음식,47
05-13,12,수요일,20.0,0.0,0.0,2000,경기도,안산시 상록구,음식,61
05-13,13,수요일,21.3,0.0,0.0,2000,경기도,안산시 상록구,음식,55
05-13,14,수요일,21.5,0.0,0.0,2000,경기도,안산시 상록구,음식,48
05-13,15,수요일,21.2,0.0,0.0,1936,경기도,안산시 상록구,음식,43
05-13,16,수요일,21.5,0.0,0.0,2000,경기도,안산시 상록구,음식,32
05-13,17,수요일,20.7,0.0,0.0,2000,경기도,안산시 상록구,음식,58
05-13,18,수요일,20.4,0.0,0.0,2000,경기도,안산시 상록구,음식,122
05-13,19,수요일,18.9,0.0,0.0,2000,경기도,안산시 상록구,음식,132
05-13,20,수요일,17.0,0.0,0.0,2000,경기도,안산시 상록구,음식,107
05-13,21,수요일,15.5,0.0,0.0,2000,경기도,안산시 상록구,음식,79
05-13,22,수요일,14.9,0.0,0.0,2000,경기도,안산시 상록구,음식,50
05-13,23,수요일,15.7,0.0,0.0,2000,경기도,안산시 상록구,음식,37
05-14,0,목요일,14.1,0.0,0.0,2000,경기도,안산시 상록구,음식,30
05-14,1,목요일,13.5,0.0,0.0,2000,경기도,안산시 상록구,음식,25
05-14,2,목요일,12.6,0.0,0.0,1950,경기도,안산시 상록구,음식,17
05-14,10,목요일,20.5,0.0,0.0,2000,경기도,안산시 상록구,음식,14
05-14,11,목요일,22.3,0.0,0.0,1949,경기도,안산시 상록구,음식,38
05-14,12,목요일,23.7,0.0,0.0,1999,경기도,안산시 상록구,음식,75
05-14,13,목요일,24.3,0.0,0.0,2000,경기도,안산시 상록구,음식,50
05-14,14,목요일,25.5,0.0,0.0,1822,경기도,안산시 상록구,음식,36
05-14,15,목요일,25.6,0.0,0.0,2000,경기도,안산시 상록구,음식,25
05-14,16,목요일,25.0,0.0,0.0,2000,경기도,안산시 상록구,음식,33
05-14,17,목요일,24.0,0.0,0.0,2000,경기도,안산시 상록구,음식,45
05-14,18,목요일,23.7,0.0,0.0,2000,경기도,안산시 상록구,음식,94
05-14,19,목요일,22.9,0.0,0.0,2000,경기도,안산시 상록구,음식,131
05-14,20,목요일,22.0,0.0,0.0,1955,경기도,안산시 상록구,음식,105
05-14,21,목요일,22.1,0.0,0.0,2000,경기도,안산시 상록구,음식,74
05-14,22,목요일,21.5,0.0,0.0,2000,경기도,안산시 상록구,음식,62
05-14,23,목요일,20.8,0.0,0.0,2000,경기도,안산시 상록구,음식,48
05-15,0,금요일,21.4,0.0,0.0,2000,경기도,안산시 상록구,음식,22
05-15,1,금요일,20.4,0.0,0.0,2000,경기도,안산시 상록구,음식,14
05-15,2,금요일,20.1,0.0,0.0,1991,경기도,안산시 상록구,음식,11
05-15,10,금요일,14.6,3.0,0.0,885,경기도,안산시 상록구,음식,16
05-15,11,금요일,14.9,2.6,0.0,1146,경기도,안산시 상록구,음식,63
05-15,12,금요일,15.4,1.1,0.0,1956,경기도,안산시 상록구,음식,83
05-15,13,금요일,16.1,0.0,0.0,2000,경기도,안산시 상록구,음식,56
05-15,14,금요일,16.1,0.0,0.0,1944,경기도,안산시 상록구,음식,46
05-15,15,금요일,16.1,0.0,0.0,2000,경기도,안산시 상록구,음식,32
05-15,16,금요일,16.3,0.0,0.0,1851,경기도,안산시 상록구,음식,37
05-15,17,금요일,15.7,0.4,0.0,1097,경기도,안산시 상록구,음식,71
05-15,18,금요일,15.9,0.2,0.0,1953,경기도,안산시 상록구,음식,130
05-15,19,금요일,16.2,0.0,0.0,2000,경기도,안산시 상록구,음식,161
05-15,20,금요일,16.1,0.0,0.0,993,경기도,안산시 상록구,음식,143
05-15,21,금요일,15.7,0.6,0.0,900,경기도,안산시 상록구,음식,122
05-15,22,금요일,16.0,0.1,0.0,1527,경기도,안산시 상록구,음식,75
05-15,23,금요일,16.1,0.0,0.0,1803,경기도,안산시 상록구,음식,49
05-16,0,토요일,16.1,0.0,0.0,1726,경기도,안산시 상록구,음식,38
05-16,1,토요일,16.1,0.0,0.0,1920,경기도,안산시 상록구,음식,28
05-16,2,토요일,15.8,0.0,0.0,518,경기도,안산시 상록구,음식,15
05-16,10,토요일,16.5,0.0,0.0,1489,경기도,안산시 상록구,음식,33
05-16,11,토요일,16.9,0.0,0.0,1477,경기도,안산시 상록구,음식,59
05-16,12,토요일,17.4,0.0,0.0,1752,경기도,안산시 상록구,음식,91
05-16,13,토요일,18.5,0.0,0.0,1903,경기도,안산시 상록구,음식,79
05-16,14,토요일,18.7,0.0,0.0,1874,경기도,안산시 상록구,음식,61
05-16,15,토요일,18.9,0.0,0.0,1631,경기도,안산시 상록구,음식,60
05-16,16,토요일,18.7,0.0,0.0,1279,경기도,안산시 상록구,음식,58
05-16,17,토요일,18.7,0.0,0.0,1281,경기도,안산시 상록구,음식,90
05-16,18,토요일,17.9,0.0,0.0,1253,경기도,안산시 상록구,음식,144
05-16,19,토요일,17.3,0.0,0.0,842,경기도,안산시 상록구,음식,147
05-16,20,토요일,16.3,0.0,0.0,732,경기도,안산시 상록구,음식,119
05-16,21,토요일,15.6,0.0,0.0,811,경기도,안산시 상록구,음식,115
05-16,22,토요일,15.7,0.0,0.0,499,경기도,안산시 상록구,음식,84
05-16,23,토요일,15.8,0.0,0.0,754,경기도,안산시 상록구,음식,66
05-17,0,일요일,15.7,0.0,0.0,678,경기도,안산시 상록구,음식,47
05-17,1,일요일,15.2,0.0,0.0,943,경기도,안산시 상록구,음식,25
05-17,2,일요일,15.1,0.0,0.0,653,경기도,안산시 상록구,음식,16
05-17,10,일요일,17.6,0.0,0.0,1124,경기도,안산시 상록구,음식,32
05-17,11,일요일,18.6,0.0,0.0,1189,경기도,안산시 상록구,음식,71
05-17,12,일요일,19.8,0.0,0.0,1267,경기도,안산시 상록구,음식,90
05-17,13,일요일,20.0,0.0,0.0,1263,경기도,안산시 상록구,음식,111
05-17,14,일요일,22.8,0.0,0.0,1582,경기도,안산시 상록구,음식,74
05-17,15,일요일,23.6,0.0,0.0,1552,경기도,안산시 상록구,음식,73
05-17,16,일요일,25.7,0.0,0.0,1219,경기도,안산시 상록구,음식,70
05-17,17,일요일,25.2,0.0,0.0,1336,경기도,안산시 상록구,음식,94
05-17,18,일요일,24.9,0.0,0.0,1196,경기도,안산시 상록구,음식,122
05-17,19,일요일,22.9,0.0,0.0,802,경기도,안산시 상록구,음식,142
05-17,20,일요일,20.7,0.0,0.0,571,경기도,안산시 상록구,음식,123
05-17,21,일요일,19.8,0.0,0.0,510,경기도,안산시 상록구,음식,111
05-17,22,일요일,18.5,0.0,0.0,647,경기도,안산시 상록구,음식,65
05-17,23,일요일,18.3,0.0,0.0,699,경기도,안산시 상록구,음식,35
05-19,0,화요일,13.5,0.0,0.0,1120,경기도,안산시 상록구,음식,30
05-19,1,화요일,13.4,0.0,0.0,1701,경기도,안산시 상록구,음식,15
05-19,2,화요일,12.9,0.0,0.0,1747,경기도,안산시 상록구,음식,19
05-19,10,화요일,12.4,0.4,0.0,1897,경기도,안산시 상록구,음식,16
05-19,11,화요일,13.2,0.1,0.0,2000,경기도,안산시 상록구,음식,54
05-19,12,화요일,13.8,0.0,0.0,2000,경기도,안산시 상록구,음식,71
05-19,13,화요일,15.5,0.0,0.0,2000,경기도,안산시 상록구,음식,53
05-19,14,화요일,17.3,0.0,0.0,2000,경기도,안산시 상록구,음식,54
05-19,15,화요일,16.2,0.0,0.0,1954,경기도,안산시 상록구,음식,35
05-19,16,화요일,17.7,0.0,0.0,2000,경기도,안산시 상록구,음식,29
05-19,17,화요일,16.6,0.0,0.0,2000,경기도,안산시 상록구,음식,64
05-19,18,화요일,16.0,0.0,0.0,2000,경기도,안산시 상록구,음식,146
05-19,19,화요일,15.1,0.0,0.0,2000,경기도,안산시 상록구,음식,134
05-19,20,화요일,14.4,0.0,0.0,2000,경기도,안산시 상록구,음식,87
05-19,21,화요일,13.6,0.0,0.0,2000,경기도,안산시 상록구,음식,86
05-19,22,화요일,12.9,0.0,0.0,2000,경기도,안산시 상록구,음식,54
05-19,23,화요일,11.5,0.0,0.0,2000,경기도,안산시 상록구,음식,43
05-20,0,수요일,11.4,0.0,0.0,2000,경기도,안산시 상록구,음식,20
05-20,1,수요일,10.8,0.0,0.0,1997,경기도,안산시 상록구,음식,13
05-20,2,수요일,10.2,0.0,0.0,2000,경기도,안산시 상록구,음식,12
05-20,10,수요일,14.7,0.0,0.0,2000,경기도,안산시 상록구,음식,12
05-20,11,수요일,15.9,0.0,0.0,2000,경기도,안산시 상록구,음식,43
05-20,12,수요일,16.9,0.0,0.0,2000,경기도,안산시 상록구,음식,64
05-20,13,수요일,17.2,0.0,0.0,2000,경기도,안산시 상록구,음식,48
05-20,14,수요일,18.1,0.0,0.0,2000,경기도,안산시 상록구,음식,55
05-20,15,수요일,19.0,0.0,0.0,2000,경기도,안산시 상록구,음식,35
05-20,16,수요일,18.6,0.0,0.0,2000,경기도,안산시 상록구,음식,36
05-20,17,수요일,17.7,0.0,0.0,2000,경기도,안산시 상록구,음식,59
05-20,18,수요일,17.3,0.0,0.0,2000,경기도,안산시 상록구,음식,113
05-20,19,수요일,16.2,0.0,0.0,1996,경기도,안산시 상록구,음식,152
05-20,20,수요일,15.1,0.0,0.0,2000,경기도,안산시 상록구,음식,97
05-20,21,수요일,14.2,0.0,0.0,2000,경기도,안산시 상록구,음식,86
05-20,22,수요일,13.3,0.0,0.0,1971,경기도,안산시 상록구,음식,50
05-20,23,수요일,12.1,0.0,0.0,2000,경기도,안산시 상록구,음식,34
05-21,0,목요일,11.6,0.0,0.0,2000,경기도,안산시 상록구,음식,26
05-21,1,목요일,11.0,0.0,0.0,2000,경기도,안산시 상록구,음식,22
05-21,2,목요일,10.5,0.0,0.0,2000,경기도,안산시 상록구,음식,14
05-21,10,목요일,18.0,0.0,0.0,2000,경기도,안산시 상록구,음식,9
05-21,11,목요일,19.0,0.0,0.0,1993,경기도,안산시 상록구,음식,46
05-21,12,목요일,19.1,0.0,0.0,2000,경기도,안산시 상록구,음식,70
05-21,13,목요일,20.2,0.0,0.0,2000,경기도,안산시 상록구,음식,45
05-21,14,목요일,20.4,0.0,0.0,2000,경기도,안산시 상록구,음식,41
05-21,15,목요일,21.0,0.0,0.0,2000,경기도,안산시 상록구,음식,33
05-21,16,목요일,21.4,0.0,0.0,2000,경기도,안산시 상록구,음식,37
05-21,17,목요일,22.0,0.0,0.0,2000,경기도,안산시 상록구,음식,61
05-21,18,목요일,21.7,0.0,0.0,2000,경기도,안산시 상록구,음식,106
05-21,19,목요일,21.1,0.0,0.0,2000,경기도,안산시 상록구,음식,140
05-21,20,목요일,19.2,0.0,0.0,2000,경기도,안산시 상록구,음식,92
05-21,21,목요일,18.4,0.0,0.0,2000,경기도,안산시 상록구,음식,98
05-21,22,목요일,17.8,0.0,0.0,1945,경기도,안산시 상록구,음식,71
05-21,23,목요일,16.8,0.0,0.0,1346,경기도,안산시 상록구,음식,46
05-22,0,금요일,16.8,0.0,0.0,1824,경기도,안산시 상록구,음식,33
05-22,1,금요일,15.3,0.0,0.0,1730,경기도,안산시 상록구,음식,19
05-22,2,금요일,14.6,0.0,0.0,1679,경기도,안산시 상록구,음식,7
05-22,10,금요일,19.0,0.0,0.0,1823,경기도,안산시 상록구,음식,14
05-22,11,금요일,19.7,0.0,0.0,1812,경기도,안산시 상록구,음식,39
05-22,12,금요일,21.6,0.0,0.0,1927,경기도,안산시 상록구,음식,74
05-22,13,금요일,22.0,0.0,0.0,1862,경기도,안산시 상록구,음식,40
05-22,14,금요일,22.7,0.0,0.0,1977,경기도,안산시 상록구,음식,37
05-22,15,금요일,22.5,0.0,0.0,2011,경기도,안산시 상록구,음식,36
05-22,16,금요일,22.5,0.0,0.0,1800,경기도,안산시 상록구,음식,39
05-22,17,금요일,21.1,0.0,0.0,1513,경기도,안산시 상록구,음식,71
05-22,18,금요일,18.5,0.0,0.0,1163,경기도,안산시 상록구,음식,124
05-22,19,금요일,18.1,0.0,0.0,784,경기도,안산시 상록구,음식,159
05-22,20,금요일,18.2,0.0,0.0,733,경기도,안산시 상록구,음식,117
05-22,21,금요일,18.0,0.0,0.0,654,경기도,안산시 상록구,음식,109
05-22,22,금요일,16.9,0.0,0.0,555,경기도,안산시 상록구,음식,58
05-22,23,금요일,17.0,0.0,0.0,996,경기도,안산시 상록구,음식,56
05-23,0,토요일,16.9,0.0,0.0,786,경기도,안산시 상록구,음식,34
05-23,1,토요일,16.5,0.0,0.0,779,경기도,안산시 상록구,음식,18
05-23,2,토요일,16.7,0.0,0.0,1513,경기도,안산시 상록구,음식,15
05-23,10,토요일,21.3,0.0,0.0,1032,경기도,안산시 상록구,음식,15
05-23,11,토요일,21.8,0.0,0.0,1114,경기도,안산시 상록구,음식,60
05-23,12,토요일,22.6,0.0,0.0,1749,경기도,안산시 상록구,음식,86
05-23,13,토요일,23.9,0.0,0.0,2000,경기도,안산시 상록구,음식,56
05-23,14,토요일,24.6,0.0,0.0,1963,경기도,안산시 상록구,음식,69
05-23,15,토요일,24.6,0.0,0.0,2000,경기도,안산시 상록구,음식,51
05-23,16,토요일,24.6,0.0,0.0,1997,경기도,안산시 상록구,음식,52
05-23,17,토요일,22.5,0.0,0.0,1993,경기도,안산시 상록구,음식,70
05-23,18,토요일,21.1,0.0,0.0,2000,경기도,안산시 상록구,음식,134
05-23,19,토요일,20.6,0.0,0.0,1869,경기도,안산시 상록구,음식,167
05-23,20,토요일,19.2,0.0,0.0,1885,경기도,안산시 상록구,음식,131
05-23,21,토요일,18.8,0.0,0.0,1409,경기도,안산시 상록구,음식,115
05-23,22,토요일,18.4,0.0,0.0,1152,경기도,안산시 상록구,음식,71
05-23,23,토요일,18.6,0.0,0.0,1177,경기도,안산시 상록구,음식,59
05-24,0,일요일,18.8,0.0,0.0,1172,경기도,안산시 상록구,음식,28
05-24,1,일요일,18.9,0.0,0.0,1058,경기도,안산시 상록구,음식,24
05-24,2,일요일,19.0,0.0,0.0,1113,경기도,안산시 상록구,음식,22
05-24,10,일요일,16.1,0.0,0.0,1489,경기도,안산시 상록구,음식,31
05-24,11,일요일,15.6,0.0,0.0,881,경기도,안산시 상록구,음식,61
05-24,12,일요일,15.0,0.0,0.0,839,경기도,안산시 상록구,음식,107
05-24,13,일요일,16.9,0.0,0.0,1931,경기도,안산시 상록구,음식,133
05-24,14,일요일,18.6,0.0,0.0,1995,경기도,안산시 상록구,음식,66
05-24,15,일요일,19.2,0.0,0.0,1954,경기도,안산시 상록구,음식,81
05-24,16,일요일,18.6,0.0,0.0,1976,경기도,안산시 상록구,음식,92
05-24,17,일요일,18.4,0.0,0.0,1982,경기도,안산시 상록구,음식,121
05-24,18,일요일,17.8,0.0,0.0,1912,경기도,안산시 상록구,음식,162
05-24,19,일요일,16.7,0.0,0.0,2000,경기도,안산시 상록구,음식,161
05-24,20,일요일,14.9,0.0,0.0,1068,경기도,안산시 상록구,음식,117
05-24,21,일요일,14.7,0.0,0.0,875,경기도,안산시 상록구,음식,85
05-24,22,일요일,14.1,0.0,0.0,772,경기도,안산시 상록구,음식,56
05-24,23,일요일,13.8,0.0,0.0,674,경기도,안산시 상록구,음식,65
05-25,0,월요일,13.5,0.0,0.0,786,경기도,안산시 상록구,음식,28
05-25,1,월요일,13.6,0.0,0.0,1912,경기도,안산시 상록구,음식,21
05-25,2,월요일,13.2,0.0,0.0,1698,경기도,안산시 상록구,음식,21
05-25,10,월요일,15.7,0.0,0.0,615,경기도,안산시 상록구,음식,10
05-25,11,월요일,16.8,0.0,0.0,1224,경기도,안산시 상록구,음식,52
05-25,12,월요일,17.8,0.0,0.0,1076,경기도,안산시 상록구,음식,74
05-25,13,월요일,18.2,0.0,0.0,1093,경기도,안산시 상록구,음식,43
05-25,14,월요일,19.0,0.0,0.0,1047,경기도,안산시 상록구,음식,41
05-25,15,월요일,19.3,0.0,0.0,1294,경기도,안산시 상록구,음식,24
05-25,16,월요일,19.2,0.0,0.0,1050,경기도,안산시 상록구,음식,54
05-25,17,월요일,19.4,0.0,0.0,1369,경기도,안산시 상록구,음식,50
05-25,18,월요일,18.9,0.0,0.0,1240,경기도,안산시 상록구,음식,104
05-25,19,월요일,17.6,0.0,0.0,1033,경기도,안산시 상록구,음식,132
05-25,20,월요일,16.0,0.0,0.0,1257,경기도,안산시 상록구,음식,107
05-25,21,월요일,14.8,0.0,0.0,1270,경기도,안산시 상록구,음식,96
05-25,22,월요일,13.8,0.0,0.0,612,경기도,안산시 상록구,음식,56
05-25,23,월요일,13.2,0.0,0.0,474,경기도,안산시 상록구,음식,40
05-26,0,화요일,13.1,0.0,0.0,414,경기도,안산시 상록구,음식,28
05-26,1,화요일,12.8,0.0,0.0,316,경기도,안산시 상록구,음식,18
05-26,2,화요일,12.8,0.0,0.0,224,경기도,안산시 상록구,음식,7
05-26,10,화요일,16.8,0.0,0.0,665,경기도,안산시 상록구,음식,12
05-26,11,화요일,19.1,0.0,0.0,1091,경기도,안산시 상록구,음식,46
05-26,12,화요일,20.9,0.0,0.0,1507,경기도,안산시 상록구,음식,87
05-26,13,화요일,21.9,0.0,0.0,2000,경기도,안산시 상록구,음식,63
05-26,14,화요일,22.5,0.0,0.0,1570,경기도,안산시 상록구,음식,40
05-26,15,화요일,22.1,0.0,0.0,2000,경기도,안산시 상록구,음식,27
05-26,16,화요일,19.7,0.0,0.0,2000,경기도,안산시 상록구,음식,61
05-26,17,화요일,18.0,0.0,0.0,1941,경기도,안산시 상록구,음식,79
05-26,18,화요일,15.8,0.1,0.0,2000,경기도,안산시 상록구,음식,119
05-26,19,화요일,15.9,0.0,0.0,1932,경기도,안산시 상록구,음식,119
05-26,20,화요일,15.6,0.0,0.0,2000,경기도,안산시 상록구,음식,92
05-26,21,화요일,15.4,0.0,0.0,1995,경기도,안산시 상록구,음식,78
05-26,22,화요일,15.5,0.0,0.0,1763,경기도,안산시 상록구,음식,66
05-26,23,화요일,14.4,0.0,0.0,1036,경기도,안산시 상록구,음식,40
05-27,0,수요일,13.5,0.0,0.0,771,경기도,안산시 상록구,음식,16
05-27,1,수요일,13.6,0.0,0.0,646,경기도,안산시 상록구,음식,9
05-27,2,수요일,14.0,0.0,0.0,637,경기도,안산시 상록구,음식,14
05-27,10,수요일,18.8,0.0,0.0,1986,경기도,안산시 상록구,음식,19
05-27,11,수요일,21.2,0.0,0.0,2000,경기도,안산시 상록구,음식,65
05-27,12,수요일,22.7,0.0,0.0,2000,경기도,안산시 상록구,음식,53
05-27,13,수요일,23.8,0.0,0.0,2000,경기도,안산시 상록구,음식,57
05-27,14,수요일,23.0,0.0,0.0,1979,경기도,안산시 상록구,음식,50
05-27,15,수요일,22.6,0.0,0.0,2000,경기도,안산시 상록구,음식,35
05-27,16,수요일,21.1,0.0,0.0,2000,경기도,안산시 상록구,음식,28
05-27,17,수요일,21.1,0.0,0.0,2000,경기도,안산시 상록구,음식,59
05-27,18,수요일,19.9,0.0,0.0,1995,경기도,안산시 상록구,음식,98
05-27,19,수요일,18.4,0.0,0.0,1999,경기도,안산시 상록구,음식,107
05-27,20,수요일,16.6,0.0,0.0,1887,경기도,안산시 상록구,음식,99
05-27,21,수요일,15.3,0.0,0.0,1309,경기도,안산시 상록구,음식,64
05-27,22,수요일,14.7,0.0,0.0,1008,경기도,안산시 상록구,음식,51
05-27,23,수요일,13.9,0.0,0.0,528,경기도,안산시 상록구,음식,31
05-28,0,목요일,13.7,0.0,0.0,655,경기도,안산시 상록구,음식,18
05-28,1,목요일,13.4,0.0,0.0,714,경기도,안산시 상록구,음식,15
05-28,2,목요일,12.6,0.0,0.0,1541,경기도,안산시 상록구,음식,7
05-28,10,목요일,19.8,0.0,0.0,1692,경기도,안산시 상록구,음식,10
05-28,11,목요일,21.1,0.0,0.0,2030,경기도,안산시 상록구,음식,39
05-28,12,목요일,22.3,0.0,0.0,2002,경기도,안산시 상록구,음식,60
05-28,13,목요일,22.2,0.0,0.0,2000,경기도,안산시 상록구,음식,55
05-28,14,목요일,23.7,0.0,0.0,2000,경기도,안산시 상록구,음식,43
05-28,15,목요일,23.1,0.0,0.0,2000,경기도,안산시 상록구,음식,31
05-28,16,목요일,22.4,0.0,0.0,1997,경기도,안산시 상록구,음식,32
05-28,17,목요일,22.2,0.0,0.0,2000,경기도,안산시 상록구,음식,55
05-28,18,목요일,21.6,0.0,0.0,1997,경기도,안산시 상록구,음식,109
05-28,19,목요일,19.7,0.0,0.0,2000,경기도,안산시 상록구,음식,133
05-28,20,목요일,18.4,0.0,0.0,2000,경기도,안산시 상록구,음식,103
05-28,21,목요일,17.2,0.0,0.0,2000,경기도,안산시 상록구,음식,73
05-28,22,목요일,16.1,0.0,0.0,2000,경기도,안산시 상록구,음식,49
05-28,23,목요일,15.4,0.0,0.0,1518,경기도,안산시 상록구,음식,39
05-29,0,금요일,14.7,0.0,0.0,1242,경기도,안산시 상록구,음식,20
05-29,1,금요일,14.3,0.0,0.0,1095,경기도,안산시 상록구,음식,8
05-29,2,금요일,14.0,0.0,0.0,886,경기도,안산시 상록구,음식,10
05-29,10,금요일,20.2,0.0,0.0,1282,경기도,안산시 상록구,음식,14
05-29,11,금요일,22.1,0.0,0.0,1873,경기도,안산시 상록구,음식,52
05-29,12,금요일,23.9,0.0,0.0,2021,경기도,안산시 상록구,음식,59
05-29,13,금요일,24.3,0.0,0.0,1963,경기도,안산시 상록구,음식,55
05-29,14,금요일,26.0,0.0,0.0,1994,경기도,안산시 상록구,음식,34
05-29,15,금요일,26.6,0.0,0.0,1991,경기도,안산시 상록구,음식,44
05-29,16,금요일,26.3,0.0,0.0,2007,경기도,안산시 상록구,음식,31
05-29,17,금요일,24.8,0.0,0.0,1994,경기도,안산시 상록구,음식,77
05-29,18,금요일,22.9,0.0,0.0,2000,경기도,안산시 상록구,음식,107
05-29,19,금요일,21.9,0.0,0.0,1994,경기도,안산시 상록구,음식,148
05-29,20,금요일,20.2,0.0,0.0,2000,경기도,안산시 상록구,음식,109
05-29,21,금요일,19.2,0.0,0.0,1966,경기도,안산시 상록구,음식,99
05-29,22,금요일,18.8,0.0,0.0,1773,경기도,안산시 상록구,음식,78
05-29,23,금요일,18.2,0.0,0.0,1852,경기도,안산시 상록구,음식,43
05-30,0,토요일,17.4,0.0,0.0,779,경기도,안산시 상록구,음식,27
05-30,1,토요일,16.9,0.0,0.0,1262,경기도,안산시 상록구,음식,19
05-30,2,토요일,16.4,0.0,0.0,1116,경기도,안산시 상록구,음식,9
05-30,3,토요일,16.6,0.0,0.0,1467,경기도,안산시 상록구,음식,1
05-30,10,토요일,24.6,0.0,0.0,1884,경기도,안산시 상록구,음식,23
05-30,11,토요일,26.0,0.0,0.0,1915,경기도,안산시 상록구,음식,47
05-30,12,토요일,26.7,0.0,0.0,1785,경기도,안산시 상록구,음식,73
05-30,13,토요일,27.7,0.0,0.0,1998,경기도,안산시 상록구,음식,62
05-30,14,토요일,28.7,0.0,0.0,1989,경기도,안산시 상록구,음식,51
05-30,15,토요일,29.0,0.0,0.0,1994,경기도,안산시 상록구,음식,49
05-30,16,토요일,29.1,0.0,0.0,1955,경기도,안산시 상록구,음식,60
05-30,17,토요일,28.2,0.0,0.0,2000,경기도,안산시 상록구,음식,91
05-30,18,토요일,25.0,0.0,0.0,1883,경기도,안산시 상록구,음식,125
05-30,19,토요일,21.9,0.0,0.0,1692,경기도,안산시 상록구,음식,122
05-30,20,토요일,20.2,0.0,0.0,1753,경기도,안산시 상록구,음식,122
05-30,21,토요일,19.8,0.0,0.0,2000,경기도,안산시 상록구,음식,118
05-30,22,토요일,19.1,0.0,0.0,1896,경기도,안산시 상록구,음식,79
05-30,23,토요일,18.3,0.0,0.0,1834,경기도,안산시 상록구,음식,59
05-31,0,일요일,17.7,0.0,0.0,1294,경기도,안산시 상록구,음식,29
05-31,1,일요일,17.2,0.0,0.0,967,경기도,안산시 상록구,음식,21
05-31,2,일요일,16.8,0.0,0.0,917,경기도,안산시 상록구,음식,17
05-31,10,일요일,24.1,0.0,0.0,1600,경기도,안산시 상록구,음식,27
05-31,11,일요일,25.3,0.0,0.0,1854,경기도,안산시 상록구,음식,75
05-31,12,일요일,26.0,0.0,0.0,1893,경기도,안산시 상록구,음식,112
05-31,13,일요일,26.5,0.0,0.0,1893,경기도,안산시 상록구,음식,107
05-31,14,일요일,25.7,0.0,0.0,1775,경기도,안산시 상록구,음식,77
05-31,15,일요일,24.0,0.0,0.0,1923,경기도,안산시 상록구,음식,70
05-31,16,일요일,22.9,0.0,0.0,2024,경기도,안산시 상록구,음식,87
05-31,17,일요일,21.8,0.0,0.0,1985,경기도,안산시 상록구,음식,117
05-31,18,일요일,21.0,0.0,0.0,1799,경기도,안산시 상록구,음식,149
05-31,19,일요일,20.5,0.0,0.0,1986,경기도,안산시 상록구,음식,144
05-31,20,일요일,19.8,0.0,0.0,1963,경기도,안산시 상록구,음식,103
05-31,21,일요일,19.2,0.0,0.0,1717,경기도,안산시 상록구,음식,85
05-31,22,일요일,18.7,0.0,0.0,1748,경기도,안산시 상록구,음식,59
05-31,23,일요일,17.2,0.1,0.0,384,경기도,안산시 상록구,음식,36
06-01,0,월요일,17.0,1.1,0.0,330,경기도,안산시 상록구,음식,28
06-01,1,월요일,17.2,0.1,0.0,1117,경기도,안산시 상록구,음식,16
06-01,2,월요일,17.2,0.0,0.0,1056,경기도,안산시 상록구,음식,15
06-01,10,월요일,20.7,0.0,0.0,2000,경기도,안산시 상록구,음식,10
06-01,11,월요일,22.4,0.0,0.0,2000,경기도,안산시 상록구,음식,46
06-01,12,월요일,23.2,0.0,0.0,2000,경기도,안산시 상록구,음식,78
06-01,13,월요일,22.8,0.0,0.0,2000,경기도,안산시 상록구,음식,62
06-01,14,월요일,23.6,0.0,0.0,2000,경기도,안산시 상록구,음식,38
06-01,15,월요일,23.1,0.0,0.0,2000,경기도,안산시 상록구,음식,30
06-01,16,월요일,22.9,0.0,0.0,2000,경기도,안산시 상록구,음식,37
06-01,17,월요일,22.2,0.0,0.0,2000,경기도,안산시 상록구,음식,63
06-01,18,월요일,21.6,0.0,0.0,2000,경기도,안산시 상록구,음식,88
06-01,19,월요일,19.9,0.0,0.0,2000,경기도,안산시 상록구,음식,126
06-01,20,월요일,17.3,0.0,0.0,2000,경기도,안산시 상록구,음식,96
06-01,21,월요일,16.1,0.0,0.0,2000,경기도,안산시 상록구,음식,84
06-01,22,월요일,15.2,0.0,0.0,1885,경기도,안산시 상록구,음식,61
06-01,23,월요일,14.6,0.0,0.0,1765,경기도,안산시 상록구,음식,56
06-02,0,화요일,14.1,0.0,0.0,1305,경기도,안산시 상록구,음식,30
06-02,1,화요일,13.6,0.0,0.0,1231,경기도,안산시 상록구,음식,10
06-02,2,화요일,13.8,0.0,0.0,885,경기도,안산시 상록구,음식,14
06-02,10,화요일,18.7,0.0,0.0,2000,경기도,안산시 상록구,음식,22
06-02,11,화요일,18.4,0.0,0.0,1872,경기도,안산시 상록구,음식,55
06-02,12,화요일,17.5,0.2,0.0,1020,경기도,안산시 상록구,음식,74
06-02,13,화요일,18.2,0.9,0.0,2000,경기도,안산시 상록구,음식,52
06-02,14,화요일,21.0,0.0,0.0,2000,경기도,안산시 상록구,음식,38
06-02,15,화요일,22.7,0.0,0.0,2000,경기도,안산시 상록구,음식,28
06-02,16,화요일,22.2,0.0,0.0,2000,경기도,안산시 상록구,음식,36
06-02,17,화요일,21.5,0.0,0.0,2000,경기도,안산시 상록구,음식,80
06-02,18,화요일,21.4,0.0,0.0,2000,경기도,안산시 상록구,음식,128
06-02,19,화요일,21.2,0.0,0.0,2000,경기도,안산시 상록구,음식,111
06-02,20,화요일,20.6,0.0,0.0,2000,경기도,안산시 상록구,음식,94
06-02,21,화요일,19.9,0.0,0.0,1983,경기도,안산시 상록구,음식,72
06-02,22,화요일,19.4,0.0,0.0,1866,경기도,안산시 상록구,음식,50
06-02,23,화요일,19.0,0.0,0.0,1342,경기도,안산시 상록구,음식,47
06-03,0,수요일,18.4,0.0,0.0,967,경기도,안산시 상록구,음식,22
06-03,1,수요일,18.3,0.0,0.0,682,경기도,안산시 상록구,음식,15
06-03,2,수요일,18.3,0.0,0.0,757,경기도,안산시 상록구,음식,10
06-03,10,수요일,22.2,0.0,0.0,819,경기도,안산시 상록구,음식,12
06-03,11,수요일,23.0,0.0,0.0,921,경기도,안산시 상록구,음식,41
06-03,12,수요일,24.7,0.0,0.0,1282,경기도,안산시 상록구,음식,60
06-03,13,수요일,25.4,0.0,0.0,1521,경기도,안산시 상록구,음식,56
06-03,14,수요일,26.3,0.0,0.0,1861,경기도,안산시 상록구,음식,43
06-03,15,수요일,26.7,0.0,0.0,1803,경기도,안산시 상록구,음식,41
06-03,16,수요일,26.8,0.0,0.0,1967,경기도,안산시 상록구,음식,44
06-03,17,수요일,27.5,0.0,0.0,1634,경기도,안산시 상록구,음식,52
06-03,18,수요일,26.2,0.0,0.0,1508,경기도,안산시 상록구,음식,87
06-03,19,수요일,22.6,0.0,0.0,1865,경기도,안산시 상록구,음식,108
06-03,20,수요일,21.0,0.0,0.0,1764,경기도,안산시 상록구,음식,89
06-03,21,수요일,20.9,0.0,0.0,1057,경기도,안산시 상록구,음식,72
06-03,22,수요일,20.8,0.0,0.0,1261,경기도,안산시 상록구,음식,50
06-03,23,수요일,20.6,0.0,0.0,1493,경기도,안산시 상록구,음식,30
06-04,0,목요일,20.7,0.0,0.0,1488,경기도,안산시 상록구,음식,19
06-04,1,목요일,20.4,0.0,0.0,1485,경기도,안산시 상록구,음식,12
06-04,2,목요일,20.8,0.0,0.0,1131,경기도,안산시 상록구,음식,12
06-04,10,목요일,22.4,0.0,0.0,746,경기도,안산시 상록구,음식,15
06-04,11,목요일,24.2,0.0,0.0,902,경기도,안산시 상록구,음식,40
06-04,12,목요일,25.9,0.0,0.0,940,경기도,안산시 상록구,음식,48
06-04,13,목요일,26.6,0.0,0.0,1698,경기도,안산시 상록구,음식,41
06-04,14,목요일,26.9,0.0,0.0,1804,경기도,안산시 상록구,음식,39
06-04,15,목요일,26.4,0.0,0.0,1916,경기도,안산시 상록구,음식,45
06-04,16,목요일,24.6,0.0,0.0,1494,경기도,안산시 상록구,음식,31
06-04,17,목요일,24.0,0.0,0.0,1809,경기도,안산시 상록구,음식,59
06-04,18,목요일,22.9,0.0,0.0,1793,경기도,안산시 상록구,음식,102
06-04,19,목요일,21.5,0.0,0.0,1640,경기도,안산시 상록구,음식,112
06-04,20,목요일,21.4,0.0,0.0,1090,경기도,안산시 상록구,음식,121
06-04,21,목요일,21.0,0.0,0.0,661,경기도,안산시 상록구,음식,80
06-04,22,목요일,20.4,0.0,0.0,542,경기도,안산시 상록구,음식,48
06-04,23,목요일,20.0,0.0,0.0,569,경기도,안산시 상록구,음식,54
06-05,0,금요일,19.1,0.1,0.0,387,경기도,안산시 상록구,음식,22
06-05,1,금요일,19.2,0.0,0.0,918,경기도,안산시 상록구,음식,21
06-05,2,금요일,18.9,0.0,0.0,652,경기도,안산시 상록구,음식,9
06-05,10,금요일,20.6,0.0,0.0,735,경기도,안산시 상록구,음식,7
06-05,11,금요일,22.3,0.0,0.0,1087,경기도,안산시 상록구,음식,45
06-05,12,금요일,24.0,0.0,0.0,1163,경기도,안산시 상록구,음식,77
06-05,13,금요일,24.9,0.0,0.0,1005,경기도,안산시 상록구,음식,45
06-05,14,금요일,26.2,0.0,0.0,1149,경기도,안산시 상록구,음식,48
06-05,15,금요일,26.9,0.0,0.0,967,경기도,안산시 상록구,음식,30
06-05,16,금요일,27.6,0.0,0.0,1230,경기도,안산시 상록구,음식,45
06-05,17,금요일,26.2,0.0,0.0,1243,경기도,안산시 상록구,음식,62
06-05,18,금요일,25.6,0.0,0.0,1100,경기도,안산시 상록구,음식,121
06-05,19,금요일,24.0,0.0,0.0,1243,경기도,안산시 상록구,음식,139
06-05,20,금요일,22.2,0.0,0.0,1124,경기도,안산시 상록구,음식,144
06-05,21,금요일,20.0,0.0,0.0,602,경기도,안산시 상록구,음식,110
06-05,22,금요일,19.0,0.0,0.0,654,경기도,안산시 상록구,음식,84
06-05,23,금요일,18.6,0.0,0.0,509,경기도,안산시 상록구,음식,58
06-06,0,토요일,18.3,0.0,0.0,565,경기도,안산시 상록구,음식,23
06-06,1,토요일,18.0,0.0,0.0,533,경기도,안산시 상록구,음식,20
06-06,2,토요일,17.6,0.0,0.0,689,경기도,안산시 상록구,음식,11
06-06,10,토요일,26.4,0.0,0.0,1249,경기도,안산시 상록구,음식,20
06-06,11,토요일,26.5,0.0,0.0,1441,경기도,안산시 상록구,음식,63
06-06,12,토요일,28.3,0.0,0.0,1311,경기도,안산시 상록구,음식,80
06-06,13,토요일,28.8,0.0,0.0,1378,경기도,안산시 상록구,음식,73
06-06,14,토요일,29.0,0.0,0.0,1651,경기도,안산시 상록구,음식,55
06-06,15,토요일,29.6,0.0,0.0,1680,경기도,안산시 상록구,음식,49
06-06,16,토요일,29.3,0.0,0.0,1320,경기도,안산시 상록구,음식,58
06-06,17,토요일,27.8,0.0,0.0,861,경기도,안산시 상록구,음식,73
06-06,18,토요일,26.7,0.0,0.0,987,경기도,안산시 상록구,음식,118
06-06,19,토요일,25.6,0.0,0.0,795,경기도,안산시 상록구,음식,143
06-06,20,토요일,23.0,0.0,0.0,642,경기도,안산시 상록구,음식,124
06-06,21,토요일,22.5,0.0,0.0,646,경기도,안산시 상록구,음식,102
06-06,22,토요일,22.2,0.0,0.0,578,경기도,안산시 상록구,음식,76
06-06,23,토요일,21.3,0.0,0.0,825,경기도,안산시 상록구,음식,40
06-07,0,일요일,20.3,0.0,0.0,762,경기도,안산시 상록구,음식,29
06-07,1,일요일,19.8,0.0,0.0,643,경기도,안산시 상록구,음식,23
06-07,2,일요일,18.9,0.0,0.0,1786,경기도,안산시 상록구,음식,9
06-07,10,일요일,20.9,0.0,0.0,1363,경기도,안산시 상록구,음식,17
06-07,11,일요일,22.2,0.0,0.0,1363,경기도,안산시 상록구,음식,56
06-07,12,일요일,24.9,0.0,0.0,1756,경기도,안산시 상록구,음식,106
06-07,13,일요일,25.2,0.0,0.0,1936,경기도,안산시 상록구,음식,80
06-07,14,일요일,26.6,0.0,0.0,1883,경기도,안산시 상록구,음식,80
06-07,15,일요일,27.4,0.0,0.0,1866,경기도,안산시 상록구,음식,56
06-07,16,일요일,28.1,0.0,0.0,1930,경기도,안산시 상록구,음식,69
06-07,17,일요일,26.5,0.0,0.0,1659,경기도,안산시 상록구,음식,101
06-07,18,일요일,24.8,0.0,0.0,1213,경기도,안산시 상록구,음식,130
06-07,19,일요일,22.7,0.0,0.0,1307,경기도,안산시 상록구,음식,153
06-07,20,일요일,21.3,0.0,0.0,1122,경기도,안산시 상록구,음식,113
06-07,21,일요일,20.0,0.0,0.0,973,경기도,안산시 상록구,음식,80
06-07,22,일요일,19.2,0.0,0.0,648,경기도,안산시 상록구,음식,61
06-07,23,일요일,18.7,0.0,0.0,1429,경기도,안산시 상록구,음식,56
06-08,0,월요일,18.2,0.0,0.0,549,경기도,안산시 상록구,음식,17
06-08,1,월요일,18.3,0.0,0.0,571,경기도,안산시 상록구,음식,23
06-08,2,월요일,18.8,0.0,0.0,553,경기도,안산시 상록구,음식,13
06-08,10,월요일,25.6,0.0,0.0,1193,경기도,안산시 상록구,음식,12
06-08,11,월요일,26.7,0.0,0.0,1451,경기도,안산시 상록구,음식,46
06-08,12,월요일,28.7,0.0,0.0,1824,경기도,안산시 상록구,음식,65
06-08,13,월요일,29.4,0.0,0.0,1942,경기도,안산시 상록구,음식,61
06-08,14,월요일,30.6,0.0,0.0,1749,경기도,안산시 상록구,음식,56
06-08,15,월요일,30.7,0.0,0.0,1969,경기도,안산시 상록구,음식,35
06-08,16,월요일,30.7,0.0,0.0,1924,경기도,안산시 상록구,음식,40
06-08,17,월요일,29.6,0.0,0.0,1975,경기도,안산시 상록구,음식,71
06-08,18,월요일,27.4,0.0,0.0,1942,경기도,안산시 상록구,음식,110
06-08,19,월요일,24.5,0.0,0.0,2000,경기도,안산시 상록구,음식,120
06-08,20,월요일,24.0,0.0,0.0,2000,경기도,안산시 상록구,음식,95
06-08,21,월요일,22.8,0.0,0.0,2000,경기도,안산시 상록구,음식,65
06-08,22,월요일,22.0,0.0,0.0,2000,경기도,안산시 상록구,음식,57
06-08,23,월요일,21.6,0.0,0.0,1634,경기도,안산시 상록구,음식,47
06-09,0,화요일,21.1,0.0,0.0,2000,경기도,안산시 상록구,음식,17
06-09,1,화요일,21.4,0.0,0.0,2000,경기도,안산시 상록구,음식,24
06-09,2,화요일,20.4,0.0,0.0,1779,경기도,안산시 상록구,음식,13
06-09,10,화요일,28.1,0.0,0.0,1719,경기도,안산시 상록구,음식,13
06-09,11,화요일,29.8,0.0,0.0,1806,경기도,안산시 상록구,음식,52
06-09,12,화요일,30.9,0.0,0.0,1984,경기도,안산시 상록구,음식,64
06-09,13,화요일,32.1,0.0,0.0,1982,경기도,안산시 상록구,음식,46
06-09,14,화요일,31.4,0.0,0.0,1712,경기도,안산시 상록구,음식,42
06-09,15,화요일,32.0,0.0,0.0,1629,경기도,안산시 상록구,음식,37
06-09,16,화요일,31.5,0.0,0.0,1961,경기도,안산시 상록구,음식,31
06-09,17,화요일,30.4,0.0,0.0,2000,경기도,안산시 상록구,음식,65
06-09,18,화요일,30.5,0.0,0.0,1998,경기도,안산시 상록구,음식,94
06-09,19,화요일,28.3,0.0,0.0,2000,경기도,안산시 상록구,음식,132
06-09,20,화요일,24.9,0.0,0.0,2000,경기도,안산시 상록구,음식,82
06-09,21,화요일,24.1,0.0,0.0,2000,경기도,안산시 상록구,음식,87
06-09,22,화요일,23.5,0.0,0.0,2000,경기도,안산시 상록구,음식,43
06-09,23,화요일,22.9,0.0,0.0,1955,경기도,안산시 상록구,음식,44
06-10,0,수요일,22.5,0.0,0.0,1990,경기도,안산시 상록구,음식,25
06-10,1,수요일,22.4,0.0,0.0,2000,경기도,안산시 상록구,음식,14
06-10,2,수요일,21.6,0.0,0.0,2000,경기도,안산시 상록구,음식,11
06-10,10,수요일,28.9,0.0,0.0,1922,경기도,안산시 상록구,음식,19
06-10,11,수요일,29.1,0.0,0.0,1939,경기도,안산시 상록구,음식,56
06-10,12,수요일,30.0,0.0,0.0,1942,경기도,안산시 상록구,음식,81
06-10,13,수요일,31.0,0.0,0.0,2000,경기도,안산시 상록구,음식,55
06-10,14,수요일,31.6,0.0,0.0,1995,경기도,안산시 상록구,음식,55
06-10,15,수요일,32.3,0.0,0.0,1999,경기도,안산시 상록구,음식,51
06-10,16,수요일,31.2,0.0,0.0,1983,경기도,안산시 상록구,음식,46
06-10,17,수요일,29.9,0.0,0.0,2000,경기도,안산시 상록구,음식,73
06-10,18,수요일,27.3,0.0,0.0,2000,경기도,안산시 상록구,음식,155
06-10,19,수요일,25.9,0.0,0.0,2000,경기도,안산시 상록구,음식,166
06-10,20,수요일,22.7,0.8,0.0,1020,경기도,안산시 상록구,음식,122
06-10,21,수요일,21.7,5.0,0.0,940,경기도,안산시 상록구,음식,100
06-10,22,수요일,21.8,3.6,0.0,803,경기도,안산시 상록구,음식,57
06-10,23,수요일,21.9,0.6,0.0,885,경기도,안산시 상록구,음식,32
06-11,0,목요일,22.0,0.8,0.0,715,경기도,안산시 상록구,음식,28
06-11,1,목요일,22.3,0.0,0.0,1567,경기도,안산시 상록구,음식,15
06-11,2,목요일,22.3,0.0,0.0,615,경기도,안산시 상록구,음식,14
06-11,10,목요일,26.6,0.0,0.0,2000,경기도,안산시 상록구,음식,8
06-11,11,목요일,28.5,0.0,0.0,1985,경기도,안산시 상록구,음식,41
06-11,12,목요일,28.3,0.0,0.0,1987,경기도,안산시 상록구,음식,75
06-11,13,목요일,29.7,0.0,0.0,2000,경기도,안산시 상록구,음식,50
06-11,14,목요일,30.5,0.0,0.0,1851,경기도,안산시 상록구,음식,31
06-11,15,목요일,30.2,0.0,0.0,1999,경기도,안산시 상록구,음식,36
06-11,16,목요일,30.4,0.0,0.0,1886,경기도,안산시 상록구,음식,44
06-11,17,목요일,29.0,0.0,0.0,1910,경기도,안산시 상록구,음식,69
06-11,18,목요일,28.0,0.0,0.0,2000,경기도,안산시 상록구,음식,79
06-11,19,목요일,25.8,0.0,0.0,2000,경기도,안산시 상록구,음식,143
06-11,20,목요일,24.3,0.0,0.0,2000,경기도,안산시 상록구,음식,86
06-11,21,목요일,23.1,0.0,0.0,2000,경기도,안산시 상록구,음식,69
06-11,22,목요일,22.6,0.0,0.0,2000,경기도,안산시 상록구,음식,63
06-11,23,목요일,21.8,0.0,0.0,2000,경기도,안산시 상록구,음식,32
06-12,0,금요일,21.8,0.0,0.0,1953,경기도,안산시 상록구,음식,19
06-12,1,금요일,20.9,0.0,0.0,2000,경기도,안산시 상록구,음식,13
06-12,2,금요일,21.4,0.0,0.0,1769,경기도,안산시 상록구,음식,12
06-12,10,금요일,24.5,0.0,0.0,1444,경기도,안산시 상록구,음식,14
06-12,11,금요일,26.0,0.0,0.0,1470,경기도,안산시 상록구,음식,49
06-12,12,금요일,27.3,0.0,0.0,1719,경기도,안산시 상록구,음식,73
06-12,13,금요일,27.1,0.0,0.0,1860,경기도,안산시 상록구,음식,55
06-12,14,금요일,27.2,0.0,0.0,1998,경기도,안산시 상록구,음식,42
06-12,15,금요일,26.7,0.0,0.0,2000,경기도,안산시 상록구,음식,27
06-12,16,금요일,26.0,0.0,0.0,1315,경기도,안산시 상록구,음식,39
06-12,17,금요일,25.0,0.0,0.0,1345,경기도,안산시 상록구,음식,70
06-12,18,금요일,23.7,0.0,0.0,1554,경기도,안산시 상록구,음식,124
06-12,19,금요일,23.9,0.0,0.0,1837,경기도,안산시 상록구,음식,146
06-12,20,금요일,23.0,0.0,0.0,1392,경기도,안산시 상록구,음식,107
06-12,21,금요일,23.0,0.0,0.0,1067,경기도,안산시 상록구,음식,91
06-12,22,금요일,22.9,0.0,0.0,1298,경기도,안산시 상록구,음식,72
06-12,23,금요일,21.7,0.0,0.0,1540,경기도,안산시 상록구,음식,48
06-13,0,토요일,21.6,0.0,0.0,742,경기도,안산시 상록구,음식,35
06-13,1,토요일,21.2,0.0,0.0,778,경기도,안산시 상록구,음식,21
06-13,2,토요일,20.9,0.0,0.0,645,경기도,안산시 상록구,음식,12
06-13,10,토요일,27.6,0.0,0.0,1211,경기도,안산시 상록구,음식,29
06-13,11,토요일,28.5,0.0,0.0,1286,경기도,안산시 상록구,음식,63
06-13,12,토요일,29.4,0.0,0.0,1714,경기도,안산시 상록구,음식,101
06-13,13,토요일,30.4,0.0,0.0,1796,경기도,안산시 상록구,음식,73
06-13,14,토요일,30.6,0.0,0.0,1820,경기도,안산시 상록구,음식,79
06-13,15,토요일,31.7,0.0,0.0,1986,경기도,안산시 상록구,음식,52
06-13,16,토요일,32.3,0.0,0.0,1994,경기도,안산시 상록구,음식,80
06-13,17,토요일,31.2,0.0,0.0,2000,경기도,안산시 상록구,음식,92
06-13,18,토요일,30.8,0.0,0.0,2000,경기도,안산시 상록구,음식,158
06-13,19,토요일,27.4,0.0,0.0,1861,경기도,안산시 상록구,음식,135
06-13,20,토요일,25.8,0.0,0.0,1713,경기도,안산시 상록구,음식,123
06-13,21,토요일,22.9,0.0,0.0,899,경기도,안산시 상록구,음식,88
06-13,22,토요일,23.0,0.0,0.0,594,경기도,안산시 상록구,음식,69
06-13,23,토요일,23.7,0.0,0.0,835,경기도,안산시 상록구,음식,69
06-14,0,일요일,22.1,0.1,0.0,555,경기도,안산시 상록구,음식,36
06-14,1,일요일,21.5,0.6,0.0,738,경기도,안산시 상록구,음식,19
06-14,2,일요일,21.8,0.0,0.0,621,경기도,안산시 상록구,음식,17
06-14,10,일요일,22.9,0.0,0.0,1255,경기도,안산시 상록구,음식,24
06-14,11,일요일,23.0,0.0,0.0,1771,경기도,안산시 상록구,음식,68
06-14,12,일요일,25.1,0.0,0.0,1654,경기도,안산시 상록구,음식,95
06-14,13,일요일,26.9,0.0,0.0,1985,경기도,안산시 상록구,음식,102
06-14,14,일요일,27.5,0.0,0.0,2000,경기도,안산시 상록구,음식,73
06-14,15,일요일,27.5,0.0,0.0,2000,경기도,안산시 상록구,음식,71
06-14,16,일요일,26.9,0.0,0.0,2000,경기도,안산시 상록구,음식,61
06-14,17,일요일,26.7,0.0,0.0,2000,경기도,안산시 상록구,음식,126
06-14,18,일요일,25.4,0.0,0.0,2000,경기도,안산시 상록구,음식,130
06-14,19,일요일,23.8,0.0,0.0,2007,경기도,안산시 상록구,음식,145
06-14,20,일요일,21.2,0.0,0.0,803,경기도,안산시 상록구,음식,117
06-14,21,일요일,20.4,0.0,0.0,809,경기도,안산시 상록구,음식,85
06-14,22,일요일,19.5,0.0,0.0,822,경기도,안산시 상록구,음식,68
06-14,23,일요일,19.2,0.0,0.0,1207,경기도,안산시 상록구,음식,54
06-15,0,월요일,18.8,0.0,0.0,1040,경기도,안산시 상록구,음식,35
06-15,1,월요일,17.9,0.0,0.0,932,경기도,안산시 상록구,음식,18
06-15,2,월요일,18.3,0.0,0.0,915,경기도,안산시 상록구,음식,10
06-15,10,월요일,23.3,0.0,0.0,1356,경기도,안산시 상록구,음식,12
06-15,11,월요일,24.7,0.0,0.0,1895,경기도,안산시 상록구,음식,41
06-15,12,월요일,25.7,0.0,0.0,1952,경기도,안산시 상록구,음식,64
06-15,13,월요일,25.9,0.0,0.0,1973,경기도,안산시 상록구,음식,45
06-15,14,월요일,27.5,0.0,0.0,2000,경기도,안산시 상록구,음식,41
06-15,15,월요일,27.7,0.0,0.0,2000,경기도,안산시 상록구,음식,36
06-15,16,월요일,26.5,0.0,0.0,2000,경기도,안산시 상록구,음식,31
06-15,17,월요일,26.2,0.0,0.0,2000,경기도,안산시 상록구,음식,62
06-15,18,월요일,25.4,0.0,0.0,2000,경기도,안산시 상록구,음식,117
06-15,19,월요일,23.9,0.0,0.0,2000,경기도,안산시 상록구,음식,118
06-15,20,월요일,22.6,0.0,0.0,2000,경기도,안산시 상록구,음식,110
06-15,21,월요일,21.6,0.0,0.0,2000,경기도,안산시 상록구,음식,54
06-15,22,월요일,21.1,0.0,0.0,1954,경기도,안산시 상록구,음식,57
06-15,23,월요일,20.4,0.0,0.0,1954,경기도,안산시 상록구,음식,26
06-16,0,화요일,20.2,0.0,0.0,1639,경기도,안산시 상록구,음식,15
06-16,1,화요일,20.2,0.0,0.0,1228,경기도,안산시 상록구,음식,18
06-16,2,화요일,19.7,0.0,0.0,821,경기도,안산시 상록구,음식,18
06-16,3,화요일,19.8,0.0,0.0,678,경기도,안산시 상록구,음식,1
06-16,10,화요일,24.4,0.0,0.0,687,경기도,안산시 상록구,음식,11
06-16,11,화요일,25.9,0.0,0.0,691,경기도,안산시 상록구,음식,41
06-16,12,화요일,26.7,0.0,0.0,756,경기도,안산시 상록구,음식,73
06-16,13,화요일,27.3,0.0,0.0,789,경기도,안산시 상록구,음식,47
06-16,14,화요일,28.2,0.0,0.0,1272,경기도,안산시 상록구,음식,45
06-16,15,화요일,28.9,0.0,0.0,1263,경기도,안산시 상록구,음식,32
06-16,16,화요일,28.6,0.0,0.0,1173,경기도,안산시 상록구,음식,30
06-16,17,화요일,27.5,0.0,0.0,1601,경기도,안산시 상록구,음식,65
06-16,18,화요일,25.9,0.0,0.0,1500,경기도,안산시 상록구,음식,107
06-16,19,화요일,24.9,0.0,0.0,1753,경기도,안산시 상록구,음식,108
06-16,20,화요일,23.6,0.0,0.0,1790,경기도,안산시 상록구,음식,100
06-16,21,화요일,22.4,0.0,0.0,1886,경기도,안산시 상록구,음식,77
06-16,22,화요일,21.0,0.0,0.0,765,경기도,안산시 상록구,음식,57
06-16,23,화요일,21.2,0.0,0.0,1147,경기도,안산시 상록구,음식,44
06-17,0,수요일,20.1,0.0,0.0,1020,경기도,안산시 상록구,음식,24
06-17,1,수요일,19.8,0.0,0.0,1869,경기도,안산시 상록구,음식,14
06-17,2,수요일,19.5,0.0,0.0,1393,경기도,안산시 상록구,음식,10
06-17,10,수요일,24.9,0.0,0.0,1245,경기도,안산시 상록구,음식,13
06-17,11,수요일,25.9,0.0,0.0,856,경기도,안산시 상록구,음식,53
06-17,12,수요일,26.8,0.0,0.0,791,경기도,안산시 상록구,음식,64
06-17,13,수요일,27.4,0.0,0.0,790,경기도,안산시 상록구,음식,55
06-17,14,수요일,27.9,0.0,0.0,1702,경기도,안산시 상록구,음식,59
06-17,15,수요일,27.9,0.0,0.0,1347,경기도,안산시 상록구,음식,21
06-17,16,수요일,27.5,0.0,0.0,1322,경기도,안산시 상록구,음식,30
06-17,17,수요일,26.6,0.0,0.0,1928,경기도,안산시 상록구,음식,62
06-17,18,수요일,24.6,0.0,0.0,1814,경기도,안산시 상록구,음식,111
06-17,19,수요일,23.2,0.0,0.0,2000,경기도,안산시 상록구,음식,131
06-17,20,수요일,22.0,0.0,0.0,2000,경기도,안산시 상록구,음식,112
06-17,21,수요일,21.3,0.0,0.0,2000,경기도,안산시 상록구,음식,68
06-17,22,수요일,20.7,0.0,0.0,1886,경기도,안산시 상록구,음식,51
06-17,23,수요일,20.6,0.0,0.0,1612,경기도,안산시 상록구,음식,29
06-18,0,목요일,20.5,0.0,0.0,1753,경기도,안산시 상록구,음식,26
06-18,1,목요일,20.2,0.0,0.0,1141,경기도,안산시 상록구,음식,10
06-18,2,목요일,19.7,0.0,0.0,774,경기도,안산시 상록구,음식,15
06-18,10,목요일,22.6,0.0,0.0,650,경기도,안산시 상록구,음식,10
06-18,11,목요일,24.3,0.0,0.0,1174,경기도,안산시 상록구,음식,36
06-18,12,목요일,24.2,0.0,0.0,808,경기도,안산시 상록구,음식,53
06-18,13,목요일,25.0,0.0,0.0,810,경기도,안산시 상록구,음식,46
06-18,14,목요일,24.7,0.0,0.0,1371,경기도,안산시 상록구,음식,33
06-18,15,목요일,25.5,0.0,0.0,1143,경기도,안산시 상록구,음식,42
06-18,16,목요일,26.0,0.0,0.0,1142,경기도,안산시 상록구,음식,41
06-18,17,목요일,25.6,0.0,0.0,1094,경기도,안산시 상록구,음식,74
06-18,18,목요일,25.1,0.0,0.0,1082,경기도,안산시 상록구,음식,112
06-18,19,목요일,23.4,0.0,0.0,1294,경기도,안산시 상록구,음식,132
06-18,20,목요일,23.0,0.0,0.0,762,경기도,안산시 상록구,음식,100
06-18,21,목요일,22.9,0.0,0.0,641,경기도,안산시 상록구,음식,84
06-18,22,목요일,22.6,0.0,0.0,557,경기도,안산시 상록구,음식,69
06-18,23,목요일,22.4,0.0,0.0,496,경기도,안산시 상록구,음식,47
06-19,0,금요일,22.4,0.0,0.0,794,경기도,안산시 상록구,음식,25
06-19,1,금요일,22.0,0.0,0.0,1778,경기도,안산시 상록구,음식,20
06-19,2,금요일,22.4,0.0,0.0,825,경기도,안산시 상록구,음식,11
06-19,10,금요일,24.3,0.0,0.0,1995,경기도,안산시 상록구,음식,10
06-19,11,금요일,26.2,0.0,0.0,1972,경기도,안산시 상록구,음식,46
06-19,12,금요일,27.1,0.0,0.0,1996,경기도,안산시 상록구,음식,71
06-19,13,금요일,28.0,0.0,0.0,2000,경기도,안산시 상록구,음식,44
06-19,14,금요일,28.6,0.0,0.0,1901,경기도,안산시 상록구,음식,48
06-19,15,금요일,28.6,0.0,0.0,2000,경기도,안산시 상록구,음식,36
06-19,16,금요일,29.1,0.0,0.0,1918,경기도,안산시 상록구,음식,31
06-19,17,금요일,28.2,0.0,0.0,1902,경기도,안산시 상록구,음식,61
06-19,18,금요일,26.9,0.0,0.0,2000,경기도,안산시 상록구,음식,125
06-19,19,금요일,25.1,0.0,0.0,2000,경기도,안산시 상록구,음식,151
06-19,20,금요일,23.0,0.0,0.0,1952,경기도,안산시 상록구,음식,134
06-19,21,금요일,21.9,0.0,0.0,1985,경기도,안산시 상록구,음식,115
06-19,22,금요일,21.1,0.0,0.0,1995,경기도,안산시 상록구,음식,80
06-19,23,금요일,20.4,0.0,0.0,1576,경기도,안산시 상록구,음식,49
06-20,0,토요일,20.2,0.0,0.0,1148,경기도,안산시 상록구,음식,22
06-20,1,토요일,19.8,0.0,0.0,912,경기도,안산시 상록구,음식,21
06-20,2,토요일,19.3,0.0,0.0,594,경기도,안산시 상록구,음식,7
06-20,10,토요일,25.4,0.0,0.0,892,경기도,안산시 상록구,음식,29
06-20,11,토요일,27.1,0.0,0.0,632,경기도,안산시 상록구,음식,46
06-20,12,토요일,27.6,0.0,0.0,632,경기도,안산시 상록구,음식,100
06-20,13,토요일,27.7,0.0,0.0,664,경기도,안산시 상록구,음식,75
06-20,14,토요일,28.5,0.0,0.0,895,경기도,안산시 상록구,음식,59
06-20,15,토요일,28.9,0.0,0.0,904,경기도,안산시 상록구,음식,56
06-20,16,토요일,27.5,0.0,0.0,1142,경기도,안산시 상록구,음식,62
06-20,17,토요일,27.4,0.0,0.0,1320,경기도,안산시 상록구,음식,79
06-20,18,토요일,26.6,0.0,0.0,1877,경기도,안산시 상록구,음식,133
06-20,19,토요일,25.1,0.0,0.0,2000,경기도,안산시 상록구,음식,122
06-20,20,토요일,23.8,0.0,0.0,1766,경기도,안산시 상록구,음식,132
06-20,21,토요일,22.2,0.0,0.0,1192,경기도,안산시 상록구,음식,106
06-20,22,토요일,21.6,0.0,0.0,1179,경기도,안산시 상록구,음식,71
06-20,23,토요일,20.9,0.0,0.0,938,경기도,안산시 상록구,음식,71
06-21,0,일요일,19.9,0.0,0.0,722,경기도,안산시 상록구,음식,28
06-21,1,일요일,19.8,0.0,0.0,629,경기도,안산시 상록구,음식,25
06-21,2,일요일,19.4,0.0,0.0,515,경기도,안산시 상록구,음식,7
06-21,10,일요일,26.0,0.0,0.0,755,경기도,안산시 상록구,음식,28
06-21,11,일요일,28.6,0.0,0.0,1547,경기도,안산시 상록구,음식,74
06-21,12,일요일,29.3,0.0,0.0,1577,경기도,안산시 상록구,음식,110
06-21,13,일요일,30.2,0.0,0.0,1612,경기도,안산시 상록구,음식,101
06-21,14,일요일,30.8,0.0,0.0,1761,경기도,안산시 상록구,음식,88
06-21,15,일요일,30.3,0.0,0.0,1756,경기도,안산시 상록구,음식,76
06-21,16,일요일,30.7,0.0,0.0,1849,경기도,안산시 상록구,음식,71
06-21,17,일요일,28.8,0.0,0.0,1989,경기도,안산시 상록구,음식,107
06-21,18,일요일,27.6,0.0,0.0,1942,경기도,안산시 상록구,음식,146
06-21,19,일요일,26.4,0.0,0.0,1983,경기도,안산시 상록구,음식,143
06-21,20,일요일,24.0,0.0,0.0,1996,경기도,안산시 상록구,음식,102
06-21,21,일요일,23.0,0.0,0.0,1712,경기도,안산시 상록구,음식,85
06-21,22,일요일,22.0,0.0,0.0,1800,경기도,안산시 상록구,음식,66
06-21,23,일요일,21.6,0.0,0.0,1225,경기도,안산시 상록구,음식,43
06-22,0,월요일,21.0,0.0,0.0,1115,경기도,안산시 상록구,음식,23
06-22,1,월요일,21.0,0.0,0.0,1168,경기도,안산시 상록구,음식,17
06-22,2,월요일,20.1,0.0,0.0,961,경기도,안산시 상록구,음식,15
06-22,10,월요일,28.6,0.0,0.0,1234,경기도,안산시 상록구,음식,13
06-22,11,월요일,29.8,0.0,0.0,1100,경기도,안산시 상록구,음식,48
06-22,12,월요일,31.7,0.0,0.0,1189,경기도,안산시 상록구,음식,74
06-22,13,월요일,32.1,0.0,0.0,1187,경기도,안산시 상록구,음식,62
06-22,14,월요일,32.7,0.0,0.0,1204,경기도,안산시 상록구,음식,55
06-22,15,월요일,33.6,0.0,0.0,1350,경기도,안산시 상록구,음식,34
06-22,16,월요일,33.1,0.0,0.0,1183,경기도,안산시 상록구,음식,46
06-22,17,월요일,32.8,0.0,0.0,1082,경기도,안산시 상록구,음식,57
06-22,18,월요일,31.2,0.0,0.0,1941,경기도,안산시 상록구,음식,120
06-22,19,월요일,29.6,0.0,0.0,1993,경기도,안산시 상록구,음식,116
06-22,20,월요일,26.9,0.0,0.0,2000,경기도,안산시 상록구,음식,117
06-22,21,월요일,24.7,0.0,0.0,1959,경기도,안산시 상록구,음식,76
06-22,22,월요일,24.5,0.0,0.0,1981,경기도,안산시 상록구,음식,47
06-22,23,월요일,24.0,0.0,0.0,1810,경기도,안산시 상록구,음식,38
06-23,0,화요일,23.6,0.0,0.0,1870,경기도,안산시 상록구,음식,18
06-23,1,화요일,22.8,0.0,0.0,1478,경기도,안산시 상록구,음식,10
06-23,2,화요일,22.2,0.0,0.0,1247,경기도,안산시 상록구,음식,10
06-23,10,화요일,27.8,0.0,0.0,1489,경기도,안산시 상록구,음식,14
06-23,11,화요일,28.6,0.0,0.0,1503,경기도,안산시 상록구,음식,49
06-23,12,화요일,29.4,0.0,0.0,1639,경기도,안산시 상록구,음식,59
06-23,13,화요일,29.6,0.0,0.0,1188,경기도,안산시 상록구,음식,50
06-23,14,화요일,29.8,0.0,0.0,1159,경기도,안산시 상록구,음식,28
06-23,15,화요일,28.7,0.0,0.0,1785,경기도,안산시 상록구,음식,36
06-23,16,화요일,28.3,0.0,0.0,1936,경기도,안산시 상록구,음식,32
06-23,17,화요일,28.1,0.0,0.0,1926,경기도,안산시 상록구,음식,57
06-23,18,화요일,26.8,0.0,0.0,1984,경기도,안산시 상록구,음식,93
06-23,19,화요일,25.5,0.0,0.0,1974,경기도,안산시 상록구,음식,127
06-23,20,화요일,25.0,0.0,0.0,2000,경기도,안산시 상록구,음식,101
06-23,21,화요일,25.0,0.0,0.0,2000,경기도,안산시 상록구,음식,80
06-23,22,화요일,24.7,0.0,0.0,1903,경기도,안산시 상록구,음식,51
06-23,23,화요일,24.4,0.0,0.0,1889,경기도,안산시 상록구,음식,38
06-24,0,수요일,24.0,0.0,0.0,1689,경기도,안산시 상록구,음식,27
06-24,1,수요일,24.3,0.0,0.0,1819,경기도,안산시 상록구,음식,13
06-24,2,수요일,24.8,0.0,0.0,1853,경기도,안산시 상록구,음식,4
06-24,10,수요일,21.8,1.3,0.0,1006,경기도,안산시 상록구,음식,15
06-24,11,수요일,20.4,5.0,0.0,480,경기도,안산시 상록구,음식,65
06-24,12,수요일,21.0,1.6,0.0,1818,경기도,안산시 상록구,음식,72
06-24,13,수요일,21.3,0.1,0.0,1339,경기도,안산시 상록구,음식,58
06-24,14,수요일,21.8,0.2,0.0,1162,경기도,안산시 상록구,음식,65
06-24,15,수요일,21.2,1.4,0.0,845,경기도,안산시 상록구,음식,37
06-24,16,수요일,20.9,1.3,0.0,433,경기도,안산시 상록구,음식,54
06-24,17,수요일,20.9,1.3,0.0,892,경기도,안산시 상록구,음식,94
06-24,18,수요일,21.0,0.4,0.0,670,경기도,안산시 상록구,음식,149
06-24,19,수요일,21.2,0.1,0.0,1130,경기도,안산시 상록구,음식,146
06-24,20,수요일,20.9,0.4,0.0,771,경기도,안산시 상록구,음식,107
06-24,21,수요일,21.0,0.5,0.0,1310,경기도,안산시 상록구,음식,82
06-24,22,수요일,21.5,0.1,0.0,1785,경기도,안산시 상록구,음식,67
06-24,23,수요일,21.4,0.0,0.0,1080,경기도,안산시 상록구,음식,52
06-25,0,목요일,21.1,0.3,0.0,331,경기도,안산시 상록구,음식,25
06-25,1,목요일,21.2,1.5,0.0,152,경기도,안산시 상록구,음식,14
06-25,2,목요일,21.3,1.0,0.0,397,경기도,안산시 상록구,음식,12
06-25,10,목요일,21.1,0.6,0.0,491,경기도,안산시 상록구,음식,11
06-25,11,목요일,22.4,0.1,0.0,1807,경기도,안산시 상록구,음식,49
06-25,12,목요일,22.3,0.0,0.0,1020,경기도,안산시 상록구,음식,68
06-25,13,목요일,22.5,0.0,0.0,1835,경기도,안산시 상록구,음식,48
06-25,14,목요일,22.9,0.0,0.0,1937,경기도,안산시 상록구,음식,30
06-25,15,목요일,22.7,0.0,0.0,1621,경기도,안산시 상록구,음식,33
06-25,16,목요일,22.6,0.0,0.0,1464,경기도,안산시 상록구,음식,33
06-25,17,목요일,22.6,0.0,0.0,1977,경기도,안산시 상록구,음식,66
06-25,18,목요일,21.7,0.0,0.0,1835,경기도,안산시 상록구,음식,153
06-25,19,목요일,21.8,0.0,0.0,1858,경기도,안산시 상록구,음식,140
06-25,20,목요일,21.4,0.0,0.0,1750,경기도,안산시 상록구,음식,88
06-25,21,목요일,21.2,0.0,0.0,1290,경기도,안산시 상록구,음식,83
06-25,22,목요일,20.3,0.0,0.0,761,경기도,안산시 상록구,음식,76
06-25,23,목요일,20.0,0.4,0.0,479,경기도,안산시 상록구,음식,45
06-26,0,금요일,19.8,0.4,0.0,414,경기도,안산시 상록구,음식,14
06-26,1,금요일,19.8,0.4,0.0,691,경기도,안산시 상록구,음식,12
06-26,2,금요일,19.5,1.2,0.0,596,경기도,안산시 상록구,음식,10
06-26,10,금요일,21.0,0.0,0.0,635,경기도,안산시 상록구,음식,12
06-26,11,금요일,22.3,0.0,0.0,846,경기도,안산시 상록구,음식,51
06-26,12,금요일,23.7,0.0,0.0,1566,경기도,안산시 상록구,음식,71
06-26,13,금요일,24.6,0.0,0.0,1096,경기도,안산시 상록구,음식,53
06-26,14,금요일,25.2,0.0,0.0,1544,경기도,안산시 상록구,음식,50
06-26,15,금요일,25.1,0.0,0.0,1638,경기도,안산시 상록구,음식,35
06-26,16,금요일,24.8,0.0,0.0,1565,경기도,안산시 상록구,음식,49
06-26,17,금요일,24.7,0.0,0.0,1566,경기도,안산시 상록구,음식,67
06-26,18,금요일,24.7,0.0,0.0,1688,경기도,안산시 상록구,음식,146
06-26,19,금요일,23.2,0.0,0.0,1797,경기도,안산시 상록구,음식,145
06-26,20,금요일,22.3,0.0,0.0,1903,경기도,안산시 상록구,음식,133
06-26,21,금요일,21.6,0.0,0.0,1360,경기도,안산시 상록구,음식,95
06-26,22,금요일,21.1,0.0,0.0,1428,경기도,안산시 상록구,음식,85
06-26,23,금요일,21.2,0.0,0.0,1646,경기도,안산시 상록구,음식,57
06-27,0,토요일,21.1,0.0,0.0,1825,경기도,안산시 상록구,음식,43
06-27,1,토요일,21.0,0.0,0.0,1649,경기도,안산시 상록구,음식,22
06-27,2,토요일,20.5,0.0,0.0,1785,경기도,안산시 상록구,음식,9
06-27,10,토요일,24.3,0.0,0.0,1283,경기도,안산시 상록구,음식,17
06-27,11,토요일,24.8,0.0,0.0,1193,경기도,안산시 상록구,음식,56
06-27,12,토요일,26.5,0.0,0.0,1501,경기도,안산시 상록구,음식,79
06-27,13,토요일,28.0,0.0,0.0,1694,경기도,안산시 상록구,음식,69
06-27,14,토요일,28.7,0.0,0.0,1517,경기도,안산시 상록구,음식,67
06-27,15,토요일,28.5,0.0,0.0,1669,경기도,안산시 상록구,음식,45
06-27,16,토요일,28.6,0.0,0.0,1712,경기도,안산시 상록구,음식,60
06-27,17,토요일,28.1,0.0,0.0,1808,경기도,안산시 상록구,음식,92
06-27,18,토요일,27.4,0.0,0.0,1975,경기도,안산시 상록구,음식,146
06-27,19,토요일,25.1,0.0,0.0,1996,경기도,안산시 상록구,음식,132
06-27,20,토요일,23.2,0.0,0.0,2000,경기도,안산시 상록구,음식,117
06-27,21,토요일,22.0,0.0,0.0,1852,경기도,안산시 상록구,음식,93
06-27,22,토요일,21.0,0.0,0.0,1178,경기도,안산시 상록구,음식,85
06-27,23,토요일,21.2,0.0,0.0,1087,경기도,안산시 상록구,음식,55
06-28,0,일요일,21.0,0.0,0.0,1016,경기도,안산시 상록구,음식,24
06-28,1,일요일,20.6,0.0,0.0,1020,경기도,안산시 상록구,음식,15
06-28,2,일요일,20.3,0.0,0.0,1932,경기도,안산시 상록구,음식,17
06-28,10,일요일,25.7,0.0,0.0,1112,경기도,안산시 상록구,음식,20
06-28,11,일요일,26.6,0.0,0.0,1240,경기도,안산시 상록구,음식,75
06-28,12,일요일,27.3,0.0,0.0,947,경기도,안산시 상록구,음식,89
06-28,13,일요일,27.9,0.0,0.0,1174,경기도,안산시 상록구,음식,88
06-28,14,일요일,28.7,0.0,0.0,1460,경기도,안산시 상록구,음식,64
06-28,15,일요일,27.7,0.0,0.0,1683,경기도,안산시 상록구,음식,68
06-28,16,일요일,27.3,0.0,0.0,1992,경기도,안산시 상록구,음식,76
06-28,17,일요일,27.4,0.0,0.0,1993,경기도,안산시 상록구,음식,126
06-28,18,일요일,26.1,0.0,0.0,1930,경기도,안산시 상록구,음식,164
06-28,19,일요일,25.3,0.0,0.0,1998,경기도,안산시 상록구,음식,157
06-28,20,일요일,23.6,0.0,0.0,1926,경기도,안산시 상록구,음식,134
06-28,21,일요일,22.4,0.0,0.0,1867,경기도,안산시 상록구,음식,93
06-28,22,일요일,21.1,0.0,0.0,1018,경기도,안산시 상록구,음식,69
06-28,23,일요일,20.5,0.0,0.0,1611,경기도,안산시 상록구,음식,51
06-29,0,월요일,20.3,0.0,0.0,1400,경기도,안산시 상록구,음식,25
06-29,1,월요일,19.5,0.0,0.0,1038,경기도,안산시 상록구,음식,17
06-29,2,월요일,18.8,0.0,0.0,636,경기도,안산시 상록구,음식,13
06-29,10,월요일,25.7,0.0,0.0,1294,경기도,안산시 상록구,음식,18
06-29,11,월요일,25.9,0.0,0.0,1261,경기도,안산시 상록구,음식,56
06-29,12,월요일,26.1,0.0,0.0,1037,경기도,안산시 상록구,음식,81
06-29,13,월요일,26.0,0.0,0.0,1353,경기도,안산시 상록구,음식,53
06-29,14,월요일,26.1,0.0,0.0,1180,경기도,안산시 상록구,음식,39
06-29,15,월요일,26.5,0.0,0.0,1308,경기도,안산시 상록구,음식,35
06-29,16,월요일,26.4,0.0,0.0,1100,경기도,안산시 상록구,음식,40
06-29,17,월요일,26.1,0.0,0.0,1167,경기도,안산시 상록구,음식,77
06-29,18,월요일,26.1,0.0,0.0,1199,경기도,안산시 상록구,음식,133
06-29,19,월요일,23.0,0.0,0.0,1440,경기도,안산시 상록구,음식,163
06-29,20,월요일,21.9,1.9,0.0,595,경기도,안산시 상록구,음식,119
06-29,21,월요일,21.7,2.9,0.0,799,경기도,안산시 상록구,음식,96
06-29,22,월요일,20.7,7.2,0.0,627,경기도,안산시 상록구,음식,71
06-29,23,월요일,20.0,8.0,0.0,478,경기도,안산시 상록구,음식,55
06-30,0,화요일,19.7,9.5,0.0,620,경기도,안산시 상록구,음식,19
06-30,1,화요일,19.7,8.5,0.0,603,경기도,안산시 상록구,음식,6
06-30,2,화요일,20.3,0.9,0.0,1924,경기도,안산시 상록구,음식,18
06-30,10,화요일,20.0,0.0,0.0,1923,경기도,안산시 상록구,음식,11
06-30,11,화요일,20.4,0.0,0.0,1997,경기도,안산시 상록구,음식,43
06-30,12,화요일,21.3,0.0,0.0,2000,경기도,안산시 상록구,음식,62
06-30,13,화요일,21.3,0.0,0.0,1910,경기도,안산시 상록구,음식,50
06-30,14,화요일,22.1,0.0,0.0,1988,경기도,안산시 상록구,음식,48
06-30,15,화요일,22.3,0.0,0.0,2000,경기도,안산시 상록구,음식,36
06-30,16,화요일,22.5,0.0,0.0,2000,경기도,안산시 상록구,음식,38
06-30,17,화요일,22.9,0.0,0.0,2000,경기도,안산시 상록구,음식,72
06-30,18,화요일,22.7,0.0,0.0,2000,경기도,안산시 상록구,음식,104
06-30,19,화요일,20.9,0.0,0.0,2000,경기도,안산시 상록구,음식,139
06-30,20,화요일,20.8,0.1,0.0,2000,경기도,안산시 상록구,음식,106
06-30,21,화요일,19.8,0.1,0.0,1991,경기도,안산시 상록구,음식,81
06-30,22,화요일,18.4,0.4,0.0,1070,경기도,안산시 상록구,음식,75
06-30,23,화요일,17.9,1.0,0.0,1899,경기도,안산시 상록구,음식,31
07-01,0,수요일,17.9,0.5,0.0,1937,경기도,안산시 상록구,음식,23
07-01,1,수요일,18.2,0.1,0.0,2000,경기도,안산시 상록구,음식,11
07-01,2,수요일,18.3,0.0,0.0,2000,경기도,안산시 상록구,음식,22
07-01,10,수요일,21.8,0.0,0.0,1951,경기도,안산시 상록구,음식,17
07-01,11,수요일,21.4,0.0,0.0,2000,경기도,안산시 상록구,음식,48
07-01,12,수요일,21.9,0.0,0.0,2000,경기도,안산시 상록구,음식,68
07-01,13,수요일,22.4,0.0,0.0,1962,경기도,안산시 상록구,음식,47
07-01,14,수요일,23.3,0.0,0.0,2020,경기도,안산시 상록구,음식,49
07-01,15,수요일,23.9,0.0,0.0,1885,경기도,안산시 상록구,음식,27
07-01,16,수요일,23.6,0.0,0.0,856,경기도,안산시 상록구,음식,35
07-01,17,수요일,23.0,0.0,0.0,622,경기도,안산시 상록구,음식,80
07-01,18,수요일,22.1,0.2,0.0,899,경기도,안산시 상록구,음식,117
07-01,19,수요일,22.3,0.2,0.0,574,경기도,안산시 상록구,음식,125
07-01,20,수요일,22.5,0.0,0.0,612,경기도,안산시 상록구,음식,102
07-01,21,수요일,22.2,0.0,0.0,720,경기도,안산시 상록구,음식,74
07-01,22,수요일,20.9,0.0,0.0,801,경기도,안산시 상록구,음식,66
07-01,23,수요일,20.3,0.0,0.0,934,경기도,안산시 상록구,음식,32
07-02,0,목요일,19.6,0.0,0.0,459,경기도,안산시 상록구,음식,19
07-02,1,목요일,19.2,0.0,0.0,339,경기도,안산시 상록구,음식,17
07-02,2,목요일,19.2,0.0,0.0,317,경기도,안산시 상록구,음식,16
07-02,10,목요일,24.0,0.0,0.0,943,경기도,안산시 상록구,음식,11
07-02,11,목요일,25.0,0.0,0.0,817,경기도,안산시 상록구,음식,47
07-02,12,목요일,26.8,0.0,0.0,543,경기도,안산시 상록구,음식,44
07-02,13,목요일,26.5,0.0,0.0,615,경기도,안산시 상록구,음식,44
07-02,14,목요일,27.5,0.0,0.0,764,경기도,안산시 상록구,음식,43
07-02,15,목요일,29.0,0.0,0.0,1329,경기도,안산시 상록구,음식,28
07-02,16,목요일,28.2,0.0,0.0,1000,경기도,안산시 상록구,음식,42
07-02,17,목요일,28.8,0.0,0.0,1143,경기도,안산시 상록구,음식,61
07-02,18,목요일,28.4,0.0,0.0,1056,경기도,안산시 상록구,음식,92
07-02,19,목요일,26.1,0.0,0.0,749,경기도,안산시 상록구,음식,118
07-02,20,목요일,23.7,0.0,0.0,1450,경기도,안산시 상록구,음식,80
07-02,21,목요일,22.3,0.0,0.0,849,경기도,안산시 상록구,음식,56
07-02,22,목요일,21.6,0.0,0.0,1243,경기도,안산시 상록구,음식,44
07-02,23,목요일,21.2,0.0,0.0,1082,경기도,안산시 상록구,음식,39
07-03,0,금요일,20.9,0.6,0.0,1470,경기도,안산시 상록구,음식,14
07-03,1,금요일,20.5,0.0,0.0,419,경기도,안산시 상록구,음식,8
07-03,2,금요일,20.0,0.0,0.0,357,경기도,안산시 상록구,음식,16
07-03,10,금요일,27.8,0.0,0.0,1981,경기도,안산시 상록구,음식,18
07-03,11,금요일,27.9,0.0,0.0,2000,경기도,안산시 상록구,음식,54
07-03,12,금요일,28.8,0.0,0.0,2000,경기도,안산시 상록구,음식,93
07-03,13,금요일,28.4,0.0,0.0,2000,경기도,안산시 상록구,음식,55
07-03,14,금요일,28.0,0.0,0.0,1999,경기도,안산시 상록구,음식,35
07-03,15,금요일,27.8,0.0,0.0,2000,경기도,안산시 상록구,음식,48
07-03,16,금요일,28.1,0.0,0.0,2000,경기도,안산시 상록구,음식,38
07-03,17,금요일,26.8,0.0,0.0,2000,경기도,안산시 상록구,음식,70
07-03,18,금요일,25.8,0.0,0.0,1994,경기도,안산시 상록구,음식,117
07-03,19,금요일,24.8,0.0,0.0,2000,경기도,안산시 상록구,음식,160
07-03,20,금요일,23.9,0.0,0.0,2000,경기도,안산시 상록구,음식,137
07-03,21,금요일,21.5,0.4,0.0,2000,경기도,안산시 상록구,음식,112
07-03,22,금요일,20.6,0.0,0.0,2000,경기도,안산시 상록구,음식,80
07-03,23,금요일,20.1,0.0,0.0,2000,경기도,안산시 상록구,음식,56
07-04,0,토요일,19.8,0.1,0.0,708,경기도,안산시 상록구,음식,23
07-04,1,토요일,19.3,0.6,0.0,596,경기도,안산시 상록구,음식,20
07-04,2,토요일,18.9,0.3,0.0,936,경기도,안산시 상록구,음식,15
07-04,3,토요일,18.6,0.1,0.0,1374,경기도,안산시 상록구,음식,1
07-04,10,토요일,23.7,0.0,0.0,1962,경기도,안산시 상록구,음식,25
07-04,11,토요일,25.1,0.0,0.0,1949,경기도,안산시 상록구,음식,71
07-04,12,토요일,25.8,0.0,0.0,1996,경기도,안산시 상록구,음식,80
07-04,13,토요일,26.2,0.0,0.0,2000,경기도,안산시 상록구,음식,99
07-04,14,토요일,27.9,0.0,0.0,1998,경기도,안산시 상록구,음식,72
07-04,15,토요일,27.2,0.0,0.0,1950,경기도,안산시 상록구,음식,62
07-04,16,토요일,25.4,0.0,0.0,1903,경기도,안산시 상록구,음식,65
07-04,17,토요일,26.0,0.0,0.0,1973,경기도,안산시 상록구,음식,82
07-04,18,토요일,25.1,0.0,0.0,1981,경기도,안산시 상록구,음식,118
07-04,19,토요일,24.4,0.0,0.0,1958,경기도,안산시 상록구,음식,124
07-04,20,토요일,22.3,0.0,0.0,1992,경기도,안산시 상록구,음식,110
07-04,21,토요일,21.2,0.0,0.0,1920,경기도,안산시 상록구,음식,97
07-04,22,토요일,20.7,0.0,0.0,1725,경기도,안산시 상록구,음식,76
07-04,23,토요일,21.0,0.0,0.0,1948,경기도,안산시 상록구,음식,67
07-05,0,일요일,20.2,0.0,0.0,1946,경기도,안산시 상록구,음식,29
07-05,1,일요일,19.7,0.0,0.0,926,경기도,안산시 상록구,음식,27
07-05,2,일요일,18.9,0.0,0.0,683,경기도,안산시 상록구,음식,17
07-05,9,일요일,22.0,0.0,0.0,835,경기도,안산시 상록구,음식,1
07-05,10,일요일,23.4,0.0,0.0,1490,경기도,안산시 상록구,음식,15
07-05,11,일요일,25.3,0.0,0.0,1298,경기도,안산시 상록구,음식,69
07-05,12,일요일,24.9,0.0,0.0,1224,경기도,안산시 상록구,음식,70
07-05,13,일요일,25.2,0.0,0.0,1004,경기도,안산시 상록구,음식,89
07-05,14,일요일,26.7,0.0,0.0,1159,경기도,안산시 상록구,음식,81
07-05,15,일요일,27.2,0.0,0.0,1715,경기도,안산시 상록구,음식,56
07-05,16,일요일,27.9,0.0,0.0,1793,경기도,안산시 상록구,음식,54
07-05,17,일요일,27.4,0.0,0.0,1640,경기도,안산시 상록구,음식,106
07-05,18,일요일,26.3,0.0,0.0,1930,경기도,안산시 상록구,음식,135
07-05,19,일요일,24.8,0.0,0.0,1849,경기도,안산시 상록구,음식,112
07-05,20,일요일,23.3,0.0,0.0,1729,경기도,안산시 상록구,음식,106
07-05,21,일요일,21.6,0.0,0.0,2000,경기도,안산시 상록구,음식,82
07-05,22,일요일,21.6,0.0,0.0,2006,경기도,안산시 상록구,음식,80
07-05,23,일요일,21.6,0.0,0.0,1767,경기도,안산시 상록구,음식,55
07-06,0,월요일,21.1,0.0,0.0,1439,경기도,안산시 상록구,음식,27
07-06,1,월요일,20.9,0.0,0.0,1050,경기도,안산시 상록구,음식,22
07-06,2,월요일,21.2,0.0,0.0,973,경기도,안산시 상록구,음식,22
07-06,10,월요일,25.3,0.0,0.0,1109,경기도,안산시 상록구,음식,12
07-06,11,월요일,26.6,0.0,0.0,1724,경기도,안산시 상록구,음식,69
07-06,12,월요일,27.0,0.0,0.0,1935,경기도,안산시 상록구,음식,73
07-06,13,월요일,28.1,0.0,0.0,1864,경기도,안산시 상록구,음식,65
07-06,14,월요일,28.8,0.0,0.0,1786,경기도,안산시 상록구,음식,43
07-06,15,월요일,30.2,0.0,0.0,1978,경기도,안산시 상록구,음식,31
07-06,16,월요일,29.9,0.0,0.0,1918,경기도,안산시 상록구,음식,42
07-06,17,월요일,29.1,0.0,0.0,1722,경기도,안산시 상록구,음식,66
07-06,18,월요일,26.8,0.0,0.0,1666,경기도,안산시 상록구,음식,121
07-06,19,월요일,25.3,0.0,0.0,2000,경기도,안산시 상록구,음식,135
07-06,20,월요일,24.6,0.0,0.0,1950,경기도,안산시 상록구,음식,114
07-06,21,월요일,23.4,0.0,0.0,1443,경기도,안산시 상록구,음식,83
07-06,22,월요일,22.9,0.0,0.0,1120,경기도,안산시 상록구,음식,59
07-06,23,월요일,22.2,0.0,0.0,796,경기도,안산시 상록구,음식,37
07-07,0,화요일,22.2,0.0,0.0,678,경기도,안산시 상록구,음식,21
07-07,1,화요일,22.2,0.0,0.0,751,경기도,안산시 상록구,음식,14
07-07,2,화요일,21.6,0.0,0.0,664,경기도,안산시 상록구,음식,9
07-07,10,화요일,23.5,0.0,0.0,1100,경기도,안산시 상록구,음식,12
07-07,11,화요일,24.7,0.0,0.0,1506,경기도,안산시 상록구,음식,45
07-07,12,화요일,24.7,0.0,0.0,1827,경기도,안산시 상록구,음식,51
07-07,13,화요일,25.5,0.0,0.0,1990,경기도,안산시 상록구,음식,43
07-07,14,화요일,25.6,0.0,0.0,1971,경기도,안산시 상록구,음식,31
07-07,15,화요일,26.7,0.0,0.0,1852,경기도,안산시 상록구,음식,42
07-07,16,화요일,27.4,0.0,0.0,1919,경기도,안산시 상록구,음식,44
07-07,17,화요일,27.2,0.0,0.0,2011,경기도,안산시 상록구,음식,58
07-07,18,화요일,26.1,0.0,0.0,1959,경기도,안산시 상록구,음식,123
07-07,19,화요일,24.6,0.0,0.0,1993,경기도,안산시 상록구,음식,148
07-07,20,화요일,23.1,0.0,0.0,1904,경기도,안산시 상록구,음식,113
07-07,21,화요일,21.9,0.0,0.0,1547,경기도,안산시 상록구,음식,84
07-07,22,화요일,21.6,0.0,0.0,1269,경기도,안산시 상록구,음식,64
07-07,23,화요일,21.0,0.0,0.0,1749,경기도,안산시 상록구,음식,25
07-08,0,수요일,20.9,0.0,0.0,1703,경기도,안산시 상록구,음식,20
07-08,1,수요일,20.5,0.0,0.0,590,경기도,안산시 상록구,음식,17
07-08,2,수요일,20.1,0.0,0.0,604,경기도,안산시 상록구,음식,13
07-08,10,수요일,24.6,0.0,0.0,651,경기도,안산시 상록구,음식,12
07-08,11,수요일,25.6,0.0,0.0,647,경기도,안산시 상록구,음식,44
07-08,12,수요일,27.0,0.0,0.0,707,경기도,안산시 상록구,음식,67
07-08,13,수요일,27.4,0.0,0.0,822,경기도,안산시 상록구,음식,57
07-08,14,수요일,28.9,0.0,0.0,709,경기도,안산시 상록구,음식,38
07-08,15,수요일,28.7,0.0,0.0,1303,경기도,안산시 상록구,음식,35
07-08,16,수요일,28.7,0.0,0.0,1537,경기도,안산시 상록구,음식,59
07-08,17,수요일,28.5,0.0,0.0,1802,경기도,안산시 상록구,음식,63
07-08,18,수요일,27.1,0.0,0.0,1776,경기도,안산시 상록구,음식,110
07-08,19,수요일,25.6,0.0,0.0,1530,경기도,안산시 상록구,음식,139
07-08,20,수요일,23.6,0.0,0.0,1429,경기도,안산시 상록구,음식,112
07-08,21,수요일,22.2,0.0,0.0,849,경기도,안산시 상록구,음식,76
07-08,22,수요일,20.5,0.0,0.0,417,경기도,안산시 상록구,음식,66
07-08,23,수요일,20.4,0.0,0.0,342,경기도,안산시 상록구,음식,28
07-09,0,목요일,20.4,0.0,0.0,326,경기도,안산시 상록구,음식,21
07-09,1,목요일,20.2,0.0,0.0,207,경기도,안산시 상록구,음식,21
07-09,2,목요일,20.3,0.0,0.0,218,경기도,안산시 상록구,음식,14
07-09,10,목요일,28.3,0.0,0.0,710,경기도,안산시 상록구,음식,12
07-09,11,목요일,29.6,0.0,0.0,1207,경기도,안산시 상록구,음식,46
07-09,12,목요일,30.3,0.0,0.0,1546,경기도,안산시 상록구,음식,58
07-09,13,목요일,31.9,0.0,0.0,1801,경기도,안산시 상록구,음식,46
07-09,14,목요일,31.8,0.0,0.0,1851,경기도,안산시 상록구,음식,41
07-09,15,목요일,32.3,0.0,0.0,2101,경기도,안산시 상록구,음식,39
07-09,16,목요일,32.7,0.0,0.0,1928,경기도,안산시 상록구,음식,32
07-09,17,목요일,32.0,0.0,0.0,1968,경기도,안산시 상록구,음식,65
07-09,18,목요일,31.0,0.0,0.0,1708,경기도,안산시 상록구,음식,109
07-09,19,목요일,31.1,0.0,0.0,2000,경기도,안산시 상록구,음식,139
07-09,20,목요일,30.0,0.0,0.0,2000,경기도,안산시 상록구,음식,109
07-09,21,목요일,27.6,0.0,0.0,675,경기도,안산시 상록구,음식,97
07-09,22,목요일,26.0,0.0,0.0,768,경기도,안산시 상록구,음식,60
07-09,23,목요일,27.9,0.0,0.0,1524,경기도,안산시 상록구,음식,42
07-10,0,금요일,27.2,0.0,0.0,1335,경기도,안산시 상록구,음식,28
07-10,1,금요일,26.9,0.0,0.0,1422,경기도,안산시 상록구,음식,21
07-10,2,금요일,26.4,0.0,0.0,1440,경기도,안산시 상록구,음식,11
07-10,3,금요일,26.0,0.0,0.0,1793,경기도,안산시 상록구,음식,1
07-10,10,금요일,25.8,0.0,0.0,1943,경기도,안산시 상록구,음식,15
07-10,11,금요일,27.7,0.0,0.0,1852,경기도,안산시 상록구,음식,60
07-10,12,금요일,27.4,0.0,0.0,2000,경기도,안산시 상록구,음식,56
07-10,13,금요일,26.9,0.0,0.0,2000,경기도,안산시 상록구,음식,52
07-10,14,금요일,26.5,0.0,0.0,1950,경기도,안산시 상록구,음식,35
07-10,15,금요일,27.6,0.0,0.0,1994,경기도,안산시 상록구,음식,32
07-10,16,금요일,28.0,0.0,0.0,2000,경기도,안산시 상록구,음식,44
07-10,17,금요일,27.9,0.0,0.0,2000,경기도,안산시 상록구,음식,75
07-10,18,금요일,28.6,0.0,0.0,2000,경기도,안산시 상록구,음식,141
07-10,19,금요일,27.3,0.0,0.0,2000,경기도,안산시 상록구,음식,134
07-10,20,금요일,26.1,0.0,0.0,2000,경기도,안산시 상록구,음식,116
07-10,21,금요일,25.6,0.0,0.0,2000,경기도,안산시 상록구,음식,107
07-10,22,금요일,24.7,0.0,0.0,2000,경기도,안산시 상록구,음식,81
07-10,23,금요일,24.1,0.0,0.0,2000,경기도,안산시 상록구,음식,46
07-11,0,토요일,23.2,0.0,0.0,2000,경기도,안산시 상록구,음식,23
07-11,1,토요일,23.1,0.0,0.0,2000,경기도,안산시 상록구,음식,20
07-11,2,토요일,22.7,0.0,0.0,2000,경기도,안산시 상록구,음식,17
07-11,10,토요일,27.7,0.0,0.0,2000,경기도,안산시 상록구,음식,27
07-11,11,토요일,28.2,0.0,0.0,2000,경기도,안산시 상록구,음식,56
07-11,12,토요일,28.3,0.0,0.0,2000,경기도,안산시 상록구,음식,79
07-11,13,토요일,29.8,0.0,0.0,2000,경기도,안산시 상록구,음식,90
07-11,14,토요일,30.0,0.0,0.0,2000,경기도,안산시 상록구,음식,69
07-11,15,토요일,29.8,0.0,0.0,2000,경기도,안산시 상록구,음식,62
07-11,16,토요일,29.5,0.0,0.0,2000,경기도,안산시 상록구,음식,61
07-11,17,토요일,29.0,0.0,0.0,2000,경기도,안산시 상록구,음식,111
07-11,18,토요일,28.6,0.0,0.0,1986,경기도,안산시 상록구,음식,130
07-11,19,토요일,27.8,0.0,0.0,2000,경기도,안산시 상록구,음식,146
07-11,20,토요일,27.0,0.0,0.0,2000,경기도,안산시 상록구,음식,135
07-11,21,토요일,26.3,0.0,0.0,2000,경기도,안산시 상록구,음식,97
07-11,22,토요일,25.9,0.0,0.0,2000,경기도,안산시 상록구,음식,76
07-11,23,토요일,25.4,0.0,0.0,2000,경기도,안산시 상록구,음식,47
07-12,0,일요일,24.9,0.0,0.0,2000,경기도,안산시 상록구,음식,27
07-12,1,일요일,24.7,0.0,0.0,1983,경기도,안산시 상록구,음식,25
07-12,2,일요일,24.4,0.0,0.0,1998,경기도,안산시 상록구,음식,22
07-12,10,일요일,24.2,0.0,0.0,2000,경기도,안산시 상록구,음식,27
07-12,11,일요일,25.0,0.0,0.0,1996,경기도,안산시 상록구,음식,69
07-12,12,일요일,25.2,0.0,0.0,2000,경기도,안산시 상록구,음식,102
07-12,13,일요일,25.3,0.0,0.0,2000,경기도,안산시 상록구,음식,107
07-12,14,일요일,25.1,0.0,0.0,2000,경기도,안산시 상록구,음식,86
07-12,15,일요일,25.1,0.0,0.0,2000,경기도,안산시 상록구,음식,69
07-12,16,일요일,23.9,0.2,0.0,1968,경기도,안산시 상록구,음식,97
07-12,17,일요일,22.9,0.8,0.0,1962,경기도,안산시 상록구,음식,152
07-12,18,일요일,22.3,0.8,0.0,1720,경기도,안산시 상록구,음식,174
07-12,19,일요일,22.0,0.7,0.0,1920,경기도,안산시 상록구,음식,153
07-12,20,일요일,21.6,0.6,0.0,1728,경기도,안산시 상록구,음식,127
07-12,21,일요일,21.4,1.2,0.0,1988,경기도,안산시 상록구,음식,89
07-12,22,일요일,21.4,0.0,0.0,2000,경기도,안산시 상록구,음식,66
07-12,23,일요일,21.3,0.0,0.0,1997,경기도,안산시 상록구,음식,58
07-13,0,월요일,20.8,0.5,0.0,1991,경기도,안산시 상록구,음식,42
07-13,1,월요일,20.3,2.5,0.0,970,경기도,안산시 상록구,음식,19
07-13,2,월요일,19.4,5.6,0.0,982,경기도,안산시 상록구,음식,16
07-13,10,월요일,19.2,1.5,0.0,950,경기도,안산시 상록구,음식,12
07-13,11,월요일,19.3,1.5,0.0,1995,경기도,안산시 상록구,음식,68
07-13,12,월요일,19.1,2.0,0.0,991,경기도,안산시 상록구,음식,87
07-13,13,월요일,19.1,1.3,0.0,679,경기도,안산시 상록구,음식,62
07-13,14,월요일,19.5,1.0,0.0,776,경기도,안산시 상록구,음식,57
07-13,15,월요일,19.6,1.6,0.0,950,경기도,안산시 상록구,음식,60
07-13,16,월요일,19.8,0.8,0.0,2000,경기도,안산시 상록구,음식,48
07-13,17,월요일,20.2,0.1,0.0,2000,경기도,안산시 상록구,음식,87
07-13,18,월요일,19.7,0.0,0.0,1955,경기도,안산시 상록구,음식,135
07-13,19,월요일,19.5,0.2,0.0,1885,경기도,안산시 상록구,음식,148
07-13,20,월요일,19.1,0.4,0.0,1073,경기도,안산시 상록구,음식,125
07-13,21,월요일,18.8,2.9,0.0,1862,경기도,안산시 상록구,음식,93
07-13,22,월요일,19.1,0.0,0.0,1995,경기도,안산시 상록구,음식,66
07-13,23,월요일,18.8,0.1,0.0,1991,경기도,안산시 상록구,음식,52
07-14,0,화요일,18.4,0.8,0.0,873,경기도,안산시 상록구,음식,34
07-14,1,화요일,18.1,4.7,0.0,873,경기도,안산시 상록구,음식,26
07-14,2,화요일,18.1,3.7,0.0,489,경기도,안산시 상록구,음식,19
07-14,10,화요일,20.7,0.0,0.0,2000,경기도,안산시 상록구,음식,13
07-14,11,화요일,21.0,0.0,0.0,2000,경기도,안산시 상록구,음식,49
07-14,12,화요일,21.7,0.0,0.0,2000,경기도,안산시 상록구,음식,55
07-14,13,화요일,22.4,0.0,0.0,2000,경기도,안산시 상록구,음식,47
07-14,14,화요일,22.4,0.0,0.0,2000,경기도,안산시 상록구,음식,38
07-14,15,화요일,23.1,0.0,0.0,2000,경기도,안산시 상록구,음식,45
07-14,16,화요일,23.7,0.0,0.0,2000,경기도,안산시 상록구,음식,41
07-14,17,화요일,23.2,0.0,0.0,1845,경기도,안산시 상록구,음식,68
07-14,18,화요일,22.5,0.0,0.0,2000,경기도,안산시 상록구,음식,115
07-14,19,화요일,22.3,0.0,0.0,1996,경기도,안산시 상록구,음식,124
07-14,20,화요일,22.3,0.0,0.0,2000,경기도,안산시 상록구,음식,90
07-14,21,화요일,22.1,0.0,0.0,2000,경기도,안산시 상록구,음식,59
07-14,22,화요일,21.7,0.0,0.0,2000,경기도,안산시 상록구,음식,41
07-14,23,화요일,21.7,0.0,0.0,2000,경기도,안산시 상록구,음식,40
07-15,0,수요일,21.5,0.0,0.0,2000,경기도,안산시 상록구,음식,21
07-15,1,수요일,21.1,0.0,0.0,2000,경기도,안산시 상록구,음식,16
07-15,2,수요일,20.0,0.0,0.0,2006,경기도,안산시 상록구,음식,18
07-15,10,수요일,23.4,0.0,0.0,2000,경기도,안산시 상록구,음식,16
07-15,11,수요일,24.0,0.0,0.0,2000,경기도,안산시 상록구,음식,35
07-15,12,수요일,24.8,0.0,0.0,2000,경기도,안산시 상록구,음식,77
07-15,13,수요일,25.0,0.0,0.0,2000,경기도,안산시 상록구,음식,59
07-15,14,수요일,27.0,0.0,0.0,1996,경기도,안산시 상록구,음식,36
07-15,15,수요일,26.4,0.0,0.0,2078,경기도,안산시 상록구,음식,38
07-15,16,수요일,27.5,0.0,0.0,1999,경기도,안산시 상록구,음식,29
07-15,17,수요일,26.6,0.0,0.0,1946,경기도,안산시 상록구,음식,59
07-15,18,수요일,25.7,0.0,0.0,2000,경기도,안산시 상록구,음식,90
07-15,19,수요일,24.5,0.0,0.0,2000,경기도,안산시 상록구,음식,129
07-15,20,수요일,22.6,0.0,0.0,1947,경기도,안산시 상록구,음식,116
07-15,21,수요일,21.4,0.0,0.0,2000,경기도,안산시 상록구,음식,78
07-15,22,수요일,20.9,0.0,0.0,2000,경기도,안산시 상록구,음식,54
07-15,23,수요일,20.5,0.0,0.0,2000,경기도,안산시 상록구,음식,27
07-16,0,목요일,19.9,0.0,0.0,2000,경기도,안산시 상록구,음식,13
07-16,1,목요일,19.9,0.0,0.0,1840,경기도,안산시 상록구,음식,12
07-16,2,목요일,19.0,0.0,0.0,1845,경기도,안산시 상록구,음식,15
07-16,10,목요일,24.7,0.0,0.0,1847,경기도,안산시 상록구,음식,9
07-16,11,목요일,26.2,0.0,0.0,1921,경기도,안산시 상록구,음식,48
07-16,12,목요일,26.9,0.0,0.0,1969,경기도,안산시 상록구,음식,48
07-16,13,목요일,27.9,0.0,0.0,1747,경기도,안산시 상록구,음식,61
07-16,14,목요일,27.9,0.0,0.0,1857,경기도,안산시 상록구,음식,58
07-16,15,목요일,28.5,0.0,0.0,1880,경기도,안산시 상록구,음식,50
07-16,16,목요일,28.0,0.0,0.0,2022,경기도,안산시 상록구,음식,38
07-16,17,목요일,27.2,0.0,0.0,2025,경기도,안산시 상록구,음식,79
07-16,18,목요일,26.3,0.0,0.0,2000,경기도,안산시 상록구,음식,149
07-16,19,목요일,25.1,0.0,0.0,2000,경기도,안산시 상록구,음식,167
07-16,20,목요일,23.1,0.0,0.0,1881,경기도,안산시 상록구,음식,139
07-16,21,목요일,22.9,0.0,0.0,1994,경기도,안산시 상록구,음식,106
07-16,22,목요일,21.7,0.0,0.0,1707,경기도,안산시 상록구,음식,72
07-16,23,목요일,21.4,0.0,0.0,1716,경기도,안산시 상록구,음식,54
07-17,0,금요일,21.1,0.0,0.0,1870,경기도,안산시 상록구,음식,19
07-17,1,금요일,20.8,0.0,0.0,1067,경기도,안산시 상록구,음식,16
07-17,2,금요일,20.7,0.0,0.0,946,경기도,안산시 상록구,음식,12
07-17,10,금요일,25.8,0.0,0.0,851,경기도,안산시 상록구,음식,12
07-17,11,금요일,26.9,0.0,0.0,753,경기도,안산시 상록구,음식,70
07-17,12,금요일,28.2,0.0,0.0,1060,경기도,안산시 상록구,음식,84
07-17,13,금요일,28.5,0.0,0.0,1161,경기도,안산시 상록구,음식,62
07-17,14,금요일,29.4,0.0,0.0,1411,경기도,안산시 상록구,음식,52
07-17,15,금요일,29.1,0.0,0.0,1393,경기도,안산시 상록구,음식,23
07-17,16,금요일,28.2,0.0,0.0,1538,경기도,안산시 상록구,음식,49
07-17,17,금요일,28.4,0.0,0.0,1329,경기도,안산시 상록구,음식,69
07-17,18,금요일,27.6,0.0,0.0,1666,경기도,안산시 상록구,음식,120
07-17,19,금요일,25.0,0.0,0.0,1998,경기도,안산시 상록구,음식,141
07-17,20,금요일,23.5,0.0,0.0,2000,경기도,안산시 상록구,음식,143
07-17,21,금요일,22.8,0.0,0.0,2000,경기도,안산시 상록구,음식,108
07-17,22,금요일,22.9,0.0,0.0,2000,경기도,안산시 상록구,음식,78
07-17,23,금요일,23.0,0.0,0.0,2000,경기도,안산시 상록구,음식,54
07-18,0,토요일,22.2,0.0,0.0,1950,경기도,안산시 상록구,음식,29
07-18,1,토요일,21.6,0.0,0.0,1989,경기도,안산시 상록구,음식,23
07-18,2,토요일,21.6,0.0,0.0,1944,경기도,안산시 상록구,음식,18
07-18,10,토요일,26.7,0.0,0.0,1094,경기도,안산시 상록구,음식,26
07-18,11,토요일,26.7,0.0,0.0,1050,경기도,안산시 상록구,음식,66
07-18,12,토요일,26.8,0.0,0.0,1015,경기도,안산시 상록구,음식,114
07-18,13,토요일,26.5,0.0,0.0,978,경기도,안산시 상록구,음식,101
07-18,14,토요일,28.2,0.0,0.0,1196,경기도,안산시 상록구,음식,66
07-18,15,토요일,29.6,0.0,0.0,1234,경기도,안산시 상록구,음식,51
07-18,16,토요일,29.6,0.0,0.0,1578,경기도,안산시 상록구,음식,59
07-18,17,토요일,28.8,0.0,0.0,1489,경기도,안산시 상록구,음식,87
07-18,18,토요일,28.7,0.0,0.0,1794,경기도,안산시 상록구,음식,146
07-18,19,토요일,26.8,0.0,0.0,1980,경기도,안산시 상록구,음식,156
07-18,20,토요일,24.5,0.0,0.0,1414,경기도,안산시 상록구,음식,158
07-18,21,토요일,23.9,0.0,0.0,1277,경기도,안산시 상록구,음식,124
07-18,22,토요일,23.1,0.0,0.0,1153,경기도,안산시 상록구,음식,79
07-18,23,토요일,23.1,0.0,0.0,946,경기도,안산시 상록구,음식,75
07-19,0,일요일,24.8,0.0,0.0,1769,경기도,안산시 상록구,음식,34
07-19,1,일요일,24.5,0.0,0.0,2000,경기도,안산시 상록구,음식,32
07-19,2,일요일,24.7,0.0,0.0,2000,경기도,안산시 상록구,음식,29
07-19,10,일요일,21.9,0.0,0.0,1095,경기도,안산시 상록구,음식,19
07-19,11,일요일,23.4,0.0,0.0,1501,경기도,안산시 상록구,음식,74
07-19,12,일요일,24.6,0.0,0.0,1725,경기도,안산시 상록구,음식,113
07-19,13,일요일,26.0,0.0,0.0,1717,경기도,안산시 상록구,음식,113
07-19,14,일요일,27.3,0.0,0.0,1952,경기도,안산시 상록구,음식,74
07-19,15,일요일,27.8,0.0,0.0,1954,경기도,안산시 상록구,음식,98
07-19,16,일요일,27.6,0.0,0.0,1992,경기도,안산시 상록구,음식,95
07-19,17,일요일,28.1,0.0,0.0,1983,경기도,안산시 상록구,음식,170
07-19,18,일요일,27.9,0.0,0.0,1990,경기도,안산시 상록구,음식,179
07-19,19,일요일,27.3,0.0,0.0,1913,경기도,안산시 상록구,음식,184
07-19,20,일요일,26.7,0.0,0.0,1959,경기도,안산시 상록구,음식,154
07-19,21,일요일,27.1,0.0,0.0,2000,경기도,안산시 상록구,음식,90
07-19,22,일요일,26.8,0.0,0.0,2000,경기도,안산시 상록구,음식,82
07-19,23,일요일,26.7,0.0,0.0,1947,경기도,안산시 상록구,음식,40
07-20,0,월요일,26.5,0.0,0.0,2000,경기도,안산시 상록구,음식,36
07-20,1,월요일,27.0,0.0,0.0,2000,경기도,안산시 상록구,음식,29
07-20,2,월요일,27.7,0.0,0.0,2000,경기도,안산시 상록구,음식,29
07-20,10,월요일,23.5,0.6,0.0,1607,경기도,안산시 상록구,음식,14
07-20,11,월요일,23.2,0.0,0.0,1885,경기도,안산시 상록구,음식,55
07-20,12,월요일,23.5,0.0,0.0,2000,경기도,안산시 상록구,음식,84
07-20,13,월요일,24.1,0.0,0.0,2000,경기도,안산시 상록구,음식,61
07-20,14,월요일,23.9,0.0,0.0,2000,경기도,안산시 상록구,음식,38
07-20,15,월요일,23.4,0.0,0.0,1925,경기도,안산시 상록구,음식,42
07-20,16,월요일,23.5,0.0,0.0,1990,경기도,안산시 상록구,음식,49
07-20,17,월요일,23.9,0.0,0.0,1954,경기도,안산시 상록구,음식,75
07-20,18,월요일,23.7,0.0,0.0,1233,경기도,안산시 상록구,음식,128
07-20,19,월요일,23.5,0.0,0.0,1301,경기도,안산시 상록구,음식,124
07-20,20,월요일,23.2,0.0,0.0,965,경기도,안산시 상록구,음식,98
07-20,21,월요일,22.5,0.0,0.0,650,경기도,안산시 상록구,음식,82
07-20,22,월요일,22.7,0.0,0.0,1591,경기도,안산시 상록구,음식,49
07-20,23,월요일,22.6,0.0,0.0,1100,경기도,안산시 상록구,음식,42
07-21,0,화요일,22.6,0.0,0.0,888,경기도,안산시 상록구,음식,21
07-21,1,화요일,22.5,0.0,0.0,2053,경기도,안산시 상록구,음식,23
07-21,2,화요일,22.4,0.0,0.0,1452,경기도,안산시 상록구,음식,5
07-21,10,화요일,26.2,0.0,0.0,1465,경기도,안산시 상록구,음식,7
07-21,11,화요일,26.4,0.0,0.0,1514,경기도,안산시 상록구,음식,61
07-21,12,화요일,27.7,0.0,0.0,1689,경기도,안산시 상록구,음식,79
07-21,13,화요일,28.6,0.0,0.0,1787,경기도,안산시 상록구,음식,60
07-21,14,화요일,28.5,0.0,0.0,1754,경기도,안산시 상록구,음식,39
07-21,15,화요일,28.6,0.0,0.0,1793,경기도,안산시 상록구,음식,47
07-21,16,화요일,28.5,0.0,0.0,1777,경기도,안산시 상록구,음식,34
07-21,17,화요일,27.4,0.0,0.0,1697,경기도,안산시 상록구,음식,63
07-21,18,화요일,26.9,0.0,0.0,1690,경기도,안산시 상록구,음식,111
07-21,19,화요일,26.2,0.0,0.0,1272,경기도,안산시 상록구,음식,126
07-21,20,화요일,25.4,0.0,0.0,1133,경기도,안산시 상록구,음식,94
07-21,21,화요일,23.3,0.0,0.0,683,경기도,안산시 상록구,음식,105
07-21,22,화요일,22.8,0.0,0.0,585,경기도,안산시 상록구,음식,72
07-21,23,화요일,22.3,0.0,0.0,600,경기도,안산시 상록구,음식,35
07-22,0,수요일,22.4,0.0,0.0,738,경기도,안산시 상록구,음식,28
07-22,1,수요일,22.3,0.0,0.0,634,경기도,안산시 상록구,음식,11
07-22,2,수요일,22.5,0.0,0.0,599,경기도,안산시 상록구,음식,13
07-22,10,수요일,22.7,13.7,0.0,203,경기도,안산시 상록구,음식,18
07-22,11,수요일,22.7,10.1,0.0,2000,경기도,안산시 상록구,음식,81
07-22,12,수요일,23.6,0.0,0.0,2000,경기도,안산시 상록구,음식,89
07-22,13,수요일,22.4,0.3,0.0,2000,경기도,안산시 상록구,음식,73
07-22,14,수요일,23.5,0.0,0.0,2000,경기도,안산시 상록구,음식,50
07-22,15,수요일,22.7,2.6,0.0,1084,경기도,안산시 상록구,음식,40
07-22,16,수요일,23.3,1.2,0.0,1355,경기도,안산시 상록구,음식,49
07-22,17,수요일,23.2,0.0,0.0,1104,경기도,안산시 상록구,음식,90
07-22,18,수요일,23.1,0.0,0.0,918,경기도,안산시 상록구,음식,127
07-22,19,수요일,22.9,0.0,0.0,661,경기도,안산시 상록구,음식,132
07-22,20,수요일,22.3,0.0,0.0,805,경기도,안산시 상록구,음식,105
07-22,21,수요일,22.2,0.0,0.0,754,경기도,안산시 상록구,음식,73
07-22,22,수요일,21.9,0.0,0.0,618,경기도,안산시 상록구,음식,57
07-22,23,수요일,21.8,0.0,0.0,563,경기도,안산시 상록구,음식,33
07-23,0,목요일,21.8,0.0,0.0,380,경기도,안산시 상록구,음식,19
07-23,1,목요일,21.9,0.0,0.0,399,경기도,안산시 상록구,음식,12
07-23,2,목요일,21.6,0.0,0.0,286,경기도,안산시 상록구,음식,4
07-23,10,목요일,23.1,0.1,0.0,1999,경기도,안산시 상록구,음식,9
07-23,11,목요일,22.8,0.6,0.0,1904,경기도,안산시 상록구,음식,67
07-23,12,목요일,22.6,1.8,0.0,1857,경기도,안산시 상록구,음식,75
07-23,13,목요일,22.6,0.9,0.0,1893,경기도,안산시 상록구,음식,58
07-23,14,목요일,22.1,2.0,0.0,1023,경기도,안산시 상록구,음식,58
07-23,15,목요일,21.5,6.7,0.0,1004,경기도,안산시 상록구,음식,49
07-23,16,목요일,20.8,13.4,0.0,839,경기도,안산시 상록구,음식,75
07-23,17,목요일,20.7,15.3,0.0,837,경기도,안산시 상록구,음식,107
07-23,18,목요일,20.8,9.1,0.0,702,경기도,안산시 상록구,음식,169
07-23,19,목요일,20.9,8.1,0.0,947,경기도,안산시 상록구,음식,169
07-23,20,목요일,20.9,11.2,0.0,875,경기도,안산시 상록구,음식,113
07-23,21,목요일,20.6,16.3,0.0,950,경기도,안산시 상록구,음식,87
07-23,22,목요일,20.9,2.1,0.0,1982,경기도,안산시 상록구,음식,74
07-23,23,목요일,19.9,1.3,0.0,1101,경기도,안산시 상록구,음식,39
07-24,0,금요일,20.3,0.2,0.0,1996,경기도,안산시 상록구,음식,20
07-24,1,금요일,20.6,0.0,0.0,2000,경기도,안산시 상록구,음식,16
07-24,2,금요일,21.3,0.0,0.0,2000,경기도,안산시 상록구,음식,11
07-24,10,금요일,22.3,0.4,0.0,2000,경기도,안산시 상록구,음식,12
07-24,11,금요일,22.9,0.0,0.0,2000,경기도,안산시 상록구,음식,47
07-24,12,금요일,23.0,0.0,0.0,1977,경기도,안산시 상록구,음식,87
07-24,13,금요일,21.2,0.4,0.0,1830,경기도,안산시 상록구,음식,56
07-24,14,금요일,24.3,0.0,0.0,2000,경기도,안산시 상록구,음식,56
07-24,15,금요일,25.0,0.0,0.0,2000,경기도,안산시 상록구,음식,33
07-24,16,금요일,26.9,0.0,0.0,2000,경기도,안산시 상록구,음식,48
07-24,17,금요일,26.4,0.0,0.0,2000,경기도,안산시 상록구,음식,80
07-24,18,금요일,24.3,0.0,0.0,1909,경기도,안산시 상록구,음식,110
07-24,19,금요일,23.5,0.0,0.0,2000,경기도,안산시 상록구,음식,153
07-24,20,금요일,24.1,0.0,0.0,1996,경기도,안산시 상록구,음식,132
07-24,21,금요일,24.2,0.0,0.0,2000,경기도,안산시 상록구,음식,119
07-24,22,금요일,24.0,0.0,0.0,1955,경기도,안산시 상록구,음식,83
07-24,23,금요일,23.7,0.0,0.0,1999,경기도,안산시 상록구,음식,57
07-25,0,토요일,23.8,0.0,0.0,2000,경기도,안산시 상록구,음식,43
07-25,1,토요일,23.6,0.0,0.0,2000,경기도,안산시 상록구,음식,24
07-25,2,토요일,23.8,0.0,0.0,2000,경기도,안산시 상록구,음식,19
07-25,10,토요일,25.3,0.0,0.0,1949,경기도,안산시 상록구,음식,25
07-25,11,토요일,27.1,0.0,0.0,2000,경기도,안산시 상록구,음식,71
07-25,12,토요일,28.0,0.0,0.0,1999,경기도,안산시 상록구,음식,105
07-25,13,토요일,27.3,0.0,0.0,2000,경기도,안산시 상록구,음식,89
07-25,14,토요일,27.8,0.0,0.0,2000,경기도,안산시 상록구,음식,71
07-25,15,토요일,28.2,0.0,0.0,2000,경기도,안산시 상록구,음식,60
07-25,16,토요일,28.9,0.0,0.0,2000,경기도,안산시 상록구,음식,73
07-25,17,토요일,27.9,0.0,0.0,2000,경기도,안산시 상록구,음식,77
07-25,18,토요일,26.7,0.0,0.0,2000,경기도,안산시 상록구,음식,131
07-25,19,토요일,26.0,0.0,0.0,2000,경기도,안산시 상록구,음식,163
07-25,20,토요일,25.5,0.0,0.0,2000,경기도,안산시 상록구,음식,138
07-25,21,토요일,24.9,0.0,0.0,1804,경기도,안산시 상록구,음식,132
07-25,22,토요일,24.7,0.0,0.0,2000,경기도,안산시 상록구,음식,85
07-25,23,토요일,24.6,0.0,0.0,2000,경기도,안산시 상록구,음식,78
07-26,0,일요일,24.2,0.0,0.0,2000,경기도,안산시 상록구,음식,36
07-26,1,일요일,24.2,0.0,0.0,1929,경기도,안산시 상록구,음식,29
07-26,2,일요일,24.0,0.0,0.0,1377,경기도,안산시 상록구,음식,24
07-26,10,일요일,26.0,0.0,0.0,1950,경기도,안산시 상록구,음식,30
07-26,11,일요일,26.3,0.0,0.0,2000,경기도,안산시 상록구,음식,49
07-26,12,일요일,27.3,0.0,0.0,1955,경기도,안산시 상록구,음식,117
07-26,13,일요일,28.2,0.0,0.0,1990,경기도,안산시 상록구,음식,98
07-26,14,일요일,28.2,0.0,0.0,2000,경기도,안산시 상록구,음식,87
07-26,15,일요일,28.1,0.0,0.0,2000,경기도,안산시 상록구,음식,78
07-26,16,일요일,25.5,0.0,0.0,2000,경기도,안산시 상록구,음식,82
07-26,17,일요일,24.5,0.0,0.0,2000,경기도,안산시 상록구,음식,146
07-26,18,일요일,24.7,0.0,0.0,1964,경기도,안산시 상록구,음식,202
07-26,19,일요일,24.6,0.0,0.0,1580,경기도,안산시 상록구,음식,188
07-26,20,일요일,24.0,0.0,0.0,2000,경기도,안산시 상록구,음식,124
07-26,21,일요일,23.8,0.0,0.0,2000,경기도,안산시 상록구,음식,91
07-26,22,일요일,23.5,0.0,0.0,1948,경기도,안산시 상록구,음식,59
07-26,23,일요일,23.6,0.0,0.0,1995,경기도,안산시 상록구,음식,61
07-27,0,월요일,23.3,0.0,0.0,1676,경기도,안산시 상록구,음식,37
07-27,1,월요일,22.7,0.0,0.0,1314,경기도,안산시 상록구,음식,24
07-27,2,월요일,22.8,0.0,0.0,1046,경기도,안산시 상록구,음식,18
07-27,10,월요일,24.7,0.0,0.0,1964,경기도,안산시 상록구,음식,16
07-27,11,월요일,24.6,0.0,0.0,1851,경기도,안산시 상록구,음식,43
07-27,12,월요일,23.7,0.3,0.0,1279,경기도,안산시 상록구,음식,96
07-27,13,월요일,23.8,1.0,0.0,560,경기도,안산시 상록구,음식,60
07-27,14,월요일,25.3,0.2,0.0,964,경기도,안산시 상록구,음식,48
07-27,15,월요일,26.0,0.0,0.0,1538,경기도,안산시 상록구,음식,44
07-27,16,월요일,26.3,0.0,0.0,916,경기도,안산시 상록구,음식,47
07-27,17,월요일,26.8,0.0,0.0,1087,경기도,안산시 상록구,음식,67
07-27,18,월요일,26.5,0.0,0.0,1067,경기도,안산시 상록구,음식,124
07-27,19,월요일,26.4,0.0,0.0,1076,경기도,안산시 상록구,음식,120
07-27,20,월요일,25.6,0.0,0.0,1238,경기도,안산시 상록구,음식,105
07-27,21,월요일,25.2,0.0,0.0,1167,경기도,안산시 상록구,음식,102
07-27,22,월요일,25.1,0.0,0.0,1663,경기도,안산시 상록구,음식,49
07-27,23,월요일,25.0,0.0,0.0,1125,경기도,안산시 상록구,음식,46
07-28,0,화요일,24.9,0.0,0.0,1271,경기도,안산시 상록구,음식,25
07-28,1,화요일,24.1,0.0,0.0,1131,경기도,안산시 상록구,음식,19
07-28,2,화요일,23.4,0.0,0.0,1299,경기도,안산시 상록구,음식,17
07-28,10,화요일,24.3,0.2,0.0,1985,경기도,안산시 상록구,음식,9
07-28,11,화요일,24.4,0.1,0.0,2000,경기도,안산시 상록구,음식,45
07-28,12,화요일,24.7,0.0,0.0,2000,경기도,안산시 상록구,음식,83
07-28,13,화요일,25.0,0.0,0.0,1966,경기도,안산시 상록구,음식,64
07-28,14,화요일,25.6,0.2,0.0,1922,경기도,안산시 상록구,음식,60
07-28,15,화요일,25.3,0.1,0.0,1480,경기도,안산시 상록구,음식,35
07-28,16,화요일,25.3,0.5,0.0,1233,경기도,안산시 상록구,음식,58
07-28,17,화요일,25.0,0.0,0.0,1892,경기도,안산시 상록구,음식,67
07-28,18,화요일,24.7,0.0,0.0,1782,경기도,안산시 상록구,음식,118
07-28,19,화요일,25.1,0.0,0.0,1896,경기도,안산시 상록구,음식,122
07-28,20,화요일,24.9,0.0,0.0,1768,경기도,안산시 상록구,음식,115
07-28,21,화요일,24.5,0.0,0.0,1532,경기도,안산시 상록구,음식,84
07-28,22,화요일,24.7,0.0,0.0,1620,경기도,안산시 상록구,음식,67
07-28,23,화요일,24.7,0.0,0.0,1719,경기도,안산시 상록구,음식,44
07-29,0,수요일,24.1,0.4,0.0,1512,경기도,안산시 상록구,음식,26
07-29,1,수요일,24.2,0.0,0.0,1941,경기도,안산시 상록구,음식,15
07-29,2,수요일,23.9,0.1,0.0,1985,경기도,안산시 상록구,음식,21
07-29,10,수요일,24.5,0.0,0.0,2000,경기도,안산시 상록구,음식,17
07-29,11,수요일,24.6,0.2,0.0,500,경기도,안산시 상록구,음식,54
07-29,12,수요일,24.9,3.0,0.0,1700,경기도,안산시 상록구,음식,80
07-29,13,수요일,25.6,0.0,0.0,2000,경기도,안산시 상록구,음식,67
07-29,14,수요일,26.5,0.0,0.0,2000,경기도,안산시 상록구,음식,46
07-29,15,수요일,27.6,0.0,0.0,2000,경기도,안산시 상록구,음식,52
07-29,16,수요일,26.8,0.0,0.0,2000,경기도,안산시 상록구,음식,47
07-29,17,수요일,26.4,0.1,0.0,950,경기도,안산시 상록구,음식,108
07-29,18,수요일,25.2,21.5,0.0,800,경기도,안산시 상록구,음식,145
07-29,19,수요일,25.0,1.4,0.0,650,경기도,안산시 상록구,음식,136
07-29,20,수요일,24.7,0.6,0.0,700,경기도,안산시 상록구,음식,133
07-29,21,수요일,24.5,1.9,0.0,760,경기도,안산시 상록구,음식,102
07-29,22,수요일,24.3,0.2,0.0,500,경기도,안산시 상록구,음식,85
07-29,23,수요일,24.2,0.0,0.0,400,경기도,안산시 상록구,음식,56
07-30,0,목요일,24.2,0.0,0.0,500,경기도,안산시 상록구,음식,33
07-30,1,목요일,24.2,0.1,0.0,550,경기도,안산시 상록구,음식,20
07-30,2,목요일,24.2,0.1,0.0,450,경기도,안산시 상록구,음식,17
07-30,10,목요일,24.8,0.0,0.0,500,경기도,안산시 상록구,음식,6
07-30,11,목요일,25.4,0.0,0.0,700,경기도,안산시 상록구,음식,44
07-30,12,목요일,26.1,0.0,0.0,707,경기도,안산시 상록구,음식,78
07-30,13,목요일,27.1,0.0,0.0,618,경기도,안산시 상록구,음식,49
07-30,14,목요일,27.3,0.0,0.0,899,경기도,안산시 상록구,음식,43
07-30,15,목요일,27.5,0.0,0.0,1649,경기도,안산시 상록구,음식,39
07-30,16,목요일,27.3,0.0,0.0,1351,경기도,안산시 상록구,음식,39
07-30,17,목요일,26.9,0.0,0.0,1160,경기도,안산시 상록구,음식,69
07-30,18,목요일,25.6,0.0,0.0,2000,경기도,안산시 상록구,음식,131
07-30,19,목요일,25.4,0.0,0.0,1993,경기도,안산시 상록구,음식,140
07-30,20,목요일,24.3,0.0,0.0,1975,경기도,안산시 상록구,음식,120
07-30,21,목요일,23.5,0.0,0.0,1160,경기도,안산시 상록구,음식,83
07-30,22,목요일,22.8,0.0,0.0,1225,경기도,안산시 상록구,음식,82
07-30,23,목요일,22.9,0.0,0.0,1087,경기도,안산시 상록구,음식,44
07-31,0,금요일,22.6,0.0,0.0,986,경기도,안산시 상록구,음식,23
07-31,1,금요일,23.0,0.0,0.0,1030,경기도,안산시 상록구,음식,18
07-31,2,금요일,23.1,0.0,0.0,813,경기도,안산시 상록구,음식,9
07-31,3,금요일,23.1,0.0,0.0,708,경기도,안산시 상록구,음식,1
07-31,10,금요일,27.4,0.0,0.0,1175,경기도,안산시 상록구,음식,26
07-31,11,금요일,28.4,0.0,0.0,1308,경기도,안산시 상록구,음식,54
07-31,12,금요일,28.3,0.0,0.0,1414,경기도,안산시 상록구,음식,72
07-31,13,금요일,28.1,0.0,0.0,1707,경기도,안산시 상록구,음식,55
07-31,14,금요일,28.7,0.0,0.0,1661,경기도,안산시 상록구,음식,48
07-31,15,금요일,28.8,0.0,0.0,1703,경기도,안산시 상록구,음식,40
07-31,16,금요일,28.9,0.0,0.0,2000,경기도,안산시 상록구,음식,40
07-31,17,금요일,27.6,0.0,0.0,2000,경기도,안산시 상록구,음식,84
07-31,18,금요일,26.9,0.0,0.0,1975,경기도,안산시 상록구,음식,123
07-31,19,금요일,26.8,0.0,0.0,1998,경기도,안산시 상록구,음식,169
07-31,20,금요일,26.2,0.0,0.0,1845,경기도,안산시 상록구,음식,156
07-31,21,금요일,25.7,0.0,0.0,1656,경기도,안산시 상록구,음식,117
07-31,22,금요일,25.7,0.0,0.0,1724,경기도,안산시 상록구,음식,101
07-31,23,금요일,25.5,0.0,0.0,1875,경기도,안산시 상록구,음식,56
08-01,0,토요일,25.2,0.0,0.0,1345,경기도,안산시 상록구,음식,41
08-01,1,토요일,25.4,0.0,0.0,1387,경기도,안산시 상록구,음식,28
08-01,2,토요일,25.3,0.0,0.0,1717,경기도,안산시 상록구,음식,14
08-01,10,토요일,27.8,0.0,0.0,1819,경기도,안산시 상록구,음식,22
08-01,11,토요일,28.6,0.0,0.0,1798,경기도,안산시 상록구,음식,64
08-01,12,토요일,28.9,0.0,0.0,1464,경기도,안산시 상록구,음식,123
08-01,13,토요일,26.0,3.9,0.0,584,경기도,안산시 상록구,음식,120
08-01,14,토요일,26.3,6.9,0.0,1780,경기도,안산시 상록구,음식,99
08-01,15,토요일,26.8,0.0,0.0,1016,경기도,안산시 상록구,음식,95
08-01,16,토요일,26.7,0.0,0.0,1751,경기도,안산시 상록구,음식,81
08-01,17,토요일,26.9,0.0,0.0,1200,경기도,안산시 상록구,음식,118
08-01,18,토요일,27.1,0.0,0.0,1737,경기도,안산시 상록구,음식,154
08-01,19,토요일,26.8,0.0,0.0,1998,경기도,안산시 상록구,음식,130
08-01,20,토요일,26.2,0.0,0.0,1950,경기도,안산시 상록구,음식,133
08-01,21,토요일,25.8,0.0,0.0,2000,경기도,안산시 상록구,음식,129
08-01,22,토요일,24.2,4.7,0.0,478,경기도,안산시 상록구,음식,92
08-01,23,토요일,24.3,2.6,0.0,1924,경기도,안산시 상록구,음식,82
08-02,0,일요일,24.2,10.6,0.0,488,경기도,안산시 상록구,음식,45
08-02,1,일요일,24.1,11.0,0.0,591,경기도,안산시 상록구,음식,36
08-02,2,일요일,24.0,15.4,0.0,800,경기도,안산시 상록구,음식,24
08-02,10,일요일,26.0,0.1,0.0,2081,경기도,안산시 상록구,음식,26
08-02,11,일요일,26.6,1.1,0.0,739,경기도,안산시 상록구,음식,75
08-02,12,일요일,26.5,1.7,0.0,1327,경기도,안산시 상록구,음식,119
08-02,13,일요일,26.3,6.9,0.0,1726,경기도,안산시 상록구,음식,117
08-02,14,일요일,28.0,0.0,0.0,1970,경기도,안산시 상록구,음식,115
08-02,15,일요일,27.6,0.0,0.0,1960,경기도,안산시 상록구,음식,88
08-02,16,일요일,23.8,8.8,0.0,1253,경기도,안산시 상록구,음식,113
08-02,17,일요일,23.5,1.9,0.0,1588,경기도,안산시 상록구,음식,142
08-02,18,일요일,23.4,1.0,0.0,1355,경기도,안산시 상록구,음식,179
08-02,19,일요일,23.5,1.0,0.0,1739,경기도,안산시 상록구,음식,160
08-02,20,일요일,23.3,0.1,0.0,1706,경기도,안산시 상록구,음식,140
08-02,21,일요일,24.1,0.0,0.0,1739,경기도,안산시 상록구,음식,110
08-02,22,일요일,25.2,0.0,0.0,1803,경기도,안산시 상록구,음식,89
08-02,23,일요일,25.5,0.0,0.0,1412,경기도,안산시 상록구,음식,65
08-03,0,월요일,26.3,0.0,0.0,1344,경기도,안산시 상록구,음식,39
08-03,1,월요일,26.5,0.0,0.0,1527,경기도,안산시 상록구,음식,27
08-03,2,월요일,26.6,0.0,0.0,1492,경기도,안산시 상록구,음식,13
08-03,10,월요일,24.9,1.5,0.0,1353,경기도,안산시 상록구,음식,16
08-03,11,월요일,25.3,2.2,0.0,1947,경기도,안산시 상록구,음식,62
08-03,12,월요일,25.5,0.4,0.0,1718,경기도,안산시 상록구,음식,99
08-03,13,월요일,25.4,0.6,0.0,1993,경기도,안산시 상록구,음식,93
08-03,14,월요일,25.9,0.0,0.0,1979,경기도,안산시 상록구,음식,78
08-03,15,월요일,25.3,0.3,0.0,1610,경기도,안산시 상록구,음식,66
08-03,16,월요일,24.8,1.7,0.0,1987,경기도,안산시 상록구,음식,58
08-03,17,월요일,25.0,0.0,0.0,2000,경기도,안산시 상록구,음식,89
08-03,18,월요일,23.8,0.4,0.0,1141,경기도,안산시 상록구,음식,145
08-03,19,월요일,23.5,0.6,0.0,2000,경기도,안산시 상록구,음식,189
08-03,20,월요일,23.0,17.4,0.0,303,경기도,안산시 상록구,음식,139
08-03,21,월요일,23.5,14.7,0.0,1932,경기도,안산시 상록구,음식,112
08-03,22,월요일,23.8,0.0,0.0,1314,경기도,안산시 상록구,음식,78
08-03,23,월요일,23.8,0.0,0.0,1059,경기도,안산시 상록구,음식,58
08-04,0,화요일,23.9,0.0,0.0,663,경기도,안산시 상록구,음식,40
08-04,1,화요일,24.0,0.0,0.0,640,경기도,안산시 상록구,음식,36
08-04,2,화요일,24.3,0.0,0.0,595,경기도,안산시 상록구,음식,23
08-04,10,화요일,27.4,0.0,0.0,636,경기도,안산시 상록구,음식,17
08-04,11,화요일,28.0,0.0,0.0,648,경기도,안산시 상록구,음식,58
08-04,12,화요일,28.5,0.0,0.0,812,경기도,안산시 상록구,음식,93
08-04,13,화요일,29.1,0.0,0.0,913,경기도,안산시 상록구,음식,93
08-04,14,화요일,29.9,0.0,0.0,1236,경기도,안산시 상록구,음식,63
08-04,15,화요일,29.7,0.0,0.0,1280,경기도,안산시 상록구,음식,33
08-04,16,화요일,29.6,0.0,0.0,1806,경기도,안산시 상록구,음식,43
08-04,17,화요일,29.1,0.0,0.0,1246,경기도,안산시 상록구,음식,68
08-04,18,화요일,29.3,0.0,0.0,1205,경기도,안산시 상록구,음식,121
08-04,19,화요일,29.0,0.0,0.0,1331,경기도,안산시 상록구,음식,157
08-04,20,화요일,28.1,0.0,0.0,1048,경기도,안산시 상록구,음식,123
08-04,21,화요일,27.8,0.0,0.0,927,경기도,안산시 상록구,음식,125
08-04,22,화요일,27.3,0.0,0.0,819,경기도,안산시 상록구,음식,59
08-04,23,화요일,27.1,0.0,0.0,831,경기도,안산시 상록구,음식,69
08-05,0,수요일,27.1,0.0,0.0,567,경기도,안산시 상록구,음식,33
08-05,1,수요일,26.4,0.0,0.0,695,경기도,안산시 상록구,음식,24
08-05,2,수요일,26.2,0.0,0.0,915,경기도,안산시 상록구,음식,12
08-05,10,수요일,27.3,0.1,0.0,1756,경기도,안산시 상록구,음식,25
08-05,11,수요일,28.4,0.0,0.0,667,경기도,안산시 상록구,음식,68
08-05,12,수요일,27.8,1.1,0.0,764,경기도,안산시 상록구,음식,95
08-05,13,수요일,28.5,0.0,0.0,786,경기도,안산시 상록구,음식,87
08-05,14,수요일,25.8,14.5,0.0,1570,경기도,안산시 상록구,음식,66
08-05,15,수요일,27.4,2.2,0.0,1095,경기도,안산시 상록구,음식,49
08-05,16,수요일,28.8,0.0,0.0,1542,경기도,안산시 상록구,음식,60
08-05,17,수요일,28.8,0.0,0.0,1951,경기도,안산시 상록구,음식,105
08-05,18,수요일,29.0,0.0,0.0,1944,경기도,안산시 상록구,음식,143
08-05,19,수요일,28.3,0.0,0.0,1790,경기도,안산시 상록구,음식,193
08-05,20,수요일,27.8,0.0,0.0,1961,경기도,안산시 상록구,음식,111
08-05,21,수요일,27.6,0.0,0.0,1674,경기도,안산시 상록구,음식,115
08-05,22,수요일,27.5,0.0,0.0,1263,경기도,안산시 상록구,음식,90
08-05,23,수요일,27.3,0.0,0.0,964,경기도,안산시 상록구,음식,52
08-06,0,목요일,25.8,2.5,0.0,691,경기도,안산시 상록구,음식,39
08-06,1,목요일,25.2,8.0,0.0,467,경기도,안산시 상록구,음식,30
08-06,2,목요일,25.6,3.9,0.0,978,경기도,안산시 상록구,음식,17
08-06,10,목요일,24.7,6.3,0.0,2000,경기도,안산시 상록구,음식,24
08-06,11,목요일,25.6,0.5,0.0,1955,경기도,안산시 상록구,음식,51
08-06,12,목요일,23.3,0.0,0.0,1182,경기도,안산시 상록구,음식,96
08-06,13,목요일,23.7,0.0,0.0,1956,경기도,안산시 상록구,음식,65
08-06,14,목요일,25.6,0.0,0.0,1957,경기도,안산시 상록구,음식,67
08-06,15,목요일,25.6,0.0,0.0,1999,경기도,안산시 상록구,음식,45
08-06,16,목요일,25.3,0.0,0.0,1972,경기도,안산시 상록구,음식,44
08-06,17,목요일,25.6,0.0,0.0,1949,경기도,안산시 상록구,음식,77
08-06,18,목요일,25.5,0.0,0.0,2000,경기도,안산시 상록구,음식,122
08-06,19,목요일,24.4,0.0,0.0,2000,경기도,안산시 상록구,음식,124
08-06,20,목요일,23.6,0.0,0.0,1938,경기도,안산시 상록구,음식,127
08-06,21,목요일,23.1,0.0,0.0,1956,경기도,안산시 상록구,음식,93
08-06,22,목요일,23.2,0.0,0.0,761,경기도,안산시 상록구,음식,73
08-06,23,목요일,23.1,0.0,0.0,920,경기도,안산시 상록구,음식,59
08-07,0,금요일,23.0,0.0,0.0,1759,경기도,안산시 상록구,음식,40
08-07,1,금요일,23.0,0.0,0.0,1026,경기도,안산시 상록구,음식,29
08-07,2,금요일,22.6,0.0,0.0,1605,경기도,안산시 상록구,음식,27
08-07,10,금요일,24.3,0.0,0.0,590,경기도,안산시 상록구,음식,19
08-07,11,금요일,24.5,0.0,0.0,606,경기도,안산시 상록구,음식,47
08-07,12,금요일,25.0,0.0,0.0,585,경기도,안산시 상록구,음식,78
08-07,13,금요일,25.6,0.0,0.0,756,경기도,안산시 상록구,음식,72
08-07,14,금요일,25.0,0.0,0.0,1264,경기도,안산시 상록구,음식,58
08-07,15,금요일,24.7,0.0,0.0,1409,경기도,안산시 상록구,음식,43
08-07,16,금요일,25.3,0.0,0.0,2000,경기도,안산시 상록구,음식,53
08-07,17,금요일,25.5,0.0,0.0,2000,경기도,안산시 상록구,음식,76
08-07,18,금요일,25.6,0.0,0.0,2000,경기도,안산시 상록구,음식,138
08-07,19,금요일,25.2,0.0,0.0,2000,경기도,안산시 상록구,음식,162
08-07,20,금요일,24.6,0.0,0.0,2000,경기도,안산시 상록구,음식,150
08-07,21,금요일,24.7,0.0,0.0,2000,경기도,안산시 상록구,음식,127
08-07,22,금요일,24.5,0.0,0.0,2000,경기도,안산시 상록구,음식,107
08-07,23,금요일,24.4,0.0,0.0,2150,경기도,안산시 상록구,음식,76
08-08,0,토요일,24.2,0.0,0.0,2000,경기도,안산시 상록구,음식,39
08-08,1,토요일,24.2,0.0,0.0,2000,경기도,안산시 상록구,음식,28
08-08,2,토요일,24.1,0.0,0.0,2000,경기도,안산시 상록구,음식,23
08-08,10,토요일,23.4,0.0,0.0,1439,경기도,안산시 상록구,음식,24
08-08,11,토요일,23.6,0.0,0.0,1983,경기도,안산시 상록구,음식,61
08-08,12,토요일,23.7,0.8,0.0,1755,경기도,안산시 상록구,음식,102
08-08,13,토요일,24.0,0.2,0.0,1917,경기도,안산시 상록구,음식,92
08-08,14,토요일,24.4,0.0,0.0,2000,경기도,안산시 상록구,음식,94
08-08,15,토요일,24.4,0.0,0.0,1100,경기도,안산시 상록구,음식,86
08-08,16,토요일,24.8,0.2,0.0,2000,경기도,안산시 상록구,음식,78
08-08,17,토요일,24.8,0.0,0.0,2000,경기도,안산시 상록구,음식,134
08-08,18,토요일,24.5,0.0,0.0,1945,경기도,안산시 상록구,음식,159
08-08,19,토요일,24.1,0.8,0.0,1100,경기도,안산시 상록구,음식,204
08-08,20,토요일,23.8,4.5,0.0,1050,경기도,안산시 상록구,음식,148
08-08,21,토요일,24.0,1.2,0.0,1890,경기도,안산시 상록구,음식,110
08-08,22,토요일,24.1,1.5,0.0,971,경기도,안산시 상록구,음식,92
08-08,23,토요일,24.3,1.1,0.0,950,경기도,안산시 상록구,음식,86
08-09,0,일요일,24.6,0.0,0.0,622,경기도,안산시 상록구,음식,55
08-09,1,일요일,24.5,0.0,0.0,538,경기도,안산시 상록구,음식,52
08-09,2,일요일,24.7,0.7,0.0,622,경기도,안산시 상록구,음식,27
08-09,10,일요일,24.4,9.2,0.0,693,경기도,안산시 상록구,음식,23
08-09,11,일요일,24.6,17.7,0.0,896,경기도,안산시 상록구,음식,53
08-09,12,일요일,24.9,11.7,0.0,950,경기도,안산시 상록구,음식,81
08-09,13,일요일,25.3,2.9,0.0,950,경기도,안산시 상록구,음식,109
08-09,14,일요일,24.9,5.9,0.0,1807,경기도,안산시 상록구,음식,83
08-09,15,일요일,26.8,0.0,0.0,2000,경기도,안산시 상록구,음식,77
08-09,16,일요일,26.4,0.6,0.0,1273,경기도,안산시 상록구,음식,98
08-09,17,일요일,25.9,0.4,0.0,2000,경기도,안산시 상록구,음식,141
08-09,18,일요일,26.1,0.0,0.0,2000,경기도,안산시 상록구,음식,172
08-09,19,일요일,26.7,0.0,0.0,2000,경기도,안산시 상록구,음식,172
08-09,20,일요일,26.2,0.0,0.0,2000,경기도,안산시 상록구,음식,123
08-09,21,일요일,25.9,0.0,0.0,1949,경기도,안산시 상록구,음식,105
08-09,22,일요일,25.7,0.0,0.0,2000,경기도,안산시 상록구,음식,52
08-09,23,일요일,25.6,0.0,0.0,2000,경기도,안산시 상록구,음식,54
08-10,0,월요일,25.2,0.0,0.0,2000,경기도,안산시 상록구,음식,29
08-10,1,월요일,25.2,0.0,0.0,2000,경기도,안산시 상록구,음식,30
08-10,2,월요일,25.9,0.0,0.0,1950,경기도,안산시 상록구,음식,13
08-10,10,월요일,28.9,0.0,0.0,2000,경기도,안산시 상록구,음식,13
08-10,11,월요일,29.3,0.0,0.0,2000,경기도,안산시 상록구,음식,57
08-10,12,월요일,30.0,0.0,0.0,2000,경기도,안산시 상록구,음식,82
08-10,13,월요일,30.4,0.0,0.0,2000,경기도,안산시 상록구,음식,69
08-10,14,월요일,29.0,0.1,0.0,2000,경기도,안산시 상록구,음식,65
08-10,15,월요일,27.7,1.5,0.0,1162,경기도,안산시 상록구,음식,57
08-10,16,월요일,26.1,6.1,0.0,580,경기도,안산시 상록구,음식,43
08-10,17,월요일,25.7,10.4,0.0,559,경기도,안산시 상록구,음식,76
08-10,18,월요일,26.1,1.0,0.0,2000,경기도,안산시 상록구,음식,154
08-10,19,월요일,26.2,0.0,0.0,2000,경기도,안산시 상록구,음식,161
08-10,20,월요일,25.8,0.0,0.0,1995,경기도,안산시 상록구,음식,117
08-10,21,월요일,25.7,0.0,0.0,1982,경기도,안산시 상록구,음식,85
08-10,22,월요일,25.6,0.0,0.0,1712,경기도,안산시 상록구,음식,97
08-10,23,월요일,25.3,1.5,0.0,896,경기도,안산시 상록구,음식,59
08-11,0,화요일,25.1,1.7,0.0,1308,경기도,안산시 상록구,음식,42
08-11,1,화요일,25.1,2.6,0.0,1249,경기도,안산시 상록구,음식,26
08-11,2,화요일,24.6,1.1,0.0,1100,경기도,안산시 상록구,음식,15
08-11,10,화요일,25.2,1.2,0.0,2000,경기도,안산시 상록구,음식,9
08-11,11,화요일,25.2,0.0,0.0,2000,경기도,안산시 상록구,음식,35
08-11,12,화요일,26.6,0.0,0.0,1996,경기도,안산시 상록구,음식,75
08-11,13,화요일,27.6,0.0,0.0,1996,경기도,안산시 상록구,음식,45
08-11,14,화요일,27.9,0.0,0.0,2000,경기도,안산시 상록구,음식,46
08-11,15,화요일,27.6,0.0,0.0,2000,경기도,안산시 상록구,음식,40
08-11,16,화요일,27.0,0.0,0.0,1992,경기도,안산시 상록구,음식,45
08-11,17,화요일,26.1,0.0,0.0,1233,경기도,안산시 상록구,음식,94
08-11,18,화요일,25.8,0.0,0.0,1784,경기도,안산시 상록구,음식,124
08-11,19,화요일,24.6,0.0,0.0,1928,경기도,안산시 상록구,음식,151
08-11,20,화요일,24.2,0.0,0.0,1699,경기도,안산시 상록구,음식,117
08-11,21,화요일,23.9,0.0,0.0,1182,경기도,안산시 상록구,음식,94
08-11,22,화요일,23.6,0.0,0.0,920,경기도,안산시 상록구,음식,79
08-11,23,화요일,23.5,0.0,0.0,746,경기도,안산시 상록구,음식,65
08-12,0,수요일,23.9,0.0,0.0,772,경기도,안산시 상록구,음식,38
08-12,1,수요일,24.0,0.0,0.0,478,경기도,안산시 상록구,음식,25
08-12,2,수요일,23.8,0.0,0.0,698,경기도,안산시 상록구,음식,12
08-12,10,수요일,27.5,0.0,0.0,1168,경기도,안산시 상록구,음식,14
08-12,11,수요일,28.4,0.0,0.0,1589,경기도,안산시 상록구,음식,73
08-12,12,수요일,29.4,0.0,0.0,1610,경기도,안산시 상록구,음식,88
08-12,13,수요일,30.0,0.0,0.0,1639,경기도,안산시 상록구,음식,57
08-12,14,수요일,30.4,0.0,0.0,1743,경기도,안산시 상록구,음식,52
08-12,15,수요일,30.6,0.0,0.0,1695,경기도,안산시 상록구,음식,29
08-12,16,수요일,28.6,0.0,0.0,1223,경기도,안산시 상록구,음식,56
08-12,17,수요일,28.2,0.0,0.0,2000,경기도,안산시 상록구,음식,79
08-12,18,수요일,28.1,0.0,0.0,1987,경기도,안산시 상록구,음식,151
08-12,19,수요일,28.2,0.0,0.0,1976,경기도,안산시 상록구,음식,173
08-12,20,수요일,27.4,0.0,0.0,1786,경기도,안산시 상록구,음식,144
08-12,21,수요일,27.4,0.0,0.0,1717,경기도,안산시 상록구,음식,109
08-12,22,수요일,27.2,0.0,0.0,1039,경기도,안산시 상록구,음식,72
08-12,23,수요일,26.7,0.0,0.0,908,경기도,안산시 상록구,음식,51
08-13,0,목요일,26.4,0.0,0.0,854,경기도,안산시 상록구,음식,34
08-13,1,목요일,26.3,0.0,0.0,852,경기도,안산시 상록구,음식,22
08-13,2,목요일,26.2,0.0,0.0,890,경기도,안산시 상록구,음식,19
08-13,10,목요일,28.5,0.0,0.0,2000,경기도,안산시 상록구,음식,17
08-13,11,목요일,29.8,0.0,0.0,2000,경기도,안산시 상록구,음식,38
08-13,12,목요일,29.7,0.0,0.0,2000,경기도,안산시 상록구,음식,73
08-13,13,목요일,30.3,0.0,0.0,1900,경기도,안산시 상록구,음식,62
08-13,14,목요일,30.1,0.0,0.0,2000,경기도,안산시 상록구,음식,56
08-13,15,목요일,31.4,0.0,0.0,2000,경기도,안산시 상록구,음식,40
08-13,16,목요일,31.1,0.0,0.0,1500,경기도,안산시 상록구,음식,54
08-13,17,목요일,31.0,0.0,0.0,2000,경기도,안산시 상록구,음식,70
08-13,18,목요일,30.2,0.0,0.0,2000,경기도,안산시 상록구,음식,140
08-13,19,목요일,29.8,0.0,0.0,2000,경기도,안산시 상록구,음식,150
08-13,20,목요일,28.4,0.0,0.0,2000,경기도,안산시 상록구,음식,112
08-13,21,목요일,27.6,0.0,0.0,1651,경기도,안산시 상록구,음식,105
08-13,22,목요일,27.8,0.0,0.0,1854,경기도,안산시 상록구,음식,97
08-13,23,목요일,27.0,0.0,0.0,1187,경기도,안산시 상록구,음식,49
08-14,0,금요일,27.0,0.0,0.0,1100,경기도,안산시 상록구,음식,38
08-14,1,금요일,27.1,0.0,0.0,1167,경기도,안산시 상록구,음식,36
08-14,2,금요일,27.3,0.0,0.0,1952,경기도,안산시 상록구,음식,11
08-14,10,금요일,27.5,0.0,0.0,1841,경기도,안산시 상록구,음식,17
08-14,11,금요일,29.5,0.0,0.0,1728,경기도,안산시 상록구,음식,57
08-14,12,금요일,29.5,0.0,0.0,1813,경기도,안산시 상록구,음식,87
08-14,13,금요일,28.2,0.0,0.0,1843,경기도,안산시 상록구,음식,74
08-14,14,금요일,28.7,0.0,0.0,1882,경기도,안산시 상록구,음식,68
08-14,15,금요일,28.7,0.0,0.0,1593,경기도,안산시 상록구,음식,44
08-14,16,금요일,28.4,0.0,0.0,1388,경기도,안산시 상록구,음식,50
08-14,17,금요일,28.1,0.0,0.0,998,경기도,안산시 상록구,음식,77
08-14,18,금요일,28.0,0.0,0.0,1238,경기도,안산시 상록구,음식,122
08-14,19,금요일,27.7,0.0,0.0,976,경기도,안산시 상록구,음식,151
08-14,20,금요일,27.3,0.0,0.0,791,경기도,안산시 상록구,음식,158
08-14,21,금요일,27.2,0.0,0.0,704,경기도,안산시 상록구,음식,105
08-14,22,금요일,27.0,0.0,0.0,586,경기도,안산시 상록구,음식,89
08-14,23,금요일,26.9,0.0,0.0,534,경기도,안산시 상록구,음식,63
08-15,0,토요일,26.8,0.0,0.0,513,경기도,안산시 상록구,음식,37
08-15,1,토요일,26.8,0.0,0.0,565,경기도,안산시 상록구,음식,39
08-15,2,토요일,26.7,0.0,0.0,645,경기도,안산시 상록구,음식,26
08-15,10,토요일,25.7,2.0,0.0,642,경기도,안산시 상록구,음식,23
08-15,11,토요일,26.0,1.1,0.0,426,경기도,안산시 상록구,음식,56
08-15,12,토요일,26.5,0.0,0.0,725,경기도,안산시 상록구,음식,104
08-15,13,토요일,26.8,0.0,0.0,643,경기도,안산시 상록구,음식,101
08-15,14,토요일,27.3,0.0,0.0,972,경기도,안산시 상록구,음식,89
08-15,15,토요일,28.0,0.0,0.0,842,경기도,안산시 상록구,음식,54
08-15,16,토요일,28.5,0.0,0.0,811,경기도,안산시 상록구,음식,82
08-15,17,토요일,29.1,0.0,0.0,1248,경기도,안산시 상록구,음식,115
08-15,18,토요일,28.6,0.0,0.0,1242,경기도,안산시 상록구,음식,169
08-15,19,토요일,27.8,0.0,0.0,1179,경기도,안산시 상록구,음식,154
08-15,20,토요일,27.5,0.0,0.0,1320,경기도,안산시 상록구,음식,134
08-15,21,토요일,27.0,0.0,0.0,980,경기도,안산시 상록구,음식,119
08-15,22,토요일,26.2,0.0,0.0,697,경기도,안산시 상록구,음식,102
08-15,23,토요일,26.3,0.0,0.0,608,경기도,안산시 상록구,음식,87
08-16,0,일요일,25.7,0.0,0.0,688,경기도,안산시 상록구,음식,57
08-16,1,일요일,26.1,0.0,0.0,1985,경기도,안산시 상록구,음식,39
08-16,2,일요일,25.4,0.0,0.0,1971,경기도,안산시 상록구,음식,26
08-16,10,일요일,27.9,0.0,0.0,1710,경기도,안산시 상록구,음식,19
08-16,11,일요일,29.1,0.0,0.0,2002,경기도,안산시 상록구,음식,76
08-16,12,일요일,30.3,0.0,0.0,1966,경기도,안산시 상록구,음식,99
08-16,13,일요일,30.5,0.0,0.0,1969,경기도,안산시 상록구,음식,91
08-16,14,일요일,30.8,0.0,0.0,1965,경기도,안산시 상록구,음식,97
08-16,15,일요일,30.7,0.0,0.0,1888,경기도,안산시 상록구,음식,73
08-16,16,일요일,30.7,0.0,0.0,1924,경기도,안산시 상록구,음식,79
08-16,17,일요일,30.7,0.0,0.0,1995,경기도,안산시 상록구,음식,118
08-16,18,일요일,28.8,0.0,0.0,1984,경기도,안산시 상록구,음식,143
08-16,19,일요일,28.2,0.0,0.0,1976,경기도,안산시 상록구,음식,183
08-16,20,일요일,27.6,0.0,0.0,1790,경기도,안산시 상록구,음식,148
08-16,21,일요일,27.1,0.0,0.0,1904,경기도,안산시 상록구,음식,119
08-16,22,일요일,26.9,0.0,0.0,1748,경기도,안산시 상록구,음식,76
08-16,23,일요일,26.6,0.0,0.0,1262,경기도,안산시 상록구,음식,78
08-17,0,월요일,26.4,0.0,0.0,1090,경기도,안산시 상록구,음식,43
08-17,1,월요일,26.2,0.0,0.0,1072,경기도,안산시 상록구,음식,31
08-17,2,월요일,26.0,0.0,0.0,1446,경기도,안산시 상록구,음식,23
08-17,10,월요일,28.5,0.0,0.0,1703,경기도,안산시 상록구,음식,20
08-17,11,월요일,29.6,0.0,0.0,1884,경기도,안산시 상록구,음식,57
08-17,12,월요일,31.5,0.0,0.0,1891,경기도,안산시 상록구,음식,119
08-17,13,월요일,31.2,0.0,0.0,1980,경기도,안산시 상록구,음식,95
08-17,14,월요일,31.8,0.0,0.0,1937,경기도,안산시 상록구,음식,82
08-17,15,월요일,32.1,0.0,0.0,1967,경기도,안산시 상록구,음식,72
08-17,16,월요일,32.0,0.0,0.0,1972,경기도,안산시 상록구,음식,83
08-17,17,월요일,31.5,0.0,0.0,1916,경기도,안산시 상록구,음식,120
08-17,18,월요일,30.3,0.0,0.0,1953,경기도,안산시 상록구,음식,145
08-17,19,월요일,29.1,0.0,0.0,1971,경기도,안산시 상록구,음식,155
08-17,20,월요일,27.6,0.0,0.0,1895,경기도,안산시 상록구,음식,135
08-17,21,월요일,26.5,0.0,0.0,1715,경기도,안산시 상록구,음식,79
08-17,22,월요일,25.8,0.0,0.0,1914,경기도,안산시 상록구,음식,64
08-17,23,월요일,25.2,0.0,0.0,1042,경기도,안산시 상록구,음식,47
08-18,0,화요일,25.2,0.0,0.0,1095,경기도,안산시 상록구,음식,31
08-18,1,화요일,24.5,0.0,0.0,863,경기도,안산시 상록구,음식,13
08-18,2,화요일,24.3,0.0,0.0,936,경기도,안산시 상록구,음식,14
08-18,10,화요일,26.8,0.0,0.0,649,경기도,안산시 상록구,음식,13
08-18,11,화요일,28.3,0.0,0.0,728,경기도,안산시 상록구,음식,57
08-18,12,화요일,29.0,0.0,0.0,1214,경기도,안산시 상록구,음식,82
08-18,13,화요일,30.0,0.0,0.0,1131,경기도,안산시 상록구,음식,84
08-18,14,화요일,30.8,0.0,0.0,1391,경기도,안산시 상록구,음식,64
08-18,15,화요일,31.5,0.0,0.0,1623,경기도,안산시 상록구,음식,41
08-18,16,화요일,31.8,0.0,0.0,1810,경기도,안산시 상록구,음식,45
08-18,17,화요일,31.4,0.0,0.0,1943,경기도,안산시 상록구,음식,66
08-18,18,화요일,30.8,0.0,0.0,1895,경기도,안산시 상록구,음식,117
08-18,19,화요일,29.3,0.0,0.0,1621,경기도,안산시 상록구,음식,157
08-18,20,화요일,27.6,0.0,0.0,1966,경기도,안산시 상록구,음식,152
08-18,21,화요일,26.3,0.0,0.0,1037,경기도,안산시 상록구,음식,104
08-18,22,화요일,25.5,0.0,0.0,1152,경기도,안산시 상록구,음식,71
08-18,23,화요일,24.9,0.0,0.0,1841,경기도,안산시 상록구,음식,60
08-19,0,수요일,24.3,0.0,0.0,1100,경기도,안산시 상록구,음식,28
08-19,1,수요일,24.7,0.0,0.0,2188,경기도,안산시 상록구,음식,21
08-19,2,수요일,23.8,0.0,0.0,522,경기도,안산시 상록구,음식,9
08-19,10,수요일,27.5,0.0,0.0,703,경기도,안산시 상록구,음식,13
08-19,11,수요일,28.1,0.0,0.0,609,경기도,안산시 상록구,음식,73
08-19,12,수요일,29.6,0.0,0.0,684,경기도,안산시 상록구,음식,89
08-19,13,수요일,30.6,0.0,0.0,888,경기도,안산시 상록구,음식,79
08-19,14,수요일,31.6,0.0,0.0,1575,경기도,안산시 상록구,음식,51
08-19,15,수요일,30.7,0.0,0.0,1683,경기도,안산시 상록구,음식,53
08-19,16,수요일,30.7,0.0,0.0,1896,경기도,안산시 상록구,음식,56
08-19,17,수요일,30.2,0.0,0.0,1546,경기도,안산시 상록구,음식,93
08-19,18,수요일,29.3,0.0,0.0,1884,경기도,안산시 상록구,음식,140
08-19,19,수요일,27.8,0.0,0.0,1836,경기도,안산시 상록구,음식,177
08-19,20,수요일,26.7,0.0,0.0,1056,경기도,안산시 상록구,음식,127
08-19,21,수요일,25.7,0.0,0.0,661,경기도,안산시 상록구,음식,110
08-19,22,수요일,25.0,0.0,0.0,609,경기도,안산시 상록구,음식,68
08-19,23,수요일,24.8,0.0,0.0,714,경기도,안산시 상록구,음식,58
08-20,0,목요일,24.6,0.0,0.0,697,경기도,안산시 상록구,음식,45
08-20,1,목요일,23.9,0.0,0.0,532,경기도,안산시 상록구,음식,30
08-20,2,목요일,23.7,0.0,0.0,477,경기도,안산시 상록구,음식,13
08-20,10,목요일,28.1,0.0,0.0,1387,경기도,안산시 상록구,음식,24
08-20,11,목요일,30.1,0.0,0.0,1500,경기도,안산시 상록구,음식,72
08-20,12,목요일,30.9,0.0,0.0,1492,경기도,안산시 상록구,음식,116
08-20,13,목요일,31.6,0.0,0.0,1353,경기도,안산시 상록구,음식,81
08-20,14,목요일,31.8,0.0,0.0,971,경기도,안산시 상록구,음식,68
08-20,15,목요일,32.2,0.0,0.0,1016,경기도,안산시 상록구,음식,55
08-20,16,목요일,32.7,0.0,0.0,1366,경기도,안산시 상록구,음식,54
08-20,17,목요일,31.8,0.0,0.0,1071,경기도,안산시 상록구,음식,87
08-20,18,목요일,29.1,0.0,0.0,1206,경기도,안산시 상록구,음식,159
08-20,19,목요일,27.7,0.0,0.0,1402,경기도,안산시 상록구,음식,156
08-20,20,목요일,27.1,0.0,0.0,1664,경기도,안산시 상록구,음식,116
08-20,21,목요일,26.2,0.0,0.0,1527,경기도,안산시 상록구,음식,92
08-20,22,목요일,25.6,0.0,0.0,981,경기도,안산시 상록구,음식,88
08-20,23,목요일,25.3,0.0,0.0,933,경기도,안산시 상록구,음식,57
08-21,0,금요일,25.1,0.0,0.0,844,경기도,안산시 상록구,음식,25
08-21,1,금요일,24.6,0.0,0.0,781,경기도,안산시 상록구,음식,29
08-21,2,금요일,24.2,0.0,0.0,690,경기도,안산시 상록구,음식,20
08-21,10,금요일,28.5,0.0,0.0,1340,경기도,안산시 상록구,음식,17
08-21,11,금요일,28.8,0.0,0.0,845,경기도,안산시 상록구,음식,59
08-21,12,금요일,29.2,0.0,0.0,759,경기도,안산시 상록구,음식,98
08-21,13,금요일,30.3,0.0,0.0,1063,경기도,안산시 상록구,음식,65
08-21,14,금요일,30.1,0.0,0.0,1302,경기도,안산시 상록구,음식,56
08-21,15,금요일,31.0,0.0,0.0,1492,경기도,안산시 상록구,음식,61
08-21,16,금요일,31.1,0.0,0.0,1635,경기도,안산시 상록구,음식,39
08-21,17,금요일,30.4,0.0,0.0,1410,경기도,안산시 상록구,음식,84
08-21,18,금요일,29.7,0.0,0.0,1669,경기도,안산시 상록구,음식,152
08-21,19,금요일,28.7,0.0,0.0,1200,경기도,안산시 상록구,음식,188
08-21,20,금요일,28.2,0.0,0.0,1294,경기도,안산시 상록구,음식,146
08-21,21,금요일,27.7,0.0,0.0,1171,경기도,안산시 상록구,음식,122
08-21,22,금요일,27.7,0.0,0.0,1101,경기도,안산시 상록구,음식,100
08-21,23,금요일,26.4,0.0,0.0,649,경기도,안산시 상록구,음식,78
08-22,0,토요일,27.0,0.0,0.0,1325,경기도,안산시 상록구,음식,59
08-22,1,토요일,26.4,0.0,0.0,1738,경기도,안산시 상록구,음식,22
08-22,2,토요일,26.4,0.0,0.0,1712,경기도,안산시 상록구,음식,24
08-22,10,토요일,27.3,0.0,0.0,1520,경기도,안산시 상록구,음식,28
08-22,11,토요일,27.8,0.0,0.0,1274,경기도,안산시 상록구,음식,65
08-22,12,토요일,28.5,0.0,0.0,848,경기도,안산시 상록구,음식,134
08-22,13,토요일,28.4,0.0,0.0,1003,경기도,안산시 상록구,음식,118
08-22,14,토요일,24.0,0.0,0.0,1865,경기도,안산시 상록구,음식,100
08-22,15,토요일,23.9,2.9,0.0,1429,경기도,안산시 상록구,음식,72
08-22,16,토요일,25.8,0.0,0.0,1517,경기도,안산시 상록구,음식,101
08-22,17,토요일,26.4,0.0,0.0,2000,경기도,안산시 상록구,음식,141
08-22,18,토요일,24.2,7.7,0.0,690,경기도,안산시 상록구,음식,209
08-22,19,토요일,23.1,4.5,0.0,2000,경기도,안산시 상록구,음식,201
08-22,20,토요일,22.3,7.7,0.0,1984,경기도,안산시 상록구,음식,139
08-22,21,토요일,22.6,2.4,0.0,1726,경기도,안산시 상록구,음식,113
08-22,22,토요일,22.5,5.0,0.0,1135,경기도,안산시 상록구,음식,93
08-22,23,토요일,22.5,0.0,0.0,1398,경기도,안산시 상록구,음식,90
08-23,0,일요일,22.6,0.0,0.0,1415,경기도,안산시 상록구,음식,46
08-23,1,일요일,22.3,0.0,0.0,1310,경기도,안산시 상록구,음식,36
08-23,2,일요일,22.5,0.0,0.0,733,경기도,안산시 상록구,음식,29
08-23,10,일요일,26.5,0.0,0.0,1821,경기도,안산시 상록구,음식,29
08-23,11,일요일,27.4,0.0,0.0,1664,경기도,안산시 상록구,음식,94
08-23,12,일요일,28.7,0.0,0.0,1683,경기도,안산시 상록구,음식,135
08-23,13,일요일,29.1,0.0,0.0,1978,경기도,안산시 상록구,음식,138
08-23,14,일요일,29.5,0.0,0.0,2000,경기도,안산시 상록구,음식,93
08-23,15,일요일,29.6,0.0,0.0,2000,경기도,안산시 상록구,음식,79
08-23,16,일요일,30.0,0.0,0.0,1986,경기도,안산시 상록구,음식,106
08-23,17,일요일,29.4,0.0,0.0,1997,경기도,안산시 상록구,음식,152
08-23,18,일요일,29.1,0.0,0.0,2000,경기도,안산시 상록구,음식,217
08-23,19,일요일,27.5,0.0,0.0,2000,경기도,안산시 상록구,음식,199
08-23,20,일요일,25.8,0.0,0.0,1949,경기도,안산시 상록구,음식,159
08-23,21,일요일,24.9,0.0,0.0,2000,경기도,안산시 상록구,음식,110
08-23,22,일요일,24.5,0.0,0.0,2000,경기도,안산시 상록구,음식,100
08-23,23,일요일,24.4,0.0,0.0,1950,경기도,안산시 상록구,음식,48
08-24,0,월요일,23.6,0.0,0.0,2000,경기도,안산시 상록구,음식,34
08-24,1,월요일,23.1,0.0,0.0,2000,경기도,안산시 상록구,음식,32
08-24,2,월요일,22.8,0.0,0.0,1998,경기도,안산시 상록구,음식,17
08-24,10,월요일,29.0,0.0,0.0,1883,경기도,안산시 상록구,음식,12
08-24,11,월요일,29.7,0.0,0.0,1822,경기도,안산시 상록구,음식,55
08-24,12,월요일,30.9,0.0,0.0,1809,경기도,안산시 상록구,음식,96
08-24,13,월요일,31.1,0.0,0.0,1948,경기도,안산시 상록구,음식,82
08-24,14,월요일,30.5,0.0,0.0,1807,경기도,안산시 상록구,음식,74
08-24,15,월요일,31.4,0.0,0.0,2021,경기도,안산시 상록구,음식,60
08-24,16,월요일,31.3,0.0,0.0,1970,경기도,안산시 상록구,음식,55
08-24,17,월요일,31.4,0.0,0.0,1916,경기도,안산시 상록구,음식,73
08-24,18,월요일,30.1,0.0,0.0,1864,경기도,안산시 상록구,음식,146
08-24,19,월요일,29.2,0.0,0.0,1957,경기도,안산시 상록구,음식,163
08-24,20,월요일,28.0,0.0,0.0,1804,경기도,안산시 상록구,음식,120
08-24,21,월요일,27.6,0.0,0.0,1552,경기도,안산시 상록구,음식,84
08-24,22,월요일,27.5,0.0,0.0,1709,경기도,안산시 상록구,음식,49
08-24,23,월요일,27.2,0.0,0.0,1234,경기도,안산시 상록구,음식,42
08-25,0,화요일,27.4,0.0,0.0,913,경기도,안산시 상록구,음식,21
08-25,1,화요일,26.7,0.0,0.0,911,경기도,안산시 상록구,음식,16
08-25,2,화요일,26.2,0.0,0.0,802,경기도,안산시 상록구,음식,14
08-25,10,화요일,30.6,0.0,0.0,1657,경기도,안산시 상록구,음식,16
08-25,11,화요일,31.9,0.0,0.0,1881,경기도,안산시 상록구,음식,57
08-25,12,화요일,33.1,0.0,0.0,1964,경기도,안산시 상록구,음식,86
08-25,13,화요일,33.4,0.0,0.0,2055,경기도,안산시 상록구,음식,62
08-25,14,화요일,33.7,0.0,0.0,1989,경기도,안산시 상록구,음식,45
08-25,15,화요일,34.6,0.0,0.0,1945,경기도,안산시 상록구,음식,38
08-25,16,화요일,33.5,0.0,0.0,2000,경기도,안산시 상록구,음식,52
08-25,17,화요일,33.3,0.0,0.0,2041,경기도,안산시 상록구,음식,93
08-25,18,화요일,32.1,0.0,0.0,1790,경기도,안산시 상록구,음식,170
08-25,19,화요일,30.4,0.0,0.0,1867,경기도,안산시 상록구,음식,160
08-25,20,화요일,29.6,0.0,0.0,1870,경기도,안산시 상록구,음식,105
08-25,21,화요일,29.5,0.0,0.0,1912,경기도,안산시 상록구,음식,117
08-25,22,화요일,29.8,0.0,0.0,1757,경기도,안산시 상록구,음식,74
08-25,23,화요일,29.8,0.0,0.0,1575,경기도,안산시 상록구,음식,69
08-26,0,수요일,28.1,0.0,0.0,1676,경기도,안산시 상록구,음식,30
08-26,1,수요일,28.4,0.0,0.0,1860,경기도,안산시 상록구,음식,26
08-26,2,수요일,28.6,0.0,0.0,1917,경기도,안산시 상록구,음식,20
08-26,10,수요일,32.0,0.0,0.0,1937,경기도,안산시 상록구,음식,16
08-26,11,수요일,32.8,0.0,0.0,1833,경기도,안산시 상록구,음식,69
08-26,12,수요일,33.9,0.0,0.0,1993,경기도,안산시 상록구,음식,142
08-26,13,수요일,34.1,0.0,0.0,1939,경기도,안산시 상록구,음식,98
08-26,14,수요일,33.4,0.0,0.0,1947,경기도,안산시 상록구,음식,68
08-26,15,수요일,33.3,0.0,0.0,1978,경기도,안산시 상록구,음식,51
08-26,16,수요일,33.6,0.0,0.0,1996,경기도,안산시 상록구,음식,81
08-26,17,수요일,32.2,0.0,0.0,1999,경기도,안산시 상록구,음식,101
08-26,18,수요일,31.6,0.0,0.0,2000,경기도,안산시 상록구,음식,188
08-26,19,수요일,31.4,0.0,0.0,2000,경기도,안산시 상록구,음식,220
08-26,20,수요일,28.6,0.0,0.0,1884,경기도,안산시 상록구,음식,140
08-26,21,수요일,29.4,0.0,0.0,2000,경기도,안산시 상록구,음식,112
08-26,22,수요일,29.2,0.0,0.0,2000,경기도,안산시 상록구,음식,84
08-26,23,수요일,26.8,1.0,0.0,1441,경기도,안산시 상록구,음식,22
08-27,10,목요일,27.5,0.0,0.0,1999,경기도,안산시 상록구,음식,24
08-27,11,목요일,27.9,0.0,0.0,2012,경기도,안산시 상록구,음식,75
08-27,12,목요일,29.3,0.0,0.0,1987,경기도,안산시 상록구,음식,110
08-27,13,목요일,29.5,0.0,0.0,1856,경기도,안산시 상록구,음식,91
08-27,14,목요일,29.0,0.1,0.0,1691,경기도,안산시 상록구,음식,65
08-27,15,목요일,29.9,0.0,0.0,1794,경기도,안산시 상록구,음식,69
08-27,16,목요일,29.3,0.0,0.0,1597,경기도,안산시 상록구,음식,44
08-27,17,목요일,28.9,0.0,0.0,1862,경기도,안산시 상록구,음식,105
08-27,18,목요일,28.8,0.0,0.0,1798,경기도,안산시 상록구,음식,170
08-27,19,목요일,27.9,0.0,0.0,1382,경기도,안산시 상록구,음식,175
08-27,20,목요일,27.4,0.0,0.0,1262,경기도,안산시 상록구,음식,130
08-27,21,목요일,26.1,6.2,0.0,398,경기도,안산시 상록구,음식,113
08-27,22,목요일,26.1,3.7,0.0,243,경기도,안산시 상록구,음식,85
08-27,23,목요일,26.2,0.8,0.0,663,경기도,안산시 상록구,음식,49
08-28,0,금요일,26.2,0.0,0.0,1106,경기도,안산시 상록구,음식,42
08-28,1,금요일,25.8,0.6,0.0,847,경기도,안산시 상록구,음식,20
08-28,2,금요일,25.5,0.0,0.0,586,경기도,안산시 상록구,음식,25
08-28,10,금요일,28.1,0.0,0.0,1191,경기도,안산시 상록구,음식,18
08-28,11,금요일,29.8,0.0,0.0,1766,경기도,안산시 상록구,음식,77
08-28,12,금요일,30.0,0.0,0.0,2000,경기도,안산시 상록구,음식,104
08-28,13,금요일,27.8,0.7,0.0,1020,경기도,안산시 상록구,음식,73
08-28,14,금요일,29.1,0.2,0.0,1490,경기도,안산시 상록구,음식,88
08-28,15,금요일,30.6,0.0,0.0,1826,경기도,안산시 상록구,음식,56
08-28,16,금요일,30.2,0.0,0.0,1901,경기도,안산시 상록구,음식,73
08-28,17,금요일,29.3,0.0,0.0,1537,경기도,안산시 상록구,음식,104
08-28,18,금요일,28.7,0.0,0.0,1688,경기도,안산시 상록구,음식,181
08-28,19,금요일,27.7,0.0,0.0,1021,경기도,안산시 상록구,음식,199
08-28,20,금요일,27.2,0.0,0.0,1266,경기도,안산시 상록구,음식,165
08-28,21,금요일,26.2,0.0,0.0,698,경기도,안산시 상록구,음식,147
08-28,22,금요일,26.0,0.0,0.0,748,경기도,안산시 상록구,음식,114
08-28,23,금요일,25.8,0.0,0.0,778,경기도,안산시 상록구,음식,69
08-29,0,토요일,26.3,0.0,0.0,1040,경기도,안산시 상록구,음식,56
08-29,1,토요일,26.1,0.0,0.0,906,경기도,안산시 상록구,음식,27
08-29,2,토요일,26.0,0.3,0.0,508,경기도,안산시 상록구,음식,22
08-29,10,토요일,25.8,0.7,0.0,537,경기도,안산시 상록구,음식,17
08-29,11,토요일,26.4,2.7,0.0,1542,경기도,안산시 상록구,음식,83
08-29,12,토요일,27.8,0.0,0.0,1977,경기도,안산시 상록구,음식,166
08-29,13,토요일,26.4,1.1,0.0,1012,경기도,안산시 상록구,음식,110
08-29,14,토요일,27.9,0.0,0.0,1561,경기도,안산시 상록구,음식,99
08-29,15,토요일,28.1,0.0,0.0,1955,경기도,안산시 상록구,음식,83
08-29,16,토요일,26.2,3.4,0.0,1846,경기도,안산시 상록구,음식,99
08-29,17,토요일,26.2,1.3,0.0,1071,경기도,안산시 상록구,음식,175
08-29,18,토요일,25.9,4.6,0.0,1314,경기도,안산시 상록구,음식,247
08-29,19,토요일,25.8,3.5,0.0,337,경기도,안산시 상록구,음식,148
08-29,20,토요일,25.4,0.4,0.0,2000,경기도,안산시 상록구,음식,144
08-29,21,토요일,25.5,0.0,0.0,2000,경기도,안산시 상록구,음식,133
08-29,22,토요일,25.6,0.0,0.0,1568,경기도,안산시 상록구,음식,103
08-29,23,토요일,25.6,0.0,0.0,1255,경기도,안산시 상록구,음식,79
08-30,0,일요일,25.5,0.0,0.0,879,경기도,안산시 상록구,음식,66
08-30,1,일요일,25.4,0.0,0.0,1603,경기도,안산시 상록구,음식,64
08-30,2,일요일,25.0,0.1,0.0,329,경기도,안산시 상록구,음식,24
08-30,10,일요일,26.1,0.0,0.0,763,경기도,안산시 상록구,음식,28
08-30,11,일요일,26.9,0.0,0.0,1000,경기도,안산시 상록구,음식,79
08-30,12,일요일,26.7,0.0,0.0,1858,경기도,안산시 상록구,음식,127
08-30,13,일요일,28.1,0.0,0.0,1169,경기도,안산시 상록구,음식,141
08-30,14,일요일,28.9,0.0,0.0,1102,경기도,안산시 상록구,음식,151
08-30,15,일요일,29.9,0.0,0.0,1560,경기도,안산시 상록구,음식,109
08-30,16,일요일,30.3,0.0,0.0,1551,경기도,안산시 상록구,음식,82
08-30,17,일요일,30.2,0.0,0.0,1846,경기도,안산시 상록구,음식,169
08-30,18,일요일,29.2,0.0,0.0,1684,경기도,안산시 상록구,음식,218
08-30,19,일요일,28.1,0.0,0.0,1493,경기도,안산시 상록구,음식,197
08-30,20,일요일,28.1,0.0,0.0,2000,경기도,안산시 상록구,음식,175
08-30,21,일요일,26.7,0.0,0.0,1950,경기도,안산시 상록구,음식,145
08-30,22,일요일,26.2,0.0,0.0,2000,경기도,안산시 상록구,음식,104
08-30,23,일요일,26.5,0.0,0.0,2000,경기도,안산시 상록구,음식,65
08-31,0,월요일,26.3,0.0,0.0,2000,경기도,안산시 상록구,음식,41
08-31,1,월요일,25.6,0.0,0.0,2000,경기도,안산시 상록구,음식,37
08-31,2,월요일,25.2,0.0,0.0,2000,경기도,안산시 상록구,음식,24
08-31,10,월요일,27.6,0.0,0.0,2000,경기도,안산시 상록구,음식,19
08-31,11,월요일,28.1,0.0,0.0,2000,경기도,안산시 상록구,음식,69
08-31,12,월요일,28.9,0.0,0.0,1953,경기도,안산시 상록구,음식,132
08-31,13,월요일,29.9,0.0,0.0,2000,경기도,안산시 상록구,음식,118
08-31,14,월요일,30.6,0.0,0.0,2000,경기도,안산시 상록구,음식,93
08-31,15,월요일,29.9,0.0,0.0,2000,경기도,안산시 상록구,음식,56
08-31,16,월요일,30.6,0.0,0.0,1979,경기도,안산시 상록구,음식,67
08-31,17,월요일,29.8,0.0,0.0,2000,경기도,안산시 상록구,음식,117
08-31,18,월요일,29.6,0.0,0.0,2000,경기도,안산시 상록구,음식,164
08-31,19,월요일,28.7,0.0,0.0,2000,경기도,안산시 상록구,음식,230
08-31,20,월요일,28.2,0.0,0.0,2000,경기도,안산시 상록구,음식,145
08-31,21,월요일,27.7,0.0,0.0,2000,경기도,안산시 상록구,음식,134
08-31,22,월요일,27.3,0.0,0.0,2000,경기도,안산시 상록구,음식,75
08-31,23,월요일,26.7,0.0,0.0,2000,경기도,안산시 상록구,음식,68
09-01,0,화요일,25.6,0.2,0.0,2000,경기도,안산시 상록구,음식,38
09-01,1,화요일,25.3,0.0,0.0,2000,경기도,안산시 상록구,음식,40
09-01,2,화요일,25.1,0.0,0.0,2000,경기도,안산시 상록구,음식,12
09-01,10,화요일,25.8,0.0,0.0,2000,경기도,안산시 상록구,음식,21
09-01,11,화요일,26.1,0.0,0.0,2000,경기도,안산시 상록구,음식,62
09-01,12,화요일,26.2,0.0,0.0,2000,경기도,안산시 상록구,음식,115
09-01,13,화요일,27.6,0.0,0.0,1950,경기도,안산시 상록구,음식,82
09-01,14,화요일,28.9,0.0,0.0,1995,경기도,안산시 상록구,음식,54
09-01,15,화요일,29.1,0.0,0.0,1990,경기도,안산시 상록구,음식,57
09-01,16,화요일,28.7,0.0,0.0,1890,경기도,안산시 상록구,음식,45
09-01,17,화요일,28.3,0.0,0.0,2000,경기도,안산시 상록구,음식,96
09-01,18,화요일,28.0,0.0,0.0,1993,경기도,안산시 상록구,음식,156
09-01,19,화요일,27.4,0.0,0.0,2000,경기도,안산시 상록구,음식,187
09-01,20,화요일,27.6,0.0,0.0,1950,경기도,안산시 상록구,음식,134
09-01,21,화요일,26.3,0.0,0.0,1989,경기도,안산시 상록구,음식,116
09-01,22,화요일,25.9,0.2,0.0,962,경기도,안산시 상록구,음식,83
09-01,23,화요일,25.3,0.2,0.0,1593,경기도,안산시 상록구,음식,64
09-02,0,수요일,25.1,0.0,0.0,1174,경기도,안산시 상록구,음식,41
09-02,1,수요일,24.8,0.4,0.0,932,경기도,안산시 상록구,음식,24
09-02,2,수요일,25.0,0.0,0.0,775,경기도,안산시 상록구,음식,12
09-02,10,수요일,25.6,0.3,0.0,1993,경기도,안산시 상록구,음식,23
09-02,11,수요일,25.9,0.0,0.0,1859,경기도,안산시 상록구,음식,71
09-02,12,수요일,25.2,0.7,0.0,1719,경기도,안산시 상록구,음식,121
09-02,13,수요일,24.1,2.0,0.0,1617,경기도,안산시 상록구,음식,82
09-02,14,수요일,24.6,0.9,0.0,2000,경기도,안산시 상록구,음식,63
09-02,15,수요일,24.7,0.1,0.0,1940,경기도,안산시 상록구,음식,63
09-02,16,수요일,24.4,0.3,0.0,2000,경기도,안산시 상록구,음식,85
09-02,17,수요일,24.3,0.0,0.0,2000,경기도,안산시 상록구,음식,119
09-02,18,수요일,23.2,4.0,0.0,983,경기도,안산시 상록구,음식,187
09-02,19,수요일,23.5,1.0,0.0,2000,경기도,안산시 상록구,음식,202
09-02,20,수요일,23.6,0.3,0.0,1986,경기도,안산시 상록구,음식,168
09-02,21,수요일,23.5,0.7,0.0,2000,경기도,안산시 상록구,음식,124
09-02,22,수요일,23.2,2.0,0.0,1752,경기도,안산시 상록구,음식,100
09-02,23,수요일,23.0,2.3,0.0,1485,경기도,안산시 상록구,음식,50
09-03,0,목요일,22.8,2.3,0.0,1887,경기도,안산시 상록구,음식,35
09-03,1,목요일,22.5,7.0,0.0,1462,경기도,안산시 상록구,음식,44
09-03,2,목요일,22.4,3.1,0.0,1765,경기도,안산시 상록구,음식,14
09-03,10,목요일,23.9,0.0,0.0,2000,경기도,안산시 상록구,음식,8
09-03,11,목요일,24.0,0.0,0.0,2000,경기도,안산시 상록구,음식,80
09-03,12,목요일,25.0,0.0,0.0,1943,경기도,안산시 상록구,음식,102
09-03,13,목요일,24.5,0.0,0.0,1996,경기도,안산시 상록구,음식,77
09-03,14,목요일,24.7,0.0,0.0,2000,경기도,안산시 상록구,음식,65
09-03,15,목요일,25.6,0.0,0.0,1994,경기도,안산시 상록구,음식,43
09-03,16,목요일,25.7,0.0,0.0,2000,경기도,안산시 상록구,음식,53
09-03,17,목요일,24.7,0.0,0.0,1719,경기도,안산시 상록구,음식,115
09-03,18,목요일,24.1,0.0,0.0,1807,경기도,안산시 상록구,음식,175
09-03,19,목요일,23.5,0.0,0.0,2000,경기도,안산시 상록구,음식,176
09-03,20,목요일,23.3,0.0,0.0,1964,경기도,안산시 상록구,음식,141
09-03,21,목요일,22.5,0.0,0.0,1978,경기도,안산시 상록구,음식,105
09-03,22,목요일,22.4,0.0,0.0,1806,경기도,안산시 상록구,음식,92
09-03,23,목요일,21.1,0.4,0.0,2000,경기도,안산시 상록구,음식,43
09-04,0,금요일,19.7,0.0,0.0,2000,경기도,안산시 상록구,음식,32
09-04,1,금요일,19.3,0.0,0.0,1815,경기도,안산시 상록구,음식,24
09-04,2,금요일,20.1,0.0,0.0,1328,경기도,안산시 상록구,음식,18
09-04,10,금요일,24.2,0.0,0.0,1999,경기도,안산시 상록구,음식,23
09-04,11,금요일,25.2,0.0,0.0,1985,경기도,안산시 상록구,음식,78
09-04,12,금요일,25.6,0.0,0.0,1995,경기도,안산시 상록구,음식,93
09-04,13,금요일,26.8,0.0,0.0,2012,경기도,안산시 상록구,음식,99
09-04,14,금요일,27.1,0.0,0.0,1990,경기도,안산시 상록구,음식,63
09-04,15,금요일,26.6,0.0,0.0,2000,경기도,안산시 상록구,음식,51
09-04,16,금요일,27.3,0.0,0.0,1987,경기도,안산시 상록구,음식,59
09-04,17,금요일,26.9,0.0,0.0,2000,경기도,안산시 상록구,음식,96
09-04,18,금요일,26.3,0.0,0.0,2000,경기도,안산시 상록구,음식,189
09-04,19,금요일,24.2,0.0,0.0,1950,경기도,안산시 상록구,음식,257
09-04,20,금요일,23.0,0.0,0.0,2000,경기도,안산시 상록구,음식,222
09-04,21,금요일,21.7,0.0,0.0,2000,경기도,안산시 상록구,음식,170
09-04,22,금요일,20.7,0.0,0.0,2000,경기도,안산시 상록구,음식,111
09-04,23,금요일,21.0,0.0,0.0,2000,경기도,안산시 상록구,음식,82
09-05,0,토요일,20.3,0.0,0.0,2000,경기도,안산시 상록구,음식,49
09-05,1,토요일,19.6,0.0,0.0,2000,경기도,안산시 상록구,음식,28
09-05,2,토요일,20.5,0.0,0.0,2000,경기도,안산시 상록구,음식,9
09-05,10,토요일,24.1,0.0,0.0,1906,경기도,안산시 상록구,음식,18
09-05,11,토요일,25.2,0.0,0.0,1925,경기도,안산시 상록구,음식,96
09-05,12,토요일,25.7,0.0,0.0,2000,경기도,안산시 상록구,음식,136
09-05,13,토요일,26.5,0.0,0.0,1865,경기도,안산시 상록구,음식,115
09-05,14,토요일,26.7,0.0,0.0,1907,경기도,안산시 상록구,음식,94
09-05,15,토요일,27.0,0.0,0.0,1972,경기도,안산시 상록구,음식,91
09-05,16,토요일,27.1,0.0,0.0,1824,경기도,안산시 상록구,음식,97
09-05,17,토요일,26.5,0.0,0.0,1992,경기도,안산시 상록구,음식,164
09-05,18,토요일,25.6,0.0,0.0,1998,경기도,안산시 상록구,음식,210
09-05,19,토요일,24.3,0.0,0.0,1997,경기도,안산시 상록구,음식,183
09-05,20,토요일,23.9,0.0,0.0,2007,경기도,안산시 상록구,음식,182
09-05,21,토요일,23.2,0.0,0.0,2098,경기도,안산시 상록구,음식,151
09-05,22,토요일,23.2,0.0,0.0,2000,경기도,안산시 상록구,음식,126
09-05,23,토요일,22.6,0.0,0.0,2000,경기도,안산시 상록구,음식,100
09-06,0,일요일,22.1,0.0,0.0,2000,경기도,안산시 상록구,음식,61
09-06,1,일요일,21.2,0.0,0.0,1941,경기도,안산시 상록구,음식,51
09-06,2,일요일,21.4,0.0,0.0,1871,경기도,안산시 상록구,음식,20
09-06,10,일요일,21.8,0.0,0.0,2000,경기도,안산시 상록구,음식,34
09-06,11,일요일,22.8,0.0,0.0,2000,경기도,안산시 상록구,음식,92
09-06,12,일요일,23.1,0.0,0.0,2000,경기도,안산시 상록구,음식,147
09-06,13,일요일,23.5,0.0,0.0,2000,경기도,안산시 상록구,음식,132
09-06,14,일요일,24.3,0.0,0.0,2000,경기도,안산시 상록구,음식,111
09-06,15,일요일,24.6,0.0,0.0,1994,경기도,안산시 상록구,음식,100
09-06,16,일요일,24.0,0.0,0.0,2000,경기도,안산시 상록구,음식,124
09-06,17,일요일,23.5,0.0,0.0,2000,경기도,안산시 상록구,음식,163
09-06,18,일요일,22.8,0.0,0.0,2000,경기도,안산시 상록구,음식,206
09-06,19,일요일,21.6,0.1,0.0,2000,경기도,안산시 상록구,음식,174
09-06,20,일요일,20.9,0.6,0.0,1530,경기도,안산시 상록구,음식,160
09-06,21,일요일,20.3,0.9,0.0,2000,경기도,안산시 상록구,음식,143
09-06,22,일요일,19.9,1.3,0.0,830,경기도,안산시 상록구,음식,92
09-06,23,일요일,19.4,4.2,0.0,1544,경기도,안산시 상록구,음식,77
09-07,0,월요일,18.9,2.3,0.0,1237,경기도,안산시 상록구,음식,47
09-07,1,월요일,18.7,1.1,0.0,1724,경기도,안산시 상록구,음식,25
09-07,2,월요일,18.2,2.9,0.0,1629,경기도,안산시 상록구,음식,28
09-07,10,월요일,17.7,4.1,0.0,1428,경기도,안산시 상록구,음식,18
09-07,11,월요일,17.9,3.0,0.0,1703,경기도,안산시 상록구,음식,75
09-07,12,월요일,18.8,0.8,0.0,1996,경기도,안산시 상록구,음식,63
09-07,13,월요일,19.6,0.3,0.0,2000,경기도,안산시 상록구,음식,7
09-07,14,월요일,19.9,0.0,0.0,2000,경기도,안산시 상록구,음식,7
09-07,15,월요일,19.7,1.6,0.0,1092,경기도,안산시 상록구,음식,7
09-07,16,월요일,20.6,2.8,0.0,686,경기도,안산시 상록구,음식,6
09-07,17,월요일,21.0,1.6,0.0,803,경기도,안산시 상록구,음식,14
09-07,18,월요일,20.9,0.5,0.0,493,경기도,안산시 상록구,음식,28
09-07,19,월요일,20.5,4.0,0.0,610,경기도,안산시 상록구,음식,16
09-07,20,월요일,20.5,4.4,0.0,821,경기도,안산시 상록구,음식,10
09-07,21,월요일,20.3,4.8,0.0,703,경기도,안산시 상록구,음식,11
09-07,22,월요일,21.6,0.4,0.0,1853,경기도,안산시 상록구,음식,5
09-07,23,월요일,22.0,0.0,0.0,1873,경기도,안산시 상록구,음식,1
09-08,10,화요일,24.6,0.0,0.0,1993,경기도,안산시 상록구,음식,22
09-08,11,화요일,24.4,0.0,0.0,1999,경기도,안산시 상록구,음식,59
09-08,12,화요일,24.7,0.0,0.0,2000,경기도,안산시 상록구,음식,99
09-08,13,화요일,26.1,0.0,0.0,1997,경기도,안산시 상록구,음식,75
09-08,14,화요일,26.2,0.0,0.0,2000,경기도,안산시 상록구,음식,70
09-08,15,화요일,26.5,0.0,0.0,2000,경기도,안산시 상록구,음식,46
09-08,16,화요일,26.4,0.0,0.0,1980,경기도,안산시 상록구,음식,44
09-08,17,화요일,26.2,0.0,0.0,1946,경기도,안산시 상록구,음식,105
09-08,18,화요일,24.5,0.0,0.0,2000,경기도,안산시 상록구,음식,174
09-08,19,화요일,23.3,0.0,0.0,1463,경기도,안산시 상록구,음식,171
09-08,20,화요일,21.9,0.0,0.0,651,경기도,안산시 상록구,음식,154
09-08,21,화요일,21.7,0.0,0.0,689,경기도,안산시 상록구,음식,118
09-08,22,화요일,21.3,0.0,0.0,601,경기도,안산시 상록구,음식,89
09-08,23,화요일,21.9,0.0,0.0,527,경기도,안산시 상록구,음식,59
09-09,0,수요일,21.8,0.0,0.0,500,경기도,안산시 상록구,음식,47
09-09,1,수요일,21.7,0.0,0.0,598,경기도,안산시 상록구,음식,13
09-09,2,수요일,21.6,0.0,0.0,544,경기도,안산시 상록구,음식,15
09-09,10,수요일,22.1,0.0,0.0,1254,경기도,안산시 상록구,음식,15
09-09,11,수요일,22.8,0.0,0.0,1416,경기도,안산시 상록구,음식,65
09-09,12,수요일,23.7,0.0,0.0,1814,경기도,안산시 상록구,음식,89
09-09,13,수요일,24.8,0.0,0.0,1712,경기도,안산시 상록구,음식,68
09-09,14,수요일,24.4,0.0,0.0,1697,경기도,안산시 상록구,음식,61
09-09,15,수요일,23.2,0.0,0.0,1912,경기도,안산시 상록구,음식,53
09-09,16,수요일,20.1,3.4,0.0,1820,경기도,안산시 상록구,음식,54
09-09,17,수요일,20.3,0.3,0.0,1861,경기도,안산시 상록구,음식,107
09-09,18,수요일,19.1,4.8,0.0,1100,경기도,안산시 상록구,음식,189
09-09,19,수요일,18.6,0.3,0.0,1953,경기도,안산시 상록구,음식,198
09-09,20,수요일,18.0,0.0,0.0,1820,경기도,안산시 상록구,음식,135
09-09,21,수요일,17.8,0.0,0.0,1078,경기도,안산시 상록구,음식,109
09-09,22,수요일,18.0,0.0,0.0,960,경기도,안산시 상록구,음식,71
09-09,23,수요일,18.0,0.0,0.0,782,경기도,안산시 상록구,음식,46
09-10,0,목요일,18.1,0.0,0.0,678,경기도,안산시 상록구,음식,38
09-10,1,목요일,18.4,0.0,0.0,568,경기도,안산시 상록구,음식,20
09-10,2,목요일,18.6,0.0,0.0,511,경기도,안산시 상록구,음식,25
09-10,10,목요일,22.8,0.0,0.0,762,경기도,안산시 상록구,음식,23
09-10,11,목요일,24.2,0.0,0.0,750,경기도,안산시 상록구,음식,75
09-10,12,목요일,24.5,0.0,0.0,741,경기도,안산시 상록구,음식,81
09-10,13,목요일,24.9,0.0,0.0,1301,경기도,안산시 상록구,음식,62
09-10,14,목요일,25.5,0.0,0.0,1715,경기도,안산시 상록구,음식,58
09-10,15,목요일,25.8,0.0,0.0,1778,경기도,안산시 상록구,음식,44
09-10,16,목요일,26.4,0.0,0.0,1804,경기도,안산시 상록구,음식,43
09-10,17,목요일,26.6,0.0,0.0,1896,경기도,안산시 상록구,음식,89
09-10,18,목요일,25.6,0.0,0.0,1901,경기도,안산시 상록구,음식,191
09-10,19,목요일,24.0,0.0,0.0,1705,경기도,안산시 상록구,음식,198
09-10,20,목요일,22.8,0.0,0.0,668,경기도,안산시 상록구,음식,158
09-10,21,목요일,22.4,0.0,0.0,700,경기도,안산시 상록구,음식,143
09-10,22,목요일,22.1,0.0,0.0,499,경기도,안산시 상록구,음식,97
09-10,23,목요일,22.3,0.0,0.0,604,경기도,안산시 상록구,음식,59
09-11,0,금요일,21.4,0.0,0.0,519,경기도,안산시 상록구,음식,29
09-11,1,금요일,21.0,0.0,0.0,487,경기도,안산시 상록구,음식,25
09-11,2,금요일,20.5,0.0,0.0,321,경기도,안산시 상록구,음식,18
09-11,10,금요일,24.9,0.0,0.0,1992,경기도,안산시 상록구,음식,21
09-11,11,금요일,25.9,0.0,0.0,1959,경기도,안산시 상록구,음식,67
09-11,12,금요일,25.9,0.0,0.0,1997,경기도,안산시 상록구,음식,88
09-11,13,금요일,25.6,0.0,0.0,2012,경기도,안산시 상록구,음식,58
09-11,14,금요일,25.2,0.0,0.0,1994,경기도,안산시 상록구,음식,57
09-11,15,금요일,23.6,0.1,0.0,1935,경기도,안산시 상록구,음식,53
09-11,16,금요일,23.8,0.0,0.0,1996,경기도,안산시 상록구,음식,57
09-11,17,금요일,24.3,0.0,0.0,2000,경기도,안산시 상록구,음식,91
09-11,18,금요일,23.8,0.0,0.0,2000,경기도,안산시 상록구,음식,187
09-11,19,금요일,23.5,0.0,0.0,2064,경기도,안산시 상록구,음식,229
09-11,20,금요일,22.2,0.2,0.0,1712,경기도,안산시 상록구,음식,213
09-11,21,금요일,21.4,0.3,0.0,1787,경기도,안산시 상록구,음식,214
09-11,22,금요일,20.2,0.6,0.0,1574,경기도,안산시 상록구,음식,130
09-11,23,금요일,19.0,2.0,0.0,844,경기도,안산시 상록구,음식,86
09-12,0,토요일,18.5,3.1,0.0,974,경기도,안산시 상록구,음식,33
09-12,1,토요일,18.5,0.9,0.0,1777,경기도,안산시 상록구,음식,31
09-12,2,토요일,18.0,2.0,0.0,1100,경기도,안산시 상록구,음식,23
09-12,10,토요일,20.0,0.2,0.0,1785,경기도,안산시 상록구,음식,29
09-12,11,토요일,20.7,0.0,0.0,2000,경기도,안산시 상록구,음식,68
09-12,12,토요일,21.3,0.1,0.0,2000,경기도,안산시 상록구,음식,124
09-12,13,토요일,21.3,0.2,0.0,1900,경기도,안산시 상록구,음식,107
09-12,14,토요일,21.6,0.6,0.0,2000,경기도,안산시 상록구,음식,85
09-12,15,토요일,21.8,0.0,0.0,1990,경기도,안산시 상록구,음식,91
09-12,16,토요일,21.9,0.0,0.0,2000,경기도,안산시 상록구,음식,79
09-12,17,토요일,21.9,0.0,0.0,2000,경기도,안산시 상록구,음식,131
09-12,18,토요일,21.7,0.0,0.0,1995,경기도,안산시 상록구,음식,213
09-12,19,토요일,20.4,0.5,0.0,2000,경기도,안산시 상록구,음식,189
09-12,20,토요일,20.5,0.0,0.0,1950,경기도,안산시 상록구,음식,160
09-12,21,토요일,20.3,0.0,0.0,2000,경기도,안산시 상록구,음식,137
09-12,22,토요일,20.0,0.0,0.0,2000,경기도,안산시 상록구,음식,123
09-12,23,토요일,19.6,0.0,0.0,2000,경기도,안산시 상록구,음식,82
09-13,0,일요일,18.7,0.0,0.0,2000,경기도,안산시 상록구,음식,57
09-13,1,일요일,19.1,0.0,0.0,1955,경기도,안산시 상록구,음식,40
09-13,2,일요일,19.2,0.0,0.0,2000,경기도,안산시 상록구,음식,21
09-13,3,일요일,18.9,0.0,0.0,2000,경기도,안산시 상록구,음식,1
09-13,10,일요일,22.5,0.0,0.0,2000,경기도,안산시 상록구,음식,37
09-13,11,일요일,22.7,0.0,0.0,1997,경기도,안산시 상록구,음식,92
09-13,12,일요일,24.2,0.0,0.0,2000,경기도,안산시 상록구,음식,120
09-13,13,일요일,24.9,0.0,0.0,1992,경기도,안산시 상록구,음식,105
09-13,14,일요일,26.1,0.0,0.0,2000,경기도,안산시 상록구,음식,83
09-13,15,일요일,25.6,0.0,0.0,2000,경기도,안산시 상록구,음식,87
09-13,16,일요일,24.9,0.0,0.0,2000,경기도,안산시 상록구,음식,81
09-13,17,일요일,24.1,0.0,0.0,2000,경기도,안산시 상록구,음식,132
09-13,18,일요일,23.9,0.0,0.0,2000,경기도,안산시 상록구,음식,214
09-13,19,일요일,22.2,0.0,0.0,2000,경기도,안산시 상록구,음식,170
09-13,20,일요일,21.1,0.0,0.0,2000,경기도,안산시 상록구,음식,132
09-13,21,일요일,20.4,0.0,0.0,2000,경기도,안산시 상록구,음식,106
09-13,22,일요일,20.3,0.0,0.0,2000,경기도,안산시 상록구,음식,78
09-13,23,일요일,20.0,0.0,0.0,2000,경기도,안산시 상록구,음식,57
09-14,0,월요일,19.1,0.0,0.0,2000,경기도,안산시 상록구,음식,28
09-14,1,월요일,18.5,0.0,0.0,2000,경기도,안산시 상록구,음식,13
09-14,2,월요일,17.9,0.0,0.0,1677,경기도,안산시 상록구,음식,17
09-14,10,월요일,22.8,0.0,0.0,1841,경기도,안산시 상록구,음식,19
09-14,11,월요일,23.6,0.0,0.0,1933,경기도,안산시 상록구,음식,52
09-14,12,월요일,24.9,0.0,0.0,1983,경기도,안산시 상록구,음식,78
09-14,13,월요일,24.6,0.0,0.0,1968,경기도,안산시 상록구,음식,63
09-14,14,월요일,25.0,0.0,0.0,1975,경기도,안산시 상록구,음식,39
09-14,15,월요일,24.8,0.0,0.0,1905,경기도,안산시 상록구,음식,40
09-14,16,월요일,25.0,0.0,0.0,1966,경기도,안산시 상록구,음식,38
09-14,17,월요일,23.9,0.0,0.0,1961,경기도,안산시 상록구,음식,83
09-14,18,월요일,23.1,0.0,0.0,1981,경기도,안산시 상록구,음식,138
09-14,19,월요일,21.9,0.0,0.0,1638,경기도,안산시 상록구,음식,126
09-14,20,월요일,21.5,0.0,0.0,1385,경기도,안산시 상록구,음식,87
09-14,21,월요일,20.4,0.0,0.0,862,경기도,안산시 상록구,음식,68
09-14,22,월요일,20.9,0.0,0.0,811,경기도,안산시 상록구,음식,48
09-14,23,월요일,20.3,0.0,0.0,685,경기도,안산시 상록구,음식,42
09-15,0,화요일,19.9,0.0,0.0,592,경기도,안산시 상록구,음식,27
09-15,1,화요일,19.8,0.0,0.0,517,경기도,안산시 상록구,음식,18
09-15,2,화요일,19.9,0.0,0.0,606,경기도,안산시 상록구,음식,9
09-15,10,화요일,22.8,0.0,0.0,632,경기도,안산시 상록구,음식,15
09-15,11,화요일,24.1,0.0,0.0,899,경기도,안산시 상록구,음식,60
09-15,12,화요일,24.5,0.0,0.0,1555,경기도,안산시 상록구,음식,67
09-15,13,화요일,26.1,0.0,0.0,1906,경기도,안산시 상록구,음식,59
09-15,14,화요일,26.4,0.0,0.0,1978,경기도,안산시 상록구,음식,54
09-15,15,화요일,26.8,0.0,0.0,1887,경기도,안산시 상록구,음식,40
09-15,16,화요일,26.8,0.0,0.0,1938,경기도,안산시 상록구,음식,40
09-15,17,화요일,26.4,0.0,0.0,2000,경기도,안산시 상록구,음식,72
09-15,18,화요일,24.4,0.0,0.0,1796,경기도,안산시 상록구,음식,130
09-15,19,화요일,22.8,0.0,0.0,1037,경기도,안산시 상록구,음식,137
09-15,20,화요일,22.4,0.0,0.0,896,경기도,안산시 상록구,음식,98
09-15,21,화요일,21.9,0.0,0.0,2000,경기도,안산시 상록구,음식,106
09-15,22,화요일,22.0,0.0,0.0,1251,경기도,안산시 상록구,음식,72
09-15,23,화요일,22.3,0.0,0.0,1396,경기도,안산시 상록구,음식,40
09-16,0,수요일,22.3,0.0,0.0,509,경기도,안산시 상록구,음식,31
09-16,1,수요일,22.0,0.0,0.0,501,경기도,안산시 상록구,음식,29
09-16,2,수요일,21.7,0.0,0.0,389,경기도,안산시 상록구,음식,11
09-16,10,수요일,23.3,0.0,0.0,1185,경기도,안산시 상록구,음식,16
09-16,11,수요일,24.1,0.0,0.0,1876,경기도,안산시 상록구,음식,71
09-16,12,수요일,24.8,0.0,0.0,1445,경기도,안산시 상록구,음식,81
09-16,13,수요일,24.2,0.0,0.0,1958,경기도,안산시 상록구,음식,69
09-16,14,수요일,22.8,0.0,0.0,1995,경기도,안산시 상록구,음식,41
09-16,15,수요일,22.1,0.0,0.0,2000,경기도,안산시 상록구,음식,43
09-16,16,수요일,21.1,0.0,0.0,1982,경기도,안산시 상록구,음식,48
09-16,17,수요일,21.4,0.0,0.0,2000,경기도,안산시 상록구,음식,78
09-16,18,수요일,21.3,0.0,0.0,2000,경기도,안산시 상록구,음식,151
09-16,19,수요일,21.0,0.0,0.0,2000,경기도,안산시 상록구,음식,166
09-16,20,수요일,20.9,0.0,0.0,1733,경기도,안산시 상록구,음식,127
09-16,21,수요일,20.9,0.0,0.0,710,경기도,안산시 상록구,음식,120
09-16,22,수요일,21.1,0.0,0.0,985,경기도,안산시 상록구,음식,57
09-16,23,수요일,20.5,0.0,0.0,550,경기도,안산시 상록구,음식,45
09-17,0,목요일,19.8,0.0,0.0,671,경기도,안산시 상록구,음식,40
09-17,1,목요일,19.9,0.0,0.0,467,경기도,안산시 상록구,음식,25
09-17,2,목요일,19.6,0.0,0.0,546,경기도,안산시 상록구,음식,15
09-17,3,목요일,19.1,0.0,0.0,459,경기도,안산시 상록구,음식,1
09-17,10,목요일,21.8,0.0,0.0,1618,경기도,안산시 상록구,음식,15
09-17,11,목요일,22.5,0.0,0.0,1994,경기도,안산시 상록구,음식,75
09-17,12,목요일,22.9,0.0,0.0,1961,경기도,안산시 상록구,음식,90
09-17,13,목요일,23.3,0.0,0.0,2000,경기도,안산시 상록구,음식,51
09-17,14,목요일,23.3,0.0,0.0,2000,경기도,안산시 상록구,음식,51
09-17,15,목요일,23.4,0.0,0.0,2000,경기도,안산시 상록구,음식,45
09-17,16,목요일,23.3,0.0,0.0,2000,경기도,안산시 상록구,음식,48
09-17,17,목요일,22.8,0.0,0.0,2000,경기도,안산시 상록구,음식,83
09-17,18,목요일,21.8,0.0,0.0,2000,경기도,안산시 상록구,음식,150
09-17,19,목요일,20.3,0.0,0.0,2000,경기도,안산시 상록구,음식,123
09-17,20,목요일,19.6,0.0,0.0,2000,경기도,안산시 상록구,음식,119
09-17,21,목요일,19.3,0.0,0.0,2000,경기도,안산시 상록구,음식,79
09-17,22,목요일,19.2,0.0,0.0,2000,경기도,안산시 상록구,음식,48
09-17,23,목요일,19.0,0.0,0.0,2000,경기도,안산시 상록구,음식,41
09-18,0,금요일,18.8,0.0,0.0,2000,경기도,안산시 상록구,음식,27
09-18,1,금요일,18.8,0.0,0.0,2000,경기도,안산시 상록구,음식,19
09-18,2,금요일,18.7,0.0,0.0,1900,경기도,안산시 상록구,음식,12
09-18,10,금요일,23.3,0.0,0.0,1996,경기도,안산시 상록구,음식,26
09-18,11,금요일,23.8,0.0,0.0,1998,경기도,안산시 상록구,음식,68
09-18,12,금요일,24.6,0.0,0.0,2000,경기도,안산시 상록구,음식,98
09-18,13,금요일,25.2,0.0,0.0,2027,경기도,안산시 상록구,음식,62
09-18,14,금요일,25.3,0.0,0.0,2000,경기도,안산시 상록구,음식,52
09-18,15,금요일,25.4,0.0,0.0,1999,경기도,안산시 상록구,음식,54
09-18,16,금요일,24.6,0.0,0.0,2000,경기도,안산시 상록구,음식,47
09-18,17,금요일,23.4,0.0,0.0,2000,경기도,안산시 상록구,음식,84
09-18,18,금요일,22.6,0.0,0.0,2000,경기도,안산시 상록구,음식,169
09-18,19,금요일,21.2,0.0,0.0,2032,경기도,안산시 상록구,음식,198
09-18,20,금요일,20.3,0.0,0.0,2000,경기도,안산시 상록구,음식,162
09-18,21,금요일,19.8,0.0,0.0,1994,경기도,안산시 상록구,음식,109
09-18,22,금요일,19.2,0.0,0.0,1755,경기도,안산시 상록구,음식,98
09-18,23,금요일,18.9,0.0,0.0,1668,경기도,안산시 상록구,음식,82
09-19,0,토요일,18.4,0.0,0.0,1195,경기도,안산시 상록구,음식,36
09-19,1,토요일,18.4,0.0,0.0,643,경기도,안산시 상록구,음식,32
09-19,2,토요일,17.6,0.0,0.0,536,경기도,안산시 상록구,음식,16
09-19,10,토요일,17.9,0.2,0.0,1999,경기도,안산시 상록구,음식,24
09-19,11,토요일,20.8,0.0,0.0,2000,경기도,안산시 상록구,음식,86
09-19,12,토요일,23.0,0.0,0.0,2000,경기도,안산시 상록구,음식,103
09-19,13,토요일,25.1,0.0,0.0,1955,경기도,안산시 상록구,음식,100
09-19,14,토요일,25.9,0.0,0.0,2000,경기도,안산시 상록구,음식,82
09-19,15,토요일,25.6,0.0,0.0,1998,경기도,안산시 상록구,음식,65
09-19,16,토요일,25.3,0.0,0.0,1950,경기도,안산시 상록구,음식,76
09-19,17,토요일,24.4,0.0,0.0,2000,경기도,안산시 상록구,음식,99
09-19,18,토요일,22.6,0.0,0.0,2000,경기도,안산시 상록구,음식,140
09-19,19,토요일,21.1,0.0,0.0,2000,경기도,안산시 상록구,음식,147
09-19,20,토요일,20.0,0.0,0.0,2000,경기도,안산시 상록구,음식,124
09-19,21,토요일,18.9,0.0,0.0,2000,경기도,안산시 상록구,음식,101
09-19,22,토요일,18.1,0.0,0.0,2000,경기도,안산시 상록구,음식,82
09-19,23,토요일,17.6,0.0,0.0,2000,경기도,안산시 상록구,음식,62
09-20,0,일요일,16.7,0.0,0.0,2000,경기도,안산시 상록구,음식,40
09-20,1,일요일,15.4,0.0,0.0,2000,경기도,안산시 상록구,음식,27
09-20,2,일요일,14.5,0.0,0.0,2000,경기도,안산시 상록구,음식,22
09-20,10,일요일,21.3,0.0,0.0,1998,경기도,안산시 상록구,음식,32
09-20,11,일요일,22.5,0.0,0.0,1918,경기도,안산시 상록구,음식,58
09-20,12,일요일,23.5,0.0,0.0,2000,경기도,안산시 상록구,음식,103
09-20,13,일요일,24.0,0.0,0.0,2000,경기도,안산시 상록구,음식,107
09-20,14,일요일,23.9,0.0,0.0,1998,경기도,안산시 상록구,음식,85
09-20,15,일요일,24.3,0.0,0.0,2000,경기도,안산시 상록구,음식,71
09-20,16,일요일,23.4,0.0,0.0,2000,경기도,안산시 상록구,음식,103
09-20,17,일요일,22.8,0.0,0.0,2000,경기도,안산시 상록구,음식,134
09-20,18,일요일,21.2,0.0,0.0,2000,경기도,안산시 상록구,음식,153
09-20,19,일요일,18.9,0.0,0.0,1995,경기도,안산시 상록구,음식,173
09-20,20,일요일,18.2,0.0,0.0,2000,경기도,안산시 상록구,음식,113
09-20,21,일요일,17.4,0.0,0.0,2000,경기도,안산시 상록구,음식,73
09-20,22,일요일,16.4,0.0,0.0,2000,경기도,안산시 상록구,음식,52
09-20,23,일요일,15.8,0.0,0.0,1999,경기도,안산시 상록구,음식,46
09-21,0,월요일,15.2,0.0,0.0,2000,경기도,안산시 상록구,음식,24
09-21,1,월요일,14.5,0.0,0.0,1995,경기도,안산시 상록구,음식,19
09-21,2,월요일,13.9,0.0,0.0,1985,경기도,안산시 상록구,음식,10
09-21,10,월요일,19.9,0.0,0.0,1893,경기도,안산시 상록구,음식,10
09-21,11,월요일,21.3,0.0,0.0,1898,경기도,안산시 상록구,음식,60
09-21,12,월요일,22.8,0.0,0.0,2000,경기도,안산시 상록구,음식,61
09-21,13,월요일,23.3,0.0,0.0,1982,경기도,안산시 상록구,음식,55
09-21,14,월요일,23.8,0.0,0.0,1995,경기도,안산시 상록구,음식,48
09-21,15,월요일,23.4,0.0,0.0,2000,경기도,안산시 상록구,음식,45
09-21,16,월요일,23.8,0.0,0.0,2000,경기도,안산시 상록구,음식,43
09-21,17,월요일,23.7,0.0,0.0,2000,경기도,안산시 상록구,음식,63
09-21,18,월요일,20.9,0.0,0.0,1995,경기도,안산시 상록구,음식,144
09-21,19,월요일,19.8,0.0,0.0,1998,경기도,안산시 상록구,음식,117
09-21,20,월요일,18.7,0.0,0.0,1835,경기도,안산시 상록구,음식,100
09-21,21,월요일,18.0,0.0,0.0,1820,경기도,안산시 상록구,음식,86
09-21,22,월요일,16.6,0.0,0.0,1704,경기도,안산시 상록구,음식,49
09-21,23,월요일,16.0,0.0,0.0,1811,경기도,안산시 상록구,음식,34
09-22,10,화요일,20.7,0.0,0.0,1999,경기도,안산시 상록구,음식,2
09-22,11,화요일,21.4,0.0,0.0,1951,경기도,안산시 상록구,음식,6
09-22,12,화요일,22.5,0.0,0.0,1986,경기도,안산시 상록구,음식,1
09-22,13,화요일,23.8,0.0,0.0,1966,경기도,안산시 상록구,음식,5
09-22,14,화요일,24.5,0.0,0.0,2000,경기도,안산시 상록구,음식,3
09-22,15,화요일,24.5,0.0,0.0,2000,경기도,안산시 상록구,음식,1
09-22,17,화요일,23.8,0.0,0.0,2000,경기도,안산시 상록구,음식,7
09-22,18,화요일,23.3,0.0,0.0,2000,경기도,안산시 상록구,음식,11
09-22,19,화요일,22.4,0.0,0.0,2000,경기도,안산시 상록구,음식,10
09-22,20,화요일,21.8,0.0,0.0,2000,경기도,안산시 상록구,음식,10
09-22,21,화요일,21.2,0.0,0.0,2000,경기도,안산시 상록구,음식,5
09-22,22,화요일,20.1,0.0,0.0,2000,경기도,안산시 상록구,음식,1
09-22,23,화요일,19.1,0.0,0.0,2000,경기도,안산시 상록구,음식,4
09-23,0,수요일,17.8,0.0,0.0,2000,경기도,안산시 상록구,음식,2
09-23,1,수요일,18.0,0.0,0.0,2000,경기도,안산시 상록구,음식,1
09-23,10,수요일,19.6,0.0,0.0,2000,경기도,안산시 상록구,음식,1
09-23,11,수요일,20.6,0.0,0.0,1996,경기도,안산시 상록구,음식,8
09-23,12,수요일,21.0,0.0,0.0,2000,경기도,안산시 상록구,음식,3
09-23,13,수요일,22.4,0.0,0.0,2000,경기도,안산시 상록구,음식,6
09-23,14,수요일,22.4,0.0,0.0,2000,경기도,안산시 상록구,음식,4
09-23,15,수요일,22.8,0.0,0.0,2000,경기도,안산시 상록구,음식,3
09-23,16,수요일,23.0,0.0,0.0,2000,경기도,안산시 상록구,음식,3
09-23,17,수요일,22.6,0.0,0.0,2000,경기도,안산시 상록구,음식,3
09-23,18,수요일,21.7,0.0,0.0,2000,경기도,안산시 상록구,음식,11
09-23,19,수요일,21.0,0.0,0.0,2000,경기도,안산시 상록구,음식,8
09-23,20,수요일,20.6,0.0,0.0,2000,경기도,안산시 상록구,음식,12
09-23,21,수요일,20.1,0.0,0.0,2000,경기도,안산시 상록구,음식,9
09-23,22,수요일,19.9,0.0,0.0,2000,경기도,안산시 상록구,음식,2
09-23,23,수요일,19.7,0.0,0.0,2000,경기도,안산시 상록구,음식,2
09-24,0,목요일,18.9,0.0,0.0,2000,경기도,안산시 상록구,음식,2
09-24,1,목요일,18.7,0.0,0.0,2000,경기도,안산시 상록구,음식,1
09-24,2,목요일,18.5,0.0,0.0,2000,경기도,안산시 상록구,음식,4
09-24,11,목요일,22.7,0.0,0.0,2000,경기도,안산시 상록구,음식,2
09-24,12,목요일,24.1,0.0,0.0,1991,경기도,안산시 상록구,음식,4
09-24,13,목요일,23.8,0.0,0.0,2000,경기도,안산시 상록구,음식,5
09-24,14,목요일,25.4,0.0,0.0,2000,경기도,안산시 상록구,음식,3
09-24,15,목요일,25.1,0.0,0.0,2000,경기도,안산시 상록구,음식,1
09-24,16,목요일,25.2,0.0,0.0,2000,경기도,안산시 상록구,음식,1
09-24,17,목요일,24.0,0.0,0.0,2000,경기도,안산시 상록구,음식,3
09-24,18,목요일,23.2,0.0,0.0,2000,경기도,안산시 상록구,음식,6
09-24,19,목요일,22.3,0.0,0.0,2000,경기도,안산시 상록구,음식,11
09-24,20,목요일,21.5,0.0,0.0,2000,경기도,안산시 상록구,음식,4
09-24,21,목요일,20.8,0.0,0.0,2000,경기도,안산시 상록구,음식,6
09-24,22,목요일,20.0,0.0,0.0,2000,경기도,안산시 상록구,음식,4
09-24,23,목요일,19.4,0.0,0.0,2000,경기도,안산시 상록구,음식,5
09-25,0,금요일,19.1,0.0,0.0,2000,경기도,안산시 상록구,음식,1
09-25,1,금요일,18.9,0.0,0.0,2000,경기도,안산시 상록구,음식,3
09-25,2,금요일,16.9,0.0,0.0,2000,경기도,안산시 상록구,음식,3
09-25,10,금요일,22.7,0.0,0.0,2000,경기도,안산시 상록구,음식,1
09-25,11,금요일,23.5,0.0,0.0,1999,경기도,안산시 상록구,음식,3
09-25,12,금요일,24.2,0.0,0.0,2000,경기도,안산시 상록구,음식,3
09-25,13,금요일,24.8,0.0,0.0,2000,경기도,안산시 상록구,음식,5
09-25,14,금요일,24.7,0.0,0.0,2000,경기도,안산시 상록구,음식,5
09-25,15,금요일,24.8,0.0,0.0,2000,경기도,안산시 상록구,음식,1
09-25,16,금요일,24.8,0.0,0.0,1992,경기도,안산시 상록구,음식,2
09-25,17,금요일,23.4,0.0,0.0,1996,경기도,안산시 상록구,음식,6
09-25,18,금요일,22.5,0.0,0.0,2000,경기도,안산시 상록구,음식,6
09-25,19,금요일,21.6,0.0,0.0,2000,경기도,안산시 상록구,음식,13
09-25,20,금요일,20.9,0.0,0.0,2000,경기도,안산시 상록구,음식,8
09-25,21,금요일,20.1,0.0,0.0,2000,경기도,안산시 상록구,음식,6
09-25,22,금요일,19.8,0.0,0.0,2000,경기도,안산시 상록구,음식,6
09-25,23,금요일,18.8,0.0,0.0,2000,경기도,안산시 상록구,음식,4
09-26,12,토요일,22.6,0.0,0.0,2000,경기도,안산시 상록구,음식,12
09-26,13,토요일,24.3,0.0,0.0,2000,경기도,안산시 상록구,음식,165
09-26,14,토요일,24.5,0.0,0.0,1987,경기도,안산시 상록구,음식,164
09-26,15,토요일,23.7,0.0,0.0,2000,경기도,안산시 상록구,음식,140
09-26,16,토요일,23.6,0.0,0.0,2000,경기도,안산시 상록구,음식,154
09-26,17,토요일,23.4,0.0,0.0,2000,경기도,안산시 상록구,음식,147
09-26,18,토요일,22.2,0.0,0.0,2000,경기도,안산시 상록구,음식,170
09-26,19,토요일,20.9,0.0,0.0,2000,경기도,안산시 상록구,음식,175
09-26,20,토요일,20.0,0.0,0.0,2000,경기도,안산시 상록구,음식,148
09-26,21,토요일,19.5,0.0,0.0,2000,경기도,안산시 상록구,음식,110
09-26,22,토요일,19.2,0.0,0.0,2000,경기도,안산시 상록구,음식,70
09-26,23,토요일,18.8,0.0,0.0,2000,경기도,안산시 상록구,음식,66
09-27,0,일요일,17.6,0.0,0.0,2000,경기도,안산시 상록구,음식,53
09-27,1,일요일,17.8,0.0,0.0,2000,경기도,안산시 상록구,음식,25
09-27,2,일요일,17.1,0.0,0.0,2000,경기도,안산시 상록구,음식,16
09-27,10,일요일,20.9,0.0,0.0,1908,경기도,안산시 상록구,음식,42
09-27,11,일요일,22.2,0.0,0.0,2037,경기도,안산시 상록구,음식,81
09-27,12,일요일,23.3,0.0,0.0,2000,경기도,안산시 상록구,음식,119
09-27,13,일요일,24.1,0.0,0.0,2000,경기도,안산시 상록구,음식,98
09-27,14,일요일,25.0,0.0,0.0,2000,경기도,안산시 상록구,음식,81
09-27,15,일요일,25.8,0.0,0.0,2000,경기도,안산시 상록구,음식,74
09-27,16,일요일,24.3,0.0,0.0,2000,경기도,안산시 상록구,음식,89
09-27,17,일요일,24.8,0.0,0.0,2000,경기도,안산시 상록구,음식,123
09-27,18,일요일,22.4,0.0,0.0,2000,경기도,안산시 상록구,음식,181
09-27,19,일요일,20.3,0.0,0.0,2091,경기도,안산시 상록구,음식,167
09-27,20,일요일,19.6,0.0,0.0,2000,경기도,안산시 상록구,음식,109
09-27,21,일요일,19.0,0.0,0.0,2000,경기도,안산시 상록구,음식,91
09-27,22,일요일,18.0,0.0,0.0,2000,경기도,안산시 상록구,음식,58
09-27,23,일요일,16.9,0.0,0.0,1999,경기도,안산시 상록구,음식,51
09-28,0,월요일,16.4,0.0,0.0,1965,경기도,안산시 상록구,음식,39
09-28,1,월요일,16.5,0.0,0.0,2000,경기도,안산시 상록구,음식,19
09-28,2,월요일,15.3,0.0,0.0,1827,경기도,안산시 상록구,음식,19
09-28,10,월요일,20.9,0.0,0.0,1866,경기도,안산시 상록구,음식,29
09-28,11,월요일,22.6,0.0,0.0,2038,경기도,안산시 상록구,음식,43
09-28,12,월요일,24.3,0.0,0.0,1962,경기도,안산시 상록구,음식,89
09-28,13,월요일,24.9,0.0,0.0,2005,경기도,안산시 상록구,음식,64
09-28,14,월요일,24.3,0.0,0.0,2000,경기도,안산시 상록구,음식,43
09-28,15,월요일,26.0,0.0,0.0,2000,경기도,안산시 상록구,음식,39
09-28,16,월요일,25.3,0.0,0.0,1995,경기도,안산시 상록구,음식,47
09-28,17,월요일,24.2,0.0,0.0,2000,경기도,안산시 상록구,음식,89
09-28,18,월요일,22.5,0.0,0.0,2000,경기도,안산시 상록구,음식,131
09-28,19,월요일,20.0,0.0,0.0,2000,경기도,안산시 상록구,음식,143
09-28,20,월요일,19.4,0.0,0.0,1936,경기도,안산시 상록구,음식,99
09-28,21,월요일,18.8,0.0,0.0,1736,경기도,안산시 상록구,음식,97
09-28,22,월요일,17.7,0.0,0.0,1800,경기도,안산시 상록구,음식,66
09-28,23,월요일,16.7,0.0,0.0,1768,경기도,안산시 상록구,음식,42
09-29,0,화요일,15.7,0.0,0.0,1799,경기도,안산시 상록구,음식,27
09-29,1,화요일,15.8,0.0,0.0,1686,경기도,안산시 상록구,음식,15
09-29,2,화요일,15.4,0.0,0.0,1623,경기도,안산시 상록구,음식,10
09-29,10,화요일,20.5,0.0,0.0,677,경기도,안산시 상록구,음식,18
09-29,11,화요일,22.3,0.0,0.0,1659,경기도,안산시 상록구,음식,62
09-29,12,화요일,23.3,0.0,0.0,1846,경기도,안산시 상록구,음식,100
09-29,13,화요일,23.3,0.0,0.0,1558,경기도,안산시 상록구,음식,61
09-29,14,화요일,23.9,0.0,0.0,2000,경기도,안산시 상록구,음식,48
09-29,15,화요일,23.9,0.0,0.0,1986,경기도,안산시 상록구,음식,51
09-29,16,화요일,23.2,0.0,0.0,1979,경기도,안산시 상록구,음식,46
09-29,17,화요일,22.4,0.0,0.0,2000,경기도,안산시 상록구,음식,102
09-29,18,화요일,21.1,0.0,0.0,2000,경기도,안산시 상록구,음식,188
09-29,19,화요일,20.0,0.0,0.0,2000,경기도,안산시 상록구,음식,183
09-29,20,화요일,19.4,0.0,0.0,1996,경기도,안산시 상록구,음식,151
09-29,21,화요일,18.7,0.0,0.0,1963,경기도,안산시 상록구,음식,114
09-29,22,화요일,18.7,0.0,0.0,2081,경기도,안산시 상록구,음식,85
09-29,23,화요일,17.3,0.0,0.0,1654,경기도,안산시 상록구,음식,46
09-30,0,수요일,16.9,0.0,0.0,1670,경기도,안산시 상록구,음식,40
09-30,1,수요일,16.6,0.0,0.0,1609,경기도,안산시 상록구,음식,24
09-30,2,수요일,15.8,0.0,0.0,1369,경기도,안산시 상록구,음식,17
09-30,10,수요일,20.8,0.0,0.0,1142,경기도,안산시 상록구,음식,25
09-30,11,수요일,21.9,0.0,0.0,1551,경기도,안산시 상록구,음식,57
09-30,12,수요일,23.2,0.0,0.0,1762,경기도,안산시 상록구,음식,81
09-30,13,수요일,24.7,0.0,0.0,1844,경기도,안산시 상록구,음식,82
09-30,14,수요일,24.0,0.0,0.0,1842,경기도,안산시 상록구,음식,83
09-30,15,수요일,22.8,0.0,0.0,1974,경기도,안산시 상록구,음식,68
09-30,16,수요일,18.7,5.4,0.0,815,경기도,안산시 상록구,음식,55
09-30,17,수요일,20.4,3.3,0.0,1357,경기도,안산시 상록구,음식,98
09-30,18,수요일,19.7,0.0,0.0,1039,경기도,안산시 상록구,음식,109
09-30,19,수요일,18.8,0.0,0.0,1440,경기도,안산시 상록구,음식,116
09-30,20,수요일,18.1,0.0,0.0,815,경기도,안산시 상록구,음식,82
09-30,21,수요일,18.3,0.0,0.0,565,경기도,안산시 상록구,음식,79
09-30,22,수요일,17.4,0.0,0.0,414,경기도,안산시 상록구,음식,57
09-30,23,수요일,17.6,0.0,0.0,563,경기도,안산시 상록구,음식,56
10-01,0,목요일,17.4,0.0,0.0,660,경기도,안산시 상록구,음식,47
10-01,1,목요일,16.7,0.0,0.0,365,경기도,안산시 상록구,음식,41
10-01,2,목요일,16.6,0.0,0.0,740,경기도,안산시 상록구,음식,25
10-01,10,목요일,19.6,0.0,0.0,1961,경기도,안산시 상록구,음식,11
10-01,11,목요일,20.9,0.0,0.0,1656,경기도,안산시 상록구,음식,19
10-01,12,목요일,21.4,0.0,0.0,1401,경기도,안산시 상록구,음식,45
10-01,13,목요일,22.1,0.0,0.0,1296,경기도,안산시 상록구,음식,39
10-01,14,목요일,22.7,0.0,0.0,1333,경기도,안산시 상록구,음식,51
10-01,15,목요일,23.7,0.0,0.0,1849,경기도,안산시 상록구,음식,47
10-01,16,목요일,22.8,0.0,0.0,1992,경기도,안산시 상록구,음식,41
10-01,17,목요일,21.3,0.0,0.0,1999,경기도,안산시 상록구,음식,64
10-01,18,목요일,19.9,0.0,0.0,2000,경기도,안산시 상록구,음식,116
10-01,19,목요일,18.5,0.0,0.0,2015,경기도,안산시 상록구,음식,115
10-01,20,목요일,17.7,0.0,0.0,2000,경기도,안산시 상록구,음식,107
10-01,21,목요일,16.8,0.0,0.0,2000,경기도,안산시 상록구,음식,66
10-01,22,목요일,17.4,0.0,0.0,1699,경기도,안산시 상록구,음식,74
10-01,23,목요일,17.2,0.0,0.0,1702,경기도,안산시 상록구,음식,37
10-02,0,금요일,17.1,0.0,0.0,1370,경기도,안산시 상록구,음식,31
10-02,1,금요일,15.6,0.0,0.0,1177,경기도,안산시 상록구,음식,38
10-02,2,금요일,14.9,0.0,0.0,870,경기도,안산시 상록구,음식,9
10-02,10,금요일,20.3,0.0,0.0,1846,경기도,안산시 상록구,음식,16
10-02,11,금요일,21.7,0.0,0.0,1798,경기도,안산시 상록구,음식,40
10-02,12,금요일,22.8,0.0,0.0,1835,경기도,안산시 상록구,음식,80
10-02,13,금요일,23.6,0.0,0.0,1929,경기도,안산시 상록구,음식,72
10-02,14,금요일,22.7,0.0,0.0,1955,경기도,안산시 상록구,음식,73
10-02,15,금요일,21.7,0.0,0.0,2000,경기도,안산시 상록구,음식,65
10-02,16,금요일,20.1,0.0,0.0,1989,경기도,안산시 상록구,음식,77
10-02,17,금요일,20.7,0.0,0.0,1736,경기도,안산시 상록구,음식,111
10-02,18,금요일,20.5,0.0,0.0,1921,경기도,안산시 상록구,음식,141
10-02,19,금요일,20.1,0.0,0.0,1716,경기도,안산시 상록구,음식,142
10-02,20,금요일,19.7,0.0,0.0,1903,경기도,안산시 상록구,음식,125
10-02,21,금요일,19.4,0.0,0.0,1185,경기도,안산시 상록구,음식,78
10-02,22,금요일,19.3,0.0,0.0,1042,경기도,안산시 상록구,음식,72
10-02,23,금요일,19.3,0.0,0.0,1012,경기도,안산시 상록구,음식,55
10-03,0,토요일,19.3,0.0,0.0,970,경기도,안산시 상록구,음식,49
10-03,1,토요일,19.2,0.0,0.0,778,경기도,안산시 상록구,음식,42
10-03,2,토요일,19.0,0.2,0.0,717,경기도,안산시 상록구,음식,26
10-03,10,토요일,19.4,0.0,0.0,616,경기도,안산시 상록구,음식,22
10-03,11,토요일,20.9,0.0,0.0,1163,경기도,안산시 상록구,음식,33
10-03,12,토요일,21.9,0.0,0.0,1783,경기도,안산시 상록구,음식,74
10-03,13,토요일,22.7,0.0,0.0,1790,경기도,안산시 상록구,음식,76
10-03,14,토요일,22.9,0.0,0.0,1666,경기도,안산시 상록구,음식,48
10-03,15,토요일,22.7,0.0,0.0,1842,경기도,안산시 상록구,음식,56
10-03,16,토요일,22.5,0.0,0.0,1734,경기도,안산시 상록구,음식,55
10-03,17,토요일,21.7,0.0,0.0,1820,경기도,안산시 상록구,음식,95
10-03,18,토요일,20.8,0.0,0.0,1950,경기도,안산시 상록구,음식,135
10-03,19,토요일,18.8,0.0,0.0,1989,경기도,안산시 상록구,음식,127
10-03,20,토요일,18.5,0.0,0.0,1815,경기도,안산시 상록구,음식,111
10-03,21,토요일,18.4,0.0,0.0,1427,경기도,안산시 상록구,음식,77
10-03,22,토요일,18.0,0.0,0.0,1577,경기도,안산시 상록구,음식,79
10-03,23,토요일,18.2,0.0,0.0,1601,경기도,안산시 상록구,음식,69
10-04,0,일요일,17.6,0.0,0.0,1007,경기도,안산시 상록구,음식,46
10-04,1,일요일,17.2,0.0,0.0,1057,경기도,안산시 상록구,음식,24
10-04,2,일요일,16.9,0.0,0.0,942,경기도,안산시 상록구,음식,20
10-04,10,일요일,19.6,0.0,0.0,1997,경기도,안산시 상록구,음식,27
10-04,11,일요일,21.2,0.0,0.0,1977,경기도,안산시 상록구,음식,64
10-04,12,일요일,21.4,0.0,0.0,2000,경기도,안산시 상록구,음식,86
10-04,13,일요일,21.3,0.0,0.0,1986,경기도,안산시 상록구,음식,94
10-04,14,일요일,21.7,0.0,0.0,2000,경기도,안산시 상록구,음식,77
10-04,15,일요일,20.8,0.0,0.0,2016,경기도,안산시 상록구,음식,71
10-04,16,일요일,20.1,0.0,0.0,2000,경기도,안산시 상록구,음식,89
10-04,17,일요일,19.7,0.0,0.0,2000,경기도,안산시 상록구,음식,139
10-04,18,일요일,17.8,0.0,0.0,1970,경기도,안산시 상록구,음식,166
10-04,19,일요일,15.2,0.0,0.0,2000,경기도,안산시 상록구,음식,147
10-04,20,일요일,13.9,0.0,0.0,2000,경기도,안산시 상록구,음식,121
10-04,21,일요일,12.6,0.0,0.0,2000,경기도,안산시 상록구,음식,98
10-04,22,일요일,12.6,0.0,0.0,2000,경기도,안산시 상록구,음식,57
10-04,23,일요일,12.1,0.0,0.0,2000,경기도,안산시 상록구,음식,41
10-05,0,월요일,11.5,0.0,0.0,2000,경기도,안산시 상록구,음식,34
10-05,1,월요일,10.7,0.0,0.0,2000,경기도,안산시 상록구,음식,25
10-05,2,월요일,10.1,0.0,0.0,2000,경기도,안산시 상록구,음식,12
10-05,10,월요일,15.5,0.0,0.0,2000,경기도,안산시 상록구,음식,12
10-05,11,월요일,16.7,0.0,0.0,2020,경기도,안산시 상록구,음식,48
10-05,12,월요일,17.3,0.0,0.0,1995,경기도,안산시 상록구,음식,75
10-05,13,월요일,17.7,0.0,0.0,1903,경기도,안산시 상록구,음식,63
10-05,14,월요일,17.6,0.0,0.0,2000,경기도,안산시 상록구,음식,48
10-05,15,월요일,17.8,0.0,0.0,2000,경기도,안산시 상록구,음식,30
10-05,16,월요일,18.1,0.0,0.0,2000,경기도,안산시 상록구,음식,36
10-05,17,월요일,17.5,0.0,0.0,2000,경기도,안산시 상록구,음식,66
10-05,18,월요일,16.4,0.0,0.0,2000,경기도,안산시 상록구,음식,146
10-05,19,월요일,15.5,0.0,0.0,2000,경기도,안산시 상록구,음식,126
10-05,20,월요일,14.4,0.0,0.0,1996,경기도,안산시 상록구,음식,110
10-05,21,월요일,13.8,0.0,0.0,2000,경기도,안산시 상록구,음식,60
10-05,22,월요일,13.8,0.0,0.0,2000,경기도,안산시 상록구,음식,52
10-05,23,월요일,13.0,0.0,0.0,2000,경기도,안산시 상록구,음식,37
10-06,0,화요일,12.3,0.0,0.0,2000,경기도,안산시 상록구,음식,12
10-06,1,화요일,11.6,0.0,0.0,1913,경기도,안산시 상록구,음식,9
10-06,2,화요일,10.8,0.0,0.0,2000,경기도,안산시 상록구,음식,5
10-06,10,화요일,15.5,0.0,0.0,1997,경기도,안산시 상록구,음식,14
10-06,11,화요일,16.5,0.0,0.0,1966,경기도,안산시 상록구,음식,57
10-06,12,화요일,17.6,0.0,0.0,1986,경기도,안산시 상록구,음식,72
10-06,13,화요일,18.6,0.0,0.0,1926,경기도,안산시 상록구,음식,75
10-06,14,화요일,19.0,0.0,0.0,1985,경기도,안산시 상록구,음식,49
10-06,15,화요일,19.3,0.0,0.0,2047,경기도,안산시 상록구,음식,50
10-06,16,화요일,19.4,0.0,0.0,2000,경기도,안산시 상록구,음식,55
10-06,17,화요일,18.3,0.0,0.0,2000,경기도,안산시 상록구,음식,75
10-06,18,화요일,16.3,0.0,0.0,2000,경기도,안산시 상록구,음식,148
10-06,19,화요일,15.3,0.0,0.0,2000,경기도,안산시 상록구,음식,159
10-06,20,화요일,14.6,0.0,0.0,2000,경기도,안산시 상록구,음식,113
10-06,21,화요일,13.3,0.0,0.0,2000,경기도,안산시 상록구,음식,96
10-06,22,화요일,12.4,0.0,0.0,2000,경기도,안산시 상록구,음식,62
10-06,23,화요일,11.8,0.0,0.0,2000,경기도,안산시 상록구,음식,53
10-07,0,수요일,10.9,0.0,0.0,2000,경기도,안산시 상록구,음식,27
10-07,1,수요일,10.3,0.0,0.0,2000,경기도,안산시 상록구,음식,24
10-07,2,수요일,11.0,0.0,0.0,2000,경기도,안산시 상록구,음식,11
10-07,10,수요일,17.3,0.0,0.0,1990,경기도,안산시 상록구,음식,17
10-07,11,수요일,18.0,0.0,0.0,2000,경기도,안산시 상록구,음식,68
10-07,12,수요일,19.3,0.0,0.0,1995,경기도,안산시 상록구,음식,84
10-07,13,수요일,20.5,0.0,0.0,1982,경기도,안산시 상록구,음식,65
10-07,14,수요일,20.5,0.0,0.0,2000,경기도,안산시 상록구,음식,40
10-07,15,수요일,21.2,0.0,0.0,1949,경기도,안산시 상록구,음식,34
10-07,16,수요일,20.3,0.0,0.0,2000,경기도,안산시 상록구,음식,36
10-07,17,수요일,19.9,0.0,0.0,2000,경기도,안산시 상록구,음식,84
10-07,18,수요일,19.1,0.0,0.0,2000,경기도,안산시 상록구,음식,151
10-07,19,수요일,17.7,0.0,0.0,2000,경기도,안산시 상록구,음식,159
10-07,20,수요일,16.0,0.0,0.0,2000,경기도,안산시 상록구,음식,96
10-07,21,수요일,15.6,0.0,0.0,2000,경기도,안산시 상록구,음식,73
10-07,22,수요일,16.2,0.0,0.0,2000,경기도,안산시 상록구,음식,62
10-07,23,수요일,14.8,0.0,0.0,2000,경기도,안산시 상록구,음식,56
10-08,0,목요일,12.7,0.0,0.0,2000,경기도,안산시 상록구,음식,35
10-08,1,목요일,14.6,0.0,0.0,2000,경기도,안산시 상록구,음식,23
10-08,2,목요일,14.5,0.0,0.0,2000,경기도,안산시 상록구,음식,8
10-08,10,목요일,17.9,0.0,0.0,2000,경기도,안산시 상록구,음식,14
10-08,11,목요일,19.3,0.0,0.0,2000,경기도,안산시 상록구,음식,48
10-08,12,목요일,21.1,0.0,0.0,1999,경기도,안산시 상록구,음식,80
10-08,13,목요일,20.8,0.0,0.0,2000,경기도,안산시 상록구,음식,68
10-08,14,목요일,22.1,0.0,0.0,1995,경기도,안산시 상록구,음식,36
10-08,15,목요일,22.2,0.0,0.0,1950,경기도,안산시 상록구,음식,39
10-08,16,목요일,23.0,0.0,0.0,2000,경기도,안산시 상록구,음식,51
10-08,17,목요일,22.3,0.0,0.0,2000,경기도,안산시 상록구,음식,60
10-08,18,목요일,21.2,0.0,0.0,2000,경기도,안산시 상록구,음식,133
10-08,19,목요일,19.8,0.0,0.0,1995,경기도,안산시 상록구,음식,168
10-08,20,목요일,19.0,0.0,0.0,2000,경기도,안산시 상록구,음식,127
10-08,21,목요일,17.4,0.0,0.0,2000,경기도,안산시 상록구,음식,132
10-08,22,목요일,17.0,0.0,0.0,2000,경기도,안산시 상록구,음식,94
10-08,23,목요일,14.6,0.0,0.0,2000,경기도,안산시 상록구,음식,60
10-09,0,금요일,14.2,0.0,0.0,1949,경기도,안산시 상록구,음식,22
10-09,1,금요일,14.3,0.0,0.0,2000,경기도,안산시 상록구,음식,20
10-09,2,금요일,14.0,0.0,0.0,2000,경기도,안산시 상록구,음식,18
10-09,10,금요일,18.3,0.0,0.0,1946,경기도,안산시 상록구,음식,22
10-09,11,금요일,19.5,0.0,0.0,2000,경기도,안산시 상록구,음식,58
10-09,12,금요일,20.8,0.0,0.0,1959,경기도,안산시 상록구,음식,96
10-09,13,금요일,21.7,0.0,0.0,1978,경기도,안산시 상록구,음식,104
10-09,14,금요일,22.3,0.0,0.0,1997,경기도,안산시 상록구,음식,85
10-09,15,금요일,22.9,0.0,0.0,2000,경기도,안산시 상록구,음식,73
10-09,16,금요일,23.1,0.0,0.0,2000,경기도,안산시 상록구,음식,69
10-09,17,금요일,22.5,0.0,0.0,2000,경기도,안산시 상록구,음식,110
10-09,18,금요일,21.0,0.0,0.0,2000,경기도,안산시 상록구,음식,185
10-09,19,금요일,19.4,0.0,0.0,2000,경기도,안산시 상록구,음식,157
10-09,20,금요일,18.3,0.0,0.0,2000,경기도,안산시 상록구,음식,141
10-09,21,금요일,17.2,0.0,0.0,2000,경기도,안산시 상록구,음식,83
10-09,22,금요일,16.7,0.0,0.0,2000,경기도,안산시 상록구,음식,81
10-09,23,금요일,16.4,0.0,0.0,1966,경기도,안산시 상록구,음식,64
10-10,0,토요일,15.6,0.0,0.0,2000,경기도,안산시 상록구,음식,45
10-10,1,토요일,14.0,0.0,0.0,1950,경기도,안산시 상록구,음식,24
10-10,2,토요일,13.4,0.0,0.0,2000,경기도,안산시 상록구,음식,10
10-10,10,토요일,17.8,0.0,0.0,1979,경기도,안산시 상록구,음식,15
10-10,11,토요일,19.3,0.0,0.0,2000,경기도,안산시 상록구,음식,60
10-10,12,토요일,20.3,0.0,0.0,2000,경기도,안산시 상록구,음식,100
10-10,13,토요일,20.0,0.0,0.0,2000,경기도,안산시 상록구,음식,87
10-10,14,토요일,20.5,0.0,0.0,2000,경기도,안산시 상록구,음식,62
10-10,15,토요일,21.1,0.0,0.0,2000,경기도,안산시 상록구,음식,71
10-10,16,토요일,20.4,0.0,0.0,1950,경기도,안산시 상록구,음식,67
10-10,17,토요일,19.6,0.0,0.0,2000,경기도,안산시 상록구,음식,104
10-10,18,토요일,19.0,0.0,0.0,2000,경기도,안산시 상록구,음식,161
10-10,19,토요일,18.1,0.0,0.0,2000,경기도,안산시 상록구,음식,149
10-10,20,토요일,16.9,0.0,0.0,2000,경기도,안산시 상록구,음식,120
10-10,21,토요일,15.1,0.0,0.0,2000,경기도,안산시 상록구,음식,101
10-10,22,토요일,15.3,0.0,0.0,2000,경기도,안산시 상록구,음식,75
10-10,23,토요일,14.6,0.0,0.0,2000,경기도,안산시 상록구,음식,52
10-11,0,일요일,15.9,0.0,0.0,2000,경기도,안산시 상록구,음식,41
10-11,1,일요일,16.2,0.0,0.0,2000,경기도,안산시 상록구,음식,26
10-11,2,일요일,14.1,0.0,0.0,2000,경기도,안산시 상록구,음식,18
10-11,10,일요일,18.1,0.0,0.0,1942,경기도,안산시 상록구,음식,37
10-11,11,일요일,19.4,0.0,0.0,1963,경기도,안산시 상록구,음식,71
10-11,12,일요일,19.6,0.0,0.0,2000,경기도,안산시 상록구,음식,101
10-11,13,일요일,19.9,0.0,0.0,1998,경기도,안산시 상록구,음식,130
10-11,14,일요일,19.8,0.0,0.0,2000,경기도,안산시 상록구,음식,106
10-11,15,일요일,19.9,0.0,0.0,2000,경기도,안산시 상록구,음식,77
10-11,16,일요일,19.5,0.0,0.0,2000,경기도,안산시 상록구,음식,79
10-11,17,일요일,19.0,0.0,0.0,1991,경기도,안산시 상록구,음식,152
10-11,18,일요일,18.2,0.0,0.0,1997,경기도,안산시 상록구,음식,179
10-11,19,일요일,17.1,0.0,0.0,1514,경기도,안산시 상록구,음식,153
10-11,20,일요일,16.4,0.0,0.0,1100,경기도,안산시 상록구,음식,91
10-11,21,일요일,15.2,0.0,0.0,1099,경기도,안산시 상록구,음식,83
10-11,22,일요일,15.0,0.0,0.0,1110,경기도,안산시 상록구,음식,66
10-11,23,일요일,14.8,0.0,0.0,920,경기도,안산시 상록구,음식,53
10-12,0,월요일,14.1,0.0,0.0,969,경기도,안산시 상록구,음식,21
10-12,1,월요일,13.9,0.0,0.0,953,경기도,안산시 상록구,음식,24
10-12,2,월요일,13.3,0.0,0.0,769,경기도,안산시 상록구,음식,14
10-12,10,월요일,17.4,0.0,0.0,843,경기도,안산시 상록구,음식,10
10-12,11,월요일,19.1,0.0,0.0,1431,경기도,안산시 상록구,음식,61
10-12,12,월요일,20.0,0.0,0.0,1166,경기도,안산시 상록구,음식,75
10-12,13,월요일,20.6,0.0,0.0,1708,경기도,안산시 상록구,음식,48
10-12,14,월요일,20.4,0.0,0.0,2004,경기도,안산시 상록구,음식,45
10-12,15,월요일,20.5,0.0,0.0,1353,경기도,안산시 상록구,음식,46
10-12,16,월요일,19.3,0.0,0.0,1158,경기도,안산시 상록구,음식,59
10-12,17,월요일,18.3,0.0,0.0,1969,경기도,안산시 상록구,음식,85
10-12,18,월요일,17.1,0.0,0.0,1860,경기도,안산시 상록구,음식,124
10-12,19,월요일,16.7,0.0,0.0,2000,경기도,안산시 상록구,음식,146
10-12,20,월요일,14.4,0.0,0.0,2000,경기도,안산시 상록구,음식,111
10-12,21,월요일,13.5,0.0,0.0,2000,경기도,안산시 상록구,음식,87
10-12,22,월요일,12.7,0.0,0.0,2000,경기도,안산시 상록구,음식,69
10-12,23,월요일,12.7,0.0,0.0,1996,경기도,안산시 상록구,음식,46
10-13,0,화요일,11.6,0.0,0.0,2000,경기도,안산시 상록구,음식,18
10-13,1,화요일,11.1,0.0,0.0,2000,경기도,안산시 상록구,음식,20
10-13,2,화요일,10.2,0.0,0.0,2000,경기도,안산시 상록구,음식,14
10-13,10,화요일,14.6,0.0,0.0,2000,경기도,안산시 상록구,음식,17
10-13,11,화요일,15.3,0.0,0.0,1999,경기도,안산시 상록구,음식,49
10-13,12,화요일,16.1,0.0,0.0,1972,경기도,안산시 상록구,음식,74
10-13,13,화요일,17.4,0.0,0.0,1929,경기도,안산시 상록구,음식,54
10-13,14,화요일,17.3,0.0,0.0,1997,경기도,안산시 상록구,음식,38
10-13,15,화요일,18.1,0.0,0.0,1915,경기도,안산시 상록구,음식,39
10-13,16,화요일,17.6,0.0,0.0,2000,경기도,안산시 상록구,음식,47
10-13,17,화요일,17.9,0.0,0.0,1988,경기도,안산시 상록구,음식,80
10-13,18,화요일,15.5,0.0,0.0,2000,경기도,안산시 상록구,음식,155
10-13,19,화요일,13.4,0.0,0.0,2000,경기도,안산시 상록구,음식,162
10-13,20,화요일,11.6,0.0,0.0,2026,경기도,안산시 상록구,음식,116
10-13,21,화요일,11.6,0.0,0.0,1951,경기도,안산시 상록구,음식,96
10-13,22,화요일,10.6,0.0,0.0,1886,경기도,안산시 상록구,음식,70
10-13,23,화요일,9.8,0.0,0.0,1949,경기도,안산시 상록구,음식,57
10-14,0,수요일,9.2,0.0,0.0,1896,경기도,안산시 상록구,음식,27
10-14,1,수요일,9.7,0.0,0.0,1874,경기도,안산시 상록구,음식,17
10-14,2,수요일,8.6,0.0,0.0,1501,경기도,안산시 상록구,음식,13
10-14,10,수요일,15.2,0.0,0.0,1331,경기도,안산시 상록구,음식,14
10-14,11,수요일,17.1,0.0,0.0,1788,경기도,안산시 상록구,음식,56
10-14,12,수요일,18.2,0.0,0.0,1971,경기도,안산시 상록구,음식,81
10-14,13,수요일,18.7,0.0,0.0,1979,경기도,안산시 상록구,음식,68
10-14,14,수요일,18.7,0.0,0.0,1931,경기도,안산시 상록구,음식,47
10-14,15,수요일,17.9,0.0,0.0,1993,경기도,안산시 상록구,음식,46
10-14,16,수요일,16.3,0.0,0.0,2000,경기도,안산시 상록구,음식,45
10-14,17,수요일,15.2,0.0,0.0,2000,경기도,안산시 상록구,음식,74
10-14,18,수요일,13.8,0.0,0.0,2000,경기도,안산시 상록구,음식,139
10-14,19,수요일,11.8,0.0,0.0,2000,경기도,안산시 상록구,음식,162
10-14,20,수요일,10.8,0.0,0.0,2000,경기도,안산시 상록구,음식,114
10-14,21,수요일,10.4,0.0,0.0,2000,경기도,안산시 상록구,음식,90
10-14,22,수요일,9.8,0.0,0.0,2000,경기도,안산시 상록구,음식,58
10-14,23,수요일,9.1,0.0,0.0,1995,경기도,안산시 상록구,음식,43
10-15,0,목요일,8.8,0.0,0.0,1949,경기도,안산시 상록구,음식,27
10-15,1,목요일,8.0,0.0,0.0,2000,경기도,안산시 상록구,음식,27
10-15,2,목요일,7.7,0.0,0.0,2000,경기도,안산시 상록구,음식,13
10-15,10,목요일,12.2,0.0,0.0,2000,경기도,안산시 상록구,음식,9
10-15,11,목요일,13.6,0.0,0.0,1991,경기도,안산시 상록구,음식,52
10-15,12,목요일,14.9,0.0,0.0,1979,경기도,안산시 상록구,음식,71
10-15,13,목요일,16.0,0.0,0.0,1908,경기도,안산시 상록구,음식,38
10-15,14,목요일,17.4,0.0,0.0,1998,경기도,안산시 상록구,음식,40
10-15,15,목요일,17.7,0.0,0.0,1988,경기도,안산시 상록구,음식,40
10-15,16,목요일,17.7,0.0,0.0,1995,경기도,안산시 상록구,음식,49
10-15,17,목요일,15.5,0.0,0.0,2000,경기도,안산시 상록구,음식,71
10-15,18,목요일,13.4,0.0,0.0,2000,경기도,안산시 상록구,음식,144
10-15,19,목요일,12.5,0.0,0.0,2000,경기도,안산시 상록구,음식,135
10-15,20,목요일,11.9,0.0,0.0,2024,경기도,안산시 상록구,음식,100
10-15,21,목요일,11.8,0.0,0.0,2026,경기도,안산시 상록구,음식,97
10-15,22,목요일,10.8,0.0,0.0,1984,경기도,안산시 상록구,음식,75
10-15,23,목요일,9.5,0.0,0.0,1980,경기도,안산시 상록구,음식,44
10-16,0,금요일,8.4,0.0,0.0,1962,경기도,안산시 상록구,음식,28
10-16,1,금요일,8.4,0.0,0.0,1950,경기도,안산시 상록구,음식,17
10-16,2,금요일,7.5,0.0,0.0,2000,경기도,안산시 상록구,음식,7
10-16,10,금요일,14.0,0.0,0.0,1969,경기도,안산시 상록구,음식,13
10-16,11,금요일,14.9,0.0,0.0,1930,경기도,안산시 상록구,음식,55
10-16,12,금요일,15.6,0.0,0.0,1934,경기도,안산시 상록구,음식,73
10-16,13,금요일,15.6,0.0,0.0,1819,경기도,안산시 상록구,음식,51
10-16,14,금요일,16.1,0.0,0.0,1952,경기도,안산시 상록구,음식,36
10-16,15,금요일,15.7,0.0,0.0,1894,경기도,안산시 상록구,음식,37
10-16,16,금요일,15.6,0.0,0.0,1697,경기도,안산시 상록구,음식,49
10-16,17,금요일,15.1,0.0,0.0,1857,경기도,안산시 상록구,음식,92
10-16,18,금요일,14.4,0.0,0.0,1637,경기도,안산시 상록구,음식,162
10-16,19,금요일,12.7,0.0,0.0,1241,경기도,안산시 상록구,음식,151
10-16,20,금요일,12.0,0.0,0.0,1012,경기도,안산시 상록구,음식,137
10-16,21,금요일,11.7,0.0,0.0,1156,경기도,안산시 상록구,음식,139
10-16,22,금요일,10.2,0.0,0.0,897,경기도,안산시 상록구,음식,75
10-16,23,금요일,9.5,0.0,0.0,757,경기도,안산시 상록구,음식,63
10-17,0,토요일,9.5,0.0,0.0,766,경기도,안산시 상록구,음식,29
10-17,1,토요일,9.6,0.0,0.0,713,경기도,안산시 상록구,음식,12
10-17,2,토요일,9.9,0.0,0.0,737,경기도,안산시 상록구,음식,10
10-17,10,토요일,14.7,0.0,0.0,993,경기도,안산시 상록구,음식,37
10-17,11,토요일,16.0,0.0,0.0,1763,경기도,안산시 상록구,음식,61
10-17,12,토요일,16.9,0.0,0.0,1684,경기도,안산시 상록구,음식,95
10-17,13,토요일,17.9,0.0,0.0,1967,경기도,안산시 상록구,음식,78
10-17,14,토요일,18.0,0.0,0.0,1916,경기도,안산시 상록구,음식,73
10-17,15,토요일,17.9,0.0,0.0,1725,경기도,안산시 상록구,음식,41
10-17,16,토요일,18.2,0.0,0.0,1912,경기도,안산시 상록구,음식,61
10-17,17,토요일,17.3,0.0,0.0,1955,경기도,안산시 상록구,음식,93
10-17,18,토요일,14.5,0.0,0.0,2000,경기도,안산시 상록구,음식,147
10-17,19,토요일,12.6,0.0,0.0,2000,경기도,안산시 상록구,음식,166
10-17,20,토요일,11.1,0.0,0.0,1964,경기도,안산시 상록구,음식,139
10-17,21,토요일,9.8,0.0,0.0,2000,경기도,안산시 상록구,음식,110
10-17,22,토요일,9.9,0.0,0.0,1998,경기도,안산시 상록구,음식,79
10-17,23,토요일,10.8,0.0,0.0,1999,경기도,안산시 상록구,음식,78
10-18,0,일요일,7.9,0.0,0.0,1609,경기도,안산시 상록구,음식,13
10-18,18,일요일,16.1,0.0,0.0,2000,경기도,안산시 상록구,음식,134
10-18,19,일요일,13.8,0.0,0.0,1976,경기도,안산시 상록구,음식,129
10-18,20,일요일,13.4,0.0,0.0,1826,경기도,안산시 상록구,음식,92
10-18,21,일요일,12.4,0.0,0.0,1684,경기도,안산시 상록구,음식,77
10-18,22,일요일,11.0,0.0,0.0,1232,경기도,안산시 상록구,음식,66
10-18,23,일요일,10.5,0.0,0.0,1077,경기도,안산시 상록구,음식,36
10-19,0,월요일,10.7,0.0,0.0,1100,경기도,안산시 상록구,음식,29
10-19,1,월요일,10.4,0.0,0.0,843,경기도,안산시 상록구,음식,22
10-19,2,월요일,10.3,0.0,0.0,595,경기도,안산시 상록구,음식,12
10-19,10,월요일,15.4,0.0,0.0,1726,경기도,안산시 상록구,음식,22
10-19,11,월요일,17.2,0.0,0.0,1011,경기도,안산시 상록구,음식,44
10-19,12,월요일,18.6,0.0,0.0,1100,경기도,안산시 상록구,음식,70
10-19,13,월요일,19.7,0.0,0.0,1174,경기도,안산시 상록구,음식,43
10-19,14,월요일,20.5,0.0,0.0,1096,경기도,안산시 상록구,음식,44
10-19,15,월요일,20.5,0.0,0.0,1075,경기도,안산시 상록구,음식,29
10-19,16,월요일,19.7,0.0,0.0,676,경기도,안산시 상록구,음식,48
10-19,17,월요일,18.2,0.0,0.0,606,경기도,안산시 상록구,음식,70
10-19,18,월요일,16.5,0.0,0.0,523,경기도,안산시 상록구,음식,125
10-19,19,월요일,15.2,0.0,0.0,659,경기도,안산시 상록구,음식,130
10-19,20,월요일,14.3,0.0,0.0,438,경기도,안산시 상록구,음식,88
10-19,21,월요일,13.8,0.0,0.0,417,경기도,안산시 상록구,음식,80
10-19,22,월요일,12.5,0.0,0.0,297,경기도,안산시 상록구,음식,46
10-19,23,월요일,11.9,0.0,0.0,305,경기도,안산시 상록구,음식,39
10-20,0,화요일,11.3,0.0,0.0,172,경기도,안산시 상록구,음식,19
10-20,1,화요일,11.1,0.0,0.0,201,경기도,안산시 상록구,음식,9
10-20,2,화요일,11.0,0.0,0.0,204,경기도,안산시 상록구,음식,8
10-20,10,화요일,15.8,0.0,0.0,451,경기도,안산시 상록구,음식,11
10-20,11,화요일,18.0,0.0,0.0,769,경기도,안산시 상록구,음식,58
10-20,12,화요일,18.9,0.0,0.0,817,경기도,안산시 상록구,음식,86
10-20,13,화요일,20.0,0.0,0.0,957,경기도,안산시 상록구,음식,68
10-20,14,화요일,21.0,0.0,0.0,1269,경기도,안산시 상록구,음식,40
10-20,15,화요일,21.5,0.0,0.0,1432,경기도,안산시 상록구,음식,32
10-20,16,화요일,20.6,0.0,0.0,765,경기도,안산시 상록구,음식,35
10-20,17,화요일,19.5,0.0,0.0,568,경기도,안산시 상록구,음식,66
10-20,18,화요일,17.9,0.0,0.0,1993,경기도,안산시 상록구,음식,125
10-20,19,화요일,15.5,0.0,0.0,657,경기도,안산시 상록구,음식,130
10-20,20,화요일,13.4,0.0,0.0,699,경기도,안산시 상록구,음식,93
10-20,21,화요일,12.1,0.0,0.0,555,경기도,안산시 상록구,음식,77
10-20,22,화요일,11.3,0.0,0.0,811,경기도,안산시 상록구,음식,47
10-20,23,화요일,10.9,0.0,0.0,631,경기도,안산시 상록구,음식,45
10-21,0,수요일,10.0,0.0,0.0,533,경기도,안산시 상록구,음식,19
10-21,1,수요일,10.5,0.0,0.0,815,경기도,안산시 상록구,음식,20
10-21,2,수요일,10.2,0.0,0.0,469,경기도,안산시 상록구,음식,12
10-21,10,수요일,14.9,0.0,0.0,1182,경기도,안산시 상록구,음식,20
10-21,11,수요일,15.8,0.0,0.0,1633,경기도,안산시 상록구,음식,41
10-21,12,수요일,16.1,0.0,0.0,1804,경기도,안산시 상록구,음식,60
10-21,13,수요일,16.3,0.0,0.0,1686,경기도,안산시 상록구,음식,45
10-21,14,수요일,16.4,0.0,0.0,1697,경기도,안산시 상록구,음식,38
10-21,15,수요일,16.8,0.0,0.0,1505,경기도,안산시 상록구,음식,50
10-21,16,수요일,17.2,0.0,0.0,1332,경기도,안산시 상록구,음식,52
10-21,17,수요일,16.6,0.0,0.0,1065,경기도,안산시 상록구,음식,85
10-21,18,수요일,16.0,0.0,0.0,1153,경기도,안산시 상록구,음식,148
10-21,19,수요일,15.3,0.0,0.0,1182,경기도,안산시 상록구,음식,133
10-21,20,수요일,14.8,0.0,0.0,1037,경기도,안산시 상록구,음식,99
10-21,21,수요일,14.4,0.0,0.0,792,경기도,안산시 상록구,음식,68
10-21,22,수요일,13.4,0.0,0.0,1068,경기도,안산시 상록구,음식,54
10-21,23,수요일,13.1,0.0,0.0,1636,경기도,안산시 상록구,음식,41
10-22,0,목요일,12.6,0.0,0.0,1100,경기도,안산시 상록구,음식,31
10-22,1,목요일,11.9,0.0,0.0,710,경기도,안산시 상록구,음식,19
10-22,2,목요일,11.8,0.0,0.0,747,경기도,안산시 상록구,음식,4
10-22,3,목요일,11.7,0.0,0.0,643,경기도,안산시 상록구,음식,1
10-22,10,목요일,15.0,0.0,0.0,834,경기도,안산시 상록구,음식,12
10-22,11,목요일,16.6,0.0,0.0,712,경기도,안산시 상록구,음식,33
10-22,12,목요일,17.7,0.0,0.0,710,경기도,안산시 상록구,음식,64
10-22,13,목요일,17.6,0.0,0.0,1187,경기도,안산시 상록구,음식,41
10-22,14,목요일,18.1,0.0,0.0,1284,경기도,안산시 상록구,음식,49
10-22,15,목요일,17.2,0.0,0.0,1803,경기도,안산시 상록구,음식,49
10-22,16,목요일,16.7,0.0,0.0,1907,경기도,안산시 상록구,음식,46
10-22,17,목요일,15.6,0.0,0.0,2000,경기도,안산시 상록구,음식,78
10-22,18,목요일,13.9,0.0,0.0,2000,경기도,안산시 상록구,음식,125
10-22,19,목요일,13.0,0.0,0.0,2000,경기도,안산시 상록구,음식,126
10-22,20,목요일,11.8,0.0,0.0,2000,경기도,안산시 상록구,음식,95
10-22,21,목요일,10.6,0.0,0.0,2000,경기도,안산시 상록구,음식,91
10-22,22,목요일,9.6,0.0,0.0,2000,경기도,안산시 상록구,음식,61
10-22,23,목요일,8.6,0.0,0.0,2000,경기도,안산시 상록구,음식,38
10-23,0,금요일,8.6,0.0,0.0,2000,경기도,안산시 상록구,음식,22
10-23,1,금요일,7.9,0.0,0.0,2000,경기도,안산시 상록구,음식,11
10-23,2,금요일,7.8,0.0,0.0,2000,경기도,안산시 상록구,음식,2
10-23,10,금요일,9.8,0.0,0.0,1984,경기도,안산시 상록구,음식,19
10-23,11,금요일,11.0,0.0,0.0,1994,경기도,안산시 상록구,음식,61
10-23,12,금요일,11.2,0.0,0.0,1996,경기도,안산시 상록구,음식,65
10-23,13,금요일,11.3,0.0,0.0,2000,경기도,안산시 상록구,음식,50
10-23,14,금요일,12.1,0.0,0.0,1995,경기도,안산시 상록구,음식,38
10-23,15,금요일,12.2,0.0,0.0,2000,경기도,안산시 상록구,음식,34
10-23,16,금요일,12.5,0.0,0.0,2000,경기도,안산시 상록구,음식,52
10-23,17,금요일,12.0,0.0,0.0,2000,경기도,안산시 상록구,음식,101
10-23,18,금요일,10.7,0.0,0.0,2000,경기도,안산시 상록구,음식,138
10-23,19,금요일,9.8,0.0,0.0,2000,경기도,안산시 상록구,음식,165
10-23,20,금요일,8.9,0.0,0.0,1996,경기도,안산시 상록구,음식,120
10-23,21,금요일,8.1,0.0,0.0,2000,경기도,안산시 상록구,음식,118
10-23,22,금요일,7.5,0.0,0.0,2000,경기도,안산시 상록구,음식,71
10-23,23,금요일,5.8,0.0,0.0,2000,경기도,안산시 상록구,음식,48
10-24,0,토요일,5.1,0.0,0.0,2000,경기도,안산시 상록구,음식,30
10-24,1,토요일,5.0,0.0,0.0,2000,경기도,안산시 상록구,음식,21
10-24,2,토요일,3.8,0.0,0.0,2000,경기도,안산시 상록구,음식,2
10-24,10,토요일,8.6,0.0,0.0,1996,경기도,안산시 상록구,음식,25
10-24,11,토요일,10.1,0.0,0.0,1956,경기도,안산시 상록구,음식,66
10-24,12,토요일,11.6,0.0,0.0,1869,경기도,안산시 상록구,음식,94
10-24,13,토요일,12.5,0.0,0.0,1967,경기도,안산시 상록구,음식,104
10-24,14,토요일,12.8,0.0,0.0,1993,경기도,안산시 상록구,음식,81
10-24,15,토요일,13.7,0.0,0.0,2000,경기도,안산시 상록구,음식,62
10-24,16,토요일,13.4,0.0,0.0,2000,경기도,안산시 상록구,음식,65
10-24,17,토요일,13.1,0.0,0.0,2000,경기도,안산시 상록구,음식,119
10-24,18,토요일,11.1,0.0,0.0,2000,경기도,안산시 상록구,음식,157
10-24,19,토요일,9.9,0.0,0.0,2000,경기도,안산시 상록구,음식,154
10-24,20,토요일,9.6,0.0,0.0,2000,경기도,안산시 상록구,음식,122
10-24,21,토요일,8.4,0.0,0.0,1970,경기도,안산시 상록구,음식,127
10-24,22,토요일,7.8,0.0,0.0,2000,경기도,안산시 상록구,음식,96
10-24,23,토요일,7.0,0.0,0.0,1990,경기도,안산시 상록구,음식,85
10-25,0,일요일,6.3,0.0,0.0,2024,경기도,안산시 상록구,음식,51
10-25,1,일요일,5.7,0.0,0.0,2024,경기도,안산시 상록구,음식,34
10-25,2,일요일,5.2,0.0,0.0,1867,경기도,안산시 상록구,음식,5
10-25,10,일요일,13.3,0.0,0.0,1389,경기도,안산시 상록구,음식,28
10-25,11,일요일,15.3,0.0,0.0,1920,경기도,안산시 상록구,음식,65
10-25,12,일요일,17.0,0.0,0.0,2000,경기도,안산시 상록구,음식,112
10-25,13,일요일,17.5,0.0,0.0,2000,경기도,안산시 상록구,음식,103
10-25,14,일요일,17.0,0.0,0.0,1994,경기도,안산시 상록구,음식,80
10-25,15,일요일,16.9,0.0,0.0,1930,경기도,안산시 상록구,음식,74
10-25,16,일요일,16.7,0.0,0.0,1987,경기도,안산시 상록구,음식,79
10-25,17,일요일,16.2,0.0,0.0,2000,경기도,안산시 상록구,음식,134
10-25,18,일요일,14.4,0.0,0.0,2000,경기도,안산시 상록구,음식,167
10-25,19,일요일,12.0,0.0,0.0,2000,경기도,안산시 상록구,음식,174
10-25,20,일요일,11.0,0.0,0.0,2000,경기도,안산시 상록구,음식,98
10-25,21,일요일,10.5,0.0,0.0,2000,경기도,안산시 상록구,음식,80
10-25,22,일요일,9.4,0.0,0.0,1997,경기도,안산시 상록구,음식,57
10-25,23,일요일,8.6,0.0,0.0,1972,경기도,안산시 상록구,음식,45
10-26,0,월요일,8.0,0.0,0.0,1761,경기도,안산시 상록구,음식,22
10-26,1,월요일,7.2,0.0,0.0,1401,경기도,안산시 상록구,음식,12
10-26,2,월요일,6.3,0.0,0.0,1206,경기도,안산시 상록구,음식,7
10-26,10,월요일,13.2,0.0,0.0,647,경기도,안산시 상록구,음식,23
10-26,11,월요일,15.9,0.0,0.0,758,경기도,안산시 상록구,음식,44
10-26,12,월요일,17.1,0.0,0.0,1108,경기도,안산시 상록구,음식,64
10-26,13,월요일,17.7,0.0,0.0,1204,경기도,안산시 상록구,음식,47
10-26,14,월요일,18.7,0.0,0.0,1370,경기도,안산시 상록구,음식,39
10-26,15,월요일,17.9,0.0,0.0,1300,경기도,안산시 상록구,음식,37
10-26,16,월요일,17.6,0.0,0.0,1219,경기도,안산시 상록구,음식,35
10-26,17,월요일,16.2,0.0,0.0,1743,경기도,안산시 상록구,음식,59
10-26,18,월요일,14.3,0.0,0.0,1606,경기도,안산시 상록구,음식,107
10-26,19,월요일,13.2,0.0,0.0,1312,경기도,안산시 상록구,음식,110
10-26,20,월요일,11.3,0.0,0.0,921,경기도,안산시 상록구,음식,96
10-26,21,월요일,10.3,0.0,0.0,789,경기도,안산시 상록구,음식,81
10-26,22,월요일,9.7,0.0,0.0,694,경기도,안산시 상록구,음식,42
10-26,23,월요일,9.4,0.0,0.0,679,경기도,안산시 상록구,음식,34
10-27,0,화요일,8.8,0.0,0.0,696,경기도,안산시 상록구,음식,26
10-27,1,화요일,7.9,0.0,0.0,649,경기도,안산시 상록구,음식,11
10-27,2,화요일,7.3,0.0,0.0,599,경기도,안산시 상록구,음식,9
10-27,10,화요일,13.8,0.0,0.0,470,경기도,안산시 상록구,음식,16
10-27,11,화요일,15.8,0.0,0.0,540,경기도,안산시 상록구,음식,49
10-27,12,화요일,17.6,0.0,0.0,572,경기도,안산시 상록구,음식,68
10-27,13,화요일,18.2,0.0,0.0,745,경기도,안산시 상록구,음식,63
10-27,14,화요일,18.5,0.0,0.0,491,경기도,안산시 상록구,음식,37
10-27,15,화요일,18.7,0.0,0.0,751,경기도,안산시 상록구,음식,34
10-27,16,화요일,18.2,0.0,0.0,677,경기도,안산시 상록구,음식,36
10-27,17,화요일,16.7,0.0,0.0,726,경기도,안산시 상록구,음식,55
10-27,18,화요일,14.9,0.0,0.0,942,경기도,안산시 상록구,음식,142
10-27,19,화요일,13.6,0.0,0.0,509,경기도,안산시 상록구,음식,144
10-27,20,화요일,12.9,0.0,0.0,663,경기도,안산시 상록구,음식,125
10-27,21,화요일,12.0,0.0,0.0,424,경기도,안산시 상록구,음식,80
10-27,22,화요일,12.0,0.0,0.0,353,경기도,안산시 상록구,음식,75
10-27,23,화요일,11.5,0.0,0.0,315,경기도,안산시 상록구,음식,47
10-28,0,수요일,11.8,0.0,0.0,360,경기도,안산시 상록구,음식,26
10-28,1,수요일,12.4,0.0,0.0,362,경기도,안산시 상록구,음식,8
10-28,2,수요일,12.4,0.0,0.0,294,경기도,안산시 상록구,음식,6
10-28,10,수요일,15.9,0.0,0.0,1303,경기도,안산시 상록구,음식,13
10-28,11,수요일,16.3,0.0,0.0,1703,경기도,안산시 상록구,음식,47
10-28,12,수요일,17.5,0.0,0.0,1400,경기도,안산시 상록구,음식,77
10-28,13,수요일,18.4,0.0,0.0,1995,경기도,안산시 상록구,음식,74
10-28,14,수요일,18.4,0.0,0.0,2000,경기도,안산시 상록구,음식,37
10-28,15,수요일,17.8,0.0,0.0,2067,경기도,안산시 상록구,음식,39
10-28,16,수요일,17.3,0.0,0.0,2000,경기도,안산시 상록구,음식,48
10-28,17,수요일,16.6,0.0,0.0,1950,경기도,안산시 상록구,음식,79
10-28,18,수요일,14.7,0.0,0.0,2000,경기도,안산시 상록구,음식,161
10-28,19,수요일,13.2,0.0,0.0,1997,경기도,안산시 상록구,음식,171
10-28,20,수요일,12.6,0.0,0.0,2000,경기도,안산시 상록구,음식,128
10-28,21,수요일,11.3,0.0,0.0,2000,경기도,안산시 상록구,음식,97
10-28,22,수요일,10.5,0.0,0.0,2000,경기도,안산시 상록구,음식,69
10-28,23,수요일,10.2,0.0,0.0,2000,경기도,안산시 상록구,음식,31
10-29,0,목요일,9.5,0.0,0.0,2000,경기도,안산시 상록구,음식,20
10-29,1,목요일,8.0,0.0,0.0,2000,경기도,안산시 상록구,음식,13
10-29,2,목요일,5.8,0.0,0.0,2000,경기도,안산시 상록구,음식,7
10-29,10,목요일,11.5,0.0,0.0,1948,경기도,안산시 상록구,음식,11
10-29,11,목요일,13.0,0.0,0.0,2000,경기도,안산시 상록구,음식,29
10-29,12,목요일,14.4,0.0,0.0,1999,경기도,안산시 상록구,음식,64
10-29,13,목요일,15.2,0.0,0.0,1979,경기도,안산시 상록구,음식,57
10-29,14,목요일,15.9,0.0,0.0,1989,경기도,안산시 상록구,음식,48
10-29,15,목요일,15.6,0.0,0.0,2023,경기도,안산시 상록구,음식,38
10-29,16,목요일,15.2,0.0,0.0,1946,경기도,안산시 상록구,음식,45
10-29,17,목요일,14.2,0.0,0.0,1989,경기도,안산시 상록구,음식,90
10-29,18,목요일,11.8,0.0,0.0,1781,경기도,안산시 상록구,음식,169
10-29,19,목요일,11.2,0.0,0.0,1750,경기도,안산시 상록구,음식,150
10-29,20,목요일,10.2,0.0,0.0,1876,경기도,안산시 상록구,음식,137
10-29,21,목요일,9.4,0.0,0.0,1638,경기도,안산시 상록구,음식,87
10-29,22,목요일,8.6,0.0,0.0,1666,경기도,안산시 상록구,음식,62
10-29,23,목요일,8.2,0.0,0.0,1781,경기도,안산시 상록구,음식,35
10-30,0,금요일,7.9,0.0,0.0,1859,경기도,안산시 상록구,음식,25
10-30,1,금요일,7.0,0.0,0.0,1953,경기도,안산시 상록구,음식,11
10-30,2,금요일,7.2,0.0,0.0,1983,경기도,안산시 상록구,음식,5
10-30,10,금요일,13.1,0.0,0.0,1949,경기도,안산시 상록구,음식,16
10-30,11,금요일,15.0,0.0,0.0,1935,경기도,안산시 상록구,음식,38
10-30,12,금요일,16.2,0.0,0.0,1983,경기도,안산시 상록구,음식,60
10-30,13,금요일,16.9,0.0,0.0,1990,경기도,안산시 상록구,음식,66
10-30,14,금요일,17.7,0.0,0.0,1969,경기도,안산시 상록구,음식,37
10-30,15,금요일,18.0,0.0,0.0,2000,경기도,안산시 상록구,음식,45
10-30,16,금요일,17.9,0.0,0.0,1965,경기도,안산시 상록구,음식,36
10-30,17,금요일,17.5,0.0,0.0,2000,경기도,안산시 상록구,음식,81
10-30,18,금요일,13.8,0.0,0.0,1673,경기도,안산시 상록구,음식,169
10-30,19,금요일,12.6,0.0,0.0,1477,경기도,안산시 상록구,음식,153
10-30,20,금요일,10.7,0.0,0.0,1027,경기도,안산시 상록구,음식,126
10-30,21,금요일,9.6,0.0,0.0,1273,경기도,안산시 상록구,음식,112
10-30,22,금요일,8.6,0.0,0.0,1014,경기도,안산시 상록구,음식,91
10-30,23,금요일,7.9,0.0,0.0,1253,경기도,안산시 상록구,음식,61
10-31,0,토요일,6.6,0.0,0.0,1051,경기도,안산시 상록구,음식,36
10-31,1,토요일,6.6,0.0,0.0,1494,경기도,안산시 상록구,음식,19
10-31,2,토요일,6.6,0.0,0.0,1154,경기도,안산시 상록구,음식,4
10-31,10,토요일,12.3,0.0,0.0,1988,경기도,안산시 상록구,음식,19
10-31,11,토요일,14.9,0.0,0.0,1838,경기도,안산시 상록구,음식,64
10-31,12,토요일,16.7,0.0,0.0,1964,경기도,안산시 상록구,음식,95
10-31,13,토요일,17.9,0.0,0.0,1884,경기도,안산시 상록구,음식,91
10-31,14,토요일,18.1,0.0,0.0,1939,경기도,안산시 상록구,음식,78
10-31,15,토요일,17.8,0.0,0.0,2000,경기도,안산시 상록구,음식,49
10-31,16,토요일,17.9,0.0,0.0,2000,경기도,안산시 상록구,음식,73
10-31,17,토요일,16.5,0.0,0.0,2000,경기도,안산시 상록구,음식,128
10-31,18,토요일,15.4,0.0,0.0,2000,경기도,안산시 상록구,음식,170
10-31,19,토요일,14.2,0.0,0.0,2000,경기도,안산시 상록구,음식,182
10-31,20,토요일,14.7,0.0,0.0,2000,경기도,안산시 상록구,음식,121
10-31,21,토요일,14.7,0.0,0.0,1999,경기도,안산시 상록구,음식,102
10-31,22,토요일,13.4,0.0,0.0,1825,경기도,안산시 상록구,음식,83
10-31,23,토요일,14.1,0.0,0.0,1955,경기도,안산시 상록구,음식,42
11-01,0,일요일,13.5,0.0,0.0,1400,경기도,안산시 상록구,음식,32
11-01,1,일요일,13.5,0.0,0.0,1372,경기도,안산시 상록구,음식,15
11-01,2,일요일,12.9,0.0,0.0,1381,경기도,안산시 상록구,음식,8
11-01,10,일요일,12.1,0.0,0.0,1004,경기도,안산시 상록구,음식,28
11-01,11,일요일,12.8,0.0,0.0,1221,경기도,안산시 상록구,음식,70
11-01,12,일요일,13.2,0.2,0.0,1656,경기도,안산시 상록구,음식,108
11-01,13,일요일,13.3,0.0,0.0,1801,경기도,안산시 상록구,음식,108
11-01,14,일요일,13.6,0.0,0.0,1386,경기도,안산시 상록구,음식,99
11-01,15,일요일,13.2,0.4,0.0,1106,경기도,안산시 상록구,음식,78
11-01,16,일요일,13.3,0.0,0.0,1171,경기도,안산시 상록구,음식,83
11-01,17,일요일,13.3,0.0,0.0,1125,경기도,안산시 상록구,음식,146
11-01,18,일요일,13.1,1.9,0.0,425,경기도,안산시 상록구,음식,211
11-01,19,일요일,13.2,0.0,0.0,309,경기도,안산시 상록구,음식,170
11-01,20,일요일,12.9,0.0,0.0,364,경기도,안산시 상록구,음식,88
11-01,21,일요일,12.5,0.0,0.0,312,경기도,안산시 상록구,음식,85
11-01,22,일요일,12.5,0.0,0.0,360,경기도,안산시 상록구,음식,60
11-01,23,일요일,12.4,0.0,0.0,372,경기도,안산시 상록구,음식,45
11-02,0,월요일,12.4,0.0,0.0,219,경기도,안산시 상록구,음식,36
11-02,1,월요일,11.3,0.0,0.0,89,경기도,안산시 상록구,음식,20
11-02,2,월요일,10.8,0.0,0.0,12,경기도,안산시 상록구,음식,16
11-02,3,월요일,9.7,0.0,0.0,18,경기도,안산시 상록구,음식,2
11-02,10,월요일,12.9,0.0,0.0,1945,경기도,안산시 상록구,음식,24
11-02,11,월요일,14.3,0.0,0.0,1996,경기도,안산시 상록구,음식,48
11-02,12,월요일,14.8,0.0,0.0,1997,경기도,안산시 상록구,음식,82
11-02,13,월요일,15.2,0.0,0.0,2000,경기도,안산시 상록구,음식,46
11-02,14,월요일,15.5,0.0,0.0,1985,경기도,안산시 상록구,음식,39
11-02,15,월요일,15.6,0.0,0.0,1999,경기도,안산시 상록구,음식,26
11-02,16,월요일,14.3,0.0,0.0,1903,경기도,안산시 상록구,음식,45
11-02,17,월요일,13.0,0.0,0.0,2000,경기도,안산시 상록구,음식,88
11-02,18,월요일,10.9,0.0,0.0,2000,경기도,안산시 상록구,음식,113
11-02,19,월요일,9.4,0.0,0.0,2000,경기도,안산시 상록구,음식,122
11-02,20,월요일,9.2,0.0,0.0,2000,경기도,안산시 상록구,음식,85
11-02,21,월요일,8.7,0.0,0.0,1949,경기도,안산시 상록구,음식,60
11-02,22,월요일,8.4,0.0,0.0,2000,경기도,안산시 상록구,음식,65
11-02,23,월요일,8.9,0.0,0.0,2000,경기도,안산시 상록구,음식,48
11-03,0,화요일,9.0,0.3,0.0,753,경기도,안산시 상록구,음식,21
11-03,1,화요일,8.0,0.0,0.0,1274,경기도,안산시 상록구,음식,18
11-03,2,화요일,7.3,0.0,0.0,1997,경기도,안산시 상록구,음식,5
11-03,10,화요일,7.3,0.0,0.0,2000,경기도,안산시 상록구,음식,15
11-03,11,화요일,7.4,0.0,0.0,2000,경기도,안산시 상록구,음식,39
11-03,12,화요일,7.7,0.0,0.0,1949,경기도,안산시 상록구,음식,88
11-03,13,화요일,8.1,0.0,0.0,2000,경기도,안산시 상록구,음식,45
11-03,14,화요일,7.7,0.0,0.0,1977,경기도,안산시 상록구,음식,43
11-03,15,화요일,7.8,0.0,0.0,1999,경기도,안산시 상록구,음식,35
11-03,16,화요일,7.5,0.0,0.0,1996,경기도,안산시 상록구,음식,48
11-03,17,화요일,6.5,0.0,0.0,2000,경기도,안산시 상록구,음식,74
11-03,18,화요일,5.5,0.0,0.0,2000,경기도,안산시 상록구,음식,145
11-03,19,화요일,4.8,0.0,0.0,2000,경기도,안산시 상록구,음식,130
11-03,20,화요일,4.4,0.0,0.0,2000,경기도,안산시 상록구,음식,109
11-03,21,화요일,3.7,0.0,0.0,2000,경기도,안산시 상록구,음식,89
11-03,22,화요일,3.3,0.0,0.0,2000,경기도,안산시 상록구,음식,55
11-03,23,화요일,2.8,0.0,0.0,2000,경기도,안산시 상록구,음식,31
11-04,0,수요일,2.6,0.0,0.0,2000,경기도,안산시 상록구,음식,21
11-04,1,수요일,1.7,0.0,0.0,2000,경기도,안산시 상록구,음식,23
11-04,2,수요일,1.9,0.0,0.0,2000,경기도,안산시 상록구,음식,10
11-04,3,수요일,1.5,0.0,0.0,2000,경기도,안산시 상록구,음식,1
11-04,10,수요일,5.1,0.0,0.0,1959,경기도,안산시 상록구,음식,11
11-04,11,수요일,7.3,0.0,0.0,2000,경기도,안산시 상록구,음식,59
11-04,12,수요일,7.9,0.0,0.0,1996,경기도,안산시 상록구,음식,73
11-04,13,수요일,8.8,0.0,0.0,1981,경기도,안산시 상록구,음식,41
11-04,14,수요일,10.1,0.0,0.0,2000,경기도,안산시 상록구,음식,38
11-04,15,수요일,10.3,0.0,0.0,2000,경기도,안산시 상록구,음식,31
11-04,16,수요일,10.3,0.0,0.0,1996,경기도,안산시 상록구,음식,41
11-04,17,수요일,8.8,0.0,0.0,2000,경기도,안산시 상록구,음식,89
11-04,18,수요일,7.3,0.0,0.0,2000,경기도,안산시 상록구,음식,141
11-04,19,수요일,5.7,0.0,0.0,2000,경기도,안산시 상록구,음식,129
11-04,20,수요일,5.5,0.0,0.0,2000,경기도,안산시 상록구,음식,105
11-04,21,수요일,4.3,0.0,0.0,2000,경기도,안산시 상록구,음식,65
11-04,22,수요일,3.1,0.0,0.0,2000,경기도,안산시 상록구,음식,72
11-04,23,수요일,3.3,0.0,0.0,1682,경기도,안산시 상록구,음식,31
11-05,0,목요일,2.9,0.0,0.0,1958,경기도,안산시 상록구,음식,23
11-05,1,목요일,2.0,0.0,0.0,1745,경기도,안산시 상록구,음식,19
11-05,2,목요일,2.1,0.0,0.0,1686,경기도,안산시 상록구,음식,7
11-05,10,목요일,9.4,0.0,0.0,1945,경기도,안산시 상록구,음식,14
11-05,11,목요일,11.2,0.0,0.0,1965,경기도,안산시 상록구,음식,57
11-05,12,목요일,12.3,0.0,0.0,1998,경기도,안산시 상록구,음식,91
11-05,13,목요일,13.9,0.0,0.0,1931,경기도,안산시 상록구,음식,60
11-05,14,목요일,14.2,0.0,0.0,1957,경기도,안산시 상록구,음식,51
11-05,15,목요일,14.2,0.0,0.0,1934,경기도,안산시 상록구,음식,36
11-05,16,목요일,14.2,0.0,0.0,2000,경기도,안산시 상록구,음식,33
11-05,17,목요일,13.7,0.0,0.0,1827,경기도,안산시 상록구,음식,78
11-05,18,목요일,12.0,0.0,0.0,1793,경기도,안산시 상록구,음식,144
11-05,19,목요일,11.7,0.0,0.0,1870,경기도,안산시 상록구,음식,148
11-05,20,목요일,11.3,0.0,0.0,1490,경기도,안산시 상록구,음식,102
11-05,21,목요일,10.4,0.0,0.0,1280,경기도,안산시 상록구,음식,92
11-05,22,목요일,10.3,0.0,0.0,1288,경기도,안산시 상록구,음식,73
11-05,23,목요일,10.1,0.0,0.0,1213,경기도,안산시 상록구,음식,42
11-06,0,금요일,10.6,0.0,0.0,1519,경기도,안산시 상록구,음식,24
11-06,1,금요일,9.9,0.0,0.0,1502,경기도,안산시 상록구,음식,13
11-06,2,금요일,10.1,0.0,0.0,1672,경기도,안산시 상록구,음식,3
11-06,10,금요일,13.2,0.0,0.0,1619,경기도,안산시 상록구,음식,15
11-06,11,금요일,13.2,0.0,0.0,1280,경기도,안산시 상록구,음식,51
11-06,12,금요일,14.3,0.0,0.0,1649,경기도,안산시 상록구,음식,65
11-06,13,금요일,15.1,0.0,0.0,1564,경기도,안산시 상록구,음식,60
11-06,14,금요일,16.0,0.0,0.0,1884,경기도,안산시 상록구,음식,38
11-06,15,금요일,16.5,0.0,0.0,1662,경기도,안산시 상록구,음식,40
11-06,16,금요일,16.3,0.0,0.0,1555,경기도,안산시 상록구,음식,39
11-06,17,금요일,16.0,0.0,0.0,1490,경기도,안산시 상록구,음식,84
11-06,18,금요일,15.4,0.0,0.0,1100,경기도,안산시 상록구,음식,139
11-06,19,금요일,15.0,0.0,0.0,962,경기도,안산시 상록구,음식,148
11-06,20,금요일,14.1,0.0,0.0,841,경기도,안산시 상록구,음식,129
11-06,21,금요일,13.6,0.0,0.0,778,경기도,안산시 상록구,음식,115
11-06,22,금요일,13.2,0.0,0.0,792,경기도,안산시 상록구,음식,98
11-06,23,금요일,13.1,0.0,0.0,843,경기도,안산시 상록구,음식,64
11-07,0,토요일,12.3,0.0,0.0,866,경기도,안산시 상록구,음식,32
11-07,1,토요일,12.0,0.0,0.0,788,경기도,안산시 상록구,음식,27
11-07,2,토요일,12.1,0.0,0.0,805,경기도,안산시 상록구,음식,12
11-07,10,토요일,14.7,0.0,0.0,497,경기도,안산시 상록구,음식,17
11-07,11,토요일,16.3,0.0,0.0,853,경기도,안산시 상록구,음식,67
11-07,12,토요일,17.0,0.0,0.0,947,경기도,안산시 상록구,음식,91
11-07,13,토요일,16.8,0.0,0.0,1063,경기도,안산시 상록구,음식,91
11-07,14,토요일,17.0,0.0,0.0,1167,경기도,안산시 상록구,음식,73
11-07,15,토요일,16.9,0.0,0.0,893,경기도,안산시 상록구,음식,59
11-07,16,토요일,16.2,0.0,0.0,941,경기도,안산시 상록구,음식,48
11-07,17,토요일,15.4,0.0,0.0,908,경기도,안산시 상록구,음식,141
11-07,18,토요일,14.3,0.0,0.0,1080,경기도,안산시 상록구,음식,177
11-07,19,토요일,12.7,0.0,0.0,1082,경기도,안산시 상록구,음식,193
11-07,20,토요일,12.0,0.0,0.0,1009,경기도,안산시 상록구,음식,118
11-07,21,토요일,10.9,0.0,0.0,690,경기도,안산시 상록구,음식,103
11-07,22,토요일,10.9,0.0,0.0,1463,경기도,안산시 상록구,음식,98
11-07,23,토요일,9.7,0.0,0.0,1100,경기도,안산시 상록구,음식,53
11-08,0,일요일,9.0,0.0,0.0,692,경기도,안산시 상록구,음식,42
11-08,1,일요일,8.4,0.0,0.0,568,경기도,안산시 상록구,음식,28
11-08,2,일요일,8.4,0.0,0.0,552,경기도,안산시 상록구,음식,19
11-08,10,일요일,10.9,0.0,0.0,1976,경기도,안산시 상록구,음식,28
11-08,11,일요일,11.4,0.0,0.0,2000,경기도,안산시 상록구,음식,67
11-08,12,일요일,11.6,0.0,0.0,2000,경기도,안산시 상록구,음식,117
11-08,13,일요일,11.8,0.0,0.0,2000,경기도,안산시 상록구,음식,91
11-08,14,일요일,11.9,0.0,0.0,2000,경기도,안산시 상록구,음식,80
11-08,15,일요일,11.6,0.0,0.0,2000,경기도,안산시 상록구,음식,67
11-08,16,일요일,10.8,0.0,0.0,1950,경기도,안산시 상록구,음식,70
11-08,17,일요일,9.8,0.0,0.0,2000,경기도,안산시 상록구,음식,156
11-08,18,일요일,8.7,0.0,0.0,2000,경기도,안산시 상록구,음식,199
11-08,19,일요일,7.4,0.0,0.0,2000,경기도,안산시 상록구,음식,150
11-08,20,일요일,6.8,0.0,0.0,2000,경기도,안산시 상록구,음식,115
11-08,21,일요일,5.8,0.0,0.0,2000,경기도,안산시 상록구,음식,90
11-08,22,일요일,4.9,0.0,0.0,2000,경기도,안산시 상록구,음식,61
11-08,23,일요일,4.2,0.0,0.0,2015,경기도,안산시 상록구,음식,30
11-09,0,월요일,3.8,0.0,0.0,2000,경기도,안산시 상록구,음식,21
11-09,1,월요일,3.7,0.0,0.0,2000,경기도,안산시 상록구,음식,12
11-09,2,월요일,2.8,0.0,0.0,2000,경기도,안산시 상록구,음식,19
11-09,10,월요일,6.3,0.0,0.0,1992,경기도,안산시 상록구,음식,13
11-09,11,월요일,7.3,0.0,0.0,1995,경기도,안산시 상록구,음식,59
11-09,12,월요일,8.7,0.0,0.0,2000,경기도,안산시 상록구,음식,72
11-09,13,월요일,9.5,0.0,0.0,2000,경기도,안산시 상록구,음식,45
11-09,14,월요일,9.5,0.0,0.0,2000,경기도,안산시 상록구,음식,57
11-09,15,월요일,9.1,0.0,0.0,2000,경기도,안산시 상록구,음식,38
11-09,16,월요일,8.8,0.0,0.0,2000,경기도,안산시 상록구,음식,52
11-09,17,월요일,8.5,0.0,0.0,2000,경기도,안산시 상록구,음식,86
11-09,18,월요일,8.2,0.0,0.0,2000,경기도,안산시 상록구,음식,146
11-09,19,월요일,7.8,0.0,0.0,1954,경기도,안산시 상록구,음식,138
11-09,20,월요일,7.2,0.0,0.0,1949,경기도,안산시 상록구,음식,86
11-09,21,월요일,7.3,0.0,0.0,2000,경기도,안산시 상록구,음식,78
11-09,22,월요일,4.8,0.0,0.0,1996,경기도,안산시 상록구,음식,74
11-09,23,월요일,4.6,0.0,0.0,2000,경기도,안산시 상록구,음식,43
11-10,0,화요일,4.6,0.0,0.0,1950,경기도,안산시 상록구,음식,15
11-10,1,화요일,4.1,0.0,0.0,2000,경기도,안산시 상록구,음식,11
11-10,2,화요일,2.4,0.0,0.0,2000,경기도,안산시 상록구,음식,11
11-10,10,화요일,8.5,0.0,0.0,1893,경기도,안산시 상록구,음식,14
11-10,11,화요일,10.1,0.0,0.0,1968,경기도,안산시 상록구,음식,61
11-10,12,화요일,11.6,0.0,0.0,1950,경기도,안산시 상록구,음식,95
11-10,13,화요일,12.3,0.0,0.0,2000,경기도,안산시 상록구,음식,61
11-10,14,화요일,13.2,0.0,0.0,2000,경기도,안산시 상록구,음식,39
11-10,15,화요일,12.6,0.0,0.0,2000,경기도,안산시 상록구,음식,28
11-10,16,화요일,12.0,0.0,0.0,1986,경기도,안산시 상록구,음식,55
11-10,17,화요일,10.8,0.0,0.0,2000,경기도,안산시 상록구,음식,68
11-10,18,화요일,9.4,0.0,0.0,2000,경기도,안산시 상록구,음식,149
11-10,19,화요일,8.5,0.0,0.0,2000,경기도,안산시 상록구,음식,148
11-10,20,화요일,7.2,0.0,0.0,2000,경기도,안산시 상록구,음식,119
11-10,21,화요일,6.7,0.0,0.0,1985,경기도,안산시 상록구,음식,91
11-10,22,화요일,6.1,0.0,0.0,2013,경기도,안산시 상록구,음식,61
11-10,23,화요일,4.4,0.0,0.0,1950,경기도,안산시 상록구,음식,44
11-11,0,수요일,4.1,0.0,0.0,1792,경기도,안산시 상록구,음식,21
11-11,1,수요일,3.6,0.0,0.0,1804,경기도,안산시 상록구,음식,17
11-11,2,수요일,3.2,0.0,0.0,1547,경기도,안산시 상록구,음식,14
11-11,10,수요일,9.5,0.0,0.0,1698,경기도,안산시 상록구,음식,23
11-11,11,수요일,11.3,0.0,0.0,1749,경기도,안산시 상록구,음식,68
11-11,12,수요일,13.5,0.0,0.0,1926,경기도,안산시 상록구,음식,91
11-11,13,수요일,14.4,0.0,0.0,1920,경기도,안산시 상록구,음식,75
11-11,14,수요일,15.2,0.0,0.0,1945,경기도,안산시 상록구,음식,55
11-11,15,수요일,15.8,0.0,0.0,1987,경기도,안산시 상록구,음식,35
11-11,16,수요일,15.9,0.0,0.0,1964,경기도,안산시 상록구,음식,45
11-11,17,수요일,13.5,0.0,0.0,1563,경기도,안산시 상록구,음식,79
11-11,18,수요일,10.9,0.0,0.0,1768,경기도,안산시 상록구,음식,134
11-11,19,수요일,9.9,0.0,0.0,1429,경기도,안산시 상록구,음식,155
11-11,20,수요일,9.5,0.0,0.0,1169,경기도,안산시 상록구,음식,128
11-11,21,수요일,7.6,0.0,0.0,1100,경기도,안산시 상록구,음식,70
11-11,22,수요일,6.4,0.0,0.0,703,경기도,안산시 상록구,음식,68
11-11,23,수요일,5.0,0.0,0.0,578,경기도,안산시 상록구,음식,29
11-12,0,목요일,4.5,0.0,0.0,537,경기도,안산시 상록구,음식,20
11-12,1,목요일,4.4,0.0,0.0,665,경기도,안산시 상록구,음식,13
11-12,2,목요일,2.8,0.0,0.0,836,경기도,안산시 상록구,음식,13
11-12,10,목요일,11.0,0.0,0.0,1021,경기도,안산시 상록구,음식,13
11-12,11,목요일,13.4,0.0,0.0,1048,경기도,안산시 상록구,음식,67
11-12,12,목요일,14.6,0.0,0.0,1165,경기도,안산시 상록구,음식,82
11-12,13,목요일,16.2,0.0,0.0,1085,경기도,안산시 상록구,음식,56
11-12,14,목요일,17.2,0.0,0.0,1708,경기도,안산시 상록구,음식,44
11-12,15,목요일,17.4,0.0,0.0,1141,경기도,안산시 상록구,음식,39
11-12,16,목요일,17.1,0.0,0.0,978,경기도,안산시 상록구,음식,43
11-12,17,목요일,15.1,0.0,0.0,825,경기도,안산시 상록구,음식,77
11-12,18,목요일,12.7,0.0,0.0,918,경기도,안산시 상록구,음식,135
11-12,19,목요일,10.8,0.0,0.0,840,경기도,안산시 상록구,음식,129
11-12,20,목요일,9.2,0.0,0.0,784,경기도,안산시 상록구,음식,113
11-12,21,목요일,8.1,0.0,0.0,803,경기도,안산시 상록구,음식,91
11-12,22,목요일,7.9,0.0,0.0,821,경기도,안산시 상록구,음식,65
11-12,23,목요일,6.4,0.0,0.0,690,경기도,안산시 상록구,음식,45
11-13,0,금요일,6.4,0.0,0.0,655,경기도,안산시 상록구,음식,28
11-13,1,금요일,6.1,0.0,0.0,619,경기도,안산시 상록구,음식,22
11-13,2,금요일,6.2,0.0,0.0,607,경기도,안산시 상록구,음식,14
11-13,10,금요일,10.4,0.0,0.0,535,경기도,안산시 상록구,음식,17
11-13,11,금요일,12.1,0.0,0.0,664,경기도,안산시 상록구,음식,53
11-13,12,금요일,14.4,0.0,0.0,588,경기도,안산시 상록구,음식,90
11-13,13,금요일,15.6,0.0,0.0,1570,경기도,안산시 상록구,음식,71
11-13,14,금요일,16.7,0.0,0.0,943,경기도,안산시 상록구,음식,38
11-13,15,금요일,16.3,0.0,0.0,855,경기도,안산시 상록구,음식,37
11-13,16,금요일,16.4,0.0,0.0,800,경기도,안산시 상록구,음식,41
11-13,17,금요일,15.0,0.0,0.0,730,경기도,안산시 상록구,음식,69
11-13,18,금요일,12.7,0.0,0.0,2000,경기도,안산시 상록구,음식,150
11-13,19,금요일,11.8,0.0,0.0,1100,경기도,안산시 상록구,음식,164
11-13,20,금요일,10.8,0.0,0.0,443,경기도,안산시 상록구,음식,143
11-13,21,금요일,9.3,0.0,0.0,264,경기도,안산시 상록구,음식,107
11-13,22,금요일,8.3,0.0,0.0,366,경기도,안산시 상록구,음식,120
11-13,23,금요일,8.1,0.0,0.0,375,경기도,안산시 상록구,음식,63
11-14,0,토요일,7.2,0.0,0.0,110,경기도,안산시 상록구,음식,33
11-14,1,토요일,7.0,0.0,0.0,223,경기도,안산시 상록구,음식,22
11-14,2,토요일,5.9,0.0,0.0,8,경기도,안산시 상록구,음식,18
11-14,10,토요일,12.4,0.0,0.0,538,경기도,안산시 상록구,음식,34
11-14,11,토요일,14.7,0.0,0.0,706,경기도,안산시 상록구,음식,67
11-14,12,토요일,15.9,0.0,0.0,920,경기도,안산시 상록구,음식,102
11-14,13,토요일,17.2,0.0,0.0,1332,경기도,안산시 상록구,음식,94
11-14,14,토요일,17.9,0.0,0.0,1107,경기도,안산시 상록구,음식,71
11-14,15,토요일,18.3,0.0,0.0,1448,경기도,안산시 상록구,음식,80
11-14,16,토요일,17.4,0.0,0.0,1541,경기도,안산시 상록구,음식,66
11-14,17,토요일,16.6,0.0,0.0,1321,경기도,안산시 상록구,음식,112
11-14,18,토요일,14.6,0.0,0.0,970,경기도,안산시 상록구,음식,205
11-14,19,토요일,13.3,0.0,0.0,782,경기도,안산시 상록구,음식,180
11-14,20,토요일,12.0,0.0,0.0,615,경기도,안산시 상록구,음식,126
11-14,21,토요일,10.6,0.0,0.0,712,경기도,안산시 상록구,음식,102
11-14,22,토요일,9.5,0.0,0.0,665,경기도,안산시 상록구,음식,80
11-14,23,토요일,8.9,0.0,0.0,713,경기도,안산시 상록구,음식,67
11-15,0,일요일,7.4,0.0,0.0,544,경기도,안산시 상록구,음식,33
11-15,1,일요일,6.7,0.0,0.0,568,경기도,안산시 상록구,음식,28
11-15,2,일요일,6.5,0.0,0.0,562,경기도,안산시 상록구,음식,17
11-15,10,일요일,11.6,0.0,0.0,528,경기도,안산시 상록구,음식,30
11-15,11,일요일,14.4,0.0,0.0,593,경기도,안산시 상록구,음식,82
11-15,12,일요일,15.8,0.0,0.0,1568,경기도,안산시 상록구,음식,76
11-15,13,일요일,15.7,0.0,0.0,1493,경기도,안산시 상록구,음식,86
11-15,14,일요일,15.9,0.0,0.0,2149,경기도,안산시 상록구,음식,83
11-15,15,일요일,15.3,0.0,0.0,1843,경기도,안산시 상록구,음식,67
11-15,16,일요일,15.1,0.0,0.0,733,경기도,안산시 상록구,음식,76
11-15,17,일요일,13.9,0.0,0.0,890,경기도,안산시 상록구,음식,146
11-15,18,일요일,11.5,0.0,0.0,678,경기도,안산시 상록구,음식,191
11-15,19,일요일,10.8,0.0,0.0,552,경기도,안산시 상록구,음식,149
11-15,20,일요일,10.3,0.0,0.0,589,경기도,안산시 상록구,음식,137
11-15,21,일요일,9.5,0.0,0.0,412,경기도,안산시 상록구,음식,89
11-15,22,일요일,8.0,0.0,0.0,338,경기도,안산시 상록구,음식,61
11-15,23,일요일,7.0,0.0,0.0,428,경기도,안산시 상록구,음식,46
11-16,0,월요일,6.8,0.0,0.0,336,경기도,안산시 상록구,음식,23
11-16,1,월요일,6.2,0.0,0.0,264,경기도,안산시 상록구,음식,16
11-16,2,월요일,6.4,0.0,0.0,313,경기도,안산시 상록구,음식,14
11-16,3,월요일,5.8,0.0,0.0,263,경기도,안산시 상록구,음식,1
11-16,10,월요일,10.9,0.0,0.0,369,경기도,안산시 상록구,음식,16
11-16,11,월요일,13.9,0.0,0.0,742,경기도,안산시 상록구,음식,60
11-16,12,월요일,15.5,0.0,0.0,697,경기도,안산시 상록구,음식,74
11-16,13,월요일,15.8,0.0,0.0,610,경기도,안산시 상록구,음식,55
11-16,14,월요일,17.2,0.0,0.0,702,경기도,안산시 상록구,음식,50
11-16,15,월요일,17.8,0.0,0.0,729,경기도,안산시 상록구,음식,39
11-16,16,월요일,17.8,0.0,0.0,659,경기도,안산시 상록구,음식,43
11-16,17,월요일,16.8,0.0,0.0,589,경기도,안산시 상록구,음식,104
11-16,18,월요일,14.7,0.0,0.0,502,경기도,안산시 상록구,음식,150
11-16,19,월요일,12.1,0.0,0.0,898,경기도,안산시 상록구,음식,160
11-16,20,월요일,11.6,0.0,0.0,777,경기도,안산시 상록구,음식,93
11-16,21,월요일,10.7,0.0,0.0,659,경기도,안산시 상록구,음식,75
11-16,22,월요일,9.7,0.0,0.0,612,경기도,안산시 상록구,음식,59
11-16,23,월요일,11.1,0.0,0.0,753,경기도,안산시 상록구,음식,39
11-17,0,화요일,12.4,0.0,0.0,1573,경기도,안산시 상록구,음식,19
11-17,1,화요일,13.1,0.0,0.0,1025,경기도,안산시 상록구,음식,16
11-17,2,화요일,12.9,0.0,0.0,1493,경기도,안산시 상록구,음식,11
11-17,10,화요일,16.0,0.0,0.0,722,경기도,안산시 상록구,음식,23
11-17,11,화요일,18.4,0.0,0.0,834,경기도,안산시 상록구,음식,55
11-17,12,화요일,18.4,0.0,0.0,805,경기도,안산시 상록구,음식,59
11-17,13,화요일,18.8,0.0,0.0,844,경기도,안산시 상록구,음식,63
11-17,14,화요일,19.3,0.0,0.0,935,경기도,안산시 상록구,음식,40
11-17,15,화요일,19.6,0.0,0.0,966,경기도,안산시 상록구,음식,34
11-17,16,화요일,19.3,0.0,0.0,898,경기도,안산시 상록구,음식,53
11-17,17,화요일,18.9,0.0,0.0,1198,경기도,안산시 상록구,음식,87
11-17,18,화요일,18.5,0.0,0.0,830,경기도,안산시 상록구,음식,169
11-17,19,화요일,17.9,0.0,0.0,776,경기도,안산시 상록구,음식,142
11-17,20,화요일,17.4,0.0,0.0,745,경기도,안산시 상록구,음식,107
11-17,21,화요일,16.6,0.0,0.0,1634,경기도,안산시 상록구,음식,107
11-17,22,화요일,15.6,0.0,0.0,583,경기도,안산시 상록구,음식,81
11-17,23,화요일,16.1,0.0,0.0,880,경기도,안산시 상록구,음식,48
11-18,0,수요일,15.0,0.4,0.0,578,경기도,안산시 상록구,음식,24
11-18,1,수요일,14.6,0.0,0.0,241,경기도,안산시 상록구,음식,21
11-18,2,수요일,14.9,0.0,0.0,191,경기도,안산시 상록구,음식,14
11-18,10,수요일,17.8,0.0,0.0,622,경기도,안산시 상록구,음식,29
11-18,11,수요일,18.4,0.0,0.0,705,경기도,안산시 상록구,음식,52
11-18,12,수요일,18.9,0.0,0.0,1312,경기도,안산시 상록구,음식,96
11-18,13,수요일,19.0,0.0,0.0,1145,경기도,안산시 상록구,음식,79
11-18,14,수요일,19.6,0.0,0.0,1165,경기도,안산시 상록구,음식,62
11-18,15,수요일,18.6,0.1,0.0,912,경기도,안산시 상록구,음식,56
11-18,16,수요일,17.8,0.0,0.0,861,경기도,안산시 상록구,음식,76
11-18,17,수요일,17.4,0.0,0.0,622,경기도,안산시 상록구,음식,135
11-18,18,수요일,17.4,1.5,0.0,647,경기도,안산시 상록구,음식,179
11-18,19,수요일,17.4,0.0,0.0,660,경기도,안산시 상록구,음식,178
11-18,20,수요일,17.3,0.0,0.0,833,경기도,안산시 상록구,음식,183
11-18,21,수요일,17.9,0.0,0.0,882,경기도,안산시 상록구,음식,100
11-18,22,수요일,18.4,0.0,0.0,960,경기도,안산시 상록구,음식,85
11-18,23,수요일,18.1,0.0,0.0,1137,경기도,안산시 상록구,음식,57
11-19,0,목요일,18.9,0.6,0.0,2000,경기도,안산시 상록구,음식,25
11-19,1,목요일,18.8,0.0,0.0,1483,경기도,안산시 상록구,음식,10
11-19,2,목요일,19.8,0.0,0.0,2000,경기도,안산시 상록구,음식,17
11-19,10,목요일,18.9,0.0,0.0,1973,경기도,안산시 상록구,음식,28
11-19,11,목요일,16.3,0.0,0.0,732,경기도,안산시 상록구,음식,69
11-19,12,목요일,15.8,3.8,0.0,950,경기도,안산시 상록구,음식,117
11-19,13,목요일,13.7,0.0,0.0,749,경기도,안산시 상록구,음식,102
11-19,14,목요일,12.8,0.0,0.0,1365,경기도,안산시 상록구,음식,67
11-19,15,목요일,11.7,0.4,0.0,1608,경기도,안산시 상록구,음식,60
11-19,16,목요일,10.9,0.0,0.0,1871,경기도,안산시 상록구,음식,62
11-19,17,목요일,10.6,0.0,0.0,1949,경기도,안산시 상록구,음식,125
11-19,18,목요일,10.4,0.0,0.0,1932,경기도,안산시 상록구,음식,201
11-19,19,목요일,10.1,0.0,0.0,1982,경기도,안산시 상록구,음식,205
11-19,20,목요일,9.9,0.0,0.0,1948,경기도,안산시 상록구,음식,153
11-19,21,목요일,9.5,0.0,0.0,1999,경기도,안산시 상록구,음식,115
11-19,22,목요일,9.1,0.0,0.0,1938,경기도,안산시 상록구,음식,71
11-19,23,목요일,8.6,0.0,0.0,1933,경기도,안산시 상록구,음식,44
11-20,0,금요일,7.8,0.0,0.0,1305,경기도,안산시 상록구,음식,26
11-20,1,금요일,7.4,0.0,0.0,2000,경기도,안산시 상록구,음식,19
11-20,2,금요일,7.1,0.0,0.0,1695,경기도,안산시 상록구,음식,9
11-20,10,금요일,4.1,0.0,0.0,2000,경기도,안산시 상록구,음식,15
11-20,11,금요일,4.0,0.0,0.0,1950,경기도,안산시 상록구,음식,66
11-20,12,금요일,4.0,0.0,0.0,2030,경기도,안산시 상록구,음식,89
11-20,13,금요일,4.2,0.0,0.0,2000,경기도,안산시 상록구,음식,56
11-20,14,금요일,4.1,0.0,0.0,1999,경기도,안산시 상록구,음식,55
11-20,15,금요일,4.0,0.0,0.0,1941,경기도,안산시 상록구,음식,38
11-20,16,금요일,3.8,0.0,0.0,1965,경기도,안산시 상록구,음식,47
11-20,17,금요일,3.8,0.0,0.0,1830,경기도,안산시 상록구,음식,115
11-20,18,금요일,3.8,0.0,0.0,1936,경기도,안산시 상록구,음식,181
11-20,19,금요일,3.5,0.0,0.0,2000,경기도,안산시 상록구,음식,203
11-20,20,금요일,3.0,0.0,0.0,1956,경기도,안산시 상록구,음식,149
11-20,21,금요일,2.1,0.0,0.0,1959,경기도,안산시 상록구,음식,122
11-20,22,금요일,1.6,0.0,0.0,1980,경기도,안산시 상록구,음식,98
11-20,23,금요일,0.6,0.0,0.0,1797,경기도,안산시 상록구,음식,73
11-21,0,토요일,-0.3,0.0,0.0,1666,경기도,안산시 상록구,음식,25
11-21,1,토요일,-0.2,0.0,0.0,1645,경기도,안산시 상록구,음식,20
11-21,2,토요일,-1.0,0.0,0.0,1341,경기도,안산시 상록구,음식,22
11-21,10,토요일,5.0,0.0,0.0,1667,경기도,안산시 상록구,음식,47
11-21,11,토요일,7.8,0.0,0.0,1878,경기도,안산시 상록구,음식,80
11-21,12,토요일,10.1,0.0,0.0,1953,경기도,안산시 상록구,음식,114
11-21,13,토요일,11.3,0.0,0.0,1904,경기도,안산시 상록구,음식,99
11-21,14,토요일,12.1,0.0,0.0,1794,경기도,안산시 상록구,음식,88
11-21,15,토요일,12.3,0.0,0.0,2002,경기도,안산시 상록구,음식,82
11-21,16,토요일,12.0,0.0,0.0,1855,경기도,안산시 상록구,음식,75
11-21,17,토요일,11.6,0.0,0.0,1983,경기도,안산시 상록구,음식,151
11-21,18,토요일,10.0,0.0,0.0,1237,경기도,안산시 상록구,음식,202
11-21,19,토요일,9.3,0.0,0.0,1088,경기도,안산시 상록구,음식,187
11-21,20,토요일,9.2,0.0,0.0,1000,경기도,안산시 상록구,음식,150
11-21,21,토요일,9.5,0.0,0.0,1063,경기도,안산시 상록구,음식,138
11-21,22,토요일,9.2,0.0,0.0,1235,경기도,안산시 상록구,음식,82
11-21,23,토요일,9.3,0.0,0.0,1049,경기도,안산시 상록구,음식,63
11-22,0,일요일,9.0,0.0,0.0,1098,경기도,안산시 상록구,음식,49
11-22,1,일요일,7.8,0.0,0.0,596,경기도,안산시 상록구,음식,36
11-22,2,일요일,7.5,0.0,0.0,417,경기도,안산시 상록구,음식,11
11-22,10,일요일,6.6,0.0,0.0,1944,경기도,안산시 상록구,음식,47
11-22,11,일요일,6.9,0.0,0.0,1804,경기도,안산시 상록구,음식,75
11-22,12,일요일,7.3,0.0,0.0,1737,경기도,안산시 상록구,음식,104
11-22,13,일요일,7.8,0.0,0.0,1579,경기도,안산시 상록구,음식,117
11-22,14,일요일,8.4,0.0,0.0,1773,경기도,안산시 상록구,음식,108
11-22,15,일요일,8.0,0.0,0.0,1837,경기도,안산시 상록구,음식,87
11-22,16,일요일,7.4,0.0,0.0,1496,경기도,안산시 상록구,음식,113
11-22,17,일요일,7.2,0.0,0.0,1736,경기도,안산시 상록구,음식,176
11-22,18,일요일,6.2,0.0,0.0,1982,경기도,안산시 상록구,음식,227
11-22,19,일요일,5.5,0.0,0.0,2000,경기도,안산시 상록구,음식,171
11-22,20,일요일,4.4,0.0,0.0,2000,경기도,안산시 상록구,음식,122
11-22,21,일요일,3.9,0.0,0.0,1999,경기도,안산시 상록구,음식,114
11-22,22,일요일,3.5,0.0,0.0,2000,경기도,안산시 상록구,음식,62
11-22,23,일요일,2.3,0.0,0.0,2000,경기도,안산시 상록구,음식,35
11-23,0,월요일,1.8,0.0,0.0,1948,경기도,안산시 상록구,음식,22
11-23,1,월요일,1.5,0.0,0.0,2000,경기도,안산시 상록구,음식,16
11-23,2,월요일,0.7,0.0,0.0,1983,경기도,안산시 상록구,음식,13
11-23,10,월요일,2.0,0.0,0.0,1899,경기도,안산시 상록구,음식,24
11-23,11,월요일,3.5,0.0,0.0,1853,경기도,안산시 상록구,음식,73
11-23,12,월요일,4.2,0.0,0.0,1901,경기도,안산시 상록구,음식,100
11-23,13,월요일,5.1,0.0,0.0,1997,경기도,안산시 상록구,음식,65
11-23,14,월요일,5.3,0.0,0.0,1965,경기도,안산시 상록구,음식,45
11-23,15,월요일,5.4,0.0,0.0,2000,경기도,안산시 상록구,음식,44
11-23,16,월요일,4.9,0.0,0.0,2000,경기도,안산시 상록구,음식,55
11-23,17,월요일,4.0,0.0,0.0,2000,경기도,안산시 상록구,음식,102
11-23,18,월요일,3.1,0.0,0.0,2000,경기도,안산시 상록구,음식,147
11-23,19,월요일,2.6,0.0,0.0,2000,경기도,안산시 상록구,음식,169
11-23,20,월요일,1.4,0.0,0.0,2000,경기도,안산시 상록구,음식,137
11-23,21,월요일,0.5,0.0,0.0,2000,경기도,안산시 상록구,음식,88
11-23,22,월요일,0.7,0.0,0.0,2000,경기도,안산시 상록구,음식,78
11-23,23,월요일,1.0,0.0,0.0,2000,경기도,안산시 상록구,음식,60
11-24,0,화요일,-0.3,0.0,0.0,2000,경기도,안산시 상록구,음식,22
11-24,1,화요일,-1.3,0.0,0.0,1988,경기도,안산시 상록구,음식,25
11-24,2,화요일,-0.3,0.0,0.0,2000,경기도,안산시 상록구,음식,14
11-24,10,화요일,4.5,0.0,0.0,1944,경기도,안산시 상록구,음식,19
11-24,11,화요일,5.4,0.0,0.0,1933,경기도,안산시 상록구,음식,78
11-24,12,화요일,6.8,0.0,0.0,1946,경기도,안산시 상록구,음식,90
11-24,13,화요일,7.3,0.0,0.0,1970,경기도,안산시 상록구,음식,71
11-24,14,화요일,7.6,0.0,0.0,2000,경기도,안산시 상록구,음식,44
11-24,15,화요일,8.1,0.0,0.0,1992,경기도,안산시 상록구,음식,62
11-24,16,화요일,7.6,0.0,0.0,2000,경기도,안산시 상록구,음식,62
11-24,17,화요일,6.7,0.0,0.0,1958,경기도,안산시 상록구,음식,135
11-24,18,화요일,4.8,0.0,0.0,2000,경기도,안산시 상록구,음식,155
11-24,19,화요일,4.1,0.0,0.0,2000,경기도,안산시 상록구,음식,168
11-24,20,화요일,3.7,0.0,0.0,2000,경기도,안산시 상록구,음식,138
11-24,21,화요일,2.8,0.0,0.0,2000,경기도,안산시 상록구,음식,149
11-24,22,화요일,2.3,0.0,0.0,2000,경기도,안산시 상록구,음식,81
11-24,23,화요일,1.3,0.0,0.0,2000,경기도,안산시 상록구,음식,62
11-25,0,수요일,0.6,0.0,0.0,2000,경기도,안산시 상록구,음식,38
11-25,1,수요일,0.2,0.0,0.0,1955,경기도,안산시 상록구,음식,31
11-25,2,수요일,-0.1,0.0,0.0,2000,경기도,안산시 상록구,음식,22
11-25,10,수요일,4.5,0.0,0.0,1393,경기도,안산시 상록구,음식,28
11-25,11,수요일,6.1,0.0,0.0,1990,경기도,안산시 상록구,음식,77
11-25,12,수요일,8.1,0.0,0.0,1977,경기도,안산시 상록구,음식,90
11-25,13,수요일,8.6,0.0,0.0,1979,경기도,안산시 상록구,음식,74
11-25,14,수요일,9.8,0.0,0.0,2000,경기도,안산시 상록구,음식,55
11-25,15,수요일,9.8,0.0,0.0,1918,경기도,안산시 상록구,음식,41
11-25,16,수요일,9.4,0.0,0.0,1907,경기도,안산시 상록구,음식,68
11-25,17,수요일,8.7,0.0,0.0,1938,경기도,안산시 상록구,음식,119
11-25,18,수요일,6.9,0.0,0.0,1406,경기도,안산시 상록구,음식,175
11-25,19,수요일,6.2,0.0,0.0,1150,경기도,안산시 상록구,음식,192
11-25,20,수요일,5.6,0.0,0.0,1194,경기도,안산시 상록구,음식,158
11-25,21,수요일,4.7,0.0,0.0,1366,경기도,안산시 상록구,음식,125
11-25,22,수요일,4.2,0.0,0.0,1080,경기도,안산시 상록구,음식,91
11-25,23,수요일,3.6,0.0,0.0,814,경기도,안산시 상록구,음식,55
11-26,0,목요일,2.9,0.0,0.0,1421,경기도,안산시 상록구,음식,23
11-26,1,목요일,2.4,0.0,0.0,2144,경기도,안산시 상록구,음식,26
11-26,2,목요일,1.5,0.0,0.0,741,경기도,안산시 상록구,음식,3
11-26,10,목요일,5.1,0.0,0.0,571,경기도,안산시 상록구,음식,24
11-26,11,목요일,7.4,0.0,0.0,868,경기도,안산시 상록구,음식,71
11-26,12,목요일,8.9,0.0,0.0,1128,경기도,안산시 상록구,음식,92
11-26,13,목요일,9.4,0.0,0.0,1170,경기도,안산시 상록구,음식,76
11-26,14,목요일,10.2,0.0,0.0,1047,경기도,안산시 상록구,음식,55
11-26,15,목요일,10.4,0.0,0.0,1249,경기도,안산시 상록구,음식,42
11-26,16,목요일,9.4,0.0,0.0,870,경기도,안산시 상록구,음식,56
11-26,17,목요일,8.1,0.0,0.0,1147,경기도,안산시 상록구,음식,73
11-26,18,목요일,7.5,0.0,0.0,986,경기도,안산시 상록구,음식,173
11-26,19,목요일,6.9,0.0,0.0,977,경기도,안산시 상록구,음식,198
11-26,20,목요일,5.5,0.0,0.0,884,경기도,안산시 상록구,음식,133
11-26,21,목요일,4.9,0.0,0.0,805,경기도,안산시 상록구,음식,133
11-26,22,목요일,4.5,0.0,0.0,726,경기도,안산시 상록구,음식,104
11-26,23,목요일,4.1,0.0,0.0,731,경기도,안산시 상록구,음식,66
11-27,0,금요일,4.7,0.0,0.0,765,경기도,안산시 상록구,음식,26
11-27,1,금요일,4.1,0.0,0.0,706,경기도,안산시 상록구,음식,26
11-27,2,금요일,3.9,0.0,0.0,711,경기도,안산시 상록구,음식,28
11-27,10,금요일,6.6,0.0,0.0,1785,경기도,안산시 상록구,음식,27
11-27,11,금요일,7.2,0.0,0.0,2000,경기도,안산시 상록구,음식,65
11-27,12,금요일,7.0,0.0,0.0,2000,경기도,안산시 상록구,음식,116
11-27,13,금요일,6.6,0.0,0.0,1858,경기도,안산시 상록구,음식,77
11-27,14,금요일,6.2,0.0,0.0,2000,경기도,안산시 상록구,음식,68
11-27,15,금요일,6.0,0.0,0.0,1957,경기도,안산시 상록구,음식,41
11-27,16,금요일,6.2,0.0,0.0,2000,경기도,안산시 상록구,음식,48
11-27,17,금요일,5.1,0.0,0.0,1878,경기도,안산시 상록구,음식,111
11-27,18,금요일,4.3,0.0,0.0,1931,경기도,안산시 상록구,음식,212
11-27,19,금요일,3.7,0.0,0.0,1990,경기도,안산시 상록구,음식,200
11-27,20,금요일,2.7,0.0,0.0,2031,경기도,안산시 상록구,음식,194
11-27,21,금요일,2.4,0.0,0.0,2000,경기도,안산시 상록구,음식,192
11-27,22,금요일,1.9,0.0,0.0,1996,경기도,안산시 상록구,음식,150
11-27,23,금요일,1.5,0.0,0.0,1998,경기도,안산시 상록구,음식,96
11-28,0,토요일,0.6,0.0,0.0,2000,경기도,안산시 상록구,음식,53
11-28,1,토요일,0.1,0.0,0.0,1691,경기도,안산시 상록구,음식,33
11-28,2,토요일,0.6,0.0,0.0,1723,경기도,안산시 상록구,음식,28
11-28,10,토요일,0.3,0.0,0.0,1975,경기도,안산시 상록구,음식,38
11-28,11,토요일,1.9,0.0,0.0,1995,경기도,안산시 상록구,음식,92
11-28,12,토요일,2.4,0.0,0.0,2000,경기도,안산시 상록구,음식,132
11-28,13,토요일,2.8,0.0,0.0,2000,경기도,안산시 상록구,음식,143
11-28,14,토요일,2.7,0.0,0.0,2000,경기도,안산시 상록구,음식,98
11-28,15,토요일,2.4,0.0,0.0,2000,경기도,안산시 상록구,음식,86
11-28,16,토요일,1.6,0.0,0.0,2000,경기도,안산시 상록구,음식,90
11-28,17,토요일,1.2,0.0,0.0,2000,경기도,안산시 상록구,음식,149
11-28,18,토요일,0.7,0.0,0.0,2000,경기도,안산시 상록구,음식,257
11-28,19,토요일,0.6,0.0,0.0,2000,경기도,안산시 상록구,음식,221
11-28,20,토요일,0.7,0.0,0.0,2000,경기도,안산시 상록구,음식,209
11-28,21,토요일,0.2,0.0,0.0,2000,경기도,안산시 상록구,음식,196
11-28,22,토요일,-0.2,0.0,0.0,2000,경기도,안산시 상록구,음식,151
11-28,23,토요일,-0.6,0.0,0.0,2000,경기도,안산시 상록구,음식,94
11-29,0,일요일,-1.0,0.0,0.0,2000,경기도,안산시 상록구,음식,41
11-29,1,일요일,-1.0,0.0,0.0,2000,경기도,안산시 상록구,음식,30
11-29,2,일요일,-1.1,0.0,0.0,2000,경기도,안산시 상록구,음식,16
11-29,10,일요일,0.6,0.0,0.0,1920,경기도,안산시 상록구,음식,36
11-29,11,일요일,1.6,0.0,0.0,1998,경기도,안산시 상록구,음식,84
11-29,12,일요일,2.6,0.0,0.0,1970,경기도,안산시 상록구,음식,107
11-29,13,일요일,2.7,0.0,0.0,2020,경기도,안산시 상록구,음식,108
11-29,14,일요일,1.8,0.0,0.0,1917,경기도,안산시 상록구,음식,121
11-29,15,일요일,0.8,0.0,0.0,1512,경기도,안산시 상록구,음식,101
11-29,16,일요일,0.8,0.0,0.0,1197,경기도,안산시 상록구,음식,101
11-29,17,일요일,1.0,0.0,0.0,1493,경기도,안산시 상록구,음식,163
11-29,18,일요일,0.9,0.0,0.0,1229,경기도,안산시 상록구,음식,249
11-29,19,일요일,0.2,0.0,0.0,1189,경기도,안산시 상록구,음식,166
11-29,20,일요일,0.2,0.0,0.0,1044,경기도,안산시 상록구,음식,131
11-29,21,일요일,0.2,0.0,0.0,1985,경기도,안산시 상록구,음식,116
11-29,22,일요일,-0.4,0.0,0.0,2000,경기도,안산시 상록구,음식,90
11-29,23,일요일,-0.8,0.0,0.0,2000,경기도,안산시 상록구,음식,64
11-30,0,월요일,-2.0,0.0,0.0,2000,경기도,안산시 상록구,음식,41
11-30,1,월요일,-2.6,0.0,0.0,2000,경기도,안산시 상록구,음식,38
11-30,2,월요일,-3.2,0.0,0.0,2000,경기도,안산시 상록구,음식,22
11-30,10,월요일,0.6,0.0,0.0,1832,경기도,안산시 상록구,음식,26
11-30,11,월요일,2.2,0.0,0.0,1867,경기도,안산시 상록구,음식,62
11-30,12,월요일,2.4,0.0,0.0,1915,경기도,안산시 상록구,음식,102
11-30,13,월요일,4.2,0.0,0.0,1933,경기도,안산시 상록구,음식,69
11-30,14,월요일,4.0,0.0,0.0,1928,경기도,안산시 상록구,음식,58
11-30,15,월요일,4.2,0.0,0.0,1895,경기도,안산시 상록구,음식,43
11-30,16,월요일,4.0,0.0,0.0,1976,경기도,안산시 상록구,음식,60
11-30,17,월요일,2.7,0.0,0.0,2010,경기도,안산시 상록구,음식,85
11-30,18,월요일,1.9,0.0,0.0,1847,경기도,안산시 상록구,음식,148
11-30,19,월요일,0.8,0.0,0.0,1761,경기도,안산시 상록구,음식,158
11-30,20,월요일,0.1,0.0,0.0,1577,경기도,안산시 상록구,음식,125
11-30,21,월요일,-0.6,0.0,0.0,1720,경기도,안산시 상록구,음식,114
11-30,22,월요일,0.1,0.0,0.0,1946,경기도,안산시 상록구,음식,69
11-30,23,월요일,-0.7,0.0,0.0,1882,경기도,안산시 상록구,음식,45
12-01,0,화요일,-1.9,0.0,0.0,1953,경기도,안산시 상록구,음식,23
12-01,1,화요일,-3.2,0.0,0.0,1884,경기도,안산시 상록구,음식,16
12-01,2,화요일,-1.7,0.0,0.0,1762,경기도,안산시 상록구,음식,13
12-01,10,화요일,0.5,0.0,0.0,1728,경기도,안산시 상록구,음식,23
12-01,11,화요일,1.9,0.0,0.0,1796,경기도,안산시 상록구,음식,64
12-01,12,화요일,4.1,0.0,0.0,1956,경기도,안산시 상록구,음식,118
12-01,13,화요일,5.4,0.0,0.0,1962,경기도,안산시 상록구,음식,78
12-01,14,화요일,6.2,0.0,0.0,1999,경기도,안산시 상록구,음식,71
12-01,15,화요일,6.3,0.0,0.0,2000,경기도,안산시 상록구,음식,52
12-01,16,화요일,5.8,0.0,0.0,2000,경기도,안산시 상록구,음식,37
12-01,17,화요일,4.5,0.0,0.0,2000,경기도,안산시 상록구,음식,102
12-01,18,화요일,3.7,0.0,0.0,2000,경기도,안산시 상록구,음식,204
12-01,19,화요일,3.4,0.0,0.0,2000,경기도,안산시 상록구,음식,184
12-01,20,화요일,3.0,0.0,0.0,2000,경기도,안산시 상록구,음식,129
12-01,21,화요일,2.9,0.0,0.0,2000,경기도,안산시 상록구,음식,140
12-01,22,화요일,2.5,0.0,0.0,2000,경기도,안산시 상록구,음식,118
12-01,23,화요일,1.7,0.0,0.0,2000,경기도,안산시 상록구,음식,65
12-02,0,수요일,2.1,0.0,0.0,2000,경기도,안산시 상록구,음식,52
12-02,1,수요일,1.7,0.0,0.0,2000,경기도,안산시 상록구,음식,56
12-02,2,수요일,1.5,0.0,0.0,1998,경기도,안산시 상록구,음식,28
12-02,10,수요일,3.3,0.0,0.0,2000,경기도,안산시 상록구,음식,36
12-02,11,수요일,3.9,0.0,0.0,1891,경기도,안산시 상록구,음식,148
12-02,12,수요일,5.2,0.0,0.0,2000,경기도,안산시 상록구,음식,250
12-02,13,수요일,6.5,0.0,0.0,2000,경기도,안산시 상록구,음식,126
12-02,14,수요일,7.7,0.0,0.0,2000,경기도,안산시 상록구,음식,132
12-02,15,수요일,7.0,0.0,0.0,2000,경기도,안산시 상록구,음식,108
12-02,16,수요일,6.5,0.0,0.0,2000,경기도,안산시 상록구,음식,142
12-02,17,수요일,4.9,0.0,0.0,2000,경기도,안산시 상록구,음식,244
12-02,18,수요일,4.1,0.0,0.0,1973,경기도,안산시 상록구,음식,374
12-02,19,수요일,3.4,0.0,0.0,1997,경기도,안산시 상록구,음식,392
12-02,20,수요일,2.7,0.0,0.0,2000,경기도,안산시 상록구,음식,316
12-02,21,수요일,2.2,0.0,0.0,2000,경기도,안산시 상록구,음식,181
12-02,22,수요일,1.5,0.0,0.0,2000,경기도,안산시 상록구,음식,83
12-02,23,수요일,1.1,0.0,0.0,2000,경기도,안산시 상록구,음식,50
12-03,0,목요일,0.4,0.0,0.0,2000,경기도,안산시 상록구,음식,37
12-03,1,목요일,0.6,0.0,0.0,2000,경기도,안산시 상록구,음식,26
12-03,2,목요일,1.3,0.0,0.0,2000,경기도,안산시 상록구,음식,19
12-03,10,목요일,2.4,0.0,0.0,1810,경기도,안산시 상록구,음식,25
12-03,11,목요일,3.2,0.0,0.0,1694,경기도,안산시 상록구,음식,64
12-03,12,목요일,4.1,0.0,0.0,1845,경기도,안산시 상록구,음식,117
12-03,13,목요일,4.6,0.0,0.0,1874,경기도,안산시 상록구,음식,83
12-03,14,목요일,4.3,0.0,0.0,2000,경기도,안산시 상록구,음식,53
12-03,15,목요일,4.3,0.0,0.0,1970,경기도,안산시 상록구,음식,34
12-03,16,목요일,3.8,0.0,0.0,1990,경기도,안산시 상록구,음식,40
12-03,17,목요일,2.3,0.0,0.0,2000,경기도,안산시 상록구,음식,111
12-03,18,목요일,1.5,0.0,0.0,2000,경기도,안산시 상록구,음식,182
12-03,19,목요일,0.9,0.0,0.0,2000,경기도,안산시 상록구,음식,196
12-03,20,목요일,0.1,0.0,0.0,2000,경기도,안산시 상록구,음식,151
12-03,21,목요일,-0.1,0.0,0.0,2000,경기도,안산시 상록구,음식,120
12-03,22,목요일,-0.7,0.0,0.0,1995,경기도,안산시 상록구,음식,87
12-03,23,목요일,-0.6,0.0,0.0,2000,경기도,안산시 상록구,음식,51
12-04,0,금요일,-2.0,0.0,0.0,2000,경기도,안산시 상록구,음식,29
12-04,1,금요일,-2.3,0.0,0.0,2000,경기도,안산시 상록구,음식,24
12-04,2,금요일,-3.0,0.0,0.0,2000,경기도,안산시 상록구,음식,14
12-04,10,금요일,-0.1,0.0,0.0,1770,경기도,안산시 상록구,음식,25
12-04,11,금요일,1.2,0.0,0.0,1885,경기도,안산시 상록구,음식,89
12-04,12,금요일,3.0,0.0,0.0,1945,경기도,안산시 상록구,음식,133
12-04,13,금요일,3.4,0.0,0.0,1998,경기도,안산시 상록구,음식,81
12-04,14,금요일,4.2,0.0,0.0,1961,경기도,안산시 상록구,음식,67
12-04,15,금요일,4.6,0.0,0.0,2000,경기도,안산시 상록구,음식,44
12-04,16,금요일,4.6,0.0,0.0,2000,경기도,안산시 상록구,음식,55
12-04,17,금요일,3.0,0.0,0.0,2000,경기도,안산시 상록구,음식,116
12-04,18,금요일,1.9,0.0,0.0,2000,경기도,안산시 상록구,음식,215
12-04,19,금요일,1.3,0.0,0.0,2000,경기도,안산시 상록구,음식,239
12-04,20,금요일,0.1,0.0,0.0,2000,경기도,안산시 상록구,음식,212
12-04,21,금요일,-0.8,0.0,0.0,1993,경기도,안산시 상록구,음식,174
12-04,22,금요일,-1.1,0.0,0.0,1680,경기도,안산시 상록구,음식,152
12-04,23,금요일,-2.3,0.0,0.0,1449,경기도,안산시 상록구,음식,93
12-05,0,토요일,-1.6,0.0,0.0,1667,경기도,안산시 상록구,음식,45
12-05,1,토요일,-0.8,0.0,0.0,1818,경기도,안산시 상록구,음식,35
12-05,2,토요일,-1.0,0.0,0.0,1685,경기도,안산시 상록구,음식,21
12-05,10,토요일,0.9,0.0,0.0,1119,경기도,안산시 상록구,음식,38
12-05,11,토요일,2.5,0.0,0.0,1334,경기도,안산시 상록구,음식,99
12-05,12,토요일,3.2,0.0,0.0,1239,경기도,안산시 상록구,음식,147
12-05,13,토요일,5.3,0.0,0.0,1409,경기도,안산시 상록구,음식,132
12-05,14,토요일,5.8,0.0,0.0,1707,경기도,안산시 상록구,음식,87
12-05,15,토요일,6.6,0.0,0.0,1364,경기도,안산시 상록구,음식,75
12-05,16,토요일,6.3,0.0,0.0,1731,경기도,안산시 상록구,음식,83
12-05,17,토요일,5.1,0.0,0.0,1652,경기도,안산시 상록구,음식,173
12-05,18,토요일,3.5,0.0,0.0,1824,경기도,안산시 상록구,음식,274
12-05,19,토요일,3.2,0.0,0.0,1125,경기도,안산시 상록구,음식,239
12-05,20,토요일,3.3,0.0,0.0,1227,경기도,안산시 상록구,음식,216
12-05,21,토요일,3.6,0.0,0.0,1301,경기도,안산시 상록구,음식,174
12-05,22,토요일,3.0,0.0,0.0,1347,경기도,안산시 상록구,음식,130
12-05,23,토요일,2.9,0.0,0.0,1141,경기도,안산시 상록구,음식,89
12-06,0,일요일,2.5,0.0,0.0,1188,경기도,안산시 상록구,음식,49
12-06,1,일요일,2.6,0.0,0.0,1111,경기도,안산시 상록구,음식,46
12-06,2,일요일,2.7,0.0,0.0,1087,경기도,안산시 상록구,음식,30
12-06,10,일요일,2.8,0.0,0.0,784,경기도,안산시 상록구,음식,34
12-06,11,일요일,3.4,0.0,0.0,672,경기도,안산시 상록구,음식,76
12-06,12,일요일,6.1,0.0,0.0,900,경기도,안산시 상록구,음식,130
12-06,13,일요일,8.0,0.0,0.0,1326,경기도,안산시 상록구,음식,134
12-06,14,일요일,8.0,0.0,0.0,1497,경기도,안산시 상록구,음식,95
12-06,15,일요일,8.5,0.0,0.0,1456,경기도,안산시 상록구,음식,93
12-06,16,일요일,8.1,0.0,0.0,1888,경기도,안산시 상록구,음식,105
12-06,17,일요일,7.2,0.0,0.0,1939,경기도,안산시 상록구,음식,190
12-06,18,일요일,5.2,0.0,0.0,1347,경기도,안산시 상록구,음식,229
12-06,19,일요일,4.1,0.0,0.0,1326,경기도,안산시 상록구,음식,207
12-06,20,일요일,3.3,0.0,0.0,1106,경기도,안산시 상록구,음식,145
12-06,21,일요일,1.8,0.0,0.0,950,경기도,안산시 상록구,음식,118
12-06,22,일요일,1.7,0.0,0.0,950,경기도,안산시 상록구,음식,83
12-06,23,일요일,1.4,0.0,0.0,1229,경기도,안산시 상록구,음식,54
12-07,0,월요일,1.8,0.0,0.0,1832,경기도,안산시 상록구,음식,30
12-07,1,월요일,1.8,0.0,0.0,1623,경기도,안산시 상록구,음식,17
12-07,2,월요일,2.7,0.0,0.0,1754,경기도,안산시 상록구,음식,16
12-07,10,월요일,5.6,0.0,0.0,880,경기도,안산시 상록구,음식,23
12-07,11,월요일,6.3,0.0,0.0,816,경기도,안산시 상록구,음식,80
12-07,12,월요일,6.7,0.0,0.0,1050,경기도,안산시 상록구,음식,97
12-07,13,월요일,6.9,0.0,0.0,1003,경기도,안산시 상록구,음식,86
12-07,14,월요일,6.7,0.0,0.0,1059,경기도,안산시 상록구,음식,73
12-07,15,월요일,5.8,0.0,0.0,1152,경기도,안산시 상록구,음식,52
12-07,16,월요일,5.8,0.0,0.0,1136,경기도,안산시 상록구,음식,73
12-07,17,월요일,4.4,0.0,0.0,1581,경기도,안산시 상록구,음식,110
12-07,18,월요일,3.5,0.0,0.0,1462,경기도,안산시 상록구,음식,167
12-07,19,월요일,2.4,0.0,0.0,1536,경기도,안산시 상록구,음식,162
12-07,20,월요일,1.3,0.0,0.0,2000,경기도,안산시 상록구,음식,140
12-07,21,월요일,1.1,0.0,0.0,1957,경기도,안산시 상록구,음식,123
12-07,22,월요일,0.4,0.0,0.0,1678,경기도,안산시 상록구,음식,64
12-07,23,월요일,-0.3,0.0,0.0,1826,경기도,안산시 상록구,음식,39
12-08,0,화요일,-0.4,0.0,0.0,1914,경기도,안산시 상록구,음식,13
12-08,1,화요일,-0.7,0.0,0.0,1954,경기도,안산시 상록구,음식,17
12-08,2,화요일,-1.3,0.0,0.0,2000,경기도,안산시 상록구,음식,8
12-08,10,화요일,-0.1,0.0,0.0,1959,경기도,안산시 상록구,음식,26
12-08,11,화요일,0.7,0.0,0.0,1894,경기도,안산시 상록구,음식,53
12-08,12,화요일,2.2,0.0,0.0,1977,경기도,안산시 상록구,음식,112
12-08,13,화요일,2.6,0.0,0.0,1999,경기도,안산시 상록구,음식,79
12-08,14,화요일,3.8,0.0,0.0,1993,경기도,안산시 상록구,음식,62
12-08,15,화요일,3.8,0.0,0.0,2000,경기도,안산시 상록구,음식,51
12-08,16,화요일,3.6,0.0,0.0,1975,경기도,안산시 상록구,음식,59
12-08,17,화요일,1.8,0.0,0.0,2000,경기도,안산시 상록구,음식,94
12-08,18,화요일,0.8,0.0,0.0,2000,경기도,안산시 상록구,음식,196
12-08,19,화요일,-0.4,0.0,0.0,2000,경기도,안산시 상록구,음식,215
12-08,20,화요일,-0.6,0.0,0.0,2000,경기도,안산시 상록구,음식,138
12-08,21,화요일,-1.7,0.0,0.0,2000,경기도,안산시 상록구,음식,144
12-08,22,화요일,-2.2,0.0,0.0,1910,경기도,안산시 상록구,음식,115
12-08,23,화요일,-2.8,0.0,0.0,1809,경기도,안산시 상록구,음식,50
12-09,0,수요일,-3.9,0.0,0.0,1877,경기도,안산시 상록구,음식,25
12-09,1,수요일,-3.6,0.0,0.0,1711,경기도,안산시 상록구,음식,26
12-09,2,수요일,-4.7,0.0,0.0,1790,경기도,안산시 상록구,음식,15
12-09,10,수요일,0.4,0.0,0.0,1717,경기도,안산시 상록구,음식,26
12-09,11,수요일,1.9,0.0,0.0,1666,경기도,안산시 상록구,음식,72
12-09,12,수요일,3.6,0.0,0.0,1935,경기도,안산시 상록구,음식,129
12-09,13,수요일,4.8,0.0,0.0,2000,경기도,안산시 상록구,음식,83
12-09,14,수요일,5.5,0.0,0.0,1996,경기도,안산시 상록구,음식,69
12-09,15,수요일,5.4,0.0,0.0,1923,경기도,안산시 상록구,음식,45
12-09,16,수요일,5.4,0.0,0.0,2000,경기도,안산시 상록구,음식,59
12-09,17,수요일,5.2,0.0,0.0,1984,경기도,안산시 상록구,음식,135
12-09,18,수요일,4.0,0.0,0.0,1670,경기도,안산시 상록구,음식,223
12-09,19,수요일,2.4,0.0,0.0,1429,경기도,안산시 상록구,음식,230
12-09,20,수요일,2.6,0.0,0.0,1520,경기도,안산시 상록구,음식,139
12-09,21,수요일,2.3,0.0,0.0,1314,경기도,안산시 상록구,음식,139
12-09,22,수요일,2.5,0.0,0.0,1364,경기도,안산시 상록구,음식,95
12-09,23,수요일,2.9,0.0,0.0,1396,경기도,안산시 상록구,음식,61
12-10,0,목요일,3.0,0.0,0.0,1446,경기도,안산시 상록구,음식,28
12-10,1,목요일,2.5,0.0,0.0,1344,경기도,안산시 상록구,음식,31
12-10,2,목요일,2.5,0.0,0.0,1050,경기도,안산시 상록구,음식,22
12-10,10,목요일,4.9,0.0,0.0,1012,경기도,안산시 상록구,음식,28
12-10,11,목요일,5.9,0.0,0.0,1393,경기도,안산시 상록구,음식,65
12-10,12,목요일,7.6,0.0,0.0,1196,경기도,안산시 상록구,음식,113
12-10,13,목요일,8.8,0.0,0.0,1015,경기도,안산시 상록구,음식,81
12-10,14,목요일,8.8,0.0,0.0,750,경기도,안산시 상록구,음식,67
12-10,15,목요일,8.9,0.0,0.0,649,경기도,안산시 상록구,음식,54
12-10,16,목요일,8.6,0.0,0.0,583,경기도,안산시 상록구,음식,58
12-10,17,목요일,8.4,0.0,0.0,521,경기도,안산시 상록구,음식,130
12-10,18,목요일,7.7,0.0,0.0,701,경기도,안산시 상록구,음식,200
12-10,19,목요일,7.1,0.0,0.0,920,경기도,안산시 상록구,음식,207
12-10,20,목요일,6.4,0.0,0.0,553,경기도,안산시 상록구,음식,171
12-10,21,목요일,6.3,0.0,0.0,521,경기도,안산시 상록구,음식,148
12-10,22,목요일,5.9,0.0,0.0,441,경기도,안산시 상록구,음식,123
12-10,23,목요일,5.1,0.0,0.0,358,경기도,안산시 상록구,음식,47
12-11,0,금요일,4.0,0.0,0.0,383,경기도,안산시 상록구,음식,32
12-11,1,금요일,2.1,0.0,0.0,259,경기도,안산시 상록구,음식,18
12-11,2,금요일,1.5,0.0,0.0,224,경기도,안산시 상록구,음식,25
12-11,10,금요일,5.7,0.0,0.0,313,경기도,안산시 상록구,음식,33
12-11,11,금요일,8.0,0.0,0.0,478,경기도,안산시 상록구,음식,70
12-11,12,금요일,8.5,0.0,0.0,664,경기도,안산시 상록구,음식,125
12-11,13,금요일,9.1,0.0,0.0,1596,경기도,안산시 상록구,음식,96
12-11,14,금요일,9.5,0.0,0.0,1852,경기도,안산시 상록구,음식,74
12-11,15,금요일,9.1,0.0,0.0,1779,경기도,안산시 상록구,음식,55
12-11,16,금요일,9.0,0.0,0.0,1791,경기도,안산시 상록구,음식,50
12-11,17,금요일,7.6,0.0,0.0,1171,경기도,안산시 상록구,음식,130
12-11,18,금요일,7.0,0.0,0.0,691,경기도,안산시 상록구,음식,195
12-11,19,금요일,6.1,0.0,0.0,560,경기도,안산시 상록구,음식,274
12-11,20,금요일,5.2,0.0,0.0,485,경기도,안산시 상록구,음식,193
12-11,21,금요일,4.5,0.0,0.0,516,경기도,안산시 상록구,음식,209
12-11,22,금요일,3.9,0.0,0.0,540,경기도,안산시 상록구,음식,144
12-11,23,금요일,3.4,0.0,0.0,428,경기도,안산시 상록구,음식,75
12-12,0,토요일,3.5,0.0,0.0,429,경기도,안산시 상록구,음식,53
12-12,1,토요일,4.2,0.0,0.0,552,경기도,안산시 상록구,음식,39
12-12,2,토요일,3.5,0.0,0.0,719,경기도,안산시 상록구,음식,18
12-12,10,토요일,3.5,0.0,0.0,943,경기도,안산시 상록구,음식,41
12-12,11,토요일,4.9,0.0,0.0,1638,경기도,안산시 상록구,음식,84
12-12,12,토요일,5.8,0.0,0.0,1998,경기도,안산시 상록구,음식,139
12-12,13,토요일,6.2,0.0,0.0,1952,경기도,안산시 상록구,음식,134
12-12,14,토요일,6.1,0.0,0.0,1968,경기도,안산시 상록구,음식,90
12-12,15,토요일,6.2,0.0,0.0,1921,경기도,안산시 상록구,음식,72
12-12,16,토요일,6.1,0.0,0.0,1909,경기도,안산시 상록구,음식,87
12-12,17,토요일,4.4,0.0,0.0,2000,경기도,안산시 상록구,음식,165
12-12,18,토요일,2.8,0.0,0.0,1981,경기도,안산시 상록구,음식,242
12-12,19,토요일,1.8,0.0,0.0,1932,경기도,안산시 상록구,음식,229
12-12,20,토요일,1.2,0.0,0.0,1813,경기도,안산시 상록구,음식,154
12-12,21,토요일,0.3,0.0,0.0,1474,경기도,안산시 상록구,음식,167
12-12,22,토요일,-0.7,0.0,0.0,1395,경기도,안산시 상록구,음식,114
12-12,23,토요일,-1.2,0.0,0.0,1388,경기도,안산시 상록구,음식,88
12-13,0,일요일,-0.5,0.0,0.0,1435,경기도,안산시 상록구,음식,52
12-13,1,일요일,0.6,0.0,0.0,1730,경기도,안산시 상록구,음식,27
12-13,2,일요일,0.8,0.0,0.0,1132,경기도,안산시 상록구,음식,23
12-13,10,일요일,0.5,0.0,2.4,691,경기도,안산시 상록구,음식,53
12-13,11,일요일,0.9,0.0,1.6,548,경기도,안산시 상록구,음식,80
12-13,12,일요일,1.3,0.8,1.2,431,경기도,안산시 상록구,음식,121
12-13,13,일요일,1.9,0.0,0.6,749,경기도,안산시 상록구,음식,114
12-13,14,일요일,1.1,0.0,0.2,654,경기도,안산시 상록구,음식,107
12-13,15,일요일,1.1,0.1,0.0,1175,경기도,안산시 상록구,음식,93
12-13,16,일요일,0.7,0.0,0.0,1686,경기도,안산시 상록구,음식,106
12-13,17,일요일,0.4,0.0,0.0,1677,경기도,안산시 상록구,음식,184
12-13,18,일요일,-0.9,0.0,0.0,2000,경기도,안산시 상록구,음식,236
12-13,19,일요일,-2.0,0.0,0.0,2000,경기도,안산시 상록구,음식,176
12-13,20,일요일,-3.1,0.0,0.0,1950,경기도,안산시 상록구,음식,125
12-13,21,일요일,-3.6,0.0,0.0,2000,경기도,안산시 상록구,음식,125
12-13,22,일요일,-4.4,0.0,0.0,2000,경기도,안산시 상록구,음식,81
12-13,23,일요일,-4.9,0.0,0.0,2000,경기도,안산시 상록구,음식,61
12-14,0,월요일,-5.2,0.0,0.0,2000,경기도,안산시 상록구,음식,39
12-14,1,월요일,-5.8,0.0,0.0,2000,경기도,안산시 상록구,음식,14
12-14,2,월요일,-6.1,0.0,0.0,2000,경기도,안산시 상록구,음식,18
12-14,10,월요일,-7.0,0.0,0.0,1992,경기도,안산시 상록구,음식,28
12-14,11,월요일,-6.5,0.0,0.0,2030,경기도,안산시 상록구,음식,61
12-14,12,월요일,-5.4,0.0,0.0,1998,경기도,안산시 상록구,음식,90
12-14,13,월요일,-4.6,0.0,0.0,2000,경기도,안산시 상록구,음식,68
12-14,14,월요일,-4.6,0.0,0.0,1983,경기도,안산시 상록구,음식,49
12-14,15,월요일,-4.9,0.0,0.0,2000,경기도,안산시 상록구,음식,43
12-14,16,월요일,-4.8,0.0,0.0,1996,경기도,안산시 상록구,음식,58
12-14,17,월요일,-5.5,0.0,0.0,2000,경기도,안산시 상록구,음식,88
12-14,18,월요일,-6.1,0.0,0.0,2000,경기도,안산시 상록구,음식,146
12-14,19,월요일,-6.2,0.0,0.0,2000,경기도,안산시 상록구,음식,138
12-14,20,월요일,-6.6,0.0,0.0,2000,경기도,안산시 상록구,음식,109
12-14,21,월요일,-6.8,0.0,0.0,2000,경기도,안산시 상록구,음식,113
12-14,22,월요일,-7.2,0.0,0.0,2000,경기도,안산시 상록구,음식,67
12-14,23,월요일,-7.8,0.0,0.0,2000,경기도,안산시 상록구,음식,59
12-15,0,화요일,-7.9,0.0,0.0,2000,경기도,안산시 상록구,음식,23
12-15,1,화요일,-8.1,0.0,0.0,2000,경기도,안산시 상록구,음식,5
12-15,2,화요일,-8.2,0.0,0.0,2000,경기도,안산시 상록구,음식,14
12-15,10,화요일,-7.4,0.0,0.0,1957,경기도,안산시 상록구,음식,28
12-15,11,화요일,-6.0,0.0,0.0,2000,경기도,안산시 상록구,음식,69
12-15,12,화요일,-5.2,0.0,0.0,1995,경기도,안산시 상록구,음식,86
12-15,13,화요일,-4.3,0.0,0.0,1994,경기도,안산시 상록구,음식,71
12-15,14,화요일,-4.0,0.0,0.0,1993,경기도,안산시 상록구,음식,45
12-15,15,화요일,-3.9,0.0,0.0,2000,경기도,안산시 상록구,음식,46
12-15,16,화요일,-4.2,0.0,0.0,2000,경기도,안산시 상록구,음식,45
12-15,17,화요일,-4.9,0.0,0.0,2000,경기도,안산시 상록구,음식,108
12-15,18,화요일,-5.7,0.0,0.0,2000,경기도,안산시 상록구,음식,180
12-15,19,화요일,-6.2,0.0,0.0,2000,경기도,안산시 상록구,음식,182
12-15,20,화요일,-6.8,0.0,0.0,2000,경기도,안산시 상록구,음식,150
12-15,21,화요일,-6.7,0.0,0.0,1996,경기도,안산시 상록구,음식,120
12-15,22,화요일,-6.8,0.0,0.0,2000,경기도,안산시 상록구,음식,85
12-15,23,화요일,-7.3,0.0,0.0,2000,경기도,안산시 상록구,음식,59
12-16,0,수요일,-7.7,0.0,0.0,1952,경기도,안산시 상록구,음식,30
12-16,1,수요일,-7.9,0.0,0.0,2000,경기도,안산시 상록구,음식,18
12-16,2,수요일,-8.3,0.0,0.0,2000,경기도,안산시 상록구,음식,20
12-16,10,수요일,-7.4,0.0,0.0,2000,경기도,안산시 상록구,음식,29
12-16,11,수요일,-6.1,0.0,0.0,1997,경기도,안산시 상록구,음식,76
12-16,12,수요일,-5.1,0.0,0.0,2000,경기도,안산시 상록구,음식,112
12-16,13,수요일,-4.0,0.0,0.0,2000,경기도,안산시 상록구,음식,89
12-16,14,수요일,-3.7,0.0,0.0,1998,경기도,안산시 상록구,음식,76
12-16,15,수요일,-3.3,0.0,0.0,1958,경기도,안산시 상록구,음식,57
12-16,16,수요일,-3.6,0.0,0.0,2000,경기도,안산시 상록구,음식,56
12-16,17,수요일,-4.3,0.0,0.0,2000,경기도,안산시 상록구,음식,113
12-16,18,수요일,-5.1,0.0,0.0,2000,경기도,안산시 상록구,음식,192
12-16,19,수요일,-6.0,0.0,0.0,2000,경기도,안산시 상록구,음식,191
12-16,20,수요일,-6.5,0.0,0.0,2000,경기도,안산시 상록구,음식,154
12-16,21,수요일,-6.7,0.0,0.0,1962,경기도,안산시 상록구,음식,108
12-16,22,수요일,-7.4,0.0,0.0,2000,경기도,안산시 상록구,음식,79
12-16,23,수요일,-8.2,0.0,0.0,2000,경기도,안산시 상록구,음식,60
12-17,0,목요일,-9.0,0.0,0.0,2000,경기도,안산시 상록구,음식,34
12-17,1,목요일,-9.5,0.0,0.0,2000,경기도,안산시 상록구,음식,20
12-17,2,목요일,-9.5,0.0,0.0,2000,경기도,안산시 상록구,음식,10
12-17,10,목요일,-6.0,0.0,0.0,1987,경기도,안산시 상록구,음식,34
12-17,11,목요일,-4.8,0.0,0.0,1902,경기도,안산시 상록구,음식,85
12-17,12,목요일,-3.0,0.0,0.0,2000,경기도,안산시 상록구,음식,98
12-17,13,목요일,-1.5,0.0,0.0,2000,경기도,안산시 상록구,음식,79
12-17,14,목요일,-0.4,0.0,0.0,2000,경기도,안산시 상록구,음식,64
12-17,15,목요일,-0.3,0.0,0.0,1984,경기도,안산시 상록구,음식,52
12-17,16,목요일,0.2,0.0,0.0,2000,경기도,안산시 상록구,음식,53
12-17,17,목요일,-0.6,0.0,0.0,1932,경기도,안산시 상록구,음식,98
12-17,18,목요일,-2.1,0.0,0.0,2000,경기도,안산시 상록구,음식,161
12-17,19,목요일,-2.4,0.0,0.0,2000,경기도,안산시 상록구,음식,171
12-17,20,목요일,-3.1,0.0,0.0,1996,경기도,안산시 상록구,음식,136
12-17,21,목요일,-4.2,0.0,0.0,1994,경기도,안산시 상록구,음식,119
12-17,22,목요일,-3.8,0.0,0.0,1969,경기도,안산시 상록구,음식,83
12-17,23,목요일,-2.4,0.0,0.0,1990,경기도,안산시 상록구,음식,49
12-18,0,금요일,-2.7,0.0,0.0,1484,경기도,안산시 상록구,음식,29
12-18,1,금요일,-2.4,0.0,0.0,2589,경기도,안산시 상록구,음식,25
12-18,2,금요일,-2.2,0.0,0.1,896,경기도,안산시 상록구,음식,29
12-18,10,금요일,0.2,0.0,0.5,638,경기도,안산시 상록구,음식,41
12-18,11,금요일,1.4,0.0,0.4,1195,경기도,안산시 상록구,음식,86
12-18,12,금요일,1.6,0.0,0.2,1751,경기도,안산시 상록구,음식,102
12-18,13,금요일,1.7,0.0,0.0,1743,경기도,안산시 상록구,음식,91
12-18,14,금요일,2.0,0.0,0.0,1923,경기도,안산시 상록구,음식,59
12-18,15,금요일,1.6,0.0,0.0,1967,경기도,안산시 상록구,음식,53
12-18,16,금요일,1.2,0.0,0.0,1988,경기도,안산시 상록구,음식,47
12-18,17,금요일,0.3,0.0,0.0,2000,경기도,안산시 상록구,음식,97
12-18,18,금요일,-0.5,0.0,0.0,1995,경기도,안산시 상록구,음식,208
12-18,19,금요일,-1.0,0.0,0.0,2000,경기도,안산시 상록구,음식,252
12-18,20,금요일,-1.9,0.0,0.0,2000,경기도,안산시 상록구,음식,207
12-18,21,금요일,-3.3,0.0,0.0,2000,경기도,안산시 상록구,음식,178
12-18,22,금요일,-4.9,0.0,0.0,2000,경기도,안산시 상록구,음식,124
12-18,23,금요일,-5.4,0.0,0.0,2000,경기도,안산시 상록구,음식,87
12-19,0,토요일,-6.0,0.0,0.0,2000,경기도,안산시 상록구,음식,57
12-19,1,토요일,-6.6,0.0,0.0,2000,경기도,안산시 상록구,음식,17
12-19,2,토요일,-6.5,0.0,0.0,2008,경기도,안산시 상록구,음식,25
12-19,10,토요일,-6.0,0.0,0.0,1975,경기도,안산시 상록구,음식,37
12-19,11,토요일,-4.3,0.0,0.0,2000,경기도,안산시 상록구,음식,79
12-19,12,토요일,-2.9,0.0,0.0,1993,경기도,안산시 상록구,음식,123
12-19,13,토요일,-1.6,0.0,0.0,2000,경기도,안산시 상록구,음식,120
12-19,14,토요일,-1.5,0.0,0.0,2000,경기도,안산시 상록구,음식,80
12-19,15,토요일,-1.6,0.0,0.0,2000,경기도,안산시 상록구,음식,76
12-19,16,토요일,-1.5,0.0,0.0,1871,경기도,안산시 상록구,음식,95
12-19,17,토요일,-2.6,0.0,0.0,2000,경기도,안산시 상록구,음식,180
12-19,18,토요일,-3.6,0.0,0.0,2000,경기도,안산시 상록구,음식,267
12-19,19,토요일,-3.1,0.0,0.0,2000,경기도,안산시 상록구,음식,214
12-19,20,토요일,-3.2,0.0,0.0,2000,경기도,안산시 상록구,음식,181
12-19,21,토요일,-2.8,0.0,0.0,2000,경기도,안산시 상록구,음식,164
12-19,22,토요일,-2.8,0.0,0.0,2000,경기도,안산시 상록구,음식,131
12-19,23,토요일,-3.5,0.0,0.0,2000,경기도,안산시 상록구,음식,79
12-20,0,일요일,-3.7,0.0,0.0,2000,경기도,안산시 상록구,음식,63
12-20,1,일요일,-4.2,0.0,0.0,2000,경기도,안산시 상록구,음식,33
12-20,2,일요일,-4.5,0.0,0.0,2000,경기도,안산시 상록구,음식,17
12-20,10,일요일,-3.7,0.0,0.0,1961,경기도,안산시 상록구,음식,44
12-20,11,일요일,-2.6,0.0,0.0,1996,경기도,안산시 상록구,음식,68
12-20,12,일요일,-0.6,0.0,0.0,2000,경기도,안산시 상록구,음식,116
12-20,13,일요일,0.2,0.0,0.0,2000,경기도,안산시 상록구,음식,122
12-20,14,일요일,1.0,0.0,0.0,1999,경기도,안산시 상록구,음식,103
12-20,15,일요일,1.2,0.0,0.0,1975,경기도,안산시 상록구,음식,89
12-20,16,일요일,0.8,0.0,0.0,2000,경기도,안산시 상록구,음식,96
12-20,17,일요일,-0.3,0.0,0.0,2000,경기도,안산시 상록구,음식,185
12-20,18,일요일,-1.9,0.0,0.0,2000,경기도,안산시 상록구,음식,188
12-20,19,일요일,-2.6,0.0,0.0,2000,경기도,안산시 상록구,음식,179
12-20,20,일요일,-2.6,0.0,0.0,2000,경기도,안산시 상록구,음식,123
12-20,21,일요일,-3.5,0.0,0.0,2000,경기도,안산시 상록구,음식,96
12-20,22,일요일,-4.2,0.0,0.0,2000,경기도,안산시 상록구,음식,83
12-20,23,일요일,-5.4,0.0,0.0,2017,경기도,안산시 상록구,음식,58
12-21,0,월요일,-6.0,0.0,0.0,1609,경기도,안산시 상록구,음식,37
12-21,1,월요일,-5.9,0.0,0.0,1654,경기도,안산시 상록구,음식,17
12-21,2,월요일,-6.3,0.0,0.0,1901,경기도,안산시 상록구,음식,7
12-21,10,월요일,-1.6,0.0,0.0,1401,경기도,안산시 상록구,음식,24
12-21,11,월요일,1.0,0.0,0.0,1779,경기도,안산시 상록구,음식,89
12-21,12,월요일,2.5,0.0,0.0,1881,경기도,안산시 상록구,음식,103
12-21,13,월요일,3.3,0.0,0.0,1862,경기도,안산시 상록구,음식,81
12-21,14,월요일,3.3,0.0,0.0,1825,경기도,안산시 상록구,음식,53
12-21,15,월요일,3.7,0.0,0.0,1988,경기도,안산시 상록구,음식,47
12-21,16,월요일,3.2,0.0,0.0,1762,경기도,안산시 상록구,음식,60
12-21,17,월요일,2.8,0.0,0.0,1856,경기도,안산시 상록구,음식,109
12-21,18,월요일,1.3,0.0,0.0,1772,경기도,안산시 상록구,음식,164
12-21,19,월요일,0.3,0.0,0.0,1391,경기도,안산시 상록구,음식,145
12-21,20,월요일,-0.9,0.0,0.0,1031,경기도,안산시 상록구,음식,93
12-21,21,월요일,-1.8,0.0,0.0,1020,경기도,안산시 상록구,음식,103
12-21,22,월요일,-2.9,0.0,0.0,781,경기도,안산시 상록구,음식,76
12-21,23,월요일,-2.9,0.0,0.0,757,경기도,안산시 상록구,음식,48
12-22,0,화요일,-3.1,0.0,0.0,562,경기도,안산시 상록구,음식,21
12-22,1,화요일,-2.9,0.0,0.0,550,경기도,안산시 상록구,음식,18
12-22,2,화요일,-2.7,0.0,0.0,585,경기도,안산시 상록구,음식,10
12-22,10,화요일,1.6,0.0,0.5,816,경기도,안산시 상록구,음식,27
12-22,11,화요일,3.0,0.0,0.2,1777,경기도,안산시 상록구,음식,93
12-22,12,화요일,4.9,0.0,0.0,1160,경기도,안산시 상록구,음식,100
12-22,13,화요일,6.1,0.0,0.0,1139,경기도,안산시 상록구,음식,73
12-22,14,화요일,5.7,0.0,0.0,1153,경기도,안산시 상록구,음식,65
12-22,15,화요일,6.4,0.0,0.0,1447,경기도,안산시 상록구,음식,41
12-22,16,화요일,6.3,0.0,0.0,1775,경기도,안산시 상록구,음식,46
12-22,17,화요일,5.2,0.0,0.0,1916,경기도,안산시 상록구,음식,105
12-22,18,화요일,3.6,0.0,0.0,1078,경기도,안산시 상록구,음식,170
12-22,19,화요일,2.0,0.0,0.0,1301,경기도,안산시 상록구,음식,163
12-22,20,화요일,1.5,0.0,0.0,1323,경기도,안산시 상록구,음식,134
12-22,21,화요일,1.8,0.0,0.0,1294,경기도,안산시 상록구,음식,126
12-22,22,화요일,1.5,0.0,0.0,1158,경기도,안산시 상록구,음식,80
12-22,23,화요일,1.6,0.0,0.0,1088,경기도,안산시 상록구,음식,48
12-23,0,수요일,-0.2,0.0,0.0,673,경기도,안산시 상록구,음식,35
12-23,1,수요일,-0.8,0.0,0.0,898,경기도,안산시 상록구,음식,17
12-23,2,수요일,-1.3,0.0,0.0,1978,경기도,안산시 상록구,음식,8
12-23,10,수요일,3.4,0.0,0.0,660,경기도,안산시 상록구,음식,24
12-23,11,수요일,4.8,0.0,0.0,718,경기도,안산시 상록구,음식,80
12-23,12,수요일,6.6,0.0,0.0,720,경기도,안산시 상록구,음식,101
12-23,13,수요일,7.6,0.0,0.0,792,경기도,안산시 상록구,음식,73
12-23,14,수요일,8.8,0.0,0.0,716,경기도,안산시 상록구,음식,44
12-23,15,수요일,8.6,0.0,0.0,512,경기도,안산시 상록구,음식,46
12-23,16,수요일,8.4,0.0,0.0,592,경기도,안산시 상록구,음식,44
12-23,17,수요일,7.9,0.0,0.0,508,경기도,안산시 상록구,음식,112
12-23,18,수요일,6.7,0.0,0.0,615,경기도,안산시 상록구,음식,163
12-23,19,수요일,6.0,0.0,0.0,703,경기도,안산시 상록구,음식,166
12-23,20,수요일,4.4,0.0,0.0,662,경기도,안산시 상록구,음식,121
12-23,21,수요일,4.9,0.0,0.0,584,경기도,안산시 상록구,음식,117
12-23,22,수요일,5.3,0.0,0.0,468,경기도,안산시 상록구,음식,76
12-23,23,수요일,4.9,0.0,0.0,502,경기도,안산시 상록구,음식,64
12-24,0,목요일,3.4,0.0,0.0,485,경기도,안산시 상록구,음식,28
12-24,1,목요일,3.5,0.0,0.0,427,경기도,안산시 상록구,음식,34
12-24,2,목요일,3.5,0.0,0.0,345,경기도,안산시 상록구,음식,16
12-24,10,목요일,4.9,0.0,0.0,529,경기도,안산시 상록구,음식,32
12-24,11,목요일,5.8,0.0,0.0,730,경기도,안산시 상록구,음식,75
12-24,12,목요일,5.9,0.0,0.0,918,경기도,안산시 상록구,음식,105
12-24,13,목요일,5.4,0.0,0.0,1744,경기도,안산시 상록구,음식,64
12-24,14,목요일,5.1,0.0,0.0,1700,경기도,안산시 상록구,음식,59
12-24,15,목요일,4.3,0.0,0.0,1820,경기도,안산시 상록구,음식,52
12-24,16,목요일,3.6,0.0,0.0,1997,경기도,안산시 상록구,음식,55
12-24,17,목요일,2.8,0.0,0.0,2000,경기도,안산시 상록구,음식,132
12-24,18,목요일,2.0,0.0,0.0,2000,경기도,안산시 상록구,음식,234
12-24,19,목요일,1.5,0.0,0.0,1949,경기도,안산시 상록구,음식,293
12-24,20,목요일,0.9,0.0,0.0,2000,경기도,안산시 상록구,음식,275
12-24,21,목요일,0.2,0.0,0.0,2000,경기도,안산시 상록구,음식,234
12-24,22,목요일,-0.4,0.0,0.0,2000,경기도,안산시 상록구,음식,186
12-24,23,목요일,-1.2,0.0,0.0,2000,경기도,안산시 상록구,음식,90
12-25,0,금요일,-1.3,0.0,0.0,2000,경기도,안산시 상록구,음식,27
12-25,1,금요일,-2.1,0.0,0.0,2000,경기도,안산시 상록구,음식,22
12-25,2,금요일,-3.3,0.0,0.0,2000,경기도,안산시 상록구,음식,8
12-25,10,금요일,-0.3,0.0,0.0,1883,경기도,안산시 상록구,음식,44
12-25,11,금요일,0.9,0.0,0.0,1993,경기도,안산시 상록구,음식,82
12-25,12,금요일,2.3,0.0,0.0,1933,경기도,안산시 상록구,음식,129
12-25,13,금요일,2.8,0.0,0.0,1956,경기도,안산시 상록구,음식,139
12-25,14,금요일,3.3,0.0,0.0,2000,경기도,안산시 상록구,음식,82
12-25,15,금요일,3.4,0.0,0.0,2000,경기도,안산시 상록구,음식,87
12-25,16,금요일,3.1,0.0,0.0,2000,경기도,안산시 상록구,음식,113
12-25,17,금요일,2.1,0.0,0.0,2000,경기도,안산시 상록구,음식,180
12-25,18,금요일,0.5,0.0,0.0,2000,경기도,안산시 상록구,음식,297
12-25,19,금요일,-0.1,0.0,0.0,1977,경기도,안산시 상록구,음식,230
12-25,20,금요일,-1.2,0.0,0.0,1991,경기도,안산시 상록구,음식,179
12-25,21,금요일,-2.0,0.0,0.0,1877,경기도,안산시 상록구,음식,149
12-25,22,금요일,-3.0,0.0,0.0,2001,경기도,안산시 상록구,음식,106
12-25,23,금요일,-2.3,0.0,0.0,1806,경기도,안산시 상록구,음식,73
12-26,0,토요일,-2.7,0.0,0.0,1626,경기도,안산시 상록구,음식,41
12-26,1,토요일,-2.5,0.0,0.0,1831,경기도,안산시 상록구,음식,29
12-26,2,토요일,-1.9,0.0,0.0,1425,경기도,안산시 상록구,음식,22
12-26,10,토요일,1.5,0.0,0.0,1571,경기도,안산시 상록구,음식,32
12-26,11,토요일,2.8,0.0,0.0,1579,경기도,안산시 상록구,음식,70
12-26,12,토요일,4.8,0.0,0.0,1470,경기도,안산시 상록구,음식,103
12-26,13,토요일,6.9,0.0,0.0,1235,경기도,안산시 상록구,음식,89
12-26,14,토요일,8.1,0.0,0.0,743,경기도,안산시 상록구,음식,89
12-26,15,토요일,8.0,0.0,0.0,780,경기도,안산시 상록구,음식,79
12-26,16,토요일,7.4,0.0,0.0,680,경기도,안산시 상록구,음식,98
12-26,17,토요일,5.8,0.0,0.0,653,경기도,안산시 상록구,음식,161
12-26,18,토요일,4.1,0.0,0.0,579,경기도,안산시 상록구,음식,227
12-26,19,토요일,3.1,0.0,0.0,546,경기도,안산시 상록구,음식,189
12-26,20,토요일,1.3,0.0,0.0,612,경기도,안산시 상록구,음식,142
12-26,21,토요일,0.1,0.0,0.0,573,경기도,안산시 상록구,음식,132
12-26,22,토요일,0.0,0.0,0.0,756,경기도,안산시 상록구,음식,118
12-26,23,토요일,0.7,0.0,0.0,679,경기도,안산시 상록구,음식,76
12-27,0,일요일,0.9,0.0,0.0,737,경기도,안산시 상록구,음식,46
12-27,1,일요일,1.1,0.0,0.0,800,경기도,안산시 상록구,음식,29
12-27,2,일요일,1.2,0.0,0.0,656,경기도,안산시 상록구,음식,24
12-27,10,일요일,4.6,0.0,0.0,603,경기도,안산시 상록구,음식,42
12-27,11,일요일,6.0,0.0,0.0,771,경기도,안산시 상록구,음식,70
12-27,12,일요일,7.8,0.0,0.0,912,경기도,안산시 상록구,음식,107
12-27,13,일요일,8.6,0.0,0.0,1107,경기도,안산시 상록구,음식,111
12-27,14,일요일,8.8,0.0,0.0,1369,경기도,안산시 상록구,음식,82
12-27,15,일요일,8.9,0.0,0.0,1132,경기도,안산시 상록구,음식,78
12-27,16,일요일,8.9,0.0,0.0,1162,경기도,안산시 상록구,음식,102
12-27,17,일요일,8.2,0.0,0.0,1132,경기도,안산시 상록구,음식,174
12-27,18,일요일,7.3,0.0,0.0,912,경기도,안산시 상록구,음식,201
12-27,19,일요일,6.4,0.0,0.0,838,경기도,안산시 상록구,음식,161
12-27,20,일요일,5.0,0.0,0.0,705,경기도,안산시 상록구,음식,126
12-27,21,일요일,4.1,0.0,0.0,644,경기도,안산시 상록구,음식,108
12-27,22,일요일,3.8,0.0,0.0,566,경기도,안산시 상록구,음식,65
12-27,23,일요일,4.5,0.0,0.0,592,경기도,안산시 상록구,음식,61
12-28,0,월요일,3.9,0.0,0.0,603,경기도,안산시 상록구,음식,33
12-28,1,월요일,3.4,0.0,0.0,554,경기도,안산시 상록구,음식,17
12-28,2,월요일,3.7,0.0,0.0,551,경기도,안산시 상록구,음식,13
12-28,10,월요일,6.2,0.0,0.0,710,경기도,안산시 상록구,음식,19
12-28,11,월요일,6.8,0.0,0.0,721,경기도,안산시 상록구,음식,84
12-28,12,월요일,7.2,0.0,0.0,759,경기도,안산시 상록구,음식,108
12-28,13,월요일,8.9,0.0,0.0,797,경기도,안산시 상록구,음식,53
12-28,14,월요일,10.4,0.0,0.0,595,경기도,안산시 상록구,음식,63
12-28,15,월요일,10.6,0.0,0.0,700,경기도,안산시 상록구,음식,45
12-28,16,월요일,10.8,0.0,0.0,779,경기도,안산시 상록구,음식,44
12-28,17,월요일,8.6,0.0,0.0,510,경기도,안산시 상록구,음식,106
12-28,18,월요일,6.5,0.0,0.0,490,경기도,안산시 상록구,음식,160
12-28,19,월요일,5.4,0.0,0.0,369,경기도,안산시 상록구,음식,141
12-28,20,월요일,5.0,0.0,0.0,429,경기도,안산시 상록구,음식,114
12-28,21,월요일,3.5,0.0,0.0,330,경기도,안산시 상록구,음식,101
12-28,22,월요일,2.7,0.0,0.0,362,경기도,안산시 상록구,음식,68
12-28,23,월요일,1.8,0.0,0.0,340,경기도,안산시 상록구,음식,44
12-29,0,화요일,1.4,0.0,0.0,318,경기도,안산시 상록구,음식,30
12-29,1,화요일,1.6,0.0,0.0,268,경기도,안산시 상록구,음식,26
12-29,2,화요일,0.6,0.0,0.0,249,경기도,안산시 상록구,음식,12
12-29,10,화요일,2.2,0.0,0.0,101,경기도,안산시 상록구,음식,19
12-29,11,화요일,3.9,0.0,0.0,769,경기도,안산시 상록구,음식,77
12-29,12,화요일,3.4,0.0,0.0,631,경기도,안산시 상록구,음식,103
12-29,13,화요일,3.3,0.0,0.0,617,경기도,안산시 상록구,음식,82
12-29,14,화요일,2.8,0.0,0.0,775,경기도,안산시 상록구,음식,60
12-29,15,화요일,1.4,0.0,0.0,950,경기도,안산시 상록구,음식,57
12-29,16,화요일,1.5,0.0,0.0,643,경기도,안산시 상록구,음식,63
12-29,17,화요일,0.5,0.0,0.0,187,경기도,안산시 상록구,음식,106
12-29,18,화요일,0.1,0.2,0.0,625,경기도,안산시 상록구,음식,174
12-29,19,화요일,0.2,0.0,0.0,562,경기도,안산시 상록구,음식,189
12-29,20,화요일,-0.7,0.0,0.0,1627,경기도,안산시 상록구,음식,121
12-29,21,화요일,-2.1,0.0,0.0,1884,경기도,안산시 상록구,음식,115
12-29,22,화요일,-3.5,0.0,0.0,1836,경기도,안산시 상록구,음식,79
12-29,23,화요일,-4.5,0.0,0.0,1582,경기도,안산시 상록구,음식,56
12-30,0,수요일,-5.4,0.0,0.0,1827,경기도,안산시 상록구,음식,34
12-30,1,수요일,-6.4,0.0,0.0,1942,경기도,안산시 상록구,음식,21
12-30,2,수요일,-7.5,0.0,0.0,2009,경기도,안산시 상록구,음식,21
12-30,10,수요일,-10.2,0.0,0.0,1997,경기도,안산시 상록구,음식,33
12-30,11,수요일,-9.6,0.0,0.0,2003,경기도,안산시 상록구,음식,75
12-30,12,수요일,-9.0,0.0,0.0,1965,경기도,안산시 상록구,음식,122
12-30,13,수요일,-8.9,0.0,0.0,1998,경기도,안산시 상록구,음식,85
12-30,14,수요일,-8.6,0.0,0.0,2000,경기도,안산시 상록구,음식,62
12-30,15,수요일,-8.6,0.0,0.0,1947,경기도,안산시 상록구,음식,57
12-30,16,수요일,-8.4,0.0,0.0,2000,경기도,안산시 상록구,음식,73
12-30,17,수요일,-8.9,0.0,0.0,2000,경기도,안산시 상록구,음식,115
12-30,18,수요일,-9.4,0.0,0.0,2000,경기도,안산시 상록구,음식,201
12-30,19,수요일,-9.8,0.0,0.0,2000,경기도,안산시 상록구,음식,204
12-30,20,수요일,-10.5,0.0,0.0,2000,경기도,안산시 상록구,음식,151
12-30,21,수요일,-11.6,0.0,0.0,2000,경기도,안산시 상록구,음식,140
12-30,22,수요일,-12.0,0.0,0.0,1906,경기도,안산시 상록구,음식,110
12-30,23,수요일,-12.1,0.0,0.0,2000,경기도,안산시 상록구,음식,74
12-31,0,목요일,-12.3,0.0,0.0,2000,경기도,안산시 상록구,음식,41
12-31,1,목요일,-12.0,0.0,0.0,2000,경기도,안산시 상록구,음식,22
12-31,2,목요일,-12.1,0.0,0.0,2000,경기도,안산시 상록구,음식,25
12-31,10,목요일,-8.6,0.0,0.0,1997,경기도,안산시 상록구,음식,29
12-31,11,목요일,-7.9,0.0,0.0,1935,경기도,안산시 상록구,음식,72
12-31,12,목요일,-6.5,0.0,0.0,1998,경기도,안산시 상록구,음식,100
12-31,13,목요일,-5.8,0.0,0.0,1995,경기도,안산시 상록구,음식,80
12-31,14,목요일,-5.0,0.0,0.0,1890,경기도,안산시 상록구,음식,63
12-31,15,목요일,-5.8,0.0,0.0,1010,경기도,안산시 상록구,음식,53
12-31,16,목요일,-6.0,0.0,0.0,1942,경기도,안산시 상록구,음식,85
12-31,17,목요일,-6.0,0.0,0.0,1935,경기도,안산시 상록구,음식,181
12-31,18,목요일,-6.8,0.0,0.0,1997,경기도,안산시 상록구,음식,269
12-31,19,목요일,-7.0,0.0,0.0,2000,경기도,안산시 상록구,음식,277
12-31,20,목요일,-8.0,0.0,0.0,2000,경기도,안산시 상록구,음식,281
12-31,21,목요일,-7.5,0.0,0.0,2000,경기도,안산시 상록구,음식,231
12-31,22,목요일,-6.9,0.0,0.0,2000,경기도,안산시 상록구,음식,181
12-31,23,목요일,-8.2,0.0,0.0,1864,경기도,안산시 상록구,음식,115
