날짜,시간,요일,기온,강수량,적설,시정,시도,시군구,업종,주문건수
01-01,0,금요일,-8.7,0.0,0.0,1972,경기도,안산시 상록구,음식,46
01-01,1,금요일,-8.6,0.0,0.0,1939,경기도,안산시 상록구,음식,35
01-01,2,금요일,-9.8,0.0,0.0,1822,경기도,안산시 상록구,음식,20
01-01,10,금요일,-5.8,0.0,0.0,1265,경기도,안산시 상록구,음식,35
01-01,11,금요일,-3.8,0.0,0.0,2000,경기도,안산시 상록구,음식,52
01-01,12,금요일,-2.1,0.0,0.0,1786,경기도,안산시 상록구,음식,93
01-01,13,금요일,-0.7,0.0,0.0,1930,경기도,안산시 상록구,음식,62
01-01,14,금요일,-0.6,0.0,0.0,1968,경기도,안산시 상록구,음식,69
01-01,15,금요일,-0.5,0.0,0.0,1964,경기도,안산시 상록구,음식,82
01-01,16,금요일,-0.3,0.0,0.0,1888,경기도,안산시 상록구,음식,88
01-01,17,금요일,-1.0,0.0,0.0,1707,경기도,안산시 상록구,음식,156
01-01,18,금요일,-1.7,0.0,0.0,1301,경기도,안산시 상록구,음식,216
01-01,19,금요일,-2.4,0.0,0.0,1027,경기도,안산시 상록구,음식,189
01-01,20,금요일,-3.0,0.0,0.0,811,경기도,안산시 상록구,음식,151
01-01,21,금요일,-2.7,0.0,0.0,670,경기도,안산시 상록구,음식,143
01-01,22,금요일,-3.1,0.0,0.0,675,경기도,안산시 상록구,음식,105
01-01,23,금요일,-3.4,0.0,0.0,711,경기도,안산시 상록구,음식,88
01-02,0,토요일,-4.1,0.0,0.0,1293,경기도,안산시 상록구,음식,38
01-02,1,토요일,-4.0,0.0,0.0,1998,경기도,안산시 상록구,음식,37
01-02,2,토요일,-3.6,0.0,0.0,2000,경기도,안산시 상록구,음식,7
01-02,3,토요일,-4.7,0.0,0.0,2000,경기도,안산시 상록구,음식,2
01-02,10,토요일,-4.8,0.0,0.0,1926,경기도,안산시 상록구,음식,45
01-02,11,토요일,-4.0,0.0,0.0,1810,경기도,안산시 상록구,음식,88
01-02,12,토요일,-2.5,0.0,0.0,1999,경기도,안산시 상록구,음식,98
01-02,13,토요일,-1.6,0.0,0.0,1985,경기도,안산시 상록구,음식,88
01-02,14,토요일,-1.7,0.0,0.0,2000,경기도,안산시 상록구,음식,91
01-02,15,토요일,-1.0,0.0,0.0,2000,경기도,안산시 상록구,음식,72
01-02,16,토요일,-1.8,0.0,0.0,1985,경기도,안산시 상록구,음식,75
01-02,17,토요일,-2.4,0.0,0.0,2000,경기도,안산시 상록구,음식,165
01-02,18,토요일,-3.1,0.0,0.0,1996,경기도,안산시 상록구,음식,216
01-02,19,토요일,-3.7,0.0,0.0,1950,경기도,안산시 상록구,음식,191
01-02,20,토요일,-4.7,0.0,0.0,2022,경기도,안산시 상록구,음식,167
01-02,21,토요일,-5.0,0.0,0.0,2029,경기도,안산시 상록구,음식,155
01-02,22,토요일,-4.4,0.0,0.0,2000,경기도,안산시 상록구,음식,138
01-02,23,토요일,-5.3,0.0,0.0,2000,경기도,안산시 상록구,음식,84
01-03,0,일요일,-6.0,0.0,0.0,2000,경기도,안산시 상록구,음식,49
01-03,1,일요일,-6.7,0.0,0.0,1998,경기도,안산시 상록구,음식,28
01-03,2,일요일,-7.3,0.0,0.0,2027,경기도,안산시 상록구,음식,23
01-03,10,일요일,-4.5,0.0,0.0,1745,경기도,안산시 상록구,음식,46
01-03,11,일요일,-3.5,0.0,0.0,2000,경기도,안산시 상록구,음식,66
01-03,12,일요일,-2.2,0.0,0.0,1993,경기도,안산시 상록구,음식,92
01-03,13,일요일,-0.9,0.0,0.0,2000,경기도,안산시 상록구,음식,91
01-03,14,일요일,-0.8,0.0,0.0,2000,경기도,안산시 상록구,음식,84
01-03,15,일요일,-0.8,0.0,0.0,1994,경기도,안산시 상록구,음식,72
01-03,16,일요일,-1.2,0.0,0.0,1998,경기도,안산시 상록구,음식,88
01-03,17,일요일,-2.3,0.0,0.0,2000,경기도,안산시 상록구,음식,166
01-03,18,일요일,-3.3,0.0,0.0,1957,경기도,안산시 상록구,음식,183
01-03,19,일요일,-3.8,0.0,0.0,1988,경기도,안산시 상록구,음식,147
01-03,20,일요일,-4.3,0.0,0.0,2000,경기도,안산시 상록구,음식,101
01-03,21,일요일,-4.7,0.0,0.0,1996,경기도,안산시 상록구,음식,111
01-03,22,일요일,-5.8,0.0,0.0,2032,경기도,안산시 상록구,음식,79
01-03,23,일요일,-6.5,0.0,0.0,1751,경기도,안산시 상록구,음식,47
01-04,0,월요일,-7.9,0.0,0.0,1650,경기도,안산시 상록구,음식,30
01-04,1,월요일,-8.6,0.0,0.0,1997,경기도,안산시 상록구,음식,34
01-04,2,월요일,-8.6,0.0,0.0,1572,경기도,안산시 상록구,음식,15
01-04,10,월요일,-3.5,0.0,0.0,1952,경기도,안산시 상록구,음식,14
01-04,11,월요일,-2.8,0.0,0.0,1970,경기도,안산시 상록구,음식,75
01-04,12,월요일,-1.4,0.0,0.0,1975,경기도,안산시 상록구,음식,103
01-04,13,월요일,-0.7,0.0,0.0,2000,경기도,안산시 상록구,음식,62
01-04,14,월요일,0.1,0.0,0.0,1951,경기도,안산시 상록구,음식,68
01-04,15,월요일,0.4,0.0,0.0,2000,경기도,안산시 상록구,음식,46
01-04,16,월요일,0.0,0.0,0.0,1996,경기도,안산시 상록구,음식,53
01-04,17,월요일,-0.3,0.0,0.0,2000,경기도,안산시 상록구,음식,90
01-04,18,월요일,-1.5,0.0,0.0,1058,경기도,안산시 상록구,음식,138
01-04,19,월요일,-1.4,0.0,0.0,1821,경기도,안산시 상록구,음식,151
01-04,20,월요일,-1.2,0.0,0.0,1753,경기도,안산시 상록구,음식,111
01-04,21,월요일,-0.7,0.0,0.0,1742,경기도,안산시 상록구,음식,94
01-04,22,월요일,-0.7,0.0,0.0,1731,경기도,안산시 상록구,음식,67
01-04,23,월요일,-0.9,0.0,0.1,892,경기도,안산시 상록구,음식,46
01-05,0,화요일,-0.9,0.0,0.1,1512,경기도,안산시 상록구,음식,35
01-05,1,화요일,-0.9,0.0,0.0,1420,경기도,안산시 상록구,음식,17
01-05,2,화요일,-1.7,0.0,0.0,1366,경기도,안산시 상록구,음식,21
01-05,10,화요일,-4.0,0.0,0.0,2000,경기도,안산시 상록구,음식,35
01-05,11,화요일,-3.8,0.0,0.0,1941,경기도,안산시 상록구,음식,62
01-05,12,화요일,-3.6,0.0,0.0,1974,경기도,안산시 상록구,음식,109
01-05,13,화요일,-3.0,0.0,0.0,1994,경기도,안산시 상록구,음식,74
01-05,14,화요일,-2.8,0.0,0.0,2000,경기도,안산시 상록구,음식,57
01-05,15,화요일,-3.4,0.0,0.0,2000,경기도,안산시 상록구,음식,66
01-05,16,화요일,-3.5,0.0,0.0,2000,경기도,안산시 상록구,음식,49
01-05,17,화요일,-4.2,0.0,0.0,2000,경기도,안산시 상록구,음식,99
01-05,18,화요일,-5.4,0.0,0.0,2000,경기도,안산시 상록구,음식,167
01-05,19,화요일,-5.4,0.0,0.0,2000,경기도,안산시 상록구,음식,155
01-05,20,화요일,-6.3,0.0,0.0,2000,경기도,안산시 상록구,음식,117
01-05,21,화요일,-7.0,0.0,0.0,2000,경기도,안산시 상록구,음식,129
01-05,22,화요일,-7.7,0.0,0.0,2000,경기도,안산시 상록구,음식,99
01-05,23,화요일,-8.5,0.0,0.0,1950,경기도,안산시 상록구,음식,59
01-06,11,수요일,-6.3,0.0,0.0,2000,경기도,안산시 상록구,음식,51
01-06,12,수요일,-5.5,0.0,0.0,1994,경기도,안산시 상록구,음식,99
01-06,13,수요일,-4.4,0.0,0.0,2000,경기도,안산시 상록구,음식,66
01-06,14,수요일,-3.7,0.0,0.0,2000,경기도,안산시 상록구,음식,53
01-06,15,수요일,-3.2,0.0,0.0,1998,경기도,안산시 상록구,음식,41
01-06,16,수요일,-2.6,0.0,0.0,2000,경기도,안산시 상록구,음식,54
01-06,17,수요일,-3.2,0.0,0.0,2000,경기도,안산시 상록구,음식,102
01-06,18,수요일,-3.8,0.0,0.0,2000,경기도,안산시 상록구,음식,192
01-06,19,수요일,-3.9,0.0,0.0,2000,경기도,안산시 상록구,음식,142
01-06,20,수요일,-5.0,0.0,0.7,586,경기도,안산시 상록구,음식,3
01-07,10,목요일,-14.7,0.0,5.5,1955,경기도,안산시 상록구,음식,1
01-07,14,목요일,-12.3,0.0,4.5,1943,경기도,안산시 상록구,음식,9
01-07,15,목요일,-12.2,0.0,4.5,1977,경기도,안산시 상록구,음식,15
01-07,16,목요일,-12.1,0.0,4.4,2032,경기도,안산시 상록구,음식,20
01-07,17,목요일,-12.5,0.0,4.4,2000,경기도,안산시 상록구,음식,23
01-07,18,목요일,-13.7,0.0,4.2,2000,경기도,안산시 상록구,음식,1
01-07,19,목요일,-13.8,0.0,4.2,2000,경기도,안산시 상록구,음식,4
01-07,22,목요일,-14.7,0.0,3.9,2000,경기도,안산시 상록구,음식,2
01-08,10,금요일,-15.2,0.0,2.9,2000,경기도,안산시 상록구,음식,47
01-08,11,금요일,-14.5,0.0,2.9,1968,경기도,안산시 상록구,음식,26
01-08,12,금요일,-13.5,0.0,2.9,1989,경기도,안산시 상록구,음식,28
01-08,13,금요일,-12.7,0.0,2.9,2000,경기도,안산시 상록구,음식,23
01-08,14,금요일,-12.1,0.0,2.8,1948,경기도,안산시 상록구,음식,13
01-08,15,금요일,-10.9,0.0,2.8,1994,경기도,안산시 상록구,음식,12
01-08,16,금요일,-11.0,0.0,2.8,1916,경기도,안산시 상록구,음식,22
01-08,17,금요일,-11.2,0.0,2.8,2000,경기도,안산시 상록구,음식,32
01-08,18,금요일,-11.7,0.0,2.8,2000,경기도,안산시 상록구,음식,31
01-08,19,금요일,-12.6,0.0,2.8,1854,경기도,안산시 상록구,음식,30
01-08,20,금요일,-13.0,0.0,2.7,2000,경기도,안산시 상록구,음식,21
01-08,21,금요일,-13.6,0.0,2.6,2000,경기도,안산시 상록구,음식,16
01-08,22,금요일,-14.3,0.0,2.5,2000,경기도,안산시 상록구,음식,13
01-08,23,금요일,-14.3,0.0,2.5,1954,경기도,안산시 상록구,음식,5
01-09,11,토요일,-12.7,0.0,2.4,2000,경기도,안산시 상록구,음식,90
01-09,12,토요일,-10.7,0.0,2.4,1946,경기도,안산시 상록구,음식,110
01-09,13,토요일,-9.7,0.0,2.4,1865,경기도,안산시 상록구,음식,108
01-09,14,토요일,-8.9,0.0,2.4,1791,경기도,안산시 상록구,음식,95
01-09,15,토요일,-8.1,0.0,2.3,1960,경기도,안산시 상록구,음식,73
01-09,16,토요일,-8.1,0.0,2.3,1992,경기도,안산시 상록구,음식,119
01-09,17,토요일,-8.4,0.0,2.3,2000,경기도,안산시 상록구,음식,189
01-09,18,토요일,-9.3,0.0,2.3,2000,경기도,안산시 상록구,음식,277
01-09,19,토요일,-9.7,0.0,2.3,2000,경기도,안산시 상록구,음식,85
01-09,20,토요일,-10.4,0.0,2.3,2000,경기도,안산시 상록구,음식,27
01-09,21,토요일,-11.4,0.0,2.3,2000,경기도,안산시 상록구,음식,31
01-09,22,토요일,-11.4,0.0,2.3,2000,경기도,안산시 상록구,음식,12
01-09,23,토요일,-11.9,0.0,2.3,2000,경기도,안산시 상록구,음식,4
01-10,0,일요일,-12.5,0.0,2.3,2000,경기도,안산시 상록구,음식,6
01-10,10,일요일,-10.1,0.0,2.3,1371,경기도,안산시 상록구,음식,2
01-10,11,일요일,-7.8,0.0,2.3,1660,경기도,안산시 상록구,음식,110
01-10,12,일요일,-6.2,0.0,2.3,1881,경기도,안산시 상록구,음식,123
01-10,13,일요일,-5.0,0.0,2.2,1932,경기도,안산시 상록구,음식,127
01-10,14,일요일,-4.1,0.0,2.2,1933,경기도,안산시 상록구,음식,91
01-10,15,일요일,-3.5,0.0,2.2,2000,경기도,안산시 상록구,음식,82
01-10,16,일요일,-3.5,0.0,2.1,1940,경기도,안산시 상록구,음식,110
01-10,17,일요일,-3.6,0.0,2.1,1975,경기도,안산시 상록구,음식,188
01-10,18,일요일,-4.1,0.0,2.1,2000,경기도,안산시 상록구,음식,235
01-10,19,일요일,-4.2,0.0,2.1,2000,경기도,안산시 상록구,음식,177
01-10,20,일요일,-4.4,0.0,2.1,2000,경기도,안산시 상록구,음식,142
01-10,21,일요일,-4.7,0.0,2.1,2004,경기도,안산시 상록구,음식,120
01-10,22,일요일,-6.2,0.0,2.1,1973,경기도,안산시 상록구,음식,10
01-10,23,일요일,-7.5,0.0,2.1,1783,경기도,안산시 상록구,음식,3
01-11,0,월요일,-9.7,0.0,2.1,1568,경기도,안산시 상록구,음식,1
01-11,11,월요일,-6.7,0.0,2.1,879,경기도,안산시 상록구,음식,107
01-11,12,월요일,-5.7,0.0,2.1,1067,경기도,안산시 상록구,음식,78
01-11,13,월요일,-5.0,0.0,2.1,1254,경기도,안산시 상록구,음식,47
01-11,14,월요일,-4.6,0.0,2.1,1364,경기도,안산시 상록구,음식,55
01-11,15,월요일,-3.9,0.0,2.0,1338,경기도,안산시 상록구,음식,38
01-11,16,월요일,-3.9,0.0,2.0,1420,경기도,안산시 상록구,음식,44
01-11,17,월요일,-3.8,0.0,2.0,1574,경기도,안산시 상록구,음식,93
01-11,18,월요일,-4.4,0.0,2.0,1517,경기도,안산시 상록구,음식,178
01-11,19,월요일,-5.8,0.0,2.0,1199,경기도,안산시 상록구,음식,162
01-11,20,월요일,-6.4,0.0,2.0,1073,경기도,안산시 상록구,음식,114
01-11,21,월요일,-7.4,0.0,2.0,1281,경기도,안산시 상록구,음식,121
01-11,22,월요일,-7.1,0.0,2.0,1185,경기도,안산시 상록구,음식,72
01-11,23,월요일,-6.6,0.0,2.0,1273,경기도,안산시 상록구,음식,50
01-12,0,화요일,-6.7,0.0,2.0,949,경기도,안산시 상록구,음식,27
01-12,1,화요일,-7.1,0.0,2.0,875,경기도,안산시 상록구,음식,15
01-12,2,화요일,-7.3,0.0,2.0,786,경기도,안산시 상록구,음식,10
01-12,10,화요일,-4.8,0.0,2.0,810,경기도,안산시 상록구,음식,26
01-12,11,화요일,-3.1,0.0,1.9,948,경기도,안산시 상록구,음식,94
01-12,12,화요일,-1.8,0.0,1.9,1168,경기도,안산시 상록구,음식,108
01-12,13,화요일,-0.8,0.0,1.9,1023,경기도,안산시 상록구,음식,86
01-12,14,화요일,0.1,0.0,1.9,1050,경기도,안산시 상록구,음식,66
01-12,15,화요일,0.5,0.0,1.7,1062,경기도,안산시 상록구,음식,60
01-12,16,화요일,-0.8,0.0,2.9,71,경기도,안산시 상록구,음식,71
01-12,17,화요일,-0.5,0.0,4.2,369,경기도,안산시 상록구,음식,163
01-12,18,화요일,-0.7,1.2,4.7,560,경기도,안산시 상록구,음식,63
01-12,19,화요일,-0.4,0.0,4.7,381,경기도,안산시 상록구,음식,15
01-13,10,수요일,0.1,0.0,4.8,918,경기도,안산시 상록구,음식,4
01-13,11,수요일,2.6,0.0,4.6,729,경기도,안산시 상록구,음식,110
01-13,12,수요일,4.5,0.0,4.0,788,경기도,안산시 상록구,음식,68
01-13,13,수요일,6.7,0.0,1.4,848,경기도,안산시 상록구,음식,63
01-13,14,수요일,8.0,0.0,1.0,948,경기도,안산시 상록구,음식,64
01-13,15,수요일,8.6,0.0,0.0,1150,경기도,안산시 상록구,음식,39
01-13,16,수요일,8.2,0.0,0.0,1150,경기도,안산시 상록구,음식,60
01-13,17,수요일,7.6,0.0,0.0,1458,경기도,안산시 상록구,음식,118
01-13,18,수요일,6.4,0.0,0.0,1115,경기도,안산시 상록구,음식,189
01-13,19,수요일,5.7,0.0,0.0,857,경기도,안산시 상록구,음식,164
01-13,20,수요일,4.3,0.0,0.0,1727,경기도,안산시 상록구,음식,133
01-13,21,수요일,4.2,0.0,0.0,737,경기도,안산시 상록구,음식,110
01-13,22,수요일,2.3,0.0,0.0,945,경기도,안산시 상록구,음식,72
01-13,23,수요일,1.2,0.0,0.0,693,경기도,안산시 상록구,음식,50
01-14,0,목요일,0.4,0.0,0.0,965,경기도,안산시 상록구,음식,23
01-14,1,목요일,0.2,0.0,0.0,924,경기도,안산시 상록구,음식,16
01-14,2,목요일,-0.1,0.0,0.0,1638,경기도,안산시 상록구,음식,7
01-14,10,목요일,0.7,0.0,0.0,1330,경기도,안산시 상록구,음식,26
01-14,11,목요일,2.5,0.0,0.0,1812,경기도,안산시 상록구,음식,62
01-14,12,목요일,3.8,0.0,0.0,2000,경기도,안산시 상록구,음식,94
01-14,13,목요일,5.7,0.0,0.0,1745,경기도,안산시 상록구,음식,51
01-14,14,목요일,6.8,0.0,0.0,1974,경기도,안산시 상록구,음식,57
01-14,15,목요일,7.3,0.0,0.0,1944,경기도,안산시 상록구,음식,37
01-14,16,목요일,7.6,0.0,0.0,2000,경기도,안산시 상록구,음식,56
01-14,17,목요일,7.0,0.0,0.0,1961,경기도,안산시 상록구,음식,92
01-14,18,목요일,5.5,0.0,0.0,1898,경기도,안산시 상록구,음식,180
01-14,19,목요일,4.3,0.0,0.0,1912,경기도,안산시 상록구,음식,136
01-14,20,목요일,3.3,0.0,0.0,1627,경기도,안산시 상록구,음식,109
01-14,21,목요일,2.9,0.0,0.0,1857,경기도,안산시 상록구,음식,106
01-14,22,목요일,2.1,0.0,0.0,1685,경기도,안산시 상록구,음식,65
01-14,23,목요일,0.6,0.0,0.0,1806,경기도,안산시 상록구,음식,55
01-15,0,금요일,0.2,0.0,0.0,1118,경기도,안산시 상록구,음식,34
01-15,1,금요일,-0.7,0.0,0.0,1523,경기도,안산시 상록구,음식,28
01-15,2,금요일,-0.6,0.0,0.0,1551,경기도,안산시 상록구,음식,13
01-15,10,금요일,6.3,0.0,0.0,1162,경기도,안산시 상록구,음식,17
01-15,11,금요일,8.5,0.0,0.0,1292,경기도,안산시 상록구,음식,67
01-15,12,금요일,9.8,0.0,0.0,1792,경기도,안산시 상록구,음식,81
01-15,13,금요일,11.2,0.0,0.0,1640,경기도,안산시 상록구,음식,59
01-15,14,금요일,10.9,0.0,0.0,1663,경기도,안산시 상록구,음식,40
01-15,15,금요일,10.0,0.0,0.0,912,경기도,안산시 상록구,음식,37
01-15,16,금요일,6.9,0.0,0.0,586,경기도,안산시 상록구,음식,69
01-15,17,금요일,6.2,0.0,0.0,598,경기도,안산시 상록구,음식,94
01-15,18,금요일,3.7,0.0,0.0,506,경기도,안산시 상록구,음식,159
01-15,19,금요일,2.8,0.0,0.0,665,경기도,안산시 상록구,음식,217
01-15,20,금요일,2.3,0.0,0.0,697,경기도,안산시 상록구,음식,168
01-15,21,금요일,2.0,0.0,0.0,1106,경기도,안산시 상록구,음식,166
01-15,22,금요일,1.4,0.0,0.0,1190,경기도,안산시 상록구,음식,135
01-15,23,금요일,0.6,0.0,0.0,949,경기도,안산시 상록구,음식,53
01-16,0,토요일,-0.7,0.0,0.0,1682,경기도,안산시 상록구,음식,29
01-16,1,토요일,-1.4,0.0,0.0,828,경기도,안산시 상록구,음식,23
01-16,2,토요일,-2.0,0.0,0.0,734,경기도,안산시 상록구,음식,16
01-16,10,토요일,-4.3,0.0,0.0,729,경기도,안산시 상록구,음식,41
01-16,11,토요일,-3.7,0.0,0.0,778,경기도,안산시 상록구,음식,67
01-16,12,토요일,-2.5,0.0,0.0,1185,경기도,안산시 상록구,음식,105
01-16,13,토요일,-2.5,0.0,0.0,1130,경기도,안산시 상록구,음식,99
01-16,14,토요일,-2.5,0.0,0.0,1440,경기도,안산시 상록구,음식,53
01-16,15,토요일,-3.0,0.0,0.0,2016,경기도,안산시 상록구,음식,60
01-16,16,토요일,-2.6,0.0,0.0,1876,경기도,안산시 상록구,음식,67
01-16,17,토요일,-3.4,0.0,0.0,2000,경기도,안산시 상록구,음식,134
01-16,18,토요일,-4.2,0.0,0.0,1999,경기도,안산시 상록구,음식,244
01-16,19,토요일,-4.8,0.0,0.0,2000,경기도,안산시 상록구,음식,165
01-16,20,토요일,-4.9,0.0,0.0,2000,경기도,안산시 상록구,음식,146
01-16,21,토요일,-5.5,0.0,0.0,2000,경기도,안산시 상록구,음식,166
01-16,22,토요일,-6.1,0.0,0.0,2000,경기도,안산시 상록구,음식,121
01-16,23,토요일,-6.6,0.0,0.0,2000,경기도,안산시 상록구,음식,47
01-17,0,일요일,-7.3,0.0,0.0,1950,경기도,안산시 상록구,음식,31
01-17,1,일요일,-7.9,0.0,0.0,2000,경기도,안산시 상록구,음식,26
01-17,2,일요일,-8.2,0.0,0.0,2000,경기도,안산시 상록구,음식,21
01-17,10,일요일,-6.8,0.0,0.0,1960,경기도,안산시 상록구,음식,33
01-17,11,일요일,-5.8,0.0,0.0,1982,경기도,안산시 상록구,음식,79
01-17,12,일요일,-3.9,0.0,0.0,1998,경기도,안산시 상록구,음식,94
01-17,13,일요일,-2.5,0.0,0.0,2000,경기도,안산시 상록구,음식,95
01-17,14,일요일,-2.2,0.0,0.0,2000,경기도,안산시 상록구,음식,87
01-17,15,일요일,-2.0,0.0,0.0,1997,경기도,안산시 상록구,음식,90
01-17,16,일요일,-2.3,0.0,0.0,2000,경기도,안산시 상록구,음식,77
01-17,17,일요일,-1.5,0.0,0.0,2000,경기도,안산시 상록구,음식,156
01-17,18,일요일,-2.2,0.0,0.0,2000,경기도,안산시 상록구,음식,188
01-17,19,일요일,-2.7,0.0,0.0,2000,경기도,안산시 상록구,음식,154
01-17,20,일요일,-2.6,0.0,0.0,1962,경기도,안산시 상록구,음식,132
01-17,21,일요일,-3.0,0.0,0.2,1439,경기도,안산시 상록구,음식,86
01-17,22,일요일,-2.9,0.0,1.8,375,경기도,안산시 상록구,음식,83
01-17,23,일요일,-2.8,0.0,2.3,1005,경기도,안산시 상록구,음식,63
01-18,0,월요일,-3.5,1.1,2.8,572,경기도,안산시 상록구,음식,41
01-18,1,월요일,-4.1,0.0,2.8,1100,경기도,안산시 상록구,음식,16
01-18,10,월요일,-2.4,0.0,3.5,582,경기도,안산시 상록구,음식,39
01-18,11,월요일,-1.2,0.0,3.4,522,경기도,안산시 상록구,음식,71
01-18,12,월요일,0.4,0.0,3.2,420,경기도,안산시 상록구,음식,93
01-18,13,월요일,1.5,0.0,2.0,739,경기도,안산시 상록구,음식,68
01-18,14,월요일,0.9,0.0,1.0,1700,경기도,안산시 상록구,음식,58
01-18,15,월요일,0.6,0.0,0.5,1545,경기도,안산시 상록구,음식,47
01-18,16,월요일,0.8,0.0,0.1,1886,경기도,안산시 상록구,음식,50
01-18,17,월요일,-0.8,0.0,0.0,2000,경기도,안산시 상록구,음식,74
01-18,18,월요일,-2.5,0.0,0.0,2000,경기도,안산시 상록구,음식,131
01-18,19,월요일,-4.1,0.0,0.0,2000,경기도,안산시 상록구,음식,122
01-18,20,월요일,-4.8,0.0,0.0,2000,경기도,안산시 상록구,음식,92
01-18,21,월요일,-5.1,0.0,0.0,2000,경기도,안산시 상록구,음식,77
01-18,22,월요일,-5.7,0.0,0.0,2000,경기도,안산시 상록구,음식,64
01-18,23,월요일,-7.0,0.0,0.0,2000,경기도,안산시 상록구,음식,33
01-19,0,화요일,-8.1,0.0,0.0,2000,경기도,안산시 상록구,음식,16
01-19,1,화요일,-8.8,0.0,0.0,2000,경기도,안산시 상록구,음식,16
01-19,2,화요일,-9.6,0.0,0.0,2000,경기도,안산시 상록구,음식,7
01-19,10,화요일,-7.3,0.0,0.0,1945,경기도,안산시 상록구,음식,24
01-19,11,화요일,-5.3,0.0,0.0,2000,경기도,안산시 상록구,음식,82
01-19,12,화요일,-4.5,0.0,0.0,1985,경기도,안산시 상록구,음식,85
01-19,13,화요일,-3.2,0.0,0.0,1988,경기도,안산시 상록구,음식,46
01-19,14,화요일,-2.0,0.0,0.0,1972,경기도,안산시 상록구,음식,63
01-19,15,화요일,-1.6,0.0,0.0,2000,경기도,안산시 상록구,음식,45
01-19,16,화요일,-1.5,0.0,0.0,1996,경기도,안산시 상록구,음식,37
01-19,17,화요일,-1.7,0.0,0.0,2000,경기도,안산시 상록구,음식,82
01-19,18,화요일,-3.1,0.0,0.0,1992,경기도,안산시 상록구,음식,138
01-19,19,화요일,-3.5,0.0,0.0,1960,경기도,안산시 상록구,음식,130
01-19,20,화요일,-4.9,0.0,0.0,1857,경기도,안산시 상록구,음식,107
01-19,21,화요일,-5.8,0.0,0.0,1849,경기도,안산시 상록구,음식,108
01-19,22,화요일,-5.9,0.0,0.0,1989,경기도,안산시 상록구,음식,73
01-19,23,화요일,-7.1,0.0,0.0,1836,경기도,안산시 상록구,음식,51
01-20,0,수요일,-7.0,0.0,0.0,1803,경기도,안산시 상록구,음식,23
01-20,1,수요일,-7.3,0.0,0.0,1841,경기도,안산시 상록구,음식,15
01-20,2,수요일,-8.2,0.0,0.0,1785,경기도,안산시 상록구,음식,8
01-20,10,수요일,-1.8,0.0,0.0,2000,경기도,안산시 상록구,음식,29
01-20,11,수요일,0.4,0.0,0.0,1973,경기도,안산시 상록구,음식,75
01-20,12,수요일,1.8,0.0,0.0,2000,경기도,안산시 상록구,음식,85
01-20,13,수요일,4.2,0.0,0.0,1939,경기도,안산시 상록구,음식,54
01-20,14,수요일,5.8,0.0,0.0,2000,경기도,안산시 상록구,음식,44
01-20,15,수요일,6.9,0.0,0.0,2000,경기도,안산시 상록구,음식,34
01-20,16,수요일,7.4,0.0,0.0,1959,경기도,안산시 상록구,음식,32
01-20,17,수요일,6.1,0.0,0.0,2000,경기도,안산시 상록구,음식,95
01-20,18,수요일,4.1,0.0,0.0,1866,경기도,안산시 상록구,음식,148
01-20,19,수요일,2.7,0.0,0.0,1557,경기도,안산시 상록구,음식,170
01-20,20,수요일,0.5,0.0,0.0,1880,경기도,안산시 상록구,음식,115
01-20,21,수요일,0.5,0.0,0.0,1523,경기도,안산시 상록구,음식,110
01-20,22,수요일,-0.2,0.0,0.0,1636,경기도,안산시 상록구,음식,70
01-20,23,수요일,-0.7,0.0,0.0,1847,경기도,안산시 상록구,음식,48
01-21,0,목요일,0.5,0.0,0.0,1766,경기도,안산시 상록구,음식,31
01-21,1,목요일,0.3,0.0,0.0,1858,경기도,안산시 상록구,음식,13
01-21,2,목요일,2.0,0.0,0.0,1947,경기도,안산시 상록구,음식,14
01-21,10,목요일,5.3,0.0,0.0,1948,경기도,안산시 상록구,음식,18
01-21,11,목요일,6.3,0.0,0.0,1800,경기도,안산시 상록구,음식,79
01-21,12,목요일,7.7,0.0,0.0,1755,경기도,안산시 상록구,음식,89
01-21,13,목요일,8.0,0.0,0.0,1836,경기도,안산시 상록구,음식,50
01-21,14,목요일,7.5,0.0,0.0,1348,경기도,안산시 상록구,음식,56
01-21,15,목요일,5.8,0.8,0.0,597,경기도,안산시 상록구,음식,37
01-21,16,목요일,5.2,0.0,0.0,601,경기도,안산시 상록구,음식,52
01-21,17,목요일,5.0,0.0,0.0,483,경기도,안산시 상록구,음식,101
01-21,18,목요일,4.9,3.7,0.0,303,경기도,안산시 상록구,음식,142
01-21,19,목요일,4.9,0.0,0.0,300,경기도,안산시 상록구,음식,155
01-21,20,목요일,5.0,0.0,0.0,388,경기도,안산시 상록구,음식,117
01-21,21,목요일,5.0,3.6,0.0,242,경기도,안산시 상록구,음식,107
01-21,22,목요일,4.9,0.0,0.0,195,경기도,안산시 상록구,음식,77
01-21,23,목요일,4.6,0.0,0.0,145,경기도,안산시 상록구,음식,43
01-22,0,금요일,4.6,1.0,0.0,218,경기도,안산시 상록구,음식,28
01-22,1,금요일,4.5,0.0,0.0,333,경기도,안산시 상록구,음식,19
01-22,2,금요일,4.5,0.0,0.0,177,경기도,안산시 상록구,음식,18
01-22,10,금요일,5.6,0.0,0.0,313,경기도,안산시 상록구,음식,29
01-22,11,금요일,6.2,0.0,0.0,480,경기도,안산시 상록구,음식,44
01-22,12,금요일,6.7,0.0,0.0,783,경기도,안산시 상록구,음식,79
01-22,13,금요일,7.0,0.0,0.0,1600,경기도,안산시 상록구,음식,53
01-22,14,금요일,7.5,0.0,0.0,1776,경기도,안산시 상록구,음식,34
01-22,15,금요일,7.2,0.0,0.0,1542,경기도,안산시 상록구,음식,40
01-22,16,금요일,7.1,0.0,0.0,689,경기도,안산시 상록구,음식,34
01-22,17,금요일,6.4,0.0,0.0,553,경기도,안산시 상록구,음식,74
01-22,18,금요일,6.1,0.0,0.0,583,경기도,안산시 상록구,음식,114
01-22,19,금요일,5.9,0.0,0.0,621,경기도,안산시 상록구,음식,177
01-22,20,금요일,6.3,0.0,0.0,669,경기도,안산시 상록구,음식,148
01-22,21,금요일,6.0,0.0,0.0,536,경기도,안산시 상록구,음식,135
01-22,22,금요일,6.0,0.0,0.0,516,경기도,안산시 상록구,음식,92
01-22,23,금요일,5.6,0.0,0.0,574,경기도,안산시 상록구,음식,76
01-23,0,토요일,5.5,0.0,0.0,521,경기도,안산시 상록구,음식,37
01-23,1,토요일,5.0,0.0,0.0,634,경기도,안산시 상록구,음식,22
01-23,2,토요일,4.9,0.0,0.0,513,경기도,안산시 상록구,음식,17
01-23,10,토요일,7.8,0.0,0.0,2000,경기도,안산시 상록구,음식,36
01-23,11,토요일,9.3,0.0,0.0,2000,경기도,안산시 상록구,음식,62
01-23,12,토요일,10.5,0.0,0.0,2000,경기도,안산시 상록구,음식,69
01-23,13,토요일,10.8,0.0,0.0,2000,경기도,안산시 상록구,음식,64
01-23,14,토요일,11.5,0.0,0.0,1997,경기도,안산시 상록구,음식,49
01-23,15,토요일,12.1,0.0,0.0,2000,경기도,안산시 상록구,음식,44
01-23,16,토요일,11.9,0.0,0.0,2000,경기도,안산시 상록구,음식,55
01-23,17,토요일,11.7,0.0,0.0,2000,경기도,안산시 상록구,음식,97
01-23,18,토요일,11.2,0.0,0.0,2000,경기도,안산시 상록구,음식,176
01-23,19,토요일,10.3,0.0,0.0,2000,경기도,안산시 상록구,음식,171
01-23,20,토요일,9.4,0.0,0.0,2000,경기도,안산시 상록구,음식,123
01-23,21,토요일,8.5,0.0,0.0,2000,경기도,안산시 상록구,음식,118
01-23,22,토요일,8.0,0.0,0.0,1950,경기도,안산시 상록구,음식,117
01-23,23,토요일,7.2,0.0,0.0,2000,경기도,안산시 상록구,음식,60
01-24,0,일요일,6.8,0.0,0.0,2000,경기도,안산시 상록구,음식,31
01-24,1,일요일,6.2,0.0,0.0,2000,경기도,안산시 상록구,음식,28
01-24,2,일요일,6.0,0.0,0.0,2000,경기도,안산시 상록구,음식,20
01-24,10,일요일,6.9,0.0,0.0,2000,경기도,안산시 상록구,음식,46
01-24,11,일요일,8.4,0.0,0.0,2000,경기도,안산시 상록구,음식,82
01-24,12,일요일,10.2,0.0,0.0,2000,경기도,안산시 상록구,음식,87
01-24,13,일요일,10.9,0.0,0.0,2000,경기도,안산시 상록구,음식,81
01-24,14,일요일,11.8,0.0,0.0,2000,경기도,안산시 상록구,음식,59
01-24,15,일요일,12.5,0.0,0.0,2000,경기도,안산시 상록구,음식,59
01-24,16,일요일,12.5,0.0,0.0,2000,경기도,안산시 상록구,음식,81
01-24,17,일요일,11.8,0.0,0.0,2000,경기도,안산시 상록구,음식,119
01-24,18,일요일,9.9,0.0,0.0,2000,경기도,안산시 상록구,음식,159
01-24,19,일요일,7.7,0.0,0.0,1950,경기도,안산시 상록구,음식,121
01-24,20,일요일,5.9,0.0,0.0,1829,경기도,안산시 상록구,음식,121
01-24,21,일요일,4.6,0.0,0.0,1830,경기도,안산시 상록구,음식,94
01-24,22,일요일,4.2,0.0,0.0,1543,경기도,안산시 상록구,음식,70
01-24,23,일요일,3.0,0.0,0.0,1526,경기도,안산시 상록구,음식,38
01-25,0,월요일,3.2,0.0,0.0,1583,경기도,안산시 상록구,음식,27
01-25,1,월요일,2.7,0.0,0.0,1555,경기도,안산시 상록구,음식,14
01-25,2,월요일,1.6,0.0,0.0,1044,경기도,안산시 상록구,음식,8
01-25,10,월요일,7.5,0.0,0.0,1999,경기도,안산시 상록구,음식,30
01-25,11,월요일,8.5,0.0,0.0,1950,경기도,안산시 상록구,음식,53
01-25,12,월요일,10.3,0.0,0.0,1966,경기도,안산시 상록구,음식,66
01-25,13,월요일,12.3,0.0,0.0,1907,경기도,안산시 상록구,음식,63
01-25,14,월요일,13.1,0.0,0.0,1951,경기도,안산시 상록구,음식,37
01-25,15,월요일,13.9,0.0,0.0,1990,경기도,안산시 상록구,음식,26
01-25,16,월요일,13.6,0.0,0.0,1988,경기도,안산시 상록구,음식,34
01-25,17,월요일,13.2,0.0,0.0,2000,경기도,안산시 상록구,음식,47
01-25,18,월요일,11.1,0.0,0.0,2000,경기도,안산시 상록구,음식,127
01-25,19,월요일,9.6,0.0,0.0,2000,경기도,안산시 상록구,음식,108
01-25,20,월요일,7.9,0.0,0.0,2000,경기도,안산시 상록구,음식,108
01-25,21,월요일,6.6,0.0,0.0,1518,경기도,안산시 상록구,음식,71
01-25,22,월요일,5.5,0.0,0.0,1299,경기도,안산시 상록구,음식,57
01-25,23,월요일,4.3,0.0,0.0,1100,경기도,안산시 상록구,음식,41
01-26,0,화요일,4.5,0.0,0.0,1100,경기도,안산시 상록구,음식,24
01-26,1,화요일,4.1,0.0,0.0,876,경기도,안산시 상록구,음식,19
01-26,2,화요일,4.1,0.0,0.0,916,경기도,안산시 상록구,음식,17
01-26,10,화요일,4.6,0.0,0.0,677,경기도,안산시 상록구,음식,31
01-26,11,화요일,4.7,0.0,0.0,575,경기도,안산시 상록구,음식,52
01-26,12,화요일,5.0,3.4,0.0,417,경기도,안산시 상록구,음식,89
01-26,13,화요일,6.0,0.0,0.0,546,경기도,안산시 상록구,음식,54
01-26,14,화요일,6.2,0.0,0.0,588,경기도,안산시 상록구,음식,55
01-26,15,화요일,6.5,0.0,0.0,569,경기도,안산시 상록구,음식,38
01-26,16,화요일,6.1,0.0,0.0,631,경기도,안산시 상록구,음식,53
01-26,17,화요일,5.0,0.0,0.0,331,경기도,안산시 상록구,음식,92
01-26,18,화요일,4.2,0.4,0.0,444,경기도,안산시 상록구,음식,124
01-26,19,화요일,4.1,0.0,0.0,1120,경기도,안산시 상록구,음식,140
01-26,20,화요일,4.1,0.0,0.0,1447,경기도,안산시 상록구,음식,116
01-26,21,화요일,4.0,0.0,0.0,657,경기도,안산시 상록구,음식,79
01-26,22,화요일,2.8,0.0,0.0,857,경기도,안산시 상록구,음식,60
01-26,23,화요일,2.2,0.0,0.0,674,경기도,안산시 상록구,음식,53
01-27,0,수요일,1.1,0.0,0.0,581,경기도,안산시 상록구,음식,17
01-27,1,수요일,0.2,0.0,0.0,636,경기도,안산시 상록구,음식,24
01-27,2,수요일,0.7,0.0,0.0,643,경기도,안산시 상록구,음식,8
01-27,10,수요일,1.5,0.0,0.0,1881,경기도,안산시 상록구,음식,30
01-27,11,수요일,3.3,0.0,0.0,1991,경기도,안산시 상록구,음식,58
01-27,12,수요일,5.1,0.0,0.0,1989,경기도,안산시 상록구,음식,87
01-27,13,수요일,5.3,0.0,0.0,2000,경기도,안산시 상록구,음식,60
01-27,14,수요일,5.6,0.0,0.0,2000,경기도,안산시 상록구,음식,36
01-27,15,수요일,6.2,0.0,0.0,2000,경기도,안산시 상록구,음식,28
01-27,16,수요일,5.3,0.0,0.0,2000,경기도,안산시 상록구,음식,36
01-27,17,수요일,3.4,0.0,0.0,2000,경기도,안산시 상록구,음식,66
01-27,18,수요일,1.6,0.0,0.0,1996,경기도,안산시 상록구,음식,121
01-27,19,수요일,0.9,0.0,0.0,2000,경기도,안산시 상록구,음식,138
01-27,20,수요일,0.8,0.0,0.0,1950,경기도,안산시 상록구,음식,123
01-27,21,수요일,0.5,0.0,0.0,2000,경기도,안산시 상록구,음식,79
01-27,22,수요일,0.0,0.0,0.0,2000,경기도,안산시 상록구,음식,85
01-27,23,수요일,-0.4,0.0,0.0,1996,경기도,안산시 상록구,음식,34
01-28,0,목요일,-0.3,0.0,0.0,2000,경기도,안산시 상록구,음식,25
01-28,1,목요일,-0.5,0.0,0.0,1999,경기도,안산시 상록구,음식,14
01-28,2,목요일,-0.6,0.0,0.0,1899,경기도,안산시 상록구,음식,15
01-28,10,목요일,-0.6,0.0,0.0,519,경기도,안산시 상록구,음식,27
01-28,13,목요일,0.5,0.0,1.8,1579,경기도,안산시 상록구,음식,36
01-28,14,목요일,0.6,0.0,1.0,1860,경기도,안산시 상록구,음식,45
01-28,15,목요일,-0.4,0.0,0.8,1989,경기도,안산시 상록구,음식,37
01-28,16,목요일,-1.5,0.0,0.6,1979,경기도,안산시 상록구,음식,32
01-28,17,목요일,-3.0,0.0,0.6,2000,경기도,안산시 상록구,음식,72
01-28,18,목요일,-4.3,0.0,0.6,1851,경기도,안산시 상록구,음식,113
01-28,19,목요일,-4.4,0.0,0.6,2000,경기도,안산시 상록구,음식,141
01-28,20,목요일,-6.0,0.0,0.6,2000,경기도,안산시 상록구,음식,98
01-28,21,목요일,-6.9,0.0,0.6,2000,경기도,안산시 상록구,음식,102
01-28,22,목요일,-7.4,0.0,0.6,2000,경기도,안산시 상록구,음식,82
01-28,23,목요일,-7.7,0.0,0.6,2000,경기도,안산시 상록구,음식,59
01-29,0,금요일,-8.6,0.0,0.6,2000,경기도,안산시 상록구,음식,19
01-29,1,금요일,-9.2,0.0,0.6,1950,경기도,안산시 상록구,음식,17
01-29,2,금요일,-9.7,0.0,0.6,2000,경기도,안산시 상록구,음식,13
01-29,10,금요일,-8.6,0.0,0.3,1994,경기도,안산시 상록구,음식,27
01-29,11,금요일,-8.0,0.0,0.2,1992,경기도,안산시 상록구,음식,80
01-29,12,금요일,-6.9,0.0,0.1,2000,경기도,안산시 상록구,음식,74
01-29,13,금요일,-6.5,0.0,0.1,2000,경기도,안산시 상록구,음식,56
01-29,14,금요일,-5.3,0.0,0.0,1994,경기도,안산시 상록구,음식,50
01-29,15,금요일,-4.7,0.0,0.0,2000,경기도,안산시 상록구,음식,32
01-29,16,금요일,-5.0,0.0,0.0,2000,경기도,안산시 상록구,음식,42
01-29,17,금요일,-5.7,0.0,0.0,2000,경기도,안산시 상록구,음식,72
01-29,18,금요일,-6.4,0.0,0.0,2000,경기도,안산시 상록구,음식,133
01-29,19,금요일,-7.1,0.0,0.0,1963,경기도,안산시 상록구,음식,188
01-29,20,금요일,-7.6,0.0,0.0,2000,경기도,안산시 상록구,음식,164
01-29,21,금요일,-8.1,0.0,0.0,2000,경기도,안산시 상록구,음식,144
01-29,22,금요일,-8.3,0.0,0.0,2000,경기도,안산시 상록구,음식,97
01-29,23,금요일,-8.2,0.0,0.0,2000,경기도,안산시 상록구,음식,49
01-30,0,토요일,-8.5,0.0,0.0,1947,경기도,안산시 상록구,음식,31
01-30,1,토요일,-6.9,0.0,0.0,1999,경기도,안산시 상록구,음식,16
01-30,2,토요일,-6.6,0.0,0.0,2000,경기도,안산시 상록구,음식,13
01-30,10,토요일,-2.1,0.0,0.0,1694,경기도,안산시 상록구,음식,39
01-30,11,토요일,-0.3,0.0,0.0,1799,경기도,안산시 상록구,음식,73
01-30,12,토요일,1.5,0.0,0.0,1647,경기도,안산시 상록구,음식,88
01-30,13,토요일,4.9,0.0,0.0,1222,경기도,안산시 상록구,음식,68
01-30,14,토요일,6.0,0.0,0.0,1215,경기도,안산시 상록구,음식,79
01-30,15,토요일,5.9,0.0,0.0,1908,경기도,안산시 상록구,음식,52
01-30,16,토요일,5.6,0.0,0.0,1308,경기도,안산시 상록구,음식,55
01-30,17,토요일,4.8,0.0,0.0,1705,경기도,안산시 상록구,음식,129
01-30,18,토요일,3.2,0.0,0.0,1807,경기도,안산시 상록구,음식,184
01-30,19,토요일,1.5,0.0,0.0,1240,경기도,안산시 상록구,음식,148
01-30,20,토요일,-0.2,0.0,0.0,760,경기도,안산시 상록구,음식,137
01-30,21,토요일,-1.0,0.0,0.0,1693,경기도,안산시 상록구,음식,154
01-30,22,토요일,-1.7,0.0,0.0,1032,경기도,안산시 상록구,음식,99
01-30,23,토요일,-2.4,0.0,0.0,506,경기도,안산시 상록구,음식,71
01-31,0,일요일,-3.0,0.0,0.0,786,경기도,안산시 상록구,음식,47
01-31,1,일요일,-3.6,0.0,0.0,833,경기도,안산시 상록구,음식,19
01-31,2,일요일,-4.3,0.0,0.0,550,경기도,안산시 상록구,음식,22
01-31,10,일요일,1.9,0.0,0.0,1832,경기도,안산시 상록구,음식,48
01-31,11,일요일,3.8,0.0,0.0,1716,경기도,안산시 상록구,음식,78
01-31,12,일요일,6.4,0.0,0.0,1902,경기도,안산시 상록구,음식,83
01-31,13,일요일,7.5,0.0,0.0,1986,경기도,안산시 상록구,음식,70
01-31,14,일요일,9.0,0.0,0.0,1995,경기도,안산시 상록구,음식,68
01-31,15,일요일,10.1,0.0,0.0,1961,경기도,안산시 상록구,음식,71
01-31,16,일요일,10.0,0.0,0.0,1906,경기도,안산시 상록구,음식,80
01-31,17,일요일,9.5,0.0,0.0,1967,경기도,안산시 상록구,음식,147
01-31,18,일요일,8.5,0.0,0.0,1753,경기도,안산시 상록구,음식,186
01-31,19,일요일,7.6,0.0,0.0,1735,경기도,안산시 상록구,음식,146
01-31,20,일요일,7.3,0.0,0.0,1766,경기도,안산시 상록구,음식,109
01-31,21,일요일,6.7,0.0,0.0,1871,경기도,안산시 상록구,음식,97
01-31,22,일요일,6.6,0.0,0.0,1863,경기도,안산시 상록구,음식,72
01-31,23,일요일,6.4,0.0,0.0,2038,경기도,안산시 상록구,음식,47
02-01,0,월요일,6.8,0.0,0.0,1972,경기도,안산시 상록구,음식,26
02-01,1,월요일,6.6,0.0,0.0,1790,경기도,안산시 상록구,음식,18
02-01,2,월요일,6.3,0.0,0.0,1918,경기도,안산시 상록구,음식,12
02-01,10,월요일,7.0,0.0,0.0,263,경기도,안산시 상록구,음식,25
02-01,11,월요일,8.2,0.0,0.0,633,경기도,안산시 상록구,음식,63
02-01,12,월요일,8.7,0.0,0.0,522,경기도,안산시 상록구,음식,75
02-01,13,월요일,9.3,0.0,0.0,509,경기도,안산시 상록구,음식,62
02-01,14,월요일,9.2,0.0,0.0,579,경기도,안산시 상록구,음식,50
02-01,15,월요일,8.3,0.0,0.0,503,경기도,안산시 상록구,음식,35
02-01,16,월요일,6.3,0.0,0.0,384,경기도,안산시 상록구,음식,29
02-01,17,월요일,5.5,0.0,0.0,404,경기도,안산시 상록구,음식,82
02-01,18,월요일,4.3,0.0,0.0,313,경기도,안산시 상록구,음식,133
02-01,19,월요일,4.2,0.0,0.0,308,경기도,안산시 상록구,음식,134
02-01,20,월요일,3.3,0.0,0.0,349,경기도,안산시 상록구,음식,107
02-01,21,월요일,3.0,0.0,0.0,380,경기도,안산시 상록구,음식,117
02-01,22,월요일,1.7,0.0,0.0,743,경기도,안산시 상록구,음식,51
02-01,23,월요일,0.3,0.0,0.0,1288,경기도,안산시 상록구,음식,42
02-02,0,화요일,-1.2,0.0,0.0,1074,경기도,안산시 상록구,음식,28
02-02,1,화요일,-2.2,0.0,0.0,1741,경기도,안산시 상록구,음식,17
02-02,2,화요일,-2.8,0.0,0.0,2000,경기도,안산시 상록구,음식,7
02-02,10,화요일,-5.3,0.0,0.0,1948,경기도,안산시 상록구,음식,26
02-02,11,화요일,-4.7,0.0,0.0,1990,경기도,안산시 상록구,음식,71
02-02,12,화요일,-3.8,0.0,0.0,2000,경기도,안산시 상록구,음식,76
02-02,13,화요일,-3.0,0.0,0.0,1991,경기도,안산시 상록구,음식,55
02-02,14,화요일,-3.0,0.0,0.0,1995,경기도,안산시 상록구,음식,58
02-02,15,화요일,-3.4,0.0,0.0,1987,경기도,안산시 상록구,음식,30
02-02,16,화요일,-3.2,0.0,0.0,1971,경기도,안산시 상록구,음식,47
02-02,17,화요일,-3.7,0.0,0.0,2000,경기도,안산시 상록구,음식,71
02-02,18,화요일,-4.5,0.0,0.0,2000,경기도,안산시 상록구,음식,146
02-02,19,화요일,-4.9,0.0,0.0,1950,경기도,안산시 상록구,음식,146
02-02,20,화요일,-4.5,0.0,0.0,1999,경기도,안산시 상록구,음식,142
02-02,21,화요일,-5.2,0.0,0.1,884,경기도,안산시 상록구,음식,128
02-02,22,화요일,-4.8,0.0,0.2,362,경기도,안산시 상록구,음식,86
02-03,10,수요일,-5.6,0.0,0.2,1700,경기도,안산시 상록구,음식,30
02-03,11,수요일,-3.8,0.0,0.2,1976,경기도,안산시 상록구,음식,48
02-03,12,수요일,-1.8,0.0,0.0,1933,경기도,안산시 상록구,음식,72
02-03,13,수요일,-1.0,0.0,0.0,1910,경기도,안산시 상록구,음식,58
02-03,14,수요일,0.7,0.0,0.0,1955,경기도,안산시 상록구,음식,47
02-03,15,수요일,1.5,0.0,0.0,2000,경기도,안산시 상록구,음식,39
02-03,16,수요일,1.3,0.0,0.0,1996,경기도,안산시 상록구,음식,54
02-03,17,수요일,1.3,0.0,0.0,1937,경기도,안산시 상록구,음식,71
02-03,18,수요일,0.8,0.0,0.0,1941,경기도,안산시 상록구,음식,128
02-03,19,수요일,0.4,0.0,0.0,1880,경기도,안산시 상록구,음식,153
02-03,20,수요일,0.2,0.0,0.0,1796,경기도,안산시 상록구,음식,116
02-03,21,수요일,0.1,0.0,0.0,1557,경기도,안산시 상록구,음식,92
02-03,22,수요일,-1.1,0.0,1.5,73,경기도,안산시 상록구,음식,3
02-04,10,목요일,-5.2,0.0,5.9,1949,경기도,안산시 상록구,음식,1
02-04,11,목요일,-4.2,0.0,5.7,1993,경기도,안산시 상록구,음식,6
02-04,12,목요일,-3.3,0.0,5.4,1965,경기도,안산시 상록구,음식,1
02-04,13,목요일,-2.5,0.0,4.8,1999,경기도,안산시 상록구,음식,4
02-04,14,목요일,-1.7,0.0,4.3,2000,경기도,안산시 상록구,음식,1
02-04,15,목요일,-0.7,0.0,3.5,2000,경기도,안산시 상록구,음식,3
02-04,16,목요일,-0.3,0.0,3.2,2000,경기도,안산시 상록구,음식,4
02-04,17,목요일,-0.3,0.0,3.2,2000,경기도,안산시 상록구,음식,3
02-04,18,목요일,-1.8,0.0,3.2,2000,경기도,안산시 상록구,음식,7
02-04,19,목요일,-2.7,0.0,3.2,1996,경기도,안산시 상록구,음식,8
02-04,20,목요일,-4.1,0.0,3.2,2000,경기도,안산시 상록구,음식,12
02-04,21,목요일,-4.4,0.0,3.2,2000,경기도,안산시 상록구,음식,2
02-04,22,목요일,-5.6,0.0,3.2,2000,경기도,안산시 상록구,음식,2
02-05,10,금요일,-0.8,0.0,3.0,1948,경기도,안산시 상록구,음식,34
02-05,11,금요일,0.5,0.0,2.8,1810,경기도,안산시 상록구,음식,79
02-05,12,금요일,2.4,0.0,2.6,1948,경기도,안산시 상록구,음식,89
02-05,13,금요일,3.1,0.0,2.2,1873,경기도,안산시 상록구,음식,58
02-05,14,금요일,5.1,0.0,1.3,1982,경기도,안산시 상록구,음식,41
02-05,15,금요일,6.0,0.0,0.5,1977,경기도,안산시 상록구,음식,44
02-05,16,금요일,6.6,0.0,0.2,1999,경기도,안산시 상록구,음식,38
02-05,17,금요일,5.3,0.0,0.0,1996,경기도,안산시 상록구,음식,79
02-05,18,금요일,4.2,0.0,0.0,1906,경기도,안산시 상록구,음식,178
02-05,19,금요일,3.5,0.0,0.0,2038,경기도,안산시 상록구,음식,199
02-05,20,금요일,2.2,0.0,0.0,1853,경기도,안산시 상록구,음식,205
02-05,21,금요일,2.4,0.0,0.0,1909,경기도,안산시 상록구,음식,161
02-05,22,금요일,3.3,0.0,0.0,2000,경기도,안산시 상록구,음식,133
02-05,23,금요일,3.2,0.0,0.0,2000,경기도,안산시 상록구,음식,90
02-06,0,토요일,2.5,0.0,0.0,2000,경기도,안산시 상록구,음식,36
02-06,1,토요일,1.7,0.0,0.0,2000,경기도,안산시 상록구,음식,27
02-06,2,토요일,1.4,0.0,0.0,2000,경기도,안산시 상록구,음식,11
02-06,10,토요일,5.0,0.0,0.0,1631,경기도,안산시 상록구,음식,44
02-06,11,토요일,5.9,0.0,0.0,1592,경기도,안산시 상록구,음식,71
02-06,12,토요일,8.4,0.0,0.0,842,경기도,안산시 상록구,음식,111
02-06,13,토요일,9.2,0.0,0.0,749,경기도,안산시 상록구,음식,78
02-06,14,토요일,9.6,0.0,0.0,711,경기도,안산시 상록구,음식,86
02-06,15,토요일,9.8,0.0,0.0,718,경기도,안산시 상록구,음식,72
02-06,16,토요일,9.6,0.0,0.0,695,경기도,안산시 상록구,음식,77
02-06,17,토요일,8.6,0.0,0.0,524,경기도,안산시 상록구,음식,135
02-06,18,토요일,7.7,0.0,0.0,596,경기도,안산시 상록구,음식,186
02-06,19,토요일,7.9,0.0,0.0,528,경기도,안산시 상록구,음식,155
02-06,20,토요일,7.6,0.0,0.0,466,경기도,안산시 상록구,음식,152
02-06,21,토요일,7.3,0.0,0.0,463,경기도,안산시 상록구,음식,168
02-06,22,토요일,7.8,0.0,0.0,423,경기도,안산시 상록구,음식,114
02-06,23,토요일,7.5,0.0,0.0,369,경기도,안산시 상록구,음식,76
02-07,0,일요일,7.0,0.0,0.0,390,경기도,안산시 상록구,음식,45
02-07,1,일요일,7.0,0.0,0.0,384,경기도,안산시 상록구,음식,34
02-07,2,일요일,6.5,0.0,0.0,332,경기도,안산시 상록구,음식,20
02-07,10,일요일,2.5,0.0,0.0,90,경기도,안산시 상록구,음식,43
02-07,11,일요일,3.1,0.0,0.0,211,경기도,안산시 상록구,음식,67
02-07,12,일요일,4.8,0.0,0.0,487,경기도,안산시 상록구,음식,102
02-07,13,일요일,5.0,0.0,0.0,339,경기도,안산시 상록구,음식,104
02-07,14,일요일,5.3,0.0,0.0,659,경기도,안산시 상록구,음식,83
02-07,15,일요일,5.8,0.0,0.0,746,경기도,안산시 상록구,음식,76
02-07,16,일요일,5.8,0.0,0.0,817,경기도,안산시 상록구,음식,98
02-07,17,일요일,5.4,0.0,0.0,1955,경기도,안산시 상록구,음식,144
02-07,18,일요일,3.6,0.0,0.0,2000,경기도,안산시 상록구,음식,200
02-07,19,일요일,2.3,0.0,0.0,2000,경기도,안산시 상록구,음식,132
02-07,20,일요일,1.6,0.0,0.0,1965,경기도,안산시 상록구,음식,123
02-07,21,일요일,0.8,0.0,0.0,2000,경기도,안산시 상록구,음식,115
02-07,22,일요일,-0.2,0.0,0.0,1950,경기도,안산시 상록구,음식,69
02-07,23,일요일,-1.5,0.0,0.0,1951,경기도,안산시 상록구,음식,47
02-08,0,월요일,-2.2,0.0,0.0,1740,경기도,안산시 상록구,음식,29
02-08,1,월요일,-2.4,0.0,0.0,1882,경기도,안산시 상록구,음식,7
02-08,2,월요일,-2.8,0.0,0.0,1984,경기도,안산시 상록구,음식,10
02-08,10,월요일,-3.0,0.0,0.0,2000,경기도,안산시 상록구,음식,20
02-08,11,월요일,-1.8,0.0,0.0,2016,경기도,안산시 상록구,음식,59
02-08,12,월요일,-1.3,0.0,0.0,2000,경기도,안산시 상록구,음식,83
02-08,13,월요일,-0.8,0.0,0.0,1995,경기도,안산시 상록구,음식,66
02-08,14,월요일,-0.7,0.0,0.0,2000,경기도,안산시 상록구,음식,36
02-08,15,월요일,-0.1,0.0,0.0,2000,경기도,안산시 상록구,음식,47
02-08,16,월요일,0.2,0.0,0.0,2000,경기도,안산시 상록구,음식,40
02-08,17,월요일,-0.3,0.0,0.0,2000,경기도,안산시 상록구,음식,83
02-08,18,월요일,-1.1,0.0,0.0,2000,경기도,안산시 상록구,음식,147
02-08,19,월요일,-1.7,0.0,0.0,2000,경기도,안산시 상록구,음식,153
02-08,20,월요일,-2.0,0.0,0.0,2000,경기도,안산시 상록구,음식,121
02-08,21,월요일,-2.6,0.0,0.0,2000,경기도,안산시 상록구,음식,126
02-08,22,월요일,-3.1,0.0,0.0,2000,경기도,안산시 상록구,음식,93
02-08,23,월요일,-3.6,0.0,0.0,2000,경기도,안산시 상록구,음식,61
02-09,0,화요일,-4.0,0.0,0.0,2000,경기도,안산시 상록구,음식,21
02-09,1,화요일,-4.5,0.0,0.0,1823,경기도,안산시 상록구,음식,11
02-09,2,화요일,-5.1,0.0,0.0,2000,경기도,안산시 상록구,음식,7
02-09,10,화요일,-1.3,0.0,0.0,1893,경기도,안산시 상록구,음식,40
02-09,11,화요일,0.0,0.0,0.0,2005,경기도,안산시 상록구,음식,61
02-09,12,화요일,1.7,0.0,0.0,1995,경기도,안산시 상록구,음식,88
02-09,13,화요일,2.7,0.0,0.0,2000,경기도,안산시 상록구,음식,50
02-09,14,화요일,3.3,0.0,0.0,2000,경기도,안산시 상록구,음식,45
02-09,15,화요일,3.5,0.0,0.0,2000,경기도,안산시 상록구,음식,21
02-09,16,화요일,3.6,0.0,0.0,2000,경기도,안산시 상록구,음식,40
02-09,17,화요일,3.4,0.0,0.0,2000,경기도,안산시 상록구,음식,77
02-09,18,화요일,2.5,0.0,0.0,2000,경기도,안산시 상록구,음식,158
02-09,19,화요일,0.8,0.0,0.0,2000,경기도,안산시 상록구,음식,154
02-09,20,화요일,-0.1,0.0,0.0,2000,경기도,안산시 상록구,음식,127
02-09,21,화요일,-0.3,0.0,0.0,2000,경기도,안산시 상록구,음식,112
02-09,22,화요일,-0.8,0.0,0.0,1949,경기도,안산시 상록구,음식,95
02-09,23,화요일,-1.3,0.0,0.0,2000,경기도,안산시 상록구,음식,62
02-10,0,수요일,-2.0,0.0,0.0,1994,경기도,안산시 상록구,음식,23
02-10,1,수요일,-1.5,0.0,0.0,1994,경기도,안산시 상록구,음식,13
02-10,2,수요일,-2.8,0.0,0.0,2001,경기도,안산시 상록구,음식,18
02-10,10,수요일,1.4,0.0,0.0,1559,경기도,안산시 상록구,음식,24
02-10,11,수요일,3.2,0.0,0.0,1474,경기도,안산시 상록구,음식,58
02-10,12,수요일,4.7,0.0,0.0,1510,경기도,안산시 상록구,음식,83
02-10,13,수요일,6.1,0.0,0.0,1830,경기도,안산시 상록구,음식,78
02-10,14,수요일,6.6,0.0,0.0,1868,경기도,안산시 상록구,음식,55
02-10,15,수요일,6.9,0.0,0.0,1613,경기도,안산시 상록구,음식,54
02-10,16,수요일,7.3,0.0,0.0,1928,경기도,안산시 상록구,음식,42
02-10,17,수요일,6.8,0.0,0.0,1772,경기도,안산시 상록구,음식,86
02-10,18,수요일,5.7,0.0,0.0,2000,경기도,안산시 상록구,음식,207
02-10,19,수요일,4.3,0.0,0.0,1385,경기도,안산시 상록구,음식,175
02-10,20,수요일,3.7,0.0,0.0,896,경기도,안산시 상록구,음식,173
02-10,21,수요일,3.5,0.0,0.0,774,경기도,안산시 상록구,음식,181
02-10,22,수요일,2.6,0.0,0.0,750,경기도,안산시 상록구,음식,115
02-10,23,수요일,2.7,0.0,0.0,745,경기도,안산시 상록구,음식,97
02-11,0,목요일,2.6,0.0,0.0,653,경기도,안산시 상록구,음식,32
02-11,1,목요일,2.4,0.0,0.0,564,경기도,안산시 상록구,음식,30
02-11,2,목요일,2.7,0.0,0.0,823,경기도,안산시 상록구,음식,16
02-11,10,목요일,4.7,0.0,0.0,765,경기도,안산시 상록구,음식,17
02-11,11,목요일,6.1,0.0,0.0,766,경기도,안산시 상록구,음식,39
02-11,12,목요일,7.4,0.0,0.0,1759,경기도,안산시 상록구,음식,78
02-11,13,목요일,8.6,0.0,0.0,1491,경기도,안산시 상록구,음식,67
02-11,14,목요일,9.9,0.0,0.0,838,경기도,안산시 상록구,음식,57
02-11,15,목요일,10.8,0.0,0.0,1025,경기도,안산시 상록구,음식,63
02-11,16,목요일,10.9,0.0,0.0,1145,경기도,안산시 상록구,음식,60
02-11,17,목요일,10.4,0.0,0.0,1059,경기도,안산시 상록구,음식,78
02-11,18,목요일,7.6,0.0,0.0,616,경기도,안산시 상록구,음식,90
02-11,19,목요일,6.4,0.0,0.0,647,경기도,안산시 상록구,음식,115
02-11,20,목요일,4.9,0.0,0.0,734,경기도,안산시 상록구,음식,102
02-11,21,목요일,4.1,0.0,0.0,564,경기도,안산시 상록구,음식,83
02-11,22,목요일,3.1,0.0,0.0,435,경기도,안산시 상록구,음식,60
02-11,23,목요일,1.7,0.0,0.0,314,경기도,안산시 상록구,음식,47
02-12,0,금요일,0.9,0.0,0.0,290,경기도,안산시 상록구,음식,24
02-12,1,금요일,0.2,0.0,0.0,295,경기도,안산시 상록구,음식,23
02-12,2,금요일,0.5,0.0,0.0,296,경기도,안산시 상록구,음식,13
02-12,10,금요일,5.0,0.0,0.0,593,경기도,안산시 상록구,음식,24
02-12,11,금요일,9.2,0.0,0.0,585,경기도,안산시 상록구,음식,32
02-12,12,금요일,10.9,0.0,0.0,677,경기도,안산시 상록구,음식,50
02-12,13,금요일,11.7,0.0,0.0,1283,경기도,안산시 상록구,음식,52
02-12,14,금요일,12.9,0.0,0.0,773,경기도,안산시 상록구,음식,56
02-12,15,금요일,13.4,0.0,0.0,871,경기도,안산시 상록구,음식,47
02-12,16,금요일,13.2,0.0,0.0,782,경기도,안산시 상록구,음식,70
02-12,17,금요일,12.5,0.0,0.0,1085,경기도,안산시 상록구,음식,83
02-12,18,금요일,9.3,0.0,0.0,1060,경기도,안산시 상록구,음식,117
02-12,19,금요일,7.7,0.0,0.0,1114,경기도,안산시 상록구,음식,112
02-12,20,금요일,5.8,0.0,0.0,1010,경기도,안산시 상록구,음식,116
02-12,21,금요일,4.5,0.0,0.0,459,경기도,안산시 상록구,음식,102
02-12,22,금요일,3.0,0.0,0.0,630,경기도,안산시 상록구,음식,82
02-12,23,금요일,2.0,0.0,0.0,459,경기도,안산시 상록구,음식,52
02-13,0,토요일,0.7,0.0,0.0,361,경기도,안산시 상록구,음식,35
02-13,1,토요일,1.0,0.0,0.0,295,경기도,안산시 상록구,음식,35
02-13,2,토요일,-0.1,0.0,0.0,216,경기도,안산시 상록구,음식,14
02-13,10,토요일,3.6,0.0,0.0,479,경기도,안산시 상록구,음식,30
02-13,11,토요일,6.9,0.0,0.0,370,경기도,안산시 상록구,음식,61
02-13,12,토요일,10.2,0.0,0.0,633,경기도,안산시 상록구,음식,68
02-13,13,토요일,12.4,0.0,0.0,608,경기도,안산시 상록구,음식,67
02-13,14,토요일,13.9,0.0,0.0,950,경기도,안산시 상록구,음식,64
02-13,15,토요일,15.1,0.0,0.0,1116,경기도,안산시 상록구,음식,69
02-13,16,토요일,14.0,0.0,0.0,728,경기도,안산시 상록구,음식,59
02-13,17,토요일,11.8,0.0,0.0,813,경기도,안산시 상록구,음식,104
02-13,18,토요일,9.7,0.0,0.0,627,경기도,안산시 상록구,음식,137
02-13,19,토요일,8.2,0.0,0.0,545,경기도,안산시 상록구,음식,159
02-13,20,토요일,6.3,0.0,0.0,716,경기도,안산시 상록구,음식,118
02-13,21,토요일,5.2,0.0,0.0,634,경기도,안산시 상록구,음식,106
02-13,22,토요일,4.3,0.0,0.0,571,경기도,안산시 상록구,음식,91
02-13,23,토요일,3.5,0.0,0.0,508,경기도,안산시 상록구,음식,68
02-14,0,일요일,3.3,0.0,0.0,471,경기도,안산시 상록구,음식,52
02-14,1,일요일,2.7,0.0,0.0,382,경기도,안산시 상록구,음식,28
02-14,2,일요일,3.3,0.0,0.0,404,경기도,안산시 상록구,음식,20
02-14,9,일요일,6.2,0.0,0.0,510,경기도,안산시 상록구,음식,1
02-14,10,일요일,8.6,0.0,0.0,645,경기도,안산시 상록구,음식,37
02-14,11,일요일,12.1,0.0,0.0,718,경기도,안산시 상록구,음식,73
02-14,12,일요일,12.7,0.0,0.0,695,경기도,안산시 상록구,음식,115
02-14,13,일요일,13.4,0.0,0.0,716,경기도,안산시 상록구,음식,82
02-14,14,일요일,13.5,0.0,0.0,755,경기도,안산시 상록구,음식,89
02-14,15,일요일,13.4,0.0,0.0,1160,경기도,안산시 상록구,음식,80
02-14,16,일요일,13.5,0.0,0.0,751,경기도,안산시 상록구,음식,89
02-14,17,일요일,12.9,0.0,0.0,680,경기도,안산시 상록구,음식,143
02-14,18,일요일,11.6,0.0,0.0,514,경기도,안산시 상록구,음식,144
02-14,19,일요일,10.0,0.0,0.0,749,경기도,안산시 상록구,음식,143
02-14,20,일요일,8.4,0.0,0.0,659,경기도,안산시 상록구,음식,116
02-14,21,일요일,7.2,0.0,0.0,700,경기도,안산시 상록구,음식,119
02-14,22,일요일,6.0,0.0,0.0,542,경기도,안산시 상록구,음식,51
02-14,23,일요일,4.7,0.0,0.0,564,경기도,안산시 상록구,음식,52
02-15,0,월요일,6.1,0.0,0.0,510,경기도,안산시 상록구,음식,29
02-15,1,월요일,6.2,0.0,0.0,547,경기도,안산시 상록구,음식,13
02-15,2,월요일,5.5,0.0,0.0,608,경기도,안산시 상록구,음식,12
02-15,10,월요일,2.0,0.0,0.0,695,경기도,안산시 상록구,음식,33
02-15,11,월요일,1.5,0.0,0.0,1225,경기도,안산시 상록구,음식,63
02-15,12,월요일,1.4,0.0,0.0,1929,경기도,안산시 상록구,음식,79
02-15,13,월요일,1.9,0.0,0.0,1807,경기도,안산시 상록구,음식,63
02-15,14,월요일,2.0,0.0,0.0,1955,경기도,안산시 상록구,음식,44
02-15,15,월요일,2.0,0.0,0.0,1996,경기도,안산시 상록구,음식,38
02-15,16,월요일,1.2,0.0,0.0,2000,경기도,안산시 상록구,음식,48
02-15,17,월요일,0.3,0.0,0.0,2000,경기도,안산시 상록구,음식,85
02-15,18,월요일,-1.4,0.0,0.0,2000,경기도,안산시 상록구,음식,126
02-15,19,월요일,-2.1,0.0,0.0,2000,경기도,안산시 상록구,음식,154
02-15,20,월요일,-2.4,0.0,0.0,2000,경기도,안산시 상록구,음식,113
02-15,21,월요일,-2.6,0.0,0.0,2000,경기도,안산시 상록구,음식,89
02-15,22,월요일,-3.4,0.0,0.0,2000,경기도,안산시 상록구,음식,72
02-15,23,월요일,-3.7,0.0,0.0,2000,경기도,안산시 상록구,음식,35
02-16,0,화요일,-4.1,0.0,0.0,2000,경기도,안산시 상록구,음식,18
02-16,1,화요일,-4.4,0.0,0.0,2000,경기도,안산시 상록구,음식,15
02-16,2,화요일,-4.6,0.0,0.0,2000,경기도,안산시 상록구,음식,14
02-16,10,화요일,-3.7,0.0,0.0,2000,경기도,안산시 상록구,음식,34
02-16,11,화요일,-2.7,0.0,0.0,2000,경기도,안산시 상록구,음식,63
02-16,12,화요일,-3.8,0.0,0.0,709,경기도,안산시 상록구,음식,83
02-16,13,화요일,-4.3,0.0,0.0,378,경기도,안산시 상록구,음식,62
02-16,14,화요일,-4.8,0.0,0.7,924,경기도,안산시 상록구,음식,58
02-16,15,화요일,-4.7,1.9,1.7,358,경기도,안산시 상록구,음식,49
02-16,16,화요일,-3.0,0.0,1.5,1893,경기도,안산시 상록구,음식,41
02-16,17,화요일,-2.9,0.0,1.4,1921,경기도,안산시 상록구,음식,92
02-16,18,화요일,-2.8,0.0,1.4,2000,경기도,안산시 상록구,음식,155
02-16,19,화요일,-3.6,0.0,1.4,1967,경기도,안산시 상록구,음식,156
02-16,20,화요일,-4.4,0.0,1.3,2000,경기도,안산시 상록구,음식,10
02-16,21,화요일,-5.2,0.0,1.3,2000,경기도,안산시 상록구,음식,1
02-16,22,화요일,-5.7,0.0,1.2,2000,경기도,안산시 상록구,음식,1
02-16,23,화요일,-5.5,0.0,1.2,1997,경기도,안산시 상록구,음식,1
02-17,1,수요일,-6.9,0.0,1.0,1969,경기도,안산시 상록구,음식,1
02-17,10,수요일,-8.6,0.0,0.8,1918,경기도,안산시 상록구,음식,34
02-17,11,수요일,-7.9,0.0,0.8,1929,경기도,안산시 상록구,음식,70
02-17,12,수요일,-7.3,0.0,0.7,2010,경기도,안산시 상록구,음식,73
02-17,13,수요일,-6.7,0.0,0.6,2000,경기도,안산시 상록구,음식,70
02-17,14,수요일,-5.7,0.0,0.4,1945,경기도,안산시 상록구,음식,51
02-17,15,수요일,-5.5,0.0,0.3,1917,경기도,안산시 상록구,음식,48
02-17,16,수요일,-5.3,0.0,0.2,1999,경기도,안산시 상록구,음식,34
02-17,17,수요일,-6.0,0.0,0.2,1998,경기도,안산시 상록구,음식,73
02-17,18,수요일,-6.9,0.0,0.2,2000,경기도,안산시 상록구,음식,160
02-17,19,수요일,-7.4,0.0,0.2,2000,경기도,안산시 상록구,음식,171
02-17,20,수요일,-8.0,0.0,0.2,2000,경기도,안산시 상록구,음식,86
02-17,21,수요일,-8.5,0.0,0.2,2000,경기도,안산시 상록구,음식,96
02-17,22,수요일,-8.8,0.0,0.2,2000,경기도,안산시 상록구,음식,69
02-17,23,수요일,-8.5,0.0,0.2,2000,경기도,안산시 상록구,음식,41
02-18,0,목요일,-8.7,0.0,0.2,2000,경기도,안산시 상록구,음식,27
02-18,1,목요일,-8.9,0.0,0.2,2000,경기도,안산시 상록구,음식,15
02-18,2,목요일,-9.0,0.0,0.2,2000,경기도,안산시 상록구,음식,12
02-18,10,목요일,-6.7,0.0,0.1,1910,경기도,안산시 상록구,음식,31
02-18,11,목요일,-5.2,0.0,0.0,1957,경기도,안산시 상록구,음식,82
02-18,12,목요일,-4.5,0.0,0.0,1988,경기도,안산시 상록구,음식,81
02-18,13,목요일,-3.0,0.0,0.0,1983,경기도,안산시 상록구,음식,58
02-18,14,목요일,-1.9,0.0,0.0,2000,경기도,안산시 상록구,음식,47
02-18,15,목요일,-1.3,0.0,0.0,1989,경기도,안산시 상록구,음식,35
02-18,16,목요일,-1.2,0.0,0.0,1992,경기도,안산시 상록구,음식,44
02-18,17,목요일,-1.2,0.0,0.0,2000,경기도,안산시 상록구,음식,68
02-18,18,목요일,-2.0,0.0,0.0,2000,경기도,안산시 상록구,음식,136
02-18,19,목요일,-2.6,0.0,0.0,2000,경기도,안산시 상록구,음식,162
02-18,20,목요일,-3.5,0.0,0.0,1996,경기도,안산시 상록구,음식,111
02-18,21,목요일,-3.9,0.0,0.0,2000,경기도,안산시 상록구,음식,94
02-18,22,목요일,-4.2,0.0,0.0,2000,경기도,안산시 상록구,음식,48
02-18,23,목요일,-4.9,0.0,0.0,2000,경기도,안산시 상록구,음식,54
02-19,0,금요일,-5.7,0.0,0.0,2000,경기도,안산시 상록구,음식,34
02-19,1,금요일,-6.2,0.0,0.0,1998,경기도,안산시 상록구,음식,17
02-19,2,금요일,-6.6,0.0,0.0,1989,경기도,안산시 상록구,음식,12
02-19,10,금요일,-1.0,0.0,0.0,1915,경기도,안산시 상록구,음식,32
02-19,11,금요일,1.3,0.0,0.0,2000,경기도,안산시 상록구,음식,67
02-19,12,금요일,3.5,0.0,0.0,1895,경기도,안산시 상록구,음식,92
02-19,13,금요일,5.8,0.0,0.0,1941,경기도,안산시 상록구,음식,54
02-19,14,금요일,8.0,0.0,0.0,1861,경기도,안산시 상록구,음식,46
02-19,15,금요일,8.8,0.0,0.0,1758,경기도,안산시 상록구,음식,54
02-19,16,금요일,9.0,0.0,0.0,1620,경기도,안산시 상록구,음식,47
02-19,17,금요일,8.5,0.0,0.0,1576,경기도,안산시 상록구,음식,82
02-19,18,금요일,7.6,0.0,0.0,1617,경기도,안산시 상록구,음식,180
02-19,19,금요일,6.4,0.0,0.0,1239,경기도,안산시 상록구,음식,187
02-19,20,금요일,5.8,0.0,0.0,1188,경기도,안산시 상록구,음식,129
02-19,21,금요일,5.3,0.0,0.0,1104,경기도,안산시 상록구,음식,157
02-19,22,금요일,3.9,0.0,0.0,1014,경기도,안산시 상록구,음식,104
02-19,23,금요일,4.3,0.0,0.0,1045,경기도,안산시 상록구,음식,70
02-20,0,토요일,3.1,0.0,0.0,900,경기도,안산시 상록구,음식,47
02-20,1,토요일,2.7,0.0,0.0,787,경기도,안산시 상록구,음식,30
02-20,2,토요일,2.3,0.0,0.0,619,경기도,안산시 상록구,음식,14
02-20,10,토요일,6.4,0.0,0.0,659,경기도,안산시 상록구,음식,35
02-20,11,토요일,8.8,0.0,0.0,497,경기도,안산시 상록구,음식,57
02-20,12,토요일,11.0,0.0,0.0,970,경기도,안산시 상록구,음식,89
02-20,13,토요일,13.0,0.0,0.0,1231,경기도,안산시 상록구,음식,105
02-20,14,토요일,13.4,0.0,0.0,1744,경기도,안산시 상록구,음식,58
02-20,15,토요일,14.2,0.0,0.0,1956,경기도,안산시 상록구,음식,63
02-20,16,토요일,14.0,0.0,0.0,1981,경기도,안산시 상록구,음식,55
02-20,17,토요일,13.9,0.0,0.0,1650,경기도,안산시 상록구,음식,106
02-20,18,토요일,12.8,0.0,0.0,1968,경기도,안산시 상록구,음식,167
02-20,19,토요일,10.0,0.0,0.0,2000,경기도,안산시 상록구,음식,170
02-20,20,토요일,6.5,0.0,0.0,1906,경기도,안산시 상록구,음식,127
02-20,21,토요일,6.4,0.0,0.0,2000,경기도,안산시 상록구,음식,111
02-20,22,토요일,5.5,0.0,0.0,1673,경기도,안산시 상록구,음식,104
02-20,23,토요일,5.6,0.0,0.0,1175,경기도,안산시 상록구,음식,75
02-21,0,일요일,5.7,0.0,0.0,1731,경기도,안산시 상록구,음식,36
02-21,1,일요일,6.0,0.0,0.0,797,경기도,안산시 상록구,음식,27
02-21,2,일요일,6.1,0.0,0.0,629,경기도,안산시 상록구,음식,16
02-21,3,일요일,6.1,0.0,0.0,844,경기도,안산시 상록구,음식,1
02-21,10,일요일,10.4,0.0,0.0,540,경기도,안산시 상록구,음식,55
02-21,11,일요일,13.3,0.0,0.0,912,경기도,안산시 상록구,음식,75
02-21,12,일요일,16.3,0.0,0.0,910,경기도,안산시 상록구,음식,110
02-21,13,일요일,17.1,0.0,0.0,1351,경기도,안산시 상록구,음식,104
02-21,14,일요일,17.8,0.0,0.0,1404,경기도,안산시 상록구,음식,92
02-21,15,일요일,17.9,0.0,0.0,1612,경기도,안산시 상록구,음식,84
02-21,16,일요일,17.6,0.0,0.0,1718,경기도,안산시 상록구,음식,75
02-21,17,일요일,17.1,0.0,0.0,1914,경기도,안산시 상록구,음식,117
02-21,18,일요일,15.1,0.0,0.0,1871,경기도,안산시 상록구,음식,178
02-21,19,일요일,13.2,0.0,0.0,1737,경기도,안산시 상록구,음식,182
02-21,20,일요일,12.8,0.0,0.0,1681,경기도,안산시 상록구,음식,126
02-21,21,일요일,11.5,0.0,0.0,1899,경기도,안산시 상록구,음식,91
02-21,22,일요일,10.8,0.0,0.0,1610,경기도,안산시 상록구,음식,59
02-21,23,일요일,10.0,0.0,0.0,1728,경기도,안산시 상록구,음식,62
02-22,0,월요일,9.7,0.0,0.0,1489,경기도,안산시 상록구,음식,34
02-22,1,월요일,7.6,0.0,0.0,1235,경기도,안산시 상록구,음식,16
02-22,2,월요일,6.3,0.0,0.0,1227,경기도,안산시 상록구,음식,9
02-22,10,월요일,9.8,0.0,0.0,868,경기도,안산시 상록구,음식,36
02-22,11,월요일,10.2,0.0,0.0,728,경기도,안산시 상록구,음식,65
02-22,12,월요일,11.7,0.0,0.0,627,경기도,안산시 상록구,음식,80
02-22,13,월요일,11.7,0.0,0.0,588,경기도,안산시 상록구,음식,60
02-22,14,월요일,11.9,0.0,0.0,594,경기도,안산시 상록구,음식,55
02-22,15,월요일,12.0,0.0,0.0,578,경기도,안산시 상록구,음식,42
02-22,16,월요일,10.9,0.0,0.0,658,경기도,안산시 상록구,음식,39
02-22,17,월요일,9.9,0.0,0.0,1260,경기도,안산시 상록구,음식,73
02-22,18,월요일,7.2,0.0,0.0,1968,경기도,안산시 상록구,음식,126
02-22,19,월요일,5.4,0.0,0.0,2000,경기도,안산시 상록구,음식,164
02-22,20,월요일,5.1,0.0,0.0,2000,경기도,안산시 상록구,음식,117
02-22,21,월요일,3.4,0.0,0.0,2000,경기도,안산시 상록구,음식,93
02-22,22,월요일,2.2,0.0,0.0,2000,경기도,안산시 상록구,음식,70
02-22,23,월요일,1.2,0.0,0.0,2000,경기도,안산시 상록구,음식,45
02-23,0,화요일,0.8,0.0,0.0,2000,경기도,안산시 상록구,음식,21
02-23,1,화요일,0.3,0.0,0.0,2000,경기도,안산시 상록구,음식,16
02-23,2,화요일,-0.4,0.0,0.0,2000,경기도,안산시 상록구,음식,24
02-23,3,화요일,-0.8,0.0,0.0,2000,경기도,안산시 상록구,음식,1
02-23,10,화요일,-0.3,0.0,0.0,1980,경기도,안산시 상록구,음식,32
02-23,11,화요일,1.1,0.0,0.0,1963,경기도,안산시 상록구,음식,69
02-23,12,화요일,2.1,0.0,0.0,1903,경기도,안산시 상록구,음식,82
02-23,13,화요일,2.9,0.0,0.0,1948,경기도,안산시 상록구,음식,60
02-23,14,화요일,3.3,0.0,0.0,1978,경기도,안산시 상록구,음식,50
02-23,15,화요일,3.5,0.0,0.0,1969,경기도,안산시 상록구,음식,50
02-23,16,화요일,3.2,0.0,0.0,1994,경기도,안산시 상록구,음식,42
02-23,17,화요일,2.6,0.0,0.0,1999,경기도,안산시 상록구,음식,81
02-23,18,화요일,1.2,0.0,0.0,2000,경기도,안산시 상록구,음식,132
02-23,19,화요일,0.5,0.0,0.0,2000,경기도,안산시 상록구,음식,152
02-23,20,화요일,-0.6,0.0,0.0,2000,경기도,안산시 상록구,음식,115
02-23,21,화요일,-0.8,0.0,0.0,2000,경기도,안산시 상록구,음식,97
02-23,22,화요일,-0.4,0.0,0.0,2000,경기도,안산시 상록구,음식,61
02-23,23,화요일,-1.4,0.0,0.0,2000,경기도,안산시 상록구,음식,43
02-24,0,수요일,-1.2,0.0,0.0,1935,경기도,안산시 상록구,음식,23
02-24,1,수요일,-1.4,0.0,0.0,2000,경기도,안산시 상록구,음식,15
02-24,2,수요일,-1.5,0.0,0.0,1962,경기도,안산시 상록구,음식,14
02-24,10,수요일,2.3,0.0,0.0,1919,경기도,안산시 상록구,음식,24
02-24,11,수요일,4.1,0.0,0.0,1976,경기도,안산시 상록구,음식,75
02-24,12,수요일,4.9,0.0,0.0,1978,경기도,안산시 상록구,음식,79
02-24,13,수요일,5.7,0.0,0.0,1987,경기도,안산시 상록구,음식,66
02-24,14,수요일,7.8,0.0,0.0,1792,경기도,안산시 상록구,음식,50
02-24,15,수요일,8.7,0.0,0.0,1975,경기도,안산시 상록구,음식,37
02-24,16,수요일,9.0,0.0,0.0,1993,경기도,안산시 상록구,음식,38
02-24,17,수요일,7.7,0.0,0.0,1719,경기도,안산시 상록구,음식,72
02-24,18,수요일,5.7,0.0,0.0,1803,경기도,안산시 상록구,음식,143
02-24,19,수요일,3.6,0.0,0.0,1208,경기도,안산시 상록구,음식,150
02-24,20,수요일,2.0,0.0,0.0,1872,경기도,안산시 상록구,음식,104
02-24,21,수요일,1.0,0.0,0.0,1933,경기도,안산시 상록구,음식,83
02-24,22,수요일,1.1,0.0,0.0,1882,경기도,안산시 상록구,음식,83
02-24,23,수요일,0.3,0.0,0.0,1692,경기도,안산시 상록구,음식,44
02-25,0,목요일,-0.7,0.0,0.0,1746,경기도,안산시 상록구,음식,24
02-25,1,목요일,-1.4,0.0,0.0,1768,경기도,안산시 상록구,음식,17
02-25,2,목요일,-1.8,0.0,0.0,1596,경기도,안산시 상록구,음식,9
02-25,3,목요일,-2.0,0.0,0.0,1499,경기도,안산시 상록구,음식,2
02-25,10,목요일,4.2,0.0,0.0,1841,경기도,안산시 상록구,음식,32
02-25,11,목요일,5.5,0.0,0.0,1643,경기도,안산시 상록구,음식,56
02-25,12,목요일,6.7,0.0,0.0,1545,경기도,안산시 상록구,음식,73
02-25,13,목요일,7.4,0.0,0.0,1902,경기도,안산시 상록구,음식,64
02-25,14,목요일,8.1,0.0,0.0,1965,경기도,안산시 상록구,음식,50
02-25,15,목요일,8.1,0.0,0.0,1948,경기도,안산시 상록구,음식,41
02-25,16,목요일,8.2,0.0,0.0,1757,경기도,안산시 상록구,음식,39
02-25,17,목요일,8.2,0.0,0.0,1575,경기도,안산시 상록구,음식,77
02-25,18,목요일,7.8,0.0,0.0,1747,경기도,안산시 상록구,음식,133
02-25,19,목요일,7.3,0.0,0.0,1708,경기도,안산시 상록구,음식,157
02-25,20,목요일,5.4,0.0,0.0,1185,경기도,안산시 상록구,음식,102
02-25,21,목요일,4.3,0.0,0.0,879,경기도,안산시 상록구,음식,99
02-25,22,목요일,3.1,0.0,0.0,1395,경기도,안산시 상록구,음식,75
02-25,23,목요일,2.0,0.0,0.0,1155,경기도,안산시 상록구,음식,58
02-26,0,금요일,0.9,0.0,0.0,1088,경기도,안산시 상록구,음식,22
02-26,1,금요일,0.2,0.0,0.0,1078,경기도,안산시 상록구,음식,28
02-26,2,금요일,1.7,0.0,0.0,1788,경기도,안산시 상록구,음식,12
02-26,10,금요일,9.0,0.0,0.0,1994,경기도,안산시 상록구,음식,25
02-26,11,금요일,10.8,0.0,0.0,1982,경기도,안산시 상록구,음식,77
02-26,12,금요일,13.1,0.0,0.0,2000,경기도,안산시 상록구,음식,81
02-26,13,금요일,14.2,0.0,0.0,2000,경기도,안산시 상록구,음식,60
02-26,14,금요일,14.8,0.0,0.0,2000,경기도,안산시 상록구,음식,64
02-26,15,금요일,14.8,0.0,0.0,2000,경기도,안산시 상록구,음식,42
02-26,16,금요일,15.0,0.0,0.0,2000,경기도,안산시 상록구,음식,44
02-26,17,금요일,14.7,0.0,0.0,2000,경기도,안산시 상록구,음식,89
02-26,18,금요일,13.6,0.0,0.0,2000,경기도,안산시 상록구,음식,134
02-26,19,금요일,12.2,0.0,0.0,2000,경기도,안산시 상록구,음식,169
02-26,20,금요일,11.4,0.0,0.0,2000,경기도,안산시 상록구,음식,164
02-26,21,금요일,10.8,0.0,0.0,2000,경기도,안산시 상록구,음식,138
02-26,22,금요일,10.2,0.0,0.0,2000,경기도,안산시 상록구,음식,118
02-26,23,금요일,9.3,0.0,0.0,2000,경기도,안산시 상록구,음식,68
02-27,0,토요일,8.2,0.0,0.0,2000,경기도,안산시 상록구,음식,34
02-27,1,토요일,7.6,0.0,0.0,2000,경기도,안산시 상록구,음식,18
02-27,2,토요일,6.9,0.0,0.0,2000,경기도,안산시 상록구,음식,13
02-27,10,토요일,9.3,0.0,0.0,2000,경기도,안산시 상록구,음식,37
02-27,11,토요일,10.6,0.0,0.0,2000,경기도,안산시 상록구,음식,64
02-27,12,토요일,11.8,0.0,0.0,2000,경기도,안산시 상록구,음식,125
02-27,13,토요일,12.7,0.0,0.0,2000,경기도,안산시 상록구,음식,89
02-27,14,토요일,13.5,0.0,0.0,2000,경기도,안산시 상록구,음식,62
02-27,15,토요일,14.4,0.0,0.0,1994,경기도,안산시 상록구,음식,65
02-27,16,토요일,14.3,0.0,0.0,1999,경기도,안산시 상록구,음식,68
02-27,17,토요일,13.8,0.0,0.0,2000,경기도,안산시 상록구,음식,109
02-27,18,토요일,12.5,0.0,0.0,2000,경기도,안산시 상록구,음식,170
02-27,19,토요일,11.2,0.0,0.0,2000,경기도,안산시 상록구,음식,165
02-27,20,토요일,9.9,0.0,0.0,2000,경기도,안산시 상록구,음식,155
02-27,21,토요일,8.5,0.0,0.0,2000,경기도,안산시 상록구,음식,108
02-27,22,토요일,7.7,0.0,0.0,2000,경기도,안산시 상록구,음식,115
02-27,23,토요일,6.0,0.0,0.0,2000,경기도,안산시 상록구,음식,87
02-28,0,일요일,5.8,0.0,0.0,2000,경기도,안산시 상록구,음식,53
02-28,1,일요일,5.6,0.0,0.0,2000,경기도,안산시 상록구,음식,26
02-28,2,일요일,5.4,0.0,0.0,2000,경기도,안산시 상록구,음식,19
02-28,10,일요일,7.2,0.0,0.0,2000,경기도,안산시 상록구,음식,47
02-28,11,일요일,8.2,0.0,0.0,2000,경기도,안산시 상록구,음식,76
02-28,12,일요일,8.4,0.0,0.0,2000,경기도,안산시 상록구,음식,89
02-28,13,일요일,10.1,0.0,0.0,2000,경기도,안산시 상록구,음식,96
02-28,14,일요일,10.0,0.0,0.0,2000,경기도,안산시 상록구,음식,91
02-28,15,일요일,10.0,0.0,0.0,2000,경기도,안산시 상록구,음식,74
02-28,16,일요일,10.6,0.0,0.0,2000,경기도,안산시 상록구,음식,81
02-28,17,일요일,10.6,0.0,0.0,2000,경기도,안산시 상록구,음식,133
02-28,18,일요일,10.4,0.0,0.0,2000,경기도,안산시 상록구,음식,198
02-28,19,일요일,9.8,0.0,0.0,2000,경기도,안산시 상록구,음식,191
02-28,20,일요일,9.3,0.0,0.0,1937,경기도,안산시 상록구,음식,159
02-28,21,일요일,8.7,0.0,0.0,1827,경기도,안산시 상록구,음식,138
02-28,22,일요일,8.3,0.0,0.0,1763,경기도,안산시 상록구,음식,101
02-28,23,일요일,7.7,0.0,0.0,1746,경기도,안산시 상록구,음식,71
03-01,0,월요일,7.9,0.0,0.0,1692,경기도,안산시 상록구,음식,40
03-01,1,월요일,7.8,0.0,0.0,1783,경기도,안산시 상록구,음식,36
03-01,2,월요일,6.6,0.0,0.0,1097,경기도,안산시 상록구,음식,17
03-01,10,월요일,6.4,0.0,0.0,644,경기도,안산시 상록구,음식,57
03-01,11,월요일,6.4,0.0,0.0,540,경기도,안산시 상록구,음식,104
03-01,12,월요일,7.0,16.0,0.0,540,경기도,안산시 상록구,음식,87
03-01,13,월요일,7.1,0.0,0.0,750,경기도,안산시 상록구,음식,120
03-01,14,월요일,7.6,0.0,0.0,847,경기도,안산시 상록구,음식,125
03-01,15,월요일,7.8,17.8,0.0,520,경기도,안산시 상록구,음식,94
03-01,16,월요일,7.3,0.0,0.0,510,경기도,안산시 상록구,음식,92
03-01,17,월요일,5.8,0.0,0.0,580,경기도,안산시 상록구,음식,169
03-01,18,월요일,4.8,11.8,0.0,650,경기도,안산시 상록구,음식,199
03-01,19,월요일,3.7,0.0,0.0,1675,경기도,안산시 상록구,음식,169
03-01,20,월요일,2.6,0.0,0.0,1986,경기도,안산시 상록구,음식,122
03-01,21,월요일,2.1,3.3,0.0,1597,경기도,안산시 상록구,음식,101
03-01,22,월요일,1.2,0.0,0.0,475,경기도,안산시 상록구,음식,73
03-01,23,월요일,0.6,0.0,0.3,459,경기도,안산시 상록구,음식,65
03-02,0,화요일,0.5,2.2,0.2,627,경기도,안산시 상록구,음식,28
03-02,1,화요일,0.7,0.0,0.1,1816,경기도,안산시 상록구,음식,20
03-02,2,화요일,0.8,0.0,0.1,1975,경기도,안산시 상록구,음식,17
03-02,10,화요일,2.3,0.0,0.0,2000,경기도,안산시 상록구,음식,40
03-02,11,화요일,3.4,0.0,0.0,1950,경기도,안산시 상록구,음식,62
03-02,12,화요일,4.0,0.0,0.0,2000,경기도,안산시 상록구,음식,94
03-02,13,화요일,4.4,0.0,0.0,1954,경기도,안산시 상록구,음식,62
03-02,14,화요일,6.1,0.0,0.0,1997,경기도,안산시 상록구,음식,50
03-02,15,화요일,6.1,0.0,0.0,2000,경기도,안산시 상록구,음식,46
03-02,16,화요일,5.8,0.0,0.0,2000,경기도,안산시 상록구,음식,38
03-02,17,화요일,6.3,0.0,0.0,2000,경기도,안산시 상록구,음식,71
03-02,18,화요일,4.6,0.0,0.0,2000,경기도,안산시 상록구,음식,156
03-02,19,화요일,2.9,0.0,0.0,2000,경기도,안산시 상록구,음식,125
03-02,20,화요일,2.1,0.0,0.0,1743,경기도,안산시 상록구,음식,128
03-02,21,화요일,1.0,0.0,0.0,1784,경기도,안산시 상록구,음식,78
03-02,22,화요일,0.6,0.0,0.0,1863,경기도,안산시 상록구,음식,64
03-02,23,화요일,0.1,0.0,0.0,1349,경기도,안산시 상록구,음식,50
03-03,0,수요일,-0.4,0.0,0.0,1213,경기도,안산시 상록구,음식,36
03-03,1,수요일,-1.0,0.0,0.0,812,경기도,안산시 상록구,음식,17
03-03,2,수요일,-1.4,0.0,0.0,610,경기도,안산시 상록구,음식,13
03-03,10,수요일,3.5,0.0,0.0,1311,경기도,안산시 상록구,음식,46
03-03,11,수요일,5.2,0.0,0.0,1317,경기도,안산시 상록구,음식,73
03-03,12,수요일,6.3,0.0,0.0,1429,경기도,안산시 상록구,음식,86
03-03,13,수요일,7.2,0.0,0.0,1936,경기도,안산시 상록구,음식,63
03-03,14,수요일,7.6,0.0,0.0,1844,경기도,안산시 상록구,음식,45
03-03,15,수요일,8.2,0.0,0.0,2084,경기도,안산시 상록구,음식,29
03-03,16,수요일,8.9,0.0,0.0,1910,경기도,안산시 상록구,음식,48
03-03,17,수요일,8.9,0.0,0.0,1962,경기도,안산시 상록구,음식,72
03-03,18,수요일,8.0,0.0,0.0,2023,경기도,안산시 상록구,음식,131
03-03,19,수요일,5.8,0.0,0.0,1678,경기도,안산시 상록구,음식,145
03-03,20,수요일,4.6,0.0,0.0,1436,경기도,안산시 상록구,음식,123
03-03,21,수요일,3.5,0.0,0.0,1095,경기도,안산시 상록구,음식,92
03-03,22,수요일,2.8,0.0,0.0,1138,경기도,안산시 상록구,음식,61
03-03,23,수요일,2.5,0.0,0.0,929,경기도,안산시 상록구,음식,47
03-04,0,목요일,2.1,0.0,0.0,846,경기도,안산시 상록구,음식,15
03-04,1,목요일,1.1,0.0,0.0,910,경기도,안산시 상록구,음식,24
03-04,2,목요일,0.9,0.0,0.0,910,경기도,안산시 상록구,음식,17
03-04,10,목요일,6.7,0.0,0.0,1740,경기도,안산시 상록구,음식,36
03-04,11,목요일,8.3,0.0,0.0,1807,경기도,안산시 상록구,음식,59
03-04,12,목요일,9.3,0.0,0.0,1986,경기도,안산시 상록구,음식,89
03-04,13,목요일,10.3,0.0,0.0,1856,경기도,안산시 상록구,음식,66
03-04,14,목요일,11.0,0.0,0.0,1888,경기도,안산시 상록구,음식,36
03-04,15,목요일,11.6,0.0,0.0,1842,경기도,안산시 상록구,음식,40
03-04,16,목요일,11.9,0.0,0.0,1942,경기도,안산시 상록구,음식,52
03-04,17,목요일,11.9,0.0,0.0,1986,경기도,안산시 상록구,음식,64
03-04,18,목요일,11.6,0.0,0.0,2000,경기도,안산시 상록구,음식,123
03-04,19,목요일,10.1,0.0,0.0,2029,경기도,안산시 상록구,음식,145
03-04,20,목요일,9.3,0.0,0.0,1900,경기도,안산시 상록구,음식,120
03-04,21,목요일,8.3,0.0,0.0,1777,경기도,안산시 상록구,음식,88
03-04,22,목요일,6.7,0.0,0.0,1175,경기도,안산시 상록구,음식,69
03-04,23,목요일,5.2,0.0,0.0,1290,경기도,안산시 상록구,음식,51
03-05,0,금요일,4.2,0.0,0.0,1100,경기도,안산시 상록구,음식,28
03-05,1,금요일,2.7,0.0,0.0,784,경기도,안산시 상록구,음식,13
03-05,2,금요일,2.5,0.0,0.0,639,경기도,안산시 상록구,음식,13
03-05,10,금요일,9.2,0.0,0.0,962,경기도,안산시 상록구,음식,27
03-05,11,금요일,12.5,0.0,0.0,1164,경기도,안산시 상록구,음식,68
03-05,12,금요일,12.8,0.0,0.0,1848,경기도,안산시 상록구,음식,69
03-05,13,금요일,13.8,0.0,0.0,1968,경기도,안산시 상록구,음식,46
03-05,14,금요일,14.8,0.0,0.0,1985,경기도,안산시 상록구,음식,43
03-05,15,금요일,15.0,0.0,0.0,1372,경기도,안산시 상록구,음식,31
03-05,16,금요일,14.0,0.0,0.0,1175,경기도,안산시 상록구,음식,37
03-05,17,금요일,13.0,0.0,0.0,1560,경기도,안산시 상록구,음식,87
03-05,18,금요일,11.2,0.0,0.0,1998,경기도,안산시 상록구,음식,144
03-05,19,금요일,8.7,0.0,0.0,1916,경기도,안산시 상록구,음식,179
03-05,20,금요일,8.2,0.0,0.0,1732,경기도,안산시 상록구,음식,140
03-05,21,금요일,6.4,0.0,0.0,990,경기도,안산시 상록구,음식,113
03-05,22,금요일,5.0,0.0,0.0,620,경기도,안산시 상록구,음식,106
03-05,23,금요일,3.6,0.0,0.0,132,경기도,안산시 상록구,음식,70
03-06,0,토요일,3.9,0.0,0.0,205,경기도,안산시 상록구,음식,37
03-06,1,토요일,4.4,0.0,0.0,179,경기도,안산시 상록구,음식,25
03-06,2,토요일,4.4,0.0,0.0,102,경기도,안산시 상록구,음식,17
03-06,10,토요일,8.1,0.0,0.0,813,경기도,안산시 상록구,음식,48
03-06,11,토요일,11.0,0.0,0.0,1390,경기도,안산시 상록구,음식,70
03-06,12,토요일,11.6,0.0,0.0,1455,경기도,안산시 상록구,음식,93
03-06,13,토요일,12.4,0.0,0.0,1998,경기도,안산시 상록구,음식,87
03-06,14,토요일,12.1,0.0,0.0,1987,경기도,안산시 상록구,음식,86
03-06,15,토요일,11.0,0.0,0.0,1932,경기도,안산시 상록구,음식,57
03-06,16,토요일,9.8,0.0,0.0,1950,경기도,안산시 상록구,음식,73
03-06,17,토요일,9.2,0.0,0.0,2000,경기도,안산시 상록구,음식,113
03-06,18,토요일,8.1,0.0,0.0,2000,경기도,안산시 상록구,음식,164
03-06,19,토요일,7.0,0.0,0.0,2000,경기도,안산시 상록구,음식,200
03-06,20,토요일,6.4,0.0,0.0,2000,경기도,안산시 상록구,음식,127
03-06,21,토요일,5.8,0.0,0.0,2000,경기도,안산시 상록구,음식,125
03-06,22,토요일,5.0,0.0,0.0,2000,경기도,안산시 상록구,음식,108
03-06,23,토요일,4.6,0.0,0.0,1983,경기도,안산시 상록구,음식,83
03-07,0,일요일,4.3,0.0,0.0,2000,경기도,안산시 상록구,음식,48
03-07,1,일요일,4.1,0.0,0.0,2000,경기도,안산시 상록구,음식,26
03-07,2,일요일,3.8,0.0,0.0,2000,경기도,안산시 상록구,음식,23
03-07,3,일요일,3.6,0.0,0.0,2000,경기도,안산시 상록구,음식,2
03-07,10,일요일,5.6,0.0,0.0,1940,경기도,안산시 상록구,음식,50
03-07,11,일요일,7.3,0.0,0.0,2000,경기도,안산시 상록구,음식,97
03-07,12,일요일,9.1,0.0,0.0,1827,경기도,안산시 상록구,음식,126
03-07,13,일요일,9.3,0.0,0.0,1892,경기도,안산시 상록구,음식,113
03-07,14,일요일,9.5,0.0,0.0,1732,경기도,안산시 상록구,음식,109
03-07,15,일요일,10.3,0.0,0.0,1583,경기도,안산시 상록구,음식,99
03-07,16,일요일,10.2,0.0,0.0,1497,경기도,안산시 상록구,음식,95
03-07,17,일요일,9.7,0.0,0.0,1172,경기도,안산시 상록구,음식,121
03-07,18,일요일,8.2,0.0,0.0,1008,경기도,안산시 상록구,음식,172
03-07,19,일요일,6.0,0.0,0.0,1208,경기도,안산시 상록구,음식,161
03-07,20,일요일,4.8,0.0,0.0,1016,경기도,안산시 상록구,음식,119
03-07,21,일요일,4.1,0.0,0.0,913,경기도,안산시 상록구,음식,88
03-07,22,일요일,3.4,0.0,0.0,868,경기도,안산시 상록구,음식,78
03-07,23,일요일,2.7,0.0,0.0,755,경기도,안산시 상록구,음식,49
03-08,0,월요일,2.3,0.0,0.0,650,경기도,안산시 상록구,음식,28
03-08,1,월요일,1.6,0.0,0.0,990,경기도,안산시 상록구,음식,18
03-08,2,월요일,1.1,0.0,0.0,675,경기도,안산시 상록구,음식,6
03-08,10,월요일,2.8,0.0,0.0,598,경기도,안산시 상록구,음식,30
03-08,11,월요일,7.2,0.0,0.0,950,경기도,안산시 상록구,음식,57
03-08,12,월요일,9.3,0.0,0.0,1308,경기도,안산시 상록구,음식,80
03-08,13,월요일,11.0,0.0,0.0,1333,경기도,안산시 상록구,음식,54
03-08,14,월요일,11.7,0.0,0.0,1452,경기도,안산시 상록구,음식,47
03-08,15,월요일,12.7,0.0,0.0,1870,경기도,안산시 상록구,음식,42
03-08,16,월요일,11.1,0.0,0.0,1377,경기도,안산시 상록구,음식,48
03-08,17,월요일,10.3,0.0,0.0,1131,경기도,안산시 상록구,음식,69
03-08,18,월요일,9.1,0.0,0.0,1303,경기도,안산시 상록구,음식,127
03-08,19,월요일,6.6,0.0,0.0,1734,경기도,안산시 상록구,음식,134
03-08,20,월요일,5.8,0.0,0.0,1525,경기도,안산시 상록구,음식,100
03-08,21,월요일,5.3,0.0,0.0,1400,경기도,안산시 상록구,음식,79
03-08,22,월요일,3.9,0.0,0.0,866,경기도,안산시 상록구,음식,58
03-08,23,월요일,3.3,0.0,0.0,1252,경기도,안산시 상록구,음식,37
03-09,0,화요일,2.8,0.0,0.0,1415,경기도,안산시 상록구,음식,19
03-09,1,화요일,2.7,0.0,0.0,1240,경기도,안산시 상록구,음식,15
03-09,2,화요일,1.0,0.0,0.0,818,경기도,안산시 상록구,음식,20
03-09,10,화요일,5.8,0.0,0.0,840,경기도,안산시 상록구,음식,25
03-09,11,화요일,8.5,0.0,0.0,1032,경기도,안산시 상록구,음식,65
03-09,12,화요일,10.0,0.0,0.0,1740,경기도,안산시 상록구,음식,91
03-09,13,화요일,10.7,0.0,0.0,1808,경기도,안산시 상록구,음식,70
03-09,14,화요일,11.2,0.0,0.0,1874,경기도,안산시 상록구,음식,47
03-09,15,화요일,11.1,0.0,0.0,1884,경기도,안산시 상록구,음식,29
03-09,16,화요일,11.1,0.0,0.0,1927,경기도,안산시 상록구,음식,54
03-09,17,화요일,9.2,0.0,0.0,1997,경기도,안산시 상록구,음식,101
03-09,18,화요일,7.6,0.0,0.0,2000,경기도,안산시 상록구,음식,168
03-09,19,화요일,6.4,0.0,0.0,1992,경기도,안산시 상록구,음식,162
03-09,20,화요일,5.6,0.0,0.0,1405,경기도,안산시 상록구,음식,105
03-09,21,화요일,4.7,0.0,0.0,964,경기도,안산시 상록구,음식,66
03-09,22,화요일,4.2,0.0,0.0,737,경기도,안산시 상록구,음식,67
03-09,23,화요일,3.7,0.0,0.0,742,경기도,안산시 상록구,음식,47
03-10,0,수요일,3.9,0.0,0.0,669,경기도,안산시 상록구,음식,22
03-10,1,수요일,2.5,0.0,0.0,589,경기도,안산시 상록구,음식,17
03-10,2,수요일,1.8,0.0,0.0,649,경기도,안산시 상록구,음식,11
03-10,9,수요일,5.3,0.0,0.0,652,경기도,안산시 상록구,음식,1
03-10,10,수요일,8.0,0.0,0.0,1635,경기도,안산시 상록구,음식,32
03-10,11,수요일,10.1,0.0,0.0,1022,경기도,안산시 상록구,음식,64
03-10,12,수요일,11.7,0.0,0.0,1140,경기도,안산시 상록구,음식,86
03-10,13,수요일,14.4,0.0,0.0,1091,경기도,안산시 상록구,음식,53
03-10,14,수요일,14.2,0.0,0.0,1299,경기도,안산시 상록구,음식,59
03-10,15,수요일,15.1,0.0,0.0,1112,경기도,안산시 상록구,음식,38
03-10,16,수요일,15.9,0.0,0.0,1091,경기도,안산시 상록구,음식,46
03-10,17,수요일,15.1,0.0,0.0,579,경기도,안산시 상록구,음식,79
03-10,18,수요일,13.0,0.0,0.0,1790,경기도,안산시 상록구,음식,160
03-10,19,수요일,11.3,0.0,0.0,1614,경기도,안산시 상록구,음식,177
03-10,20,수요일,8.4,0.0,0.0,611,경기도,안산시 상록구,음식,140
03-10,21,수요일,7.5,0.0,0.0,599,경기도,안산시 상록구,음식,109
03-10,22,수요일,6.3,0.0,0.0,560,경기도,안산시 상록구,음식,83
03-10,23,수요일,5.7,0.0,0.0,488,경기도,안산시 상록구,음식,35
03-11,0,목요일,4.2,0.0,0.0,440,경기도,안산시 상록구,음식,21
03-11,1,목요일,3.4,0.0,0.0,349,경기도,안산시 상록구,음식,20
03-11,2,목요일,2.5,0.0,0.0,335,경기도,안산시 상록구,음식,13
03-11,10,목요일,9.0,0.0,0.0,417,경기도,안산시 상록구,음식,36
03-11,11,목요일,10.9,0.0,0.0,676,경기도,안산시 상록구,음식,67
03-11,12,목요일,13.7,0.0,0.0,1352,경기도,안산시 상록구,음식,106
03-11,13,목요일,14.0,0.0,0.0,1113,경기도,안산시 상록구,음식,76
03-11,14,목요일,16.0,0.0,0.0,1041,경기도,안산시 상록구,음식,38
03-11,15,목요일,16.2,0.0,0.0,1204,경기도,안산시 상록구,음식,39
03-11,16,목요일,14.4,0.0,0.0,1764,경기도,안산시 상록구,음식,52
03-11,17,목요일,13.1,0.0,0.0,855,경기도,안산시 상록구,음식,82
03-11,18,목요일,12.7,0.0,0.0,1012,경기도,안산시 상록구,음식,121
03-11,19,목요일,10.7,0.0,0.0,1119,경기도,안산시 상록구,음식,160
03-11,20,목요일,8.8,0.0,0.0,1983,경기도,안산시 상록구,음식,129
03-11,21,목요일,8.2,0.0,0.0,1543,경기도,안산시 상록구,음식,88
03-11,22,목요일,8.1,0.0,0.0,1861,경기도,안산시 상록구,음식,82
03-11,23,목요일,7.5,0.0,0.0,1511,경기도,안산시 상록구,음식,60
03-12,0,금요일,7.2,0.0,0.0,707,경기도,안산시 상록구,음식,22
03-12,1,금요일,7.2,0.0,0.0,727,경기도,안산시 상록구,음식,16
03-12,2,금요일,7.1,0.0,0.0,620,경기도,안산시 상록구,음식,10
03-12,10,금요일,9.8,0.0,0.0,557,경기도,안산시 상록구,음식,37
03-12,11,금요일,10.9,0.0,0.0,530,경기도,안산시 상록구,음식,61
03-12,12,금요일,12.2,0.0,0.0,521,경기도,안산시 상록구,음식,77
03-12,13,금요일,12.4,0.0,0.0,896,경기도,안산시 상록구,음식,56
03-12,14,금요일,11.0,0.0,0.0,852,경기도,안산시 상록구,음식,63
03-12,15,금요일,10.0,0.2,0.0,990,경기도,안산시 상록구,음식,52
03-12,16,금요일,10.6,0.0,0.0,1958,경기도,안산시 상록구,음식,58
03-12,17,금요일,11.6,0.0,0.0,1825,경기도,안산시 상록구,음식,93
03-12,18,금요일,12.0,0.0,0.0,1984,경기도,안산시 상록구,음식,167
03-12,19,금요일,11.2,0.0,0.0,2000,경기도,안산시 상록구,음식,166
03-12,20,금요일,10.7,0.0,0.0,2038,경기도,안산시 상록구,음식,175
03-12,21,금요일,10.1,0.0,0.0,1998,경기도,안산시 상록구,음식,126
03-12,22,금요일,9.6,0.0,0.0,2000,경기도,안산시 상록구,음식,116
03-12,23,금요일,9.0,0.0,0.0,2000,경기도,안산시 상록구,음식,87
03-13,0,토요일,8.3,0.0,0.0,2000,경기도,안산시 상록구,음식,50
03-13,1,토요일,7.1,0.0,0.0,2000,경기도,안산시 상록구,음식,30
03-13,2,토요일,5.5,0.0,0.0,1805,경기도,안산시 상록구,음식,14
03-13,10,토요일,9.7,0.0,0.0,1361,경기도,안산시 상록구,음식,61
03-13,11,토요일,11.2,0.0,0.0,1373,경기도,안산시 상록구,음식,83
03-13,12,토요일,12.2,0.0,0.0,1363,경기도,안산시 상록구,음식,116
03-13,13,토요일,13.3,0.0,0.0,1579,경기도,안산시 상록구,음식,117
03-13,14,토요일,14.0,0.0,0.0,1004,경기도,안산시 상록구,음식,75
03-13,15,토요일,14.0,0.0,0.0,1063,경기도,안산시 상록구,음식,65
03-13,16,토요일,13.2,0.0,0.0,1107,경기도,안산시 상록구,음식,64
03-13,17,토요일,11.4,0.0,0.0,1213,경기도,안산시 상록구,음식,118
03-13,18,토요일,10.3,0.0,0.0,1188,경기도,안산시 상록구,음식,171
03-13,19,토요일,8.7,0.0,0.0,1084,경기도,안산시 상록구,음식,169
03-13,20,토요일,7.0,0.0,0.0,1334,경기도,안산시 상록구,음식,141
03-13,21,토요일,6.8,0.0,0.0,1158,경기도,안산시 상록구,음식,144
03-13,22,토요일,5.9,0.0,0.0,733,경기도,안산시 상록구,음식,107
03-13,23,토요일,5.3,0.0,0.0,1450,경기도,안산시 상록구,음식,78
03-14,0,일요일,4.7,0.0,0.0,1744,경기도,안산시 상록구,음식,53
03-14,1,일요일,4.8,0.0,0.0,1671,경기도,안산시 상록구,음식,38
03-14,2,일요일,3.8,0.0,0.0,629,경기도,안산시 상록구,음식,23
03-14,10,일요일,5.8,0.0,0.0,395,경기도,안산시 상록구,음식,57
03-14,11,일요일,8.6,0.0,0.0,597,경기도,안산시 상록구,음식,103
03-14,12,일요일,11.1,0.0,0.0,758,경기도,안산시 상록구,음식,137
03-14,13,일요일,11.5,0.0,0.0,728,경기도,안산시 상록구,음식,112
03-14,14,일요일,13.0,0.0,0.0,948,경기도,안산시 상록구,음식,106
03-14,15,일요일,12.8,0.0,0.0,1187,경기도,안산시 상록구,음식,87
03-14,16,일요일,12.6,0.0,0.0,1029,경기도,안산시 상록구,음식,85
03-14,17,일요일,12.0,0.0,0.0,1106,경기도,안산시 상록구,음식,122
03-14,18,일요일,10.5,0.0,0.0,1091,경기도,안산시 상록구,음식,178
03-14,19,일요일,8.8,0.0,0.0,615,경기도,안산시 상록구,음식,185
03-14,20,일요일,8.3,0.0,0.0,529,경기도,안산시 상록구,음식,130
03-14,21,일요일,7.9,0.0,0.0,823,경기도,안산시 상록구,음식,116
03-14,22,일요일,7.1,0.0,0.0,580,경기도,안산시 상록구,음식,73
03-14,23,일요일,6.4,0.0,0.0,487,경기도,안산시 상록구,음식,61
03-15,0,월요일,5.7,0.0,0.0,425,경기도,안산시 상록구,음식,29
03-15,1,월요일,4.7,0.0,0.0,428,경기도,안산시 상록구,음식,22
03-15,2,월요일,4.2,0.0,0.0,344,경기도,안산시 상록구,음식,8
03-15,3,월요일,3.4,0.0,0.0,325,경기도,안산시 상록구,음식,2
03-15,10,월요일,9.8,0.0,0.0,586,경기도,안산시 상록구,음식,39
03-15,11,월요일,12.5,0.0,0.0,1148,경기도,안산시 상록구,음식,69
03-15,12,월요일,13.6,0.0,0.0,1460,경기도,안산시 상록구,음식,79
03-15,13,월요일,14.6,0.0,0.0,2000,경기도,안산시 상록구,음식,61
03-15,14,월요일,15.3,0.0,0.0,770,경기도,안산시 상록구,음식,40
03-15,15,월요일,15.4,0.0,0.0,1221,경기도,안산시 상록구,음식,48
03-15,16,월요일,16.0,0.0,0.0,1119,경기도,안산시 상록구,음식,56
03-15,17,월요일,14.7,0.0,0.0,1664,경기도,안산시 상록구,음식,92
03-15,18,월요일,13.3,0.0,0.0,764,경기도,안산시 상록구,음식,128
03-15,19,월요일,13.0,0.0,0.0,1060,경기도,안산시 상록구,음식,149
03-15,20,월요일,12.8,0.0,0.0,1048,경기도,안산시 상록구,음식,116
03-15,21,월요일,12.8,0.0,0.0,1055,경기도,안산시 상록구,음식,94
03-15,22,월요일,11.7,0.0,0.0,910,경기도,안산시 상록구,음식,87
03-15,23,월요일,10.5,0.0,0.0,605,경기도,안산시 상록구,음식,47
03-16,0,화요일,10.4,0.2,0.0,224,경기도,안산시 상록구,음식,15
03-16,1,화요일,9.9,0.0,0.0,312,경기도,안산시 상록구,음식,7
03-16,2,화요일,9.2,0.0,0.0,282,경기도,안산시 상록구,음식,1
03-16,10,화요일,8.3,0.0,0.0,1877,경기도,안산시 상록구,음식,8
03-16,11,화요일,9.8,0.0,0.0,1913,경기도,안산시 상록구,음식,22
03-16,12,화요일,10.2,0.0,0.0,2000,경기도,안산시 상록구,음식,31
03-16,13,화요일,11.8,0.0,0.0,1941,경기도,안산시 상록구,음식,17
03-16,14,화요일,11.7,0.0,0.0,1987,경기도,안산시 상록구,음식,7
03-16,15,화요일,10.0,0.0,0.0,1908,경기도,안산시 상록구,음식,9
03-16,16,화요일,9.7,0.0,0.0,2000,경기도,안산시 상록구,음식,11
03-16,17,화요일,9.3,0.0,0.0,1995,경기도,안산시 상록구,음식,30
03-16,18,화요일,8.1,0.0,0.0,1992,경기도,안산시 상록구,음식,48
03-16,19,화요일,6.8,0.0,0.0,2000,경기도,안산시 상록구,음식,44
03-16,20,화요일,5.6,0.0,0.0,1957,경기도,안산시 상록구,음식,48
03-16,21,화요일,5.6,0.0,0.0,1890,경기도,안산시 상록구,음식,38
03-16,22,화요일,5.0,0.0,0.0,2000,경기도,안산시 상록구,음식,34
03-16,23,화요일,5.1,0.0,0.0,1883,경기도,안산시 상록구,음식,23
03-17,0,수요일,4.6,0.0,0.0,1945,경기도,안산시 상록구,음식,10
03-17,1,수요일,2.9,0.0,0.0,1887,경기도,안산시 상록구,음식,5
03-17,2,수요일,2.1,0.0,0.0,1931,경기도,안산시 상록구,음식,3
03-17,10,수요일,7.9,0.0,0.0,1943,경기도,안산시 상록구,음식,7
03-17,11,수요일,9.7,0.0,0.0,1797,경기도,안산시 상록구,음식,19
03-17,12,수요일,11.9,0.0,0.0,1941,경기도,안산시 상록구,음식,27
03-17,13,수요일,13.8,0.0,0.0,1901,경기도,안산시 상록구,음식,9
03-17,14,수요일,14.9,0.0,0.0,1954,경기도,안산시 상록구,음식,18
03-17,15,수요일,15.7,0.0,0.0,1761,경기도,안산시 상록구,음식,16
03-17,16,수요일,13.7,0.0,0.0,1825,경기도,안산시 상록구,음식,10
03-17,17,수요일,12.7,0.0,0.0,2086,경기도,안산시 상록구,음식,20
03-17,18,수요일,10.8,0.0,0.0,1861,경기도,안산시 상록구,음식,52
03-17,19,수요일,8.9,0.0,0.0,1911,경기도,안산시 상록구,음식,62
03-17,20,수요일,6.2,0.0,0.0,1770,경기도,안산시 상록구,음식,43
03-17,21,수요일,5.6,0.0,0.0,2000,경기도,안산시 상록구,음식,31
03-17,22,수요일,4.8,0.0,0.0,1977,경기도,안산시 상록구,음식,24
03-17,23,수요일,4.6,0.0,0.0,2000,경기도,안산시 상록구,음식,11
03-18,0,목요일,3.9,0.0,0.0,1930,경기도,안산시 상록구,음식,9
03-18,1,목요일,3.9,0.0,0.0,1744,경기도,안산시 상록구,음식,7
03-18,2,목요일,3.3,0.0,0.0,2020,경기도,안산시 상록구,음식,3
03-18,10,목요일,10.7,0.0,0.0,1486,경기도,안산시 상록구,음식,15
03-18,11,목요일,13.1,0.0,0.0,1610,경기도,안산시 상록구,음식,23
03-18,12,목요일,14.1,0.0,0.0,1676,경기도,안산시 상록구,음식,32
03-18,13,목요일,16.0,0.0,0.0,1735,경기도,안산시 상록구,음식,25
03-18,14,목요일,17.4,0.0,0.0,1711,경기도,안산시 상록구,음식,14
03-18,15,목요일,18.2,0.0,0.0,1911,경기도,안산시 상록구,음식,15
03-18,16,목요일,17.7,0.0,0.0,1457,경기도,안산시 상록구,음식,19
03-18,17,목요일,15.0,0.0,0.0,1305,경기도,안산시 상록구,음식,27
03-18,18,목요일,13.7,0.0,0.0,1414,경기도,안산시 상록구,음식,49
03-18,19,목요일,11.3,0.0,0.0,1162,경기도,안산시 상록구,음식,57
03-18,20,목요일,10.2,0.0,0.0,1099,경기도,안산시 상록구,음식,25
03-18,21,목요일,9.4,0.0,0.0,1204,경기도,안산시 상록구,음식,28
03-18,22,목요일,9.1,0.0,0.0,1213,경기도,안산시 상록구,음식,34
03-18,23,목요일,9.3,0.0,0.0,1163,경기도,안산시 상록구,음식,33
03-19,0,금요일,9.5,0.0,0.0,1036,경기도,안산시 상록구,음식,8
03-19,1,금요일,9.5,0.0,0.0,858,경기도,안산시 상록구,음식,5
03-19,2,금요일,9.7,0.0,0.0,818,경기도,안산시 상록구,음식,4
03-19,10,금요일,13.9,0.0,0.0,2000,경기도,안산시 상록구,음식,12
03-19,11,금요일,14.6,0.0,0.0,1980,경기도,안산시 상록구,음식,18
03-19,12,금요일,15.8,0.0,0.0,1996,경기도,안산시 상록구,음식,32
03-19,13,금요일,16.8,0.0,0.0,2000,경기도,안산시 상록구,음식,26
03-19,14,금요일,18.1,0.0,0.0,1965,경기도,안산시 상록구,음식,14
03-19,15,금요일,18.2,0.0,0.0,1986,경기도,안산시 상록구,음식,16
03-19,16,금요일,19.2,0.0,0.0,2000,경기도,안산시 상록구,음식,17
03-19,17,금요일,19.1,0.0,0.0,2000,경기도,안산시 상록구,음식,32
03-19,18,금요일,18.4,0.0,0.0,1983,경기도,안산시 상록구,음식,51
03-19,19,금요일,14.6,0.0,0.0,1664,경기도,안산시 상록구,음식,73
03-19,20,금요일,13.7,0.0,0.0,1838,경기도,안산시 상록구,음식,51
03-19,21,금요일,13.5,0.0,0.0,1906,경기도,안산시 상록구,음식,44
03-19,22,금요일,12.3,0.0,0.0,1611,경기도,안산시 상록구,음식,44
03-19,23,금요일,14.6,0.0,0.0,2000,경기도,안산시 상록구,음식,21
03-20,0,토요일,13.5,0.0,0.0,2000,경기도,안산시 상록구,음식,16
03-20,1,토요일,13.2,0.0,0.0,2000,경기도,안산시 상록구,음식,15
03-20,2,토요일,12.5,0.0,0.0,2000,경기도,안산시 상록구,음식,6
03-20,10,토요일,8.4,0.0,0.0,883,경기도,안산시 상록구,음식,22
03-20,11,토요일,8.1,0.0,0.0,588,경기도,안산시 상록구,음식,30
03-20,12,토요일,8.3,2.8,0.0,813,경기도,안산시 상록구,음식,38
03-20,13,토요일,8.8,0.0,0.0,691,경기도,안산시 상록구,음식,47
03-20,14,토요일,8.8,0.0,0.0,661,경기도,안산시 상록구,음식,34
03-20,15,토요일,8.8,0.7,0.0,768,경기도,안산시 상록구,음식,32
03-20,16,토요일,9.0,0.0,0.0,819,경기도,안산시 상록구,음식,28
03-20,17,토요일,9.2,0.0,0.0,525,경기도,안산시 상록구,음식,49
03-20,18,토요일,7.8,0.0,0.0,814,경기도,안산시 상록구,음식,62
03-20,19,토요일,7.2,0.0,0.0,740,경기도,안산시 상록구,음식,60
03-20,20,토요일,6.4,0.0,0.0,1193,경기도,안산시 상록구,음식,53
03-20,21,토요일,6.3,0.0,0.0,555,경기도,안산시 상록구,음식,54
03-20,22,토요일,6.2,0.0,0.0,495,경기도,안산시 상록구,음식,39
03-20,23,토요일,6.1,0.0,0.0,426,경기도,안산시 상록구,음식,26
03-21,0,일요일,6.1,0.0,0.0,531,경기도,안산시 상록구,음식,14
03-21,1,일요일,5.8,0.0,0.0,590,경기도,안산시 상록구,음식,7
03-21,2,일요일,5.8,0.0,0.0,643,경기도,안산시 상록구,음식,9
03-21,10,일요일,6.6,0.0,0.0,726,경기도,안산시 상록구,음식,23
03-21,11,일요일,6.4,0.0,0.0,625,경기도,안산시 상록구,음식,25
03-21,12,일요일,8.0,0.0,0.0,908,경기도,안산시 상록구,음식,47
03-21,13,일요일,8.0,0.0,0.0,1523,경기도,안산시 상록구,음식,42
03-21,14,일요일,7.9,0.0,0.0,1987,경기도,안산시 상록구,음식,36
03-21,15,일요일,7.2,0.0,0.0,1992,경기도,안산시 상록구,음식,30
03-21,16,일요일,6.6,0.0,0.0,2000,경기도,안산시 상록구,음식,41
03-21,17,일요일,7.2,0.0,0.0,2000,경기도,안산시 상록구,음식,43
03-21,18,일요일,6.2,0.0,0.0,2000,경기도,안산시 상록구,음식,52
03-21,19,일요일,5.5,0.0,0.0,2000,경기도,안산시 상록구,음식,67
03-21,20,일요일,5.3,0.0,0.0,2000,경기도,안산시 상록구,음식,37
03-21,21,일요일,4.9,0.0,0.0,2000,경기도,안산시 상록구,음식,57
03-21,22,일요일,4.4,0.0,0.0,1998,경기도,안산시 상록구,음식,31
03-21,23,일요일,3.8,0.0,0.0,1950,경기도,안산시 상록구,음식,17
03-22,0,월요일,3.6,0.0,0.0,2000,경기도,안산시 상록구,음식,12
03-22,1,월요일,3.2,0.0,0.0,2000,경기도,안산시 상록구,음식,3
03-22,2,월요일,2.9,0.0,0.0,2000,경기도,안산시 상록구,음식,1
03-22,10,월요일,7.2,0.0,0.0,1998,경기도,안산시 상록구,음식,13
03-22,11,월요일,8.3,0.0,0.0,2000,경기도,안산시 상록구,음식,15
03-22,12,월요일,9.2,0.0,0.0,1996,경기도,안산시 상록구,음식,20
03-22,13,월요일,9.8,0.0,0.0,1980,경기도,안산시 상록구,음식,15
03-22,14,월요일,10.4,0.0,0.0,1995,경기도,안산시 상록구,음식,14
03-22,15,월요일,10.5,0.0,0.0,1995,경기도,안산시 상록구,음식,10
03-22,16,월요일,9.9,0.0,0.0,2000,경기도,안산시 상록구,음식,10
03-22,17,월요일,9.2,0.0,0.0,2000,경기도,안산시 상록구,음식,21
03-22,18,월요일,8.5,0.0,0.0,2000,경기도,안산시 상록구,음식,35
03-22,19,월요일,6.5,0.0,0.0,1724,경기도,안산시 상록구,음식,31
03-22,20,월요일,5.7,0.0,0.0,1299,경기도,안산시 상록구,음식,32
03-22,21,월요일,5.1,0.0,0.0,1038,경기도,안산시 상록구,음식,17
03-22,22,월요일,4.8,0.0,0.0,1259,경기도,안산시 상록구,음식,21
03-22,23,월요일,3.7,0.0,0.0,753,경기도,안산시 상록구,음식,9
03-23,0,화요일,3.4,0.0,0.0,755,경기도,안산시 상록구,음식,4
03-23,1,화요일,2.6,0.0,0.0,1531,경기도,안산시 상록구,음식,5
03-23,2,화요일,3.0,0.0,0.0,1192,경기도,안산시 상록구,음식,5
03-23,10,화요일,8.2,0.0,0.0,781,경기도,안산시 상록구,음식,10
03-23,11,화요일,10.6,0.0,0.0,1099,경기도,안산시 상록구,음식,18
03-23,12,화요일,13.6,0.0,0.0,1194,경기도,안산시 상록구,음식,15
03-23,13,화요일,16.0,0.0,0.0,1819,경기도,안산시 상록구,음식,8
03-23,14,화요일,16.2,0.0,0.0,1789,경기도,안산시 상록구,음식,12
03-23,15,화요일,15.2,0.0,0.0,1800,경기도,안산시 상록구,음식,8
03-23,16,화요일,15.4,0.0,0.0,1821,경기도,안산시 상록구,음식,16
03-23,17,화요일,14.2,0.0,0.0,1854,경기도,안산시 상록구,음식,27
03-23,18,화요일,13.4,0.0,0.0,1932,경기도,안산시 상록구,음식,42
03-23,19,화요일,11.7,0.0,0.0,1973,경기도,안산시 상록구,음식,32
03-23,20,화요일,11.2,0.0,0.0,1963,경기도,안산시 상록구,음식,32
03-23,21,화요일,10.1,0.0,0.0,2012,경기도,안산시 상록구,음식,29
03-23,22,화요일,9.5,0.0,0.0,1772,경기도,안산시 상록구,음식,18
03-23,23,화요일,7.8,0.0,0.0,1324,경기도,안산시 상록구,음식,7
03-24,0,수요일,6.9,0.0,0.0,1344,경기도,안산시 상록구,음식,12
03-24,1,수요일,6.7,0.0,0.0,695,경기도,안산시 상록구,음식,5
03-24,2,수요일,5.8,0.0,0.0,1965,경기도,안산시 상록구,음식,9
03-24,3,수요일,5.5,0.0,0.0,1578,경기도,안산시 상록구,음식,1
03-24,10,수요일,9.9,0.0,0.0,1442,경기도,안산시 상록구,음식,8
03-24,11,수요일,11.7,0.0,0.0,1799,경기도,안산시 상록구,음식,20
03-24,12,수요일,13.4,0.0,0.0,1763,경기도,안산시 상록구,음식,19
03-24,13,수요일,15.1,0.0,0.0,1846,경기도,안산시 상록구,음식,21
03-24,14,수요일,16.2,0.0,0.0,1948,경기도,안산시 상록구,음식,15
03-24,15,수요일,17.3,0.0,0.0,1964,경기도,안산시 상록구,음식,14
03-24,16,수요일,16.6,0.0,0.0,1988,경기도,안산시 상록구,음식,8
03-24,17,수요일,16.1,0.0,0.0,2000,경기도,안산시 상록구,음식,26
03-24,18,수요일,13.1,0.0,0.0,2000,경기도,안산시 상록구,음식,48
03-24,19,수요일,11.2,0.0,0.0,2000,경기도,안산시 상록구,음식,52
03-24,20,수요일,10.6,0.0,0.0,2000,경기도,안산시 상록구,음식,30
03-24,21,수요일,9.9,0.0,0.0,2000,경기도,안산시 상록구,음식,24
03-24,22,수요일,9.1,0.0,0.0,2000,경기도,안산시 상록구,음식,22
03-24,23,수요일,8.2,0.0,0.0,2000,경기도,안산시 상록구,음식,12
03-25,0,목요일,7.2,0.0,0.0,1996,경기도,안산시 상록구,음식,8
03-25,1,목요일,7.1,0.0,0.0,2012,경기도,안산시 상록구,음식,5
03-25,2,목요일,7.1,0.0,0.0,2000,경기도,안산시 상록구,음식,5
03-25,10,목요일,12.5,0.0,0.0,1126,경기도,안산시 상록구,음식,12
03-25,11,목요일,14.4,0.0,0.0,1038,경기도,안산시 상록구,음식,17
03-25,12,목요일,15.7,0.0,0.0,1082,경기도,안산시 상록구,음식,31
03-25,13,목요일,17.4,0.0,0.0,1100,경기도,안산시 상록구,음식,19
03-25,14,목요일,18.3,0.0,0.0,1021,경기도,안산시 상록구,음식,12
03-25,15,목요일,17.7,0.0,0.0,1248,경기도,안산시 상록구,음식,12
03-25,16,목요일,17.2,0.0,0.0,1514,경기도,안산시 상록구,음식,8
03-25,17,목요일,15.8,0.0,0.0,1685,경기도,안산시 상록구,음식,25
03-25,18,목요일,12.1,0.0,0.0,1066,경기도,안산시 상록구,음식,42
03-25,19,목요일,9.2,0.0,0.0,735,경기도,안산시 상록구,음식,54
03-25,20,목요일,6.9,0.0,0.0,546,경기도,안산시 상록구,음식,45
03-25,21,목요일,6.0,0.0,0.0,519,경기도,안산시 상록구,음식,21
03-25,22,목요일,6.0,0.0,0.0,510,경기도,안산시 상록구,음식,16
03-25,23,목요일,6.1,0.0,0.0,546,경기도,안산시 상록구,음식,14
03-26,0,금요일,5.5,0.0,0.0,336,경기도,안산시 상록구,음식,9
03-26,1,금요일,5.1,0.0,0.0,196,경기도,안산시 상록구,음식,6
03-26,2,금요일,5.3,0.0,0.0,276,경기도,안산시 상록구,음식,2
03-26,10,금요일,10.0,0.0,0.0,349,경기도,안산시 상록구,음식,11
03-26,11,금요일,12.8,0.0,0.0,780,경기도,안산시 상록구,음식,25
03-26,12,금요일,15.6,0.0,0.0,697,경기도,안산시 상록구,음식,18
03-26,13,금요일,17.0,0.0,0.0,891,경기도,안산시 상록구,음식,12
03-26,14,금요일,18.3,0.0,0.0,1527,경기도,안산시 상록구,음식,11
03-26,15,금요일,19.7,0.0,0.0,1689,경기도,안산시 상록구,음식,9
03-26,16,금요일,20.2,0.0,0.0,1971,경기도,안산시 상록구,음식,19
03-26,17,금요일,20.2,0.0,0.0,1937,경기도,안산시 상록구,음식,23
03-26,18,금요일,19.8,0.0,0.0,1780,경기도,안산시 상록구,음식,64
03-26,19,금요일,16.2,0.0,0.0,647,경기도,안산시 상록구,음식,57
03-26,20,금요일,14.8,0.0,0.0,571,경기도,안산시 상록구,음식,48
03-26,21,금요일,13.0,0.0,0.0,549,경기도,안산시 상록구,음식,38
03-26,22,금요일,12.2,0.0,0.0,543,경기도,안산시 상록구,음식,39
03-26,23,금요일,11.6,0.0,0.0,547,경기도,안산시 상록구,음식,22
04-01,0,목요일,10.3,0.0,0.0,1367,경기도,안산시 상록구,음식,1
04-01,10,목요일,18.1,0.0,0.0,1923,경기도,안산시 상록구,음식,2
04-01,11,목요일,20.0,0.0,0.0,1978,경기도,안산시 상록구,음식,2
04-01,12,목요일,20.8,0.0,0.0,1990,경기도,안산시 상록구,음식,1
04-01,13,목요일,21.7,0.0,0.0,1995,경기도,안산시 상록구,음식,1
04-01,14,목요일,22.2,0.0,0.0,1970,경기도,안산시 상록구,음식,4
04-01,15,목요일,23.7,0.0,0.0,1958,경기도,안산시 상록구,음식,1
04-01,16,목요일,22.8,0.0,0.0,2000,경기도,안산시 상록구,음식,2
04-01,17,목요일,22.5,0.0,0.0,2000,경기도,안산시 상록구,음식,4
04-01,18,목요일,21.2,0.0,0.0,2000,경기도,안산시 상록구,음식,6
04-01,19,목요일,19.8,0.0,0.0,2000,경기도,안산시 상록구,음식,3
04-01,21,목요일,17.6,0.0,0.0,2000,경기도,안산시 상록구,음식,1
04-01,22,목요일,16.8,0.0,0.0,2000,경기도,안산시 상록구,음식,1
04-02,10,금요일,17.3,0.0,0.0,1945,경기도,안산시 상록구,음식,2
04-02,11,금요일,18.1,0.0,0.0,1984,경기도,안산시 상록구,음식,2
04-02,12,금요일,19.1,0.0,0.0,2000,경기도,안산시 상록구,음식,1
04-02,13,금요일,20.1,0.0,0.0,1999,경기도,안산시 상록구,음식,1
04-02,14,금요일,20.9,0.0,0.0,1966,경기도,안산시 상록구,음식,3
04-02,15,금요일,21.5,0.0,0.0,1983,경기도,안산시 상록구,음식,1
04-02,16,금요일,21.9,0.0,0.0,2000,경기도,안산시 상록구,음식,1
04-02,17,금요일,21.6,0.0,0.0,2000,경기도,안산시 상록구,음식,4
04-02,18,금요일,21.1,0.0,0.0,1946,경기도,안산시 상록구,음식,5
04-02,19,금요일,19.9,0.0,0.0,2000,경기도,안산시 상록구,음식,9
04-02,20,금요일,19.1,0.0,0.0,1969,경기도,안산시 상록구,음식,4
04-02,21,금요일,18.1,0.0,0.0,1941,경기도,안산시 상록구,음식,2
04-02,22,금요일,17.6,0.0,0.0,1630,경기도,안산시 상록구,음식,3
04-03,10,토요일,14.8,1.4,0.0,967,경기도,안산시 상록구,음식,4
04-03,11,토요일,14.8,0.7,0.0,1170,경기도,안산시 상록구,음식,8
04-03,12,토요일,14.6,3.2,0.0,732,경기도,안산시 상록구,음식,10
04-03,13,토요일,14.6,1.8,0.0,550,경기도,안산시 상록구,음식,4
04-03,14,토요일,14.4,8.7,0.0,244,경기도,안산시 상록구,음식,2
04-03,15,토요일,14.7,5.7,0.0,886,경기도,안산시 상록구,음식,2
04-03,16,토요일,14.7,1.4,0.0,800,경기도,안산시 상록구,음식,7
04-03,17,토요일,14.6,2.4,0.0,317,경기도,안산시 상록구,음식,3
04-03,18,토요일,14.5,6.4,0.0,493,경기도,안산시 상록구,음식,5
04-03,19,토요일,14.6,3.7,0.0,710,경기도,안산시 상록구,음식,7
04-03,20,토요일,14.6,2.4,0.0,950,경기도,안산시 상록구,음식,4
04-03,21,토요일,14.2,0.8,0.0,556,경기도,안산시 상록구,음식,3
04-03,22,토요일,12.8,6.6,0.0,939,경기도,안산시 상록구,음식,1
04-04,10,일요일,11.7,0.0,0.0,2000,경기도,안산시 상록구,음식,3
04-04,11,일요일,12.2,0.0,0.0,2000,경기도,안산시 상록구,음식,6
04-04,12,일요일,13.2,0.0,0.0,1995,경기도,안산시 상록구,음식,7
04-04,13,일요일,14.1,0.0,0.0,1997,경기도,안산시 상록구,음식,8
04-04,14,일요일,15.4,0.0,0.0,2000,경기도,안산시 상록구,음식,3
04-04,15,일요일,15.1,0.0,0.0,2000,경기도,안산시 상록구,음식,1
04-04,16,일요일,15.2,0.0,0.0,2000,경기도,안산시 상록구,음식,6
04-04,17,일요일,14.9,0.0,0.0,2000,경기도,안산시 상록구,음식,8
04-04,18,일요일,14.7,0.0,0.0,2000,경기도,안산시 상록구,음식,4
04-04,19,일요일,14.1,0.0,0.0,2000,경기도,안산시 상록구,음식,4
04-04,20,일요일,13.4,0.0,0.0,2000,경기도,안산시 상록구,음식,2
04-04,22,일요일,11.9,0.0,0.0,2000,경기도,안산시 상록구,음식,2
04-05,0,월요일,10.2,0.0,0.0,2000,경기도,안산시 상록구,음식,10
04-05,1,월요일,8.8,0.0,0.0,2000,경기도,안산시 상록구,음식,4
04-05,2,월요일,8.7,0.0,0.0,2000,경기도,안산시 상록구,음식,2
04-05,10,월요일,12.4,0.0,0.0,2000,경기도,안산시 상록구,음식,7
04-05,11,월요일,14.2,0.0,0.0,2000,경기도,안산시 상록구,음식,15
04-05,12,월요일,14.8,0.0,0.0,2000,경기도,안산시 상록구,음식,27
04-05,13,월요일,17.0,0.0,0.0,2000,경기도,안산시 상록구,음식,12
04-05,14,월요일,17.0,0.0,0.0,2000,경기도,안산시 상록구,음식,5
04-05,15,월요일,17.4,0.0,0.0,2000,경기도,안산시 상록구,음식,13
04-05,16,월요일,16.3,0.0,0.0,1958,경기도,안산시 상록구,음식,9
04-05,17,월요일,14.9,0.0,0.0,1966,경기도,안산시 상록구,음식,23
04-05,18,월요일,14.2,0.0,0.0,1999,경기도,안산시 상록구,음식,35
04-05,19,월요일,12.8,0.0,0.0,2000,경기도,안산시 상록구,음식,44
04-05,20,월요일,10.7,0.0,0.0,2000,경기도,안산시 상록구,음식,21
04-05,21,월요일,9.9,0.0,0.0,2000,경기도,안산시 상록구,음식,32
04-05,22,월요일,9.6,0.0,0.0,1997,경기도,안산시 상록구,음식,34
04-05,23,월요일,8.7,0.0,0.0,1999,경기도,안산시 상록구,음식,18
04-06,0,화요일,8.5,0.0,0.0,1891,경기도,안산시 상록구,음식,9
04-06,1,화요일,9.0,0.0,0.0,1700,경기도,안산시 상록구,음식,5
04-06,2,화요일,8.1,0.0,0.0,1829,경기도,안산시 상록구,음식,3
04-06,10,화요일,14.1,0.0,0.0,1374,경기도,안산시 상록구,음식,12
04-06,11,화요일,15.7,0.0,0.0,1941,경기도,안산시 상록구,음식,21
04-06,12,화요일,16.7,0.0,0.0,1845,경기도,안산시 상록구,음식,26
04-06,13,화요일,18.2,0.0,0.0,1873,경기도,안산시 상록구,음식,12
04-06,14,화요일,18.4,0.0,0.0,1865,경기도,안산시 상록구,음식,10
04-06,16,화요일,16.4,0.0,0.0,1029,경기도,안산시 상록구,음식,4
04-06,18,화요일,15.1,0.0,0.0,1159,경기도,안산시 상록구,음식,6
04-06,19,화요일,13.2,0.0,0.0,1084,경기도,안산시 상록구,음식,3
04-06,20,화요일,12.3,0.0,0.0,1201,경기도,안산시 상록구,음식,2
04-06,21,화요일,12.1,0.0,0.0,1168,경기도,안산시 상록구,음식,1
04-06,22,화요일,10.7,0.0,0.0,832,경기도,안산시 상록구,음식,1
04-07,0,수요일,10.0,0.0,0.0,746,경기도,안산시 상록구,음식,1
04-07,10,수요일,13.5,0.0,0.0,571,경기도,안산시 상록구,음식,1
04-07,12,수요일,18.1,0.0,0.0,883,경기도,안산시 상록구,음식,3
04-07,13,수요일,19.5,0.0,0.0,1275,경기도,안산시 상록구,음식,1
04-07,14,수요일,19.6,0.0,0.0,1586,경기도,안산시 상록구,음식,1
04-07,16,수요일,18.7,0.0,0.0,1987,경기도,안산시 상록구,음식,3
04-07,17,수요일,17.8,0.0,0.0,2000,경기도,안산시 상록구,음식,4
04-07,18,수요일,16.7,0.0,0.0,2000,경기도,안산시 상록구,음식,2
04-07,19,수요일,15.0,0.0,0.0,2000,경기도,안산시 상록구,음식,3
04-07,20,수요일,13.1,0.0,0.0,2000,경기도,안산시 상록구,음식,4
04-07,23,수요일,10.9,0.0,0.0,1829,경기도,안산시 상록구,음식,1
04-08,10,목요일,13.6,0.0,0.0,1832,경기도,안산시 상록구,음식,1
04-08,11,목요일,14.7,0.0,0.0,1641,경기도,안산시 상록구,음식,2
04-08,12,목요일,15.5,0.0,0.0,1990,경기도,안산시 상록구,음식,1
04-08,13,목요일,16.5,0.0,0.0,2000,경기도,안산시 상록구,음식,1
04-08,14,목요일,17.2,0.0,0.0,1971,경기도,안산시 상록구,음식,1
04-08,15,목요일,16.4,0.0,0.0,2000,경기도,안산시 상록구,음식,1
04-08,16,목요일,16.2,0.0,0.0,1986,경기도,안산시 상록구,음식,1
04-08,17,목요일,15.3,0.0,0.0,1980,경기도,안산시 상록구,음식,2
04-08,18,목요일,15.0,0.0,0.0,1996,경기도,안산시 상록구,음식,1
04-08,19,목요일,12.8,0.0,0.0,2000,경기도,안산시 상록구,음식,1
04-08,22,목요일,10.9,0.0,0.0,2000,경기도,안산시 상록구,음식,1
04-09,10,금요일,14.1,0.0,0.0,1990,경기도,안산시 상록구,음식,1
04-09,11,금요일,15.4,0.0,0.0,1991,경기도,안산시 상록구,음식,4
04-09,12,금요일,16.0,0.0,0.0,1999,경기도,안산시 상록구,음식,2
04-09,13,금요일,16.6,0.0,0.0,2000,경기도,안산시 상록구,음식,2
04-09,15,금요일,17.9,0.0,0.0,1999,경기도,안산시 상록구,음식,3
04-09,16,금요일,18.5,0.0,0.0,2000,경기도,안산시 상록구,음식,10
04-09,17,금요일,17.4,0.0,0.0,1942,경기도,안산시 상록구,음식,33
04-09,18,금요일,16.4,0.0,0.0,1993,경기도,안산시 상록구,음식,52
04-09,19,금요일,15.0,0.0,0.0,1999,경기도,안산시 상록구,음식,62
04-09,20,금요일,14.0,0.0,0.0,1983,경기도,안산시 상록구,음식,61
04-09,21,금요일,13.6,0.0,0.0,2000,경기도,안산시 상록구,음식,38
04-09,22,금요일,12.9,0.0,0.0,2000,경기도,안산시 상록구,음식,49
04-09,23,금요일,11.7,0.0,0.0,2000,경기도,안산시 상록구,음식,34
04-10,0,토요일,10.7,0.0,0.0,2000,경기도,안산시 상록구,음식,15
04-10,1,토요일,10.0,0.0,0.0,2001,경기도,안산시 상록구,음식,6
04-10,2,토요일,8.9,0.0,0.0,2000,경기도,안산시 상록구,음식,5
04-10,10,토요일,12.8,0.0,0.0,1996,경기도,안산시 상록구,음식,15
04-10,11,토요일,14.7,0.0,0.0,2000,경기도,안산시 상록구,음식,20
04-10,12,토요일,15.2,0.0,0.0,1870,경기도,안산시 상록구,음식,41
04-10,13,토요일,16.2,0.0,0.0,2000,경기도,안산시 상록구,음식,31
04-10,14,토요일,17.6,0.0,0.0,1927,경기도,안산시 상록구,음식,29
04-10,15,토요일,17.1,0.0,0.0,1960,경기도,안산시 상록구,음식,16
04-10,16,토요일,16.2,0.0,0.0,2000,경기도,안산시 상록구,음식,23
04-10,17,토요일,15.9,0.0,0.0,2000,경기도,안산시 상록구,음식,35
04-10,18,토요일,14.5,0.0,0.0,2000,경기도,안산시 상록구,음식,45
04-10,19,토요일,12.6,0.0,0.0,2000,경기도,안산시 상록구,음식,64
04-10,20,토요일,11.0,0.0,0.0,1979,경기도,안산시 상록구,음식,53
04-10,21,토요일,10.6,0.0,0.0,1895,경기도,안산시 상록구,음식,32
04-10,22,토요일,9.9,0.0,0.0,1893,경기도,안산시 상록구,음식,55
04-10,23,토요일,8.7,0.0,0.0,1251,경기도,안산시 상록구,음식,26
04-11,0,일요일,8.3,0.0,0.0,1257,경기도,안산시 상록구,음식,18
04-11,1,일요일,7.6,0.0,0.0,1415,경기도,안산시 상록구,음식,14
04-11,2,일요일,6.6,0.0,0.0,1025,경기도,안산시 상록구,음식,4
04-11,10,일요일,14.6,0.0,0.0,1880,경기도,안산시 상록구,음식,28
04-11,11,일요일,16.9,0.0,0.0,1760,경기도,안산시 상록구,음식,31
04-11,12,일요일,18.4,0.0,0.0,1657,경기도,안산시 상록구,음식,51
04-11,13,일요일,20.1,0.0,0.0,1828,경기도,안산시 상록구,음식,35
04-11,14,일요일,20.3,0.0,0.0,1775,경기도,안산시 상록구,음식,31
04-11,15,일요일,21.0,0.0,0.0,1611,경기도,안산시 상록구,음식,25
04-11,16,일요일,21.2,0.0,0.0,1807,경기도,안산시 상록구,음식,29
04-11,17,일요일,20.5,0.0,0.0,1638,경기도,안산시 상록구,음식,46
04-11,18,일요일,19.3,0.0,0.0,1797,경기도,안산시 상록구,음식,60
04-11,19,일요일,17.7,0.0,0.0,1772,경기도,안산시 상록구,음식,63
04-11,20,일요일,15.8,0.0,0.0,1832,경기도,안산시 상록구,음식,41
04-11,21,일요일,15.0,0.0,0.0,1662,경기도,안산시 상록구,음식,26
04-11,22,일요일,14.6,0.0,0.0,1470,경기도,안산시 상록구,음식,19
04-11,23,일요일,14.0,0.0,0.0,1713,경기도,안산시 상록구,음식,17
04-12,0,월요일,13.5,0.0,0.0,1591,경기도,안산시 상록구,음식,10
04-12,1,월요일,12.8,0.0,0.0,2002,경기도,안산시 상록구,음식,3
04-12,2,월요일,13.2,0.0,0.0,1259,경기도,안산시 상록구,음식,1
04-12,10,월요일,17.0,0.0,0.0,1918,경기도,안산시 상록구,음식,14
04-12,11,월요일,17.1,0.0,0.0,1985,경기도,안산시 상록구,음식,19
04-12,12,월요일,17.3,0.0,0.0,1986,경기도,안산시 상록구,음식,31
04-12,13,월요일,14.8,0.0,0.0,1999,경기도,안산시 상록구,음식,27
04-12,14,월요일,12.7,0.9,0.0,1659,경기도,안산시 상록구,음식,14
04-12,15,월요일,12.2,1.1,0.0,1111,경기도,안산시 상록구,음식,14
04-12,16,월요일,12.0,1.0,0.0,1019,경기도,안산시 상록구,음식,14
04-12,17,월요일,11.8,2.2,0.0,873,경기도,안산시 상록구,음식,39
04-12,18,월요일,11.9,2.1,0.0,1146,경기도,안산시 상록구,음식,46
04-12,19,월요일,12.2,2.5,0.0,792,경기도,안산시 상록구,음식,42
04-12,20,월요일,12.2,2.6,0.0,582,경기도,안산시 상록구,음식,30
04-12,21,월요일,12.4,1.6,0.0,521,경기도,안산시 상록구,음식,30
04-12,22,월요일,12.4,1.6,0.0,545,경기도,안산시 상록구,음식,30
04-12,23,월요일,12.6,1.9,0.0,340,경기도,안산시 상록구,음식,15
04-13,0,화요일,13.0,2.6,0.0,824,경기도,안산시 상록구,음식,14
04-13,1,화요일,12.9,2.2,0.0,274,경기도,안산시 상록구,음식,8
04-13,2,화요일,11.9,1.5,0.0,215,경기도,안산시 상록구,음식,6
04-13,10,화요일,12.6,0.0,0.0,1691,경기도,안산시 상록구,음식,14
04-13,11,화요일,11.0,0.0,0.0,1923,경기도,안산시 상록구,음식,22
04-13,12,화요일,10.4,0.0,0.0,1971,경기도,안산시 상록구,음식,24
04-13,13,화요일,10.8,0.0,0.0,1970,경기도,안산시 상록구,음식,24
04-13,14,화요일,11.5,0.0,0.0,2000,경기도,안산시 상록구,음식,16
04-13,15,화요일,10.9,0.0,0.0,1997,경기도,안산시 상록구,음식,14
04-13,16,화요일,10.3,0.0,0.0,2000,경기도,안산시 상록구,음식,10
04-13,17,화요일,9.7,0.0,0.0,1998,경기도,안산시 상록구,음식,24
04-13,18,화요일,8.5,0.0,0.0,1994,경기도,안산시 상록구,음식,45
04-13,19,화요일,7.6,0.0,0.0,2000,경기도,안산시 상록구,음식,50
04-13,20,화요일,6.9,0.0,0.0,1996,경기도,안산시 상록구,음식,44
04-13,21,화요일,6.8,0.0,0.0,2000,경기도,안산시 상록구,음식,37
04-13,22,화요일,7.2,0.0,0.0,2000,경기도,안산시 상록구,음식,29
04-13,23,화요일,6.8,0.0,0.0,2000,경기도,안산시 상록구,음식,21
04-14,0,수요일,6.0,0.0,0.0,2000,경기도,안산시 상록구,음식,10
04-14,1,수요일,5.7,0.0,0.0,2000,경기도,안산시 상록구,음식,6
04-14,2,수요일,4.9,0.0,0.0,2000,경기도,안산시 상록구,음식,2
04-14,10,수요일,9.6,0.0,0.0,1987,경기도,안산시 상록구,음식,2
04-14,11,수요일,11.1,0.0,0.0,1997,경기도,안산시 상록구,음식,13
04-14,12,수요일,12.7,0.0,0.0,1944,경기도,안산시 상록구,음식,35
04-14,13,수요일,12.7,0.0,0.0,1998,경기도,안산시 상록구,음식,8
04-14,14,수요일,12.1,0.0,0.0,2000,경기도,안산시 상록구,음식,14
04-14,15,수요일,11.9,0.0,0.0,2000,경기도,안산시 상록구,음식,11
04-14,16,수요일,11.8,0.0,0.0,2000,경기도,안산시 상록구,음식,13
04-14,17,수요일,11.1,0.0,0.0,2000,경기도,안산시 상록구,음식,19
04-14,18,수요일,9.8,0.0,0.0,1988,경기도,안산시 상록구,음식,48
04-14,19,수요일,8.5,0.0,0.0,2000,경기도,안산시 상록구,음식,54
04-14,20,수요일,7.4,0.0,0.0,1993,경기도,안산시 상록구,음식,40
04-14,21,수요일,7.0,0.0,0.0,1957,경기도,안산시 상록구,음식,38
04-14,22,수요일,7.0,0.0,0.0,1779,경기도,안산시 상록구,음식,26
04-14,23,수요일,6.4,0.0,0.0,1513,경기도,안산시 상록구,음식,16
04-15,0,목요일,5.9,0.0,0.0,1079,경기도,안산시 상록구,음식,7
04-15,1,목요일,5.6,0.0,0.0,1165,경기도,안산시 상록구,음식,3
04-15,2,목요일,5.8,0.0,0.0,936,경기도,안산시 상록구,음식,2
04-15,10,목요일,10.3,0.0,0.0,1694,경기도,안산시 상록구,음식,10
04-15,11,목요일,11.7,0.0,0.0,1582,경기도,안산시 상록구,음식,23
04-15,12,목요일,13.6,0.0,0.0,1816,경기도,안산시 상록구,음식,22
04-15,13,목요일,15.3,0.0,0.0,1762,경기도,안산시 상록구,음식,16
04-15,14,목요일,16.6,0.0,0.0,1666,경기도,안산시 상록구,음식,22
04-15,15,목요일,17.8,0.0,0.0,1859,경기도,안산시 상록구,음식,7
04-15,16,목요일,16.7,0.0,0.0,1976,경기도,안산시 상록구,음식,13
04-15,17,목요일,16.9,0.0,0.0,1984,경기도,안산시 상록구,음식,25
04-15,18,목요일,16.1,0.0,0.0,1998,경기도,안산시 상록구,음식,45
04-15,19,목요일,13.2,0.0,0.0,2000,경기도,안산시 상록구,음식,62
04-15,20,목요일,10.6,0.0,0.0,1955,경기도,안산시 상록구,음식,39
04-15,21,목요일,9.5,0.0,0.0,1588,경기도,안산시 상록구,음식,38
04-15,22,목요일,8.8,0.0,0.0,1162,경기도,안산시 상록구,음식,38
04-15,23,목요일,8.8,0.0,0.0,1641,경기도,안산시 상록구,음식,24
04-16,0,금요일,8.3,0.0,0.0,1604,경기도,안산시 상록구,음식,15
04-16,1,금요일,8.9,0.0,0.0,1062,경기도,안산시 상록구,음식,9
04-16,2,금요일,8.0,0.0,0.0,802,경기도,안산시 상록구,음식,3
04-16,10,금요일,12.4,0.0,0.0,1991,경기도,안산시 상록구,음식,9
04-16,11,금요일,12.2,0.0,0.0,1548,경기도,안산시 상록구,음식,26
04-16,12,금요일,10.9,0.1,0.0,397,경기도,안산시 상록구,음식,39
04-16,13,금요일,11.1,0.2,0.0,465,경기도,안산시 상록구,음식,17
04-16,14,금요일,11.2,0.1,0.0,677,경기도,안산시 상록구,음식,17
04-16,15,금요일,12.6,0.0,0.0,1332,경기도,안산시 상록구,음식,12
04-16,16,금요일,14.8,0.0,0.0,1163,경기도,안산시 상록구,음식,9
04-16,17,금요일,14.2,0.0,0.0,803,경기도,안산시 상록구,음식,24
04-16,18,금요일,13.6,0.0,0.0,797,경기도,안산시 상록구,음식,44
04-16,19,금요일,11.8,0.0,0.0,1262,경기도,안산시 상록구,음식,55
04-16,20,금요일,10.7,0.0,0.0,1018,경기도,안산시 상록구,음식,57
04-16,21,금요일,8.7,0.0,0.0,1122,경기도,안산시 상록구,음식,50
04-16,22,금요일,7.7,0.0,0.0,1106,경기도,안산시 상록구,음식,39
04-16,23,금요일,7.4,0.0,0.0,1029,경기도,안산시 상록구,음식,32
04-17,0,토요일,6.3,0.0,0.0,1069,경기도,안산시 상록구,음식,14
04-17,1,토요일,6.2,0.0,0.0,1082,경기도,안산시 상록구,음식,8
04-17,2,토요일,4.7,0.0,0.0,1251,경기도,안산시 상록구,음식,6
04-17,10,토요일,11.6,0.0,0.0,1641,경기도,안산시 상록구,음식,19
04-17,11,토요일,11.2,0.0,0.0,1260,경기도,안산시 상록구,음식,28
04-17,12,토요일,12.6,0.0,0.0,1562,경기도,안산시 상록구,음식,39
04-17,13,토요일,13.0,0.0,0.0,1244,경기도,안산시 상록구,음식,26
04-17,14,토요일,12.9,0.0,0.0,1977,경기도,안산시 상록구,음식,26
04-17,15,토요일,13.2,0.0,0.0,1804,경기도,안산시 상록구,음식,18
04-17,16,토요일,13.2,0.0,0.0,1971,경기도,안산시 상록구,음식,25
04-17,17,토요일,11.6,0.0,0.0,1962,경기도,안산시 상록구,음식,52
04-17,18,토요일,10.7,0.0,0.0,2000,경기도,안산시 상록구,음식,45
04-17,19,토요일,9.5,0.0,0.0,2000,경기도,안산시 상록구,음식,70
04-17,20,토요일,8.9,0.0,0.0,2000,경기도,안산시 상록구,음식,54
04-17,21,토요일,8.4,0.0,0.0,2000,경기도,안산시 상록구,음식,45
04-17,22,토요일,7.8,0.0,0.0,2000,경기도,안산시 상록구,음식,54
04-17,23,토요일,8.0,0.0,0.0,2000,경기도,안산시 상록구,음식,33
04-18,0,일요일,7.2,0.0,0.0,2000,경기도,안산시 상록구,음식,15
04-18,1,일요일,7.8,0.0,0.0,2000,경기도,안산시 상록구,음식,9
04-18,2,일요일,7.4,0.0,0.0,2000,경기도,안산시 상록구,음식,10
04-18,10,일요일,10.2,0.0,0.0,1997,경기도,안산시 상록구,음식,24
04-18,11,일요일,11.1,0.0,0.0,2000,경기도,안산시 상록구,음식,55
04-18,12,일요일,12.0,0.0,0.0,1946,경기도,안산시 상록구,음식,40
04-18,13,일요일,12.6,0.0,0.0,2000,경기도,안산시 상록구,음식,37
04-18,14,일요일,13.2,0.0,0.0,2000,경기도,안산시 상록구,음식,33
04-18,15,일요일,13.4,0.0,0.0,1889,경기도,안산시 상록구,음식,27
04-18,16,일요일,14.0,0.0,0.0,1979,경기도,안산시 상록구,음식,36
04-18,17,일요일,13.1,0.0,0.0,1992,경기도,안산시 상록구,음식,61
04-18,18,일요일,11.7,0.0,0.0,2000,경기도,안산시 상록구,음식,72
04-18,19,일요일,10.3,0.0,0.0,1996,경기도,안산시 상록구,음식,61
04-18,20,일요일,9.1,0.0,0.0,1741,경기도,안산시 상록구,음식,48
04-18,21,일요일,8.1,0.0,0.0,1674,경기도,안산시 상록구,음식,44
04-18,22,일요일,8.1,0.0,0.0,1801,경기도,안산시 상록구,음식,26
04-18,23,일요일,7.3,0.0,0.0,1785,경기도,안산시 상록구,음식,28
04-19,0,월요일,6.8,0.0,0.0,1625,경기도,안산시 상록구,음식,8
04-19,1,월요일,6.3,0.0,0.0,1279,경기도,안산시 상록구,음식,3
04-19,2,월요일,6.0,0.0,0.0,1209,경기도,안산시 상록구,음식,2
04-19,10,월요일,13.1,0.0,0.0,1784,경기도,안산시 상록구,음식,9
04-19,11,월요일,15.4,0.0,0.0,1841,경기도,안산시 상록구,음식,12
04-19,12,월요일,16.6,0.0,0.0,1908,경기도,안산시 상록구,음식,22
04-19,13,월요일,17.5,0.0,0.0,1867,경기도,안산시 상록구,음식,15
04-19,14,월요일,17.7,0.0,0.0,1899,경기도,안산시 상록구,음식,14
04-19,15,월요일,17.5,0.0,0.0,1946,경기도,안산시 상록구,음식,10
04-19,16,월요일,18.0,0.0,0.0,1928,경기도,안산시 상록구,음식,11
04-19,17,월요일,17.4,0.0,0.0,1621,경기도,안산시 상록구,음식,17
04-19,18,월요일,15.7,0.0,0.0,1804,경기도,안산시 상록구,음식,32
04-19,19,월요일,13.3,0.0,0.0,1992,경기도,안산시 상록구,음식,44
04-19,20,월요일,12.3,0.0,0.0,1760,경기도,안산시 상록구,음식,36
04-19,21,월요일,11.9,0.0,0.0,1644,경기도,안산시 상록구,음식,36
04-19,22,월요일,10.6,0.0,0.0,1870,경기도,안산시 상록구,음식,23
04-19,23,월요일,9.6,0.0,0.0,1598,경기도,안산시 상록구,음식,12
04-20,0,화요일,9.3,0.0,0.0,1229,경기도,안산시 상록구,음식,9
04-20,1,화요일,8.1,0.0,0.0,957,경기도,안산시 상록구,음식,11
04-20,2,화요일,8.4,0.0,0.0,745,경기도,안산시 상록구,음식,5
04-20,10,화요일,15.4,0.0,0.0,1168,경기도,안산시 상록구,음식,13
04-20,11,화요일,17.4,0.0,0.0,1337,경기도,안산시 상록구,음식,18
04-20,12,화요일,19.3,0.0,0.0,1316,경기도,안산시 상록구,음식,15
04-20,13,화요일,20.6,0.0,0.0,1176,경기도,안산시 상록구,음식,19
04-20,14,화요일,20.7,0.0,0.0,1182,경기도,안산시 상록구,음식,7
04-20,15,화요일,20.6,0.0,0.0,1919,경기도,안산시 상록구,음식,12
04-20,16,화요일,20.5,0.0,0.0,1952,경기도,안산시 상록구,음식,11
04-20,17,화요일,18.1,0.0,0.0,2000,경기도,안산시 상록구,음식,25
04-20,18,화요일,16.4,0.0,0.0,2000,경기도,안산시 상록구,음식,51
04-20,19,화요일,15.3,0.0,0.0,2000,경기도,안산시 상록구,음식,36
04-20,20,화요일,13.3,0.0,0.0,2000,경기도,안산시 상록구,음식,43
04-20,21,화요일,12.0,0.0,0.0,2000,경기도,안산시 상록구,음식,38
04-20,22,화요일,12.0,0.0,0.0,2000,경기도,안산시 상록구,음식,34
04-20,23,화요일,11.6,0.0,0.0,1924,경기도,안산시 상록구,음식,18
04-21,0,수요일,10.6,0.0,0.0,1985,경기도,안산시 상록구,음식,12
04-21,1,수요일,10.0,0.0,0.0,2137,경기도,안산시 상록구,음식,7
04-21,2,수요일,9.2,0.0,0.0,1671,경기도,안산시 상록구,음식,1
04-21,10,수요일,18.9,0.0,0.0,1025,경기도,안산시 상록구,음식,19
04-21,11,수요일,21.5,0.0,0.0,936,경기도,안산시 상록구,음식,18
04-21,12,수요일,23.1,0.0,0.0,1249,경기도,안산시 상록구,음식,25
04-21,13,수요일,25.8,0.0,0.0,1878,경기도,안산시 상록구,음식,15
04-21,14,수요일,26.6,0.0,0.0,1692,경기도,안산시 상록구,음식,10
04-21,15,수요일,27.3,0.0,0.0,1784,경기도,안산시 상록구,음식,21
04-21,16,수요일,27.7,0.0,0.0,1643,경기도,안산시 상록구,음식,9
04-21,17,수요일,28.0,0.0,0.0,1757,경기도,안산시 상록구,음식,33
04-21,18,수요일,25.1,0.0,0.0,1390,경기도,안산시 상록구,음식,49
04-21,19,수요일,21.1,0.0,0.0,860,경기도,안산시 상록구,음식,52
04-21,20,수요일,20.3,0.0,0.0,1162,경기도,안산시 상록구,음식,36
04-21,21,수요일,17.7,0.0,0.0,1372,경기도,안산시 상록구,음식,23
04-21,22,수요일,16.5,0.0,0.0,1407,경기도,안산시 상록구,음식,21
04-21,23,수요일,16.2,0.0,0.0,1529,경기도,안산시 상록구,음식,15
04-22,0,목요일,15.7,0.0,0.0,1605,경기도,안산시 상록구,음식,9
04-22,1,목요일,14.7,0.0,0.0,1383,경기도,안산시 상록구,음식,9
04-22,2,목요일,14.9,0.0,0.0,1583,경기도,안산시 상록구,음식,3
04-22,10,목요일,20.5,0.0,0.0,1014,경기도,안산시 상록구,음식,10
04-22,11,목요일,22.1,0.0,0.0,1042,경기도,안산시 상록구,음식,20
04-22,12,목요일,24.3,0.0,0.0,1152,경기도,안산시 상록구,음식,26
04-22,13,목요일,26.0,0.0,0.0,1238,경기도,안산시 상록구,음식,22
04-22,14,목요일,26.8,0.0,0.0,1652,경기도,안산시 상록구,음식,15
04-22,15,목요일,26.7,0.0,0.0,1739,경기도,안산시 상록구,음식,11
04-22,16,목요일,27.0,0.0,0.0,1724,경기도,안산시 상록구,음식,12
04-22,17,목요일,24.7,0.0,0.0,1761,경기도,안산시 상록구,음식,21
04-22,18,목요일,23.0,0.0,0.0,1215,경기도,안산시 상록구,음식,52
04-22,19,목요일,21.4,0.0,0.0,1517,경기도,안산시 상록구,음식,43
04-22,20,목요일,21.2,0.0,0.0,1767,경기도,안산시 상록구,음식,46
04-22,21,목요일,20.4,0.0,0.0,1643,경기도,안산시 상록구,음식,21
04-22,22,목요일,17.6,0.0,0.0,1596,경기도,안산시 상록구,음식,27
04-22,23,목요일,17.1,0.0,0.0,1455,경기도,안산시 상록구,음식,25
04-23,0,금요일,17.2,0.0,0.0,1633,경기도,안산시 상록구,음식,8
04-23,1,금요일,17.6,0.0,0.0,1676,경기도,안산시 상록구,음식,15
04-23,2,금요일,17.6,0.0,0.0,1731,경기도,안산시 상록구,음식,1
04-23,10,금요일,20.5,0.0,0.0,2000,경기도,안산시 상록구,음식,9
04-23,11,금요일,21.6,0.0,0.0,2000,경기도,안산시 상록구,음식,24
04-23,12,금요일,22.5,0.0,0.0,2000,경기도,안산시 상록구,음식,24
04-23,13,금요일,22.1,0.0,0.0,2000,경기도,안산시 상록구,음식,16
04-23,14,금요일,22.6,0.0,0.0,2000,경기도,안산시 상록구,음식,14
04-23,15,금요일,22.8,0.0,0.0,2000,경기도,안산시 상록구,음식,9
04-23,16,금요일,22.1,0.0,0.0,2000,경기도,안산시 상록구,음식,7
04-23,17,금요일,21.4,0.0,0.0,2000,경기도,안산시 상록구,음식,27
04-23,18,금요일,21.3,0.0,0.0,2000,경기도,안산시 상록구,음식,51
04-23,19,금요일,21.0,0.0,0.0,1950,경기도,안산시 상록구,음식,66
04-23,20,금요일,20.1,0.0,0.0,2000,경기도,안산시 상록구,음식,65
04-23,21,금요일,19.8,0.0,0.0,2000,경기도,안산시 상록구,음식,61
04-23,22,금요일,19.6,0.0,0.0,2000,경기도,안산시 상록구,음식,34
04-23,23,금요일,18.7,0.0,0.0,2000,경기도,안산시 상록구,음식,29
04-24,0,토요일,18.2,0.0,0.0,2000,경기도,안산시 상록구,음식,12
04-24,1,토요일,17.8,0.0,0.0,2000,경기도,안산시 상록구,음식,5
04-24,2,토요일,17.5,0.0,0.0,1992,경기도,안산시 상록구,음식,9
04-24,10,토요일,18.2,0.0,0.0,2000,경기도,안산시 상록구,음식,19
04-24,11,토요일,19.2,0.0,0.0,2000,경기도,안산시 상록구,음식,24
04-24,12,토요일,20.1,0.0,0.0,2000,경기도,안산시 상록구,음식,44
04-24,13,토요일,20.4,0.0,0.0,2000,경기도,안산시 상록구,음식,35
04-24,14,토요일,20.6,0.0,0.0,2000,경기도,안산시 상록구,음식,19
04-24,15,토요일,20.7,0.0,0.0,2000,경기도,안산시 상록구,음식,27
04-24,16,토요일,21.7,0.0,0.0,2000,경기도,안산시 상록구,음식,21
04-24,17,토요일,22.8,0.0,0.0,1946,경기도,안산시 상록구,음식,46
04-24,18,토요일,21.4,0.0,0.0,1984,경기도,안산시 상록구,음식,56
04-24,19,토요일,17.6,0.0,0.0,1996,경기도,안산시 상록구,음식,56
04-24,20,토요일,15.3,0.0,0.0,2000,경기도,안산시 상록구,음식,55
04-24,21,토요일,14.7,0.0,0.0,2000,경기도,안산시 상록구,음식,41
04-24,22,토요일,13.4,0.0,0.0,1976,경기도,안산시 상록구,음식,42
04-24,23,토요일,13.5,0.0,0.0,1692,경기도,안산시 상록구,음식,20
04-25,0,일요일,12.1,0.0,0.0,1100,경기도,안산시 상록구,음식,9
04-25,1,일요일,11.5,0.0,0.0,1581,경기도,안산시 상록구,음식,6
04-25,2,일요일,10.9,0.0,0.0,1040,경기도,안산시 상록구,음식,4
04-25,10,일요일,18.7,0.0,0.0,1995,경기도,안산시 상록구,음식,26
04-25,11,일요일,19.5,0.0,0.0,2000,경기도,안산시 상록구,음식,37
04-25,12,일요일,20.8,0.0,0.0,1985,경기도,안산시 상록구,음식,37
04-25,13,일요일,21.2,0.0,0.0,1794,경기도,안산시 상록구,음식,40
04-25,14,일요일,22.5,0.0,0.0,2000,경기도,안산시 상록구,음식,37
04-25,15,일요일,22.7,0.0,0.0,2000,경기도,안산시 상록구,음식,32
04-25,16,일요일,23.3,0.0,0.0,1992,경기도,안산시 상록구,음식,37
04-25,17,일요일,23.1,0.0,0.0,2000,경기도,안산시 상록구,음식,54
04-25,18,일요일,22.3,0.0,0.0,2000,경기도,안산시 상록구,음식,60
04-25,19,일요일,20.7,0.0,0.0,2000,경기도,안산시 상록구,음식,70
04-25,20,일요일,18.3,0.0,0.0,2000,경기도,안산시 상록구,음식,59
04-25,21,일요일,17.9,0.0,0.0,2000,경기도,안산시 상록구,음식,37
04-25,22,일요일,16.4,0.0,0.0,2000,경기도,안산시 상록구,음식,32
04-25,23,일요일,15.6,0.0,0.0,2000,경기도,안산시 상록구,음식,17
04-26,0,월요일,17.0,0.0,0.0,2000,경기도,안산시 상록구,음식,8
04-26,1,월요일,15.6,0.0,0.0,2000,경기도,안산시 상록구,음식,3
04-26,2,월요일,15.0,0.0,0.0,2000,경기도,안산시 상록구,음식,4
04-26,10,월요일,16.7,0.0,0.0,2000,경기도,안산시 상록구,음식,11
04-26,11,월요일,17.2,0.0,0.0,1891,경기도,안산시 상록구,음식,17
04-26,12,월요일,17.5,0.0,0.0,1882,경기도,안산시 상록구,음식,26
04-26,13,월요일,19.1,0.0,0.0,1896,경기도,안산시 상록구,음식,10
04-26,14,월요일,19.0,0.0,0.0,1951,경기도,안산시 상록구,음식,13
04-26,15,월요일,19.7,0.0,0.0,1821,경기도,안산시 상록구,음식,11
04-26,16,월요일,20.1,0.0,0.0,1879,경기도,안산시 상록구,음식,17
04-26,17,월요일,19.7,0.0,0.0,1964,경기도,안산시 상록구,음식,21
04-26,18,월요일,19.0,0.0,0.0,2000,경기도,안산시 상록구,음식,36
04-26,19,월요일,17.2,0.0,0.0,1985,경기도,안산시 상록구,음식,51
04-26,20,월요일,15.1,0.0,0.0,1794,경기도,안산시 상록구,음식,26
04-26,21,월요일,13.7,0.0,0.0,1422,경기도,안산시 상록구,음식,25
04-26,22,월요일,12.8,0.0,0.0,1522,경기도,안산시 상록구,음식,24
04-26,23,월요일,13.9,0.0,0.0,1578,경기도,안산시 상록구,음식,14
04-27,0,화요일,12.7,0.0,0.0,1834,경기도,안산시 상록구,음식,4
04-27,1,화요일,12.2,0.0,0.0,1584,경기도,안산시 상록구,음식,2
04-27,2,화요일,11.7,0.0,0.0,1311,경기도,안산시 상록구,음식,2
04-27,10,화요일,16.0,0.0,0.0,1650,경기도,안산시 상록구,음식,16
04-27,11,화요일,16.8,0.0,0.0,1856,경기도,안산시 상록구,음식,17
04-27,12,화요일,16.9,0.0,0.0,1810,경기도,안산시 상록구,음식,34
04-27,13,화요일,18.0,0.0,0.0,1981,경기도,안산시 상록구,음식,21
04-27,14,화요일,19.3,0.0,0.0,1801,경기도,안산시 상록구,음식,18
04-27,15,화요일,19.2,0.0,0.0,1904,경기도,안산시 상록구,음식,8
04-27,16,화요일,18.6,0.0,0.0,1920,경기도,안산시 상록구,음식,10
04-27,17,화요일,16.9,0.0,0.0,2024,경기도,안산시 상록구,음식,34
04-27,18,화요일,16.6,0.0,0.0,2000,경기도,안산시 상록구,음식,56
04-27,19,화요일,15.4,0.0,0.0,2000,경기도,안산시 상록구,음식,37
04-27,20,화요일,15.4,0.0,0.0,2000,경기도,안산시 상록구,음식,36
04-27,21,화요일,15.7,0.0,0.0,2000,경기도,안산시 상록구,음식,39
04-27,22,화요일,15.2,0.0,0.0,2000,경기도,안산시 상록구,음식,24
04-27,23,화요일,15.2,0.0,0.0,2000,경기도,안산시 상록구,음식,19
04-28,0,수요일,15.2,0.0,0.0,1952,경기도,안산시 상록구,음식,14
04-28,1,수요일,13.7,1.6,0.0,573,경기도,안산시 상록구,음식,4
04-28,2,수요일,13.6,0.2,0.0,587,경기도,안산시 상록구,음식,3
04-28,10,수요일,14.4,0.0,0.0,606,경기도,안산시 상록구,음식,12
04-28,11,수요일,15.6,0.0,0.0,712,경기도,안산시 상록구,음식,14
04-28,12,수요일,17.4,0.0,0.0,800,경기도,안산시 상록구,음식,40
04-28,13,수요일,18.5,0.0,0.0,1275,경기도,안산시 상록구,음식,22
04-28,14,수요일,18.8,0.0,0.0,1735,경기도,안산시 상록구,음식,11
04-28,15,수요일,17.4,0.0,0.0,1584,경기도,안산시 상록구,음식,5
04-28,16,수요일,16.8,0.0,0.0,1536,경기도,안산시 상록구,음식,16
04-28,17,수요일,16.5,0.0,0.0,1492,경기도,안산시 상록구,음식,20
04-28,18,수요일,16.5,0.0,0.0,1726,경기도,안산시 상록구,음식,41
04-28,19,수요일,15.6,0.0,0.0,1860,경기도,안산시 상록구,음식,45
04-28,20,수요일,14.2,0.0,0.0,1869,경기도,안산시 상록구,음식,39
04-28,21,수요일,14.2,0.0,0.0,2000,경기도,안산시 상록구,음식,26
04-28,22,수요일,13.6,0.0,0.0,1763,경기도,안산시 상록구,음식,29
04-28,23,수요일,12.8,0.0,0.0,1619,경기도,안산시 상록구,음식,3
04-29,0,목요일,11.7,0.0,0.0,1945,경기도,안산시 상록구,음식,12
04-29,1,목요일,11.2,0.0,0.0,1541,경기도,안산시 상록구,음식,5
04-29,2,목요일,10.2,0.0,0.0,1705,경기도,안산시 상록구,음식,3
04-29,10,목요일,16.9,0.0,0.0,1874,경기도,안산시 상록구,음식,9
04-29,11,목요일,16.1,0.0,0.0,1759,경기도,안산시 상록구,음식,19
04-29,12,목요일,15.4,0.0,0.0,1977,경기도,안산시 상록구,음식,18
04-29,13,목요일,17.1,0.0,0.0,1480,경기도,안산시 상록구,음식,21
04-29,14,목요일,17.8,0.0,0.0,1853,경기도,안산시 상록구,음식,19
04-29,15,목요일,19.5,0.0,0.0,1583,경기도,안산시 상록구,음식,9
04-29,16,목요일,19.7,0.0,0.0,1874,경기도,안산시 상록구,음식,12
04-29,17,목요일,18.9,0.0,0.0,1503,경기도,안산시 상록구,음식,28
04-29,18,목요일,18.1,0.0,0.0,2039,경기도,안산시 상록구,음식,44
04-29,19,목요일,16.5,0.0,0.0,1118,경기도,안산시 상록구,음식,47
04-29,20,목요일,15.4,0.0,0.0,1227,경기도,안산시 상록구,음식,40
04-29,21,목요일,15.9,0.0,0.0,1961,경기도,안산시 상록구,음식,42
04-29,22,목요일,12.3,0.7,0.0,1098,경기도,안산시 상록구,음식,25
04-29,23,목요일,10.9,4.4,0.0,832,경기도,안산시 상록구,음식,15
04-30,0,금요일,11.3,1.2,0.0,787,경기도,안산시 상록구,음식,8
04-30,1,금요일,10.4,2.2,0.0,788,경기도,안산시 상록구,음식,8
04-30,2,금요일,9.5,4.7,0.0,994,경기도,안산시 상록구,음식,2
04-30,10,금요일,9.8,0.4,0.0,1998,경기도,안산시 상록구,음식,15
04-30,11,금요일,11.1,0.0,0.0,1997,경기도,안산시 상록구,음식,15
04-30,12,금요일,11.0,0.0,0.0,1297,경기도,안산시 상록구,음식,35
04-30,13,금요일,11.2,0.0,0.0,1094,경기도,안산시 상록구,음식,22
04-30,14,금요일,13.3,0.0,0.0,1243,경기도,안산시 상록구,음식,16
04-30,15,금요일,14.1,0.0,0.0,1397,경기도,안산시 상록구,음식,14
04-30,16,금요일,13.9,0.0,0.0,1368,경기도,안산시 상록구,음식,11
04-30,17,금요일,12.1,0.0,0.0,774,경기도,안산시 상록구,음식,34
04-30,18,금요일,12.0,0.0,0.0,592,경기도,안산시 상록구,음식,52
04-30,19,금요일,11.3,0.0,0.0,672,경기도,안산시 상록구,음식,67
04-30,20,금요일,11.1,0.0,0.0,870,경기도,안산시 상록구,음식,57
04-30,21,금요일,10.5,0.0,0.0,1046,경기도,안산시 상록구,음식,44
04-30,22,금요일,10.2,0.0,0.0,1393,경기도,안산시 상록구,음식,50
04-30,23,금요일,9.9,0.0,0.0,1081,경기도,안산시 상록구,음식,24
05-01,0,토요일,10.0,0.0,0.0,882,경기도,안산시 상록구,음식,7
05-01,1,토요일,10.0,0.0,0.0,900,경기도,안산시 상록구,음식,9
05-01,2,토요일,9.8,0.0,0.0,776,경기도,안산시 상록구,음식,5
05-01,10,토요일,11.4,0.0,0.0,1893,경기도,안산시 상록구,음식,19
05-01,11,토요일,13.3,0.0,0.0,1981,경기도,안산시 상록구,음식,34
05-01,12,토요일,13.9,0.0,0.0,1955,경기도,안산시 상록구,음식,40
05-01,13,토요일,12.6,0.0,0.0,1788,경기도,안산시 상록구,음식,24
05-01,14,토요일,12.4,1.4,0.0,1644,경기도,안산시 상록구,음식,26
05-01,15,토요일,12.6,0.0,0.0,1980,경기도,안산시 상록구,음식,23
05-01,16,토요일,10.9,0.1,0.0,1890,경기도,안산시 상록구,음식,35
05-01,17,토요일,10.5,0.0,0.0,2000,경기도,안산시 상록구,음식,50
05-01,18,토요일,10.1,0.0,0.0,1435,경기도,안산시 상록구,음식,71
05-01,19,토요일,9.9,0.3,0.0,1994,경기도,안산시 상록구,음식,56
05-01,20,토요일,9.5,0.0,0.0,1993,경기도,안산시 상록구,음식,56
05-01,21,토요일,10.3,0.0,0.0,2000,경기도,안산시 상록구,음식,52
05-01,22,토요일,9.4,0.0,0.0,2113,경기도,안산시 상록구,음식,47
05-01,23,토요일,9.1,0.0,0.0,1724,경기도,안산시 상록구,음식,29
05-02,0,일요일,8.7,0.0,0.0,1992,경기도,안산시 상록구,음식,16
05-02,1,일요일,8.5,0.2,0.0,1664,경기도,안산시 상록구,음식,10
05-02,2,일요일,8.0,1.4,0.0,2010,경기도,안산시 상록구,음식,8
05-02,3,일요일,8.1,0.6,0.0,2000,경기도,안산시 상록구,음식,2
05-02,10,일요일,12.7,0.0,0.0,1999,경기도,안산시 상록구,음식,14
05-02,11,일요일,14.0,0.0,0.0,2000,경기도,안산시 상록구,음식,32
05-02,12,일요일,15.5,0.0,0.0,2000,경기도,안산시 상록구,음식,45
05-02,13,일요일,17.0,0.0,0.0,1988,경기도,안산시 상록구,음식,37
05-02,14,일요일,17.3,0.0,0.0,1925,경기도,안산시 상록구,음식,21
05-02,15,일요일,16.9,0.0,0.0,1997,경기도,안산시 상록구,음식,23
05-02,16,일요일,16.5,0.0,0.0,2000,경기도,안산시 상록구,음식,36
05-02,17,일요일,16.0,0.0,0.0,2000,경기도,안산시 상록구,음식,45
05-02,18,일요일,15.1,0.0,0.0,2000,경기도,안산시 상록구,음식,52
05-02,19,일요일,13.9,0.0,0.0,2000,경기도,안산시 상록구,음식,66
05-02,20,일요일,12.2,0.0,0.0,1952,경기도,안산시 상록구,음식,36
05-02,21,일요일,11.1,0.0,0.0,2000,경기도,안산시 상록구,음식,44
05-02,22,일요일,10.0,0.0,0.0,2000,경기도,안산시 상록구,음식,21
05-02,23,일요일,8.8,0.0,0.0,1805,경기도,안산시 상록구,음식,15
05-03,0,월요일,8.6,0.0,0.0,1841,경기도,안산시 상록구,음식,4
05-03,1,월요일,8.9,0.0,0.0,1785,경기도,안산시 상록구,음식,2
05-03,10,월요일,14.3,0.0,0.0,1782,경기도,안산시 상록구,음식,11
05-03,11,월요일,16.2,0.0,0.0,1783,경기도,안산시 상록구,음식,20
05-03,12,월요일,17.2,0.0,0.0,2000,경기도,안산시 상록구,음식,22
05-03,13,월요일,18.3,0.0,0.0,1766,경기도,안산시 상록구,음식,25
05-03,14,월요일,19.1,0.0,0.0,2000,경기도,안산시 상록구,음식,6
05-03,15,월요일,19.8,0.0,0.0,1964,경기도,안산시 상록구,음식,14
05-03,16,월요일,19.4,0.0,0.0,1981,경기도,안산시 상록구,음식,16
05-03,17,월요일,17.7,0.0,0.0,1979,경기도,안산시 상록구,음식,23
05-03,18,월요일,16.2,0.0,0.0,2000,경기도,안산시 상록구,음식,36
05-03,19,월요일,14.9,0.0,0.0,2000,경기도,안산시 상록구,음식,31
05-03,20,월요일,13.7,0.0,0.0,2000,경기도,안산시 상록구,음식,26
05-03,21,월요일,12.5,0.0,0.0,2000,경기도,안산시 상록구,음식,28
05-03,22,월요일,11.8,0.0,0.0,2000,경기도,안산시 상록구,음식,27
05-03,23,월요일,11.1,0.0,0.0,1986,경기도,안산시 상록구,음식,16
05-04,0,화요일,11.1,0.0,0.0,1999,경기도,안산시 상록구,음식,5
05-04,1,화요일,10.6,0.0,0.0,2064,경기도,안산시 상록구,음식,1
05-04,2,화요일,10.3,0.0,0.0,1674,경기도,안산시 상록구,음식,7
05-04,10,화요일,14.2,0.3,0.0,1924,경기도,안산시 상록구,음식,14
05-04,11,화요일,14.5,0.9,0.0,1061,경기도,안산시 상록구,음식,30
05-04,12,화요일,15.5,0.0,0.0,1359,경기도,안산시 상록구,음식,29
05-04,13,화요일,17.1,0.0,0.0,1374,경기도,안산시 상록구,음식,16
05-04,14,화요일,17.9,0.0,0.0,1247,경기도,안산시 상록구,음식,25
05-04,15,화요일,16.9,3.2,0.0,521,경기도,안산시 상록구,음식,17
05-04,16,화요일,17.4,1.3,0.0,780,경기도,안산시 상록구,음식,16
05-04,17,화요일,17.8,0.3,0.0,726,경기도,안산시 상록구,음식,37
05-04,18,화요일,18.0,0.2,0.0,1170,경기도,안산시 상록구,음식,53
05-04,19,화요일,17.6,0.5,0.0,849,경기도,안산시 상록구,음식,48
05-04,20,화요일,16.6,1.9,0.0,393,경기도,안산시 상록구,음식,61
05-04,21,화요일,16.4,2.2,0.0,179,경기도,안산시 상록구,음식,52
05-04,22,화요일,16.2,3.1,0.0,214,경기도,안산시 상록구,음식,29
05-04,23,화요일,15.1,3.5,0.0,247,경기도,안산시 상록구,음식,37
05-05,0,수요일,14.3,1.4,0.0,576,경기도,안산시 상록구,음식,16
05-05,1,수요일,14.0,0.1,0.0,1950,경기도,안산시 상록구,음식,6
05-05,2,수요일,13.7,0.0,0.0,1168,경기도,안산시 상록구,음식,4
05-05,10,수요일,13.6,0.0,0.0,1650,경기도,안산시 상록구,음식,26
05-05,11,수요일,14.5,0.0,0.0,1500,경기도,안산시 상록구,음식,40
05-05,12,수요일,16.3,0.0,0.0,1859,경기도,안산시 상록구,음식,44
05-05,13,수요일,16.8,0.0,0.0,1852,경기도,안산시 상록구,음식,39
05-05,14,수요일,17.2,0.0,0.0,1792,경기도,안산시 상록구,음식,37
05-05,15,수요일,17.9,0.0,0.0,1913,경기도,안산시 상록구,음식,27
05-05,16,수요일,17.8,0.0,0.0,1961,경기도,안산시 상록구,음식,22
05-05,17,수요일,17.0,0.0,0.0,1948,경기도,안산시 상록구,음식,40
05-05,18,수요일,15.9,0.0,0.0,2000,경기도,안산시 상록구,음식,63
05-05,19,수요일,14.0,0.0,0.0,1995,경기도,안산시 상록구,음식,60
05-05,20,수요일,12.1,0.0,0.0,2000,경기도,안산시 상록구,음식,50
05-05,21,수요일,11.5,0.0,0.0,2000,경기도,안산시 상록구,음식,30
05-05,22,수요일,10.2,0.0,0.0,1999,경기도,안산시 상록구,음식,37
05-05,23,수요일,10.4,0.0,0.0,1946,경기도,안산시 상록구,음식,23
05-06,0,목요일,10.2,0.0,0.0,1993,경기도,안산시 상록구,음식,18
05-06,1,목요일,9.2,0.0,0.0,1833,경기도,안산시 상록구,음식,5
05-06,2,목요일,7.9,0.0,0.0,1821,경기도,안산시 상록구,음식,6
05-06,10,목요일,17.9,0.0,0.0,1903,경기도,안산시 상록구,음식,12
05-06,11,목요일,18.8,0.0,0.0,1985,경기도,안산시 상록구,음식,17
05-06,12,목요일,19.9,0.0,0.0,1967,경기도,안산시 상록구,음식,24
05-06,13,목요일,21.7,0.0,0.0,2005,경기도,안산시 상록구,음식,15
05-06,14,목요일,22.4,0.0,0.0,1679,경기도,안산시 상록구,음식,15
05-06,15,목요일,22.2,0.0,0.0,1823,경기도,안산시 상록구,음식,7
05-06,16,목요일,21.7,0.0,0.0,1653,경기도,안산시 상록구,음식,11
05-06,17,목요일,20.1,0.0,0.0,1915,경기도,안산시 상록구,음식,19
05-06,18,목요일,19.8,0.0,0.0,1964,경기도,안산시 상록구,음식,39
05-06,19,목요일,18.7,0.0,0.0,1950,경기도,안산시 상록구,음식,42
05-06,20,목요일,17.3,0.0,0.0,2000,경기도,안산시 상록구,음식,33
05-06,21,목요일,17.3,0.0,0.0,2000,경기도,안산시 상록구,음식,34
05-06,22,목요일,16.6,0.0,0.0,2000,경기도,안산시 상록구,음식,29
05-06,23,목요일,15.0,0.0,0.0,2000,경기도,안산시 상록구,음식,12
05-07,0,금요일,13.0,0.0,0.0,2000,경기도,안산시 상록구,음식,7
05-07,1,금요일,12.3,0.0,0.0,2000,경기도,안산시 상록구,음식,4
05-07,2,금요일,11.2,0.0,0.0,2000,경기도,안산시 상록구,음식,4
05-07,10,금요일,15.8,0.2,0.0,779,경기도,안산시 상록구,음식,13
05-07,11,금요일,14.5,8.7,0.0,945,경기도,안산시 상록구,음식,18
05-07,12,금요일,14.5,0.0,0.0,562,경기도,안산시 상록구,음식,41
05-07,13,금요일,15.9,0.0,0.0,717,경기도,안산시 상록구,음식,9
05-07,14,금요일,15.7,0.0,0.0,541,경기도,안산시 상록구,음식,23
05-07,15,금요일,15.2,0.0,0.0,478,경기도,안산시 상록구,음식,12
05-07,16,금요일,15.2,0.0,0.0,533,경기도,안산시 상록구,음식,13
05-07,17,금요일,15.2,0.0,0.0,511,경기도,안산시 상록구,음식,32
05-07,18,금요일,14.1,0.0,0.0,487,경기도,안산시 상록구,음식,49
05-07,19,금요일,12.7,0.0,0.0,515,경기도,안산시 상록구,음식,63
05-07,20,금요일,11.6,0.0,0.0,409,경기도,안산시 상록구,음식,44
05-07,21,금요일,10.9,0.0,0.0,405,경기도,안산시 상록구,음식,34
05-07,22,금요일,10.5,0.0,0.0,372,경기도,안산시 상록구,음식,38
05-07,23,금요일,10.2,0.0,0.0,372,경기도,안산시 상록구,음식,22
05-08,0,토요일,10.2,0.0,0.0,383,경기도,안산시 상록구,음식,21
05-08,1,토요일,10.1,0.0,0.0,282,경기도,안산시 상록구,음식,11
05-08,2,토요일,9.5,0.0,0.0,388,경기도,안산시 상록구,음식,6
05-08,3,토요일,9.0,0.0,0.0,404,경기도,안산시 상록구,음식,1
05-08,10,토요일,15.5,0.0,0.0,903,경기도,안산시 상록구,음식,19
05-08,11,토요일,17.8,0.0,0.0,615,경기도,안산시 상록구,음식,37
05-08,12,토요일,18.4,0.0,0.0,717,경기도,안산시 상록구,음식,41
05-08,13,토요일,19.3,0.0,0.0,779,경기도,안산시 상록구,음식,37
05-08,14,토요일,20.8,0.0,0.0,1121,경기도,안산시 상록구,음식,28
05-08,15,토요일,20.8,0.0,0.0,1208,경기도,안산시 상록구,음식,19
05-08,16,토요일,20.2,0.0,0.0,1158,경기도,안산시 상록구,음식,31
05-08,17,토요일,18.9,0.0,0.0,939,경기도,안산시 상록구,음식,50
05-08,18,토요일,17.1,0.0,0.0,821,경기도,안산시 상록구,음식,70
05-08,19,토요일,15.1,0.0,0.0,727,경기도,안산시 상록구,음식,55
05-08,20,토요일,13.7,0.0,0.0,644,경기도,안산시 상록구,음식,50
05-08,21,토요일,12.7,0.0,0.0,618,경기도,안산시 상록구,음식,54
05-08,22,토요일,12.2,0.0,0.0,586,경기도,안산시 상록구,음식,31
05-08,23,토요일,11.6,0.0,0.0,582,경기도,안산시 상록구,음식,34
05-09,0,일요일,10.6,0.0,0.0,768,경기도,안산시 상록구,음식,12
05-09,1,일요일,10.7,0.0,0.0,957,경기도,안산시 상록구,음식,9
05-09,2,일요일,10.5,0.0,0.0,1023,경기도,안산시 상록구,음식,3
05-09,10,일요일,17.3,0.0,0.0,1990,경기도,안산시 상록구,음식,30
05-09,11,일요일,19.2,0.0,0.0,1997,경기도,안산시 상록구,음식,32
05-09,12,일요일,19.7,0.0,0.0,1975,경기도,안산시 상록구,음식,59
05-09,13,일요일,20.3,0.0,0.0,1997,경기도,안산시 상록구,음식,44
05-09,14,일요일,20.1,0.0,0.0,2000,경기도,안산시 상록구,음식,23
05-09,15,일요일,20.4,0.0,0.0,1991,경기도,안산시 상록구,음식,22
05-09,16,일요일,20.8,0.0,0.0,2000,경기도,안산시 상록구,음식,36
05-09,17,일요일,19.9,0.0,0.0,2000,경기도,안산시 상록구,음식,53
05-09,18,일요일,17.8,0.0,0.0,2000,경기도,안산시 상록구,음식,42
05-09,19,일요일,16.4,0.0,0.0,2000,경기도,안산시 상록구,음식,53
05-09,20,일요일,14.3,0.0,0.0,2000,경기도,안산시 상록구,음식,46
05-09,21,일요일,12.8,0.0,0.0,2000,경기도,안산시 상록구,음식,34
05-09,22,일요일,12.0,0.0,0.0,2000,경기도,안산시 상록구,음식,30
05-09,23,일요일,11.0,0.0,0.0,1954,경기도,안산시 상록구,음식,19
05-10,0,월요일,10.2,0.0,0.0,2000,경기도,안산시 상록구,음식,1
05-10,1,월요일,9.7,0.0,0.0,2000,경기도,안산시 상록구,음식,1
05-10,2,월요일,9.3,0.0,0.0,2000,경기도,안산시 상록구,음식,3
05-10,10,월요일,10.5,1.6,0.0,1652,경기도,안산시 상록구,음식,17
05-10,11,월요일,11.3,0.7,0.0,1183,경기도,안산시 상록구,음식,23
05-10,12,월요일,11.6,0.1,0.0,2000,경기도,안산시 상록구,음식,26
05-10,13,월요일,12.0,0.6,0.0,1956,경기도,안산시 상록구,음식,16
05-10,14,월요일,12.5,0.3,0.0,1978,경기도,안산시 상록구,음식,27
05-10,15,월요일,12.9,0.0,0.0,2000,경기도,안산시 상록구,음식,19
05-10,16,월요일,13.3,0.0,0.0,2000,경기도,안산시 상록구,음식,17
05-10,17,월요일,13.2,0.0,0.0,2000,경기도,안산시 상록구,음식,27
05-10,18,월요일,13.4,0.0,0.0,2000,경기도,안산시 상록구,음식,49
05-10,19,월요일,13.2,0.0,0.0,2000,경기도,안산시 상록구,음식,34
05-10,20,월요일,13.1,0.0,0.0,1993,경기도,안산시 상록구,음식,24
05-10,21,월요일,13.0,0.0,0.0,1766,경기도,안산시 상록구,음식,29
05-10,22,월요일,13.0,0.0,0.0,1994,경기도,안산시 상록구,음식,22
05-10,23,월요일,13.1,0.0,0.0,2000,경기도,안산시 상록구,음식,14
05-11,0,화요일,12.8,0.0,0.0,2000,경기도,안산시 상록구,음식,8
05-11,1,화요일,12.9,0.0,0.0,2000,경기도,안산시 상록구,음식,2
05-11,10,화요일,18.7,0.0,0.0,1999,경기도,안산시 상록구,음식,5
05-11,11,화요일,20.3,0.0,0.0,2000,경기도,안산시 상록구,음식,14
05-11,12,화요일,21.7,0.0,0.0,1991,경기도,안산시 상록구,음식,18
05-11,13,화요일,22.7,0.0,0.0,2000,경기도,안산시 상록구,음식,18
05-11,14,화요일,23.3,0.0,0.0,1925,경기도,안산시 상록구,음식,7
05-11,15,화요일,24.0,0.0,0.0,1998,경기도,안산시 상록구,음식,13
05-11,16,화요일,23.8,0.0,0.0,1947,경기도,안산시 상록구,음식,17
05-11,17,화요일,23.4,0.0,0.0,2000,경기도,안산시 상록구,음식,13
05-11,18,화요일,22.8,0.0,0.0,2000,경기도,안산시 상록구,음식,34
05-11,19,화요일,21.5,0.0,0.0,2000,경기도,안산시 상록구,음식,40
05-11,20,화요일,20.8,0.0,0.0,2000,경기도,안산시 상록구,음식,23
05-11,21,화요일,19.8,0.0,0.0,2000,경기도,안산시 상록구,음식,28
05-11,22,화요일,18.5,0.0,0.0,2000,경기도,안산시 상록구,음식,23
05-11,23,화요일,17.8,0.0,0.0,2000,경기도,안산시 상록구,음식,13
05-12,0,수요일,17.6,0.0,0.0,1955,경기도,안산시 상록구,음식,9
05-12,1,수요일,16.4,0.0,0.0,2000,경기도,안산시 상록구,음식,6
05-12,2,수요일,16.3,0.0,0.0,2000,경기도,안산시 상록구,음식,5
05-12,10,수요일,21.2,0.0,0.0,2000,경기도,안산시 상록구,음식,11
05-12,11,수요일,22.2,0.0,0.0,2000,경기도,안산시 상록구,음식,23
05-12,12,수요일,22.4,0.0,0.0,1949,경기도,안산시 상록구,음식,26
05-12,13,수요일,23.3,0.0,0.0,1980,경기도,안산시 상록구,음식,21
05-12,14,수요일,24.7,0.0,0.0,2000,경기도,안산시 상록구,음식,18
05-12,15,수요일,25.7,0.0,0.0,1949,경기도,안산시 상록구,음식,10
05-12,16,수요일,26.7,0.0,0.0,1984,경기도,안산시 상록구,음식,9
05-12,17,수요일,26.4,0.0,0.0,1955,경기도,안산시 상록구,음식,25
05-12,18,수요일,26.3,0.0,0.0,2000,경기도,안산시 상록구,음식,41
05-12,19,수요일,25.4,0.0,0.0,2000,경기도,안산시 상록구,음식,41
05-12,20,수요일,21.5,0.0,0.0,1923,경기도,안산시 상록구,음식,33
05-12,21,수요일,20.0,0.0,0.0,1811,경기도,안산시 상록구,음식,31
05-12,22,수요일,18.3,0.0,0.0,1706,경기도,안산시 상록구,음식,30
05-12,23,수요일,17.8,0.0,0.0,1390,경기도,안산시 상록구,음식,8
05-13,0,목요일,17.1,0.0,0.0,1257,경기도,안산시 상록구,음식,2
05-13,1,목요일,16.2,0.0,0.0,1207,경기도,안산시 상록구,음식,2
05-13,2,목요일,15.0,0.0,0.0,1158,경기도,안산시 상록구,음식,1
05-13,10,목요일,24.3,0.0,0.0,2000,경기도,안산시 상록구,음식,10
05-13,11,목요일,25.0,0.0,0.0,1986,경기도,안산시 상록구,음식,27
05-13,12,목요일,26.1,0.0,0.0,1779,경기도,안산시 상록구,음식,29
05-13,13,목요일,27.1,0.0,0.0,1933,경기도,안산시 상록구,음식,17
05-13,14,목요일,27.7,0.0,0.0,1746,경기도,안산시 상록구,음식,16
05-13,15,목요일,28.3,0.0,0.0,1515,경기도,안산시 상록구,음식,9
05-13,16,목요일,26.9,0.0,0.0,1460,경기도,안산시 상록구,음식,12
05-13,17,목요일,26.5,0.0,0.0,1657,경기도,안산시 상록구,음식,26
05-13,18,목요일,25.3,0.0,0.0,1996,경기도,안산시 상록구,음식,45
05-13,19,목요일,23.2,0.0,0.0,1584,경기도,안산시 상록구,음식,48
05-13,20,목요일,20.7,0.0,0.0,1200,경기도,안산시 상록구,음식,27
05-13,21,목요일,19.0,0.0,0.0,1131,경기도,안산시 상록구,음식,37
05-13,22,목요일,18.4,0.0,0.0,1389,경기도,안산시 상록구,음식,22
05-13,23,목요일,17.7,0.0,0.0,1611,경기도,안산시 상록구,음식,15
05-14,0,금요일,16.9,0.0,0.0,1031,경기도,안산시 상록구,음식,28
05-14,1,금요일,16.3,0.0,0.0,1315,경기도,안산시 상록구,음식,4
05-14,2,금요일,15.8,0.0,0.0,1050,경기도,안산시 상록구,음식,8
05-14,10,금요일,24.2,0.0,0.0,831,경기도,안산시 상록구,음식,14
05-14,11,금요일,25.7,0.0,0.0,1199,경기도,안산시 상록구,음식,64
05-14,12,금요일,27.6,0.0,0.0,2105,경기도,안산시 상록구,음식,66
05-14,13,금요일,28.9,0.0,0.0,1983,경기도,안산시 상록구,음식,38
05-14,14,금요일,28.8,0.0,0.0,1940,경기도,안산시 상록구,음식,48
05-14,15,금요일,29.6,0.0,0.0,1949,경기도,안산시 상록구,음식,20
05-14,16,금요일,29.7,0.0,0.0,1948,경기도,안산시 상록구,음식,28
05-14,17,금요일,29.8,0.0,0.0,1992,경기도,안산시 상록구,음식,56
05-14,18,금요일,25.3,0.0,0.0,1422,경기도,안산시 상록구,음식,100
05-14,19,금요일,21.2,0.0,0.0,1694,경기도,안산시 상록구,음식,100
05-14,20,금요일,20.0,0.0,0.0,1184,경기도,안산시 상록구,음식,94
05-14,21,금요일,19.5,0.0,0.0,1186,경기도,안산시 상록구,음식,82
05-14,22,금요일,19.5,0.0,0.0,1001,경기도,안산시 상록구,음식,64
05-14,23,금요일,18.9,0.0,0.0,1105,경기도,안산시 상록구,음식,44
05-15,0,토요일,18.7,0.0,0.0,1172,경기도,안산시 상록구,음식,12
05-15,1,토요일,19.2,0.0,0.0,1023,경기도,안산시 상록구,음식,7
05-15,2,토요일,19.2,0.0,0.0,734,경기도,안산시 상록구,음식,7
05-15,3,토요일,19.2,0.0,0.0,1741,경기도,안산시 상록구,음식,1
05-16,13,일요일,19.9,3.0,0.0,795,경기도,안산시 상록구,음식,3
05-16,14,일요일,19.7,2.0,0.0,441,경기도,안산시 상록구,음식,2
05-16,15,일요일,19.7,0.8,0.0,1111,경기도,안산시 상록구,음식,7
05-16,16,일요일,19.6,0.8,0.0,296,경기도,안산시 상록구,음식,40
05-16,17,일요일,19.5,1.5,0.0,552,경기도,안산시 상록구,음식,42
05-16,18,일요일,18.3,2.8,0.0,585,경기도,안산시 상록구,음식,78
05-16,19,일요일,17.4,3.0,0.0,367,경기도,안산시 상록구,음식,63
05-16,20,일요일,16.8,1.5,0.0,779,경기도,안산시 상록구,음식,40
05-16,21,일요일,16.9,1.5,0.0,406,경기도,안산시 상록구,음식,55
05-16,22,일요일,16.4,0.4,0.0,1423,경기도,안산시 상록구,음식,27
05-16,23,일요일,16.2,0.0,0.0,2000,경기도,안산시 상록구,음식,18
05-17,0,월요일,15.9,0.0,0.0,1794,경기도,안산시 상록구,음식,13
05-17,1,월요일,15.5,0.0,0.0,2000,경기도,안산시 상록구,음식,3
05-17,2,월요일,15.3,0.0,0.0,2000,경기도,안산시 상록구,음식,5
05-17,10,월요일,15.9,0.0,0.0,1855,경기도,안산시 상록구,음식,8
05-17,11,월요일,15.8,0.1,0.0,459,경기도,안산시 상록구,음식,16
05-17,12,월요일,16.2,0.6,0.0,914,경기도,안산시 상록구,음식,24
05-17,13,월요일,15.8,0.8,0.0,696,경기도,안산시 상록구,음식,20
05-17,14,월요일,15.6,1.5,0.0,480,경기도,안산시 상록구,음식,18
05-17,15,월요일,15.5,0.0,0.0,1402,경기도,안산시 상록구,음식,19
05-17,16,월요일,15.6,0.0,0.0,1017,경기도,안산시 상록구,음식,22
05-17,17,월요일,15.9,0.0,0.0,893,경기도,안산시 상록구,음식,15
05-17,18,월요일,15.9,0.0,0.0,727,경기도,안산시 상록구,음식,44
05-17,19,월요일,15.7,0.0,0.0,870,경기도,안산시 상록구,음식,39
05-17,20,월요일,15.5,0.0,0.0,1635,경기도,안산시 상록구,음식,35
05-17,21,월요일,15.2,0.0,0.0,1333,경기도,안산시 상록구,음식,33
05-17,22,월요일,15.1,0.0,0.0,1490,경기도,안산시 상록구,음식,20
05-17,23,월요일,14.1,0.0,0.0,753,경기도,안산시 상록구,음식,17
05-18,0,화요일,13.5,0.0,0.0,833,경기도,안산시 상록구,음식,10
05-18,1,화요일,13.1,0.0,0.0,409,경기도,안산시 상록구,음식,3
05-18,2,화요일,13.2,0.0,0.0,686,경기도,안산시 상록구,음식,14
05-18,10,화요일,17.2,0.0,0.0,1728,경기도,안산시 상록구,음식,12
05-18,11,화요일,18.4,0.0,0.0,1365,경기도,안산시 상록구,음식,19
05-18,12,화요일,20.3,0.0,0.0,1416,경기도,안산시 상록구,음식,24
05-18,13,화요일,21.1,0.0,0.0,1501,경기도,안산시 상록구,음식,18
05-18,14,화요일,22.4,0.0,0.0,1774,경기도,안산시 상록구,음식,23
05-18,15,화요일,22.3,0.0,0.0,1492,경기도,안산시 상록구,음식,13
05-18,16,화요일,23.2,0.0,0.0,1999,경기도,안산시 상록구,음식,15
05-18,17,화요일,23.2,0.0,0.0,2000,경기도,안산시 상록구,음식,28
05-18,18,화요일,21.6,0.0,0.0,2000,경기도,안산시 상록구,음식,39
05-18,19,화요일,20.0,0.0,0.0,2000,경기도,안산시 상록구,음식,53
05-18,20,화요일,17.6,0.0,0.0,2000,경기도,안산시 상록구,음식,46
05-18,21,화요일,15.8,0.0,0.0,2000,경기도,안산시 상록구,음식,48
05-18,22,화요일,14.5,0.0,0.0,1999,경기도,안산시 상록구,음식,32
05-18,23,화요일,13.9,0.0,0.0,2000,경기도,안산시 상록구,음식,16
05-19,0,수요일,13.1,0.0,0.0,1867,경기도,안산시 상록구,음식,13
05-19,1,수요일,12.6,0.0,0.0,1950,경기도,안산시 상록구,음식,7
05-19,10,수요일,20.5,0.0,0.0,1443,경기도,안산시 상록구,음식,19
05-19,11,수요일,22.5,0.0,0.0,1768,경기도,안산시 상록구,음식,30
05-19,12,수요일,23.7,0.0,0.0,1761,경기도,안산시 상록구,음식,58
05-19,13,수요일,25.2,0.0,0.0,1843,경기도,안산시 상록구,음식,34
05-19,14,수요일,25.8,0.0,0.0,1899,경기도,안산시 상록구,음식,28
05-19,15,수요일,25.6,0.0,0.0,1983,경기도,안산시 상록구,음식,29
05-19,16,수요일,25.6,0.0,0.0,1995,경기도,안산시 상록구,음식,24
05-19,17,수요일,25.1,0.0,0.0,2000,경기도,안산시 상록구,음식,33
05-19,18,수요일,24.5,0.0,0.0,1997,경기도,안산시 상록구,음식,45
05-19,19,수요일,22.3,0.0,0.0,1982,경기도,안산시 상록구,음식,48
05-19,20,수요일,19.8,0.0,0.0,1821,경기도,안산시 상록구,음식,42
05-19,21,수요일,19.2,0.0,0.0,1634,경기도,안산시 상록구,음식,37
05-19,22,수요일,18.6,0.0,0.0,1285,경기도,안산시 상록구,음식,27
05-19,23,수요일,17.7,0.0,0.0,1258,경기도,안산시 상록구,음식,23
05-20,0,목요일,16.9,0.0,0.0,1163,경기도,안산시 상록구,음식,6
05-20,1,목요일,16.8,0.0,0.0,1566,경기도,안산시 상록구,음식,5
05-20,2,목요일,16.3,0.0,0.0,1657,경기도,안산시 상록구,음식,3
05-20,10,목요일,20.8,0.0,0.0,2000,경기도,안산시 상록구,음식,11
05-20,11,목요일,22.6,0.0,0.0,1997,경기도,안산시 상록구,음식,23
05-20,12,목요일,22.8,0.0,0.0,2000,경기도,안산시 상록구,음식,25
05-20,13,목요일,22.8,0.0,0.0,2000,경기도,안산시 상록구,음식,23
05-20,14,목요일,22.9,0.0,0.0,2000,경기도,안산시 상록구,음식,13
05-20,15,목요일,21.7,0.0,0.0,2000,경기도,안산시 상록구,음식,7
05-20,16,목요일,20.8,0.0,0.0,2000,경기도,안산시 상록구,음식,20
05-20,17,목요일,18.8,0.0,0.0,2000,경기도,안산시 상록구,음식,22
05-20,18,목요일,19.1,0.0,0.0,2000,경기도,안산시 상록구,음식,41
05-20,19,목요일,19.5,0.0,0.0,2000,경기도,안산시 상록구,음식,59
05-20,20,목요일,16.7,1.0,0.0,1063,경기도,안산시 상록구,음식,44
05-20,21,목요일,15.3,1.2,0.0,714,경기도,안산시 상록구,음식,38
05-20,22,목요일,15.0,3.2,0.0,211,경기도,안산시 상록구,음식,29
05-20,23,목요일,14.6,4.7,0.0,587,경기도,안산시 상록구,음식,16
05-21,0,금요일,14.6,1.5,0.0,1003,경기도,안산시 상록구,음식,10
05-21,1,금요일,14.7,1.2,0.0,1018,경기도,안산시 상록구,음식,5
05-21,2,금요일,14.5,1.3,0.0,755,경기도,안산시 상록구,음식,1
05-21,10,금요일,15.2,0.2,0.0,1433,경기도,안산시 상록구,음식,15
05-21,11,금요일,15.8,0.0,0.0,2001,경기도,안산시 상록구,음식,24
05-21,12,금요일,15.8,0.0,0.0,1174,경기도,안산시 상록구,음식,22
05-21,13,금요일,16.4,0.0,0.0,1998,경기도,안산시 상록구,음식,14
05-21,14,금요일,16.6,0.0,0.0,2000,경기도,안산시 상록구,음식,13
05-21,15,금요일,16.7,0.0,0.0,1901,경기도,안산시 상록구,음식,10
05-21,16,금요일,15.7,1.1,0.0,632,경기도,안산시 상록구,음식,16
05-21,17,금요일,15.6,0.7,0.0,487,경기도,안산시 상록구,음식,30
05-21,18,금요일,16.0,0.0,0.0,1864,경기도,안산시 상록구,음식,44
05-21,19,금요일,16.2,0.0,0.0,1857,경기도,안산시 상록구,음식,51
05-21,20,금요일,15.4,0.0,0.0,1972,경기도,안산시 상록구,음식,53
05-21,21,금요일,14.8,0.0,0.0,1905,경기도,안산시 상록구,음식,40
05-21,22,금요일,14.2,0.0,0.0,1045,경기도,안산시 상록구,음식,43
05-21,23,금요일,13.7,0.0,0.0,1997,경기도,안산시 상록구,음식,29
05-22,0,토요일,13.4,0.0,0.0,1877,경기도,안산시 상록구,음식,9
05-22,1,토요일,13.3,0.0,0.0,1100,경기도,안산시 상록구,음식,5
05-22,2,토요일,13.4,0.0,0.0,1480,경기도,안산시 상록구,음식,5
05-22,10,토요일,18.9,0.0,0.0,1885,경기도,안산시 상록구,음식,16
05-22,11,토요일,20.2,0.0,0.0,1959,경기도,안산시 상록구,음식,30
05-22,12,토요일,22.1,0.0,0.0,1999,경기도,안산시 상록구,음식,52
05-22,13,토요일,22.3,0.0,0.0,2000,경기도,안산시 상록구,음식,36
05-22,14,토요일,22.4,0.0,0.0,1997,경기도,안산시 상록구,음식,29
05-22,15,토요일,22.8,0.0,0.0,2000,경기도,안산시 상록구,음식,19
05-22,16,토요일,22.8,0.0,0.0,2000,경기도,안산시 상록구,음식,22
05-22,17,토요일,22.4,0.0,0.0,2000,경기도,안산시 상록구,음식,40
05-22,18,토요일,20.6,0.0,0.0,2000,경기도,안산시 상록구,음식,56
05-22,19,토요일,18.9,0.0,0.0,2000,경기도,안산시 상록구,음식,67
05-22,20,토요일,17.4,0.0,0.0,1908,경기도,안산시 상록구,음식,46
05-22,21,토요일,16.5,0.0,0.0,1806,경기도,안산시 상록구,음식,44
05-22,22,토요일,15.9,0.0,0.0,1541,경기도,안산시 상록구,음식,28
05-22,23,토요일,15.3,0.0,0.0,1522,경기도,안산시 상록구,음식,20
05-23,0,일요일,14.3,0.0,0.0,1133,경기도,안산시 상록구,음식,15
05-23,1,일요일,13.7,0.0,0.0,752,경기도,안산시 상록구,음식,11
05-23,2,일요일,13.2,0.0,0.0,530,경기도,안산시 상록구,음식,6
05-23,10,일요일,20.2,0.0,0.0,1298,경기도,안산시 상록구,음식,24
05-23,11,일요일,22.0,0.0,0.0,1923,경기도,안산시 상록구,음식,41
05-23,12,일요일,23.8,0.0,0.0,1943,경기도,안산시 상록구,음식,39
05-23,13,일요일,24.6,0.0,0.0,1972,경기도,안산시 상록구,음식,32
05-23,14,일요일,24.6,0.0,0.0,1996,경기도,안산시 상록구,음식,30
05-23,15,일요일,24.4,0.0,0.0,2013,경기도,안산시 상록구,음식,31
05-23,16,일요일,23.4,0.0,0.0,1817,경기도,안산시 상록구,음식,32
05-23,17,일요일,22.4,0.0,0.0,2000,경기도,안산시 상록구,음식,47
05-23,18,일요일,21.3,0.0,0.0,1983,경기도,안산시 상록구,음식,76
05-23,19,일요일,20.8,0.0,0.0,1936,경기도,안산시 상록구,음식,49
05-23,20,일요일,18.9,0.0,0.0,1128,경기도,안산시 상록구,음식,57
05-23,21,일요일,18.8,0.0,0.0,1391,경기도,안산시 상록구,음식,29
05-23,22,일요일,17.4,0.0,0.0,1069,경기도,안산시 상록구,음식,30
05-23,23,일요일,17.1,0.0,0.0,1168,경기도,안산시 상록구,음식,12
05-24,0,월요일,17.3,0.0,0.0,1469,경기도,안산시 상록구,음식,5
05-24,1,월요일,17.1,0.0,0.0,1972,경기도,안산시 상록구,음식,3
05-24,2,월요일,16.5,0.0,0.0,1186,경기도,안산시 상록구,음식,2
05-24,10,월요일,18.4,0.0,0.0,759,경기도,안산시 상록구,음식,11
05-24,11,월요일,20.1,0.0,0.0,987,경기도,안산시 상록구,음식,8
05-24,12,월요일,21.9,0.0,0.0,967,경기도,안산시 상록구,음식,16
05-24,13,월요일,22.6,0.0,0.0,1802,경기도,안산시 상록구,음식,19
05-24,14,월요일,23.3,0.0,0.0,1846,경기도,안산시 상록구,음식,10
05-24,15,월요일,23.5,0.0,0.0,1042,경기도,안산시 상록구,음식,10
05-24,16,월요일,23.3,0.0,0.0,1127,경기도,안산시 상록구,음식,15
05-24,17,월요일,22.2,0.0,0.0,978,경기도,안산시 상록구,음식,19
05-24,18,월요일,19.1,0.0,0.0,1201,경기도,안산시 상록구,음식,29
05-24,19,월요일,17.5,0.0,0.0,943,경기도,안산시 상록구,음식,43
05-24,20,월요일,16.9,0.0,0.0,891,경기도,안산시 상록구,음식,36
05-24,21,월요일,16.5,0.0,0.0,846,경기도,안산시 상록구,음식,29
05-24,22,월요일,15.5,0.0,0.0,818,경기도,안산시 상록구,음식,20
05-24,23,월요일,15.1,0.0,0.0,747,경기도,안산시 상록구,음식,16
05-25,0,화요일,13.7,0.0,0.0,747,경기도,안산시 상록구,음식,6
05-25,1,화요일,14.2,0.0,0.0,569,경기도,안산시 상록구,음식,4
05-25,2,화요일,14.1,0.0,0.0,521,경기도,안산시 상록구,음식,1
05-25,10,화요일,13.8,0.0,0.0,1152,경기도,안산시 상록구,음식,10
05-25,11,화요일,15.8,0.0,0.0,1589,경기도,안산시 상록구,음식,22
05-25,12,화요일,17.1,0.0,0.0,1855,경기도,안산시 상록구,음식,26
05-25,13,화요일,16.9,0.0,0.0,1957,경기도,안산시 상록구,음식,19
05-25,14,화요일,16.8,0.0,0.0,1990,경기도,안산시 상록구,음식,16
05-25,15,화요일,17.8,0.0,0.0,1968,경기도,안산시 상록구,음식,16
05-25,16,화요일,17.7,0.0,0.0,1929,경기도,안산시 상록구,음식,11
05-25,17,화요일,17.5,0.0,0.0,1970,경기도,안산시 상록구,음식,31
05-25,18,화요일,17.9,0.0,0.0,2000,경기도,안산시 상록구,음식,56
05-25,19,화요일,16.6,0.0,0.0,2000,경기도,안산시 상록구,음식,46
05-25,20,화요일,14.9,0.0,0.0,1977,경기도,안산시 상록구,음식,40
05-25,21,화요일,14.0,0.0,0.0,1693,경기도,안산시 상록구,음식,36
05-25,22,화요일,13.0,0.0,0.0,1628,경기도,안산시 상록구,음식,21
05-25,23,화요일,13.0,0.0,0.0,1453,경기도,안산시 상록구,음식,22
05-26,0,수요일,11.9,0.0,0.0,1100,경기도,안산시 상록구,음식,11
05-26,1,수요일,12.0,0.0,0.0,1165,경기도,안산시 상록구,음식,6
05-26,2,수요일,12.1,0.0,0.0,1260,경기도,안산시 상록구,음식,3
05-26,10,수요일,17.6,0.0,0.0,1797,경기도,안산시 상록구,음식,11
05-26,11,수요일,19.5,0.0,0.0,1929,경기도,안산시 상록구,음식,19
05-26,12,수요일,21.1,0.0,0.0,2000,경기도,안산시 상록구,음식,27
05-26,13,수요일,22.2,0.0,0.0,2000,경기도,안산시 상록구,음식,18
05-26,14,수요일,23.3,0.0,0.0,1999,경기도,안산시 상록구,음식,14
05-26,15,수요일,23.2,0.0,0.0,2000,경기도,안산시 상록구,음식,9
05-26,16,수요일,22.7,0.0,0.0,2000,경기도,안산시 상록구,음식,19
05-26,17,수요일,22.0,0.0,0.0,2000,경기도,안산시 상록구,음식,20
05-26,18,수요일,21.9,0.0,0.0,2000,경기도,안산시 상록구,음식,43
05-26,19,수요일,20.9,0.0,0.0,2000,경기도,안산시 상록구,음식,42
05-26,20,수요일,19.5,0.0,0.0,2011,경기도,안산시 상록구,음식,29
05-26,21,수요일,18.1,0.0,0.0,2000,경기도,안산시 상록구,음식,34
05-26,22,수요일,19.3,0.0,0.0,2016,경기도,안산시 상록구,음식,25
05-26,23,수요일,19.2,0.0,0.0,2000,경기도,안산시 상록구,음식,14
05-27,0,목요일,17.6,0.0,0.0,2000,경기도,안산시 상록구,음식,10
05-27,2,목요일,16.1,0.0,0.0,2000,경기도,안산시 상록구,음식,1
05-27,10,목요일,14.9,0.4,0.0,658,경기도,안산시 상록구,음식,13
05-27,11,목요일,15.6,0.1,0.0,674,경기도,안산시 상록구,음식,25
05-27,12,목요일,15.8,0.2,0.0,686,경기도,안산시 상록구,음식,25
05-27,13,목요일,15.9,0.0,0.0,541,경기도,안산시 상록구,음식,13
05-27,14,목요일,15.4,0.0,0.0,1114,경기도,안산시 상록구,음식,17
05-27,15,목요일,16.5,0.0,0.0,1428,경기도,안산시 상록구,음식,6
05-27,16,목요일,17.5,0.0,0.0,1384,경기도,안산시 상록구,음식,17
05-27,17,목요일,16.7,0.0,0.0,797,경기도,안산시 상록구,음식,33
05-27,18,목요일,16.9,0.0,0.0,955,경기도,안산시 상록구,음식,49
05-27,19,목요일,16.7,0.0,0.0,1352,경기도,안산시 상록구,음식,26
05-27,20,목요일,15.3,0.0,0.0,606,경기도,안산시 상록구,음식,43
05-27,21,목요일,13.9,0.0,0.0,975,경기도,안산시 상록구,음식,43
05-27,22,목요일,13.7,0.0,0.0,565,경기도,안산시 상록구,음식,33
05-27,23,목요일,13.4,0.0,0.0,472,경기도,안산시 상록구,음식,13
05-28,0,금요일,13.3,0.0,0.0,450,경기도,안산시 상록구,음식,11
05-28,1,금요일,12.8,0.0,0.0,237,경기도,안산시 상록구,음식,6
05-28,10,금요일,12.3,4.1,0.0,758,경기도,안산시 상록구,음식,19
05-28,11,금요일,13.4,0.2,0.0,1946,경기도,안산시 상록구,음식,18
05-28,12,금요일,14.0,0.0,0.0,1993,경기도,안산시 상록구,음식,26
05-28,13,금요일,15.3,0.0,0.0,1901,경기도,안산시 상록구,음식,19
05-28,14,금요일,17.8,0.0,0.0,1931,경기도,안산시 상록구,음식,12
05-28,15,금요일,18.5,0.0,0.0,1856,경기도,안산시 상록구,음식,6
05-28,16,금요일,18.7,0.0,0.0,1545,경기도,안산시 상록구,음식,22
05-28,17,금요일,19.4,0.0,0.0,1913,경기도,안산시 상록구,음식,27
05-28,18,금요일,17.4,0.0,0.0,1251,경기도,안산시 상록구,음식,33
05-28,19,금요일,16.4,0.0,0.0,1143,경기도,안산시 상록구,음식,41
05-28,20,금요일,15.7,0.0,0.0,825,경기도,안산시 상록구,음식,53
05-28,21,금요일,15.1,0.0,0.0,774,경기도,안산시 상록구,음식,30
05-28,22,금요일,14.9,0.0,0.0,919,경기도,안산시 상록구,음식,26
05-28,23,금요일,14.7,0.0,0.0,1086,경기도,안산시 상록구,음식,20
05-29,0,토요일,14.7,0.0,0.0,1908,경기도,안산시 상록구,음식,11
05-29,1,토요일,14.3,0.0,0.0,1539,경기도,안산시 상록구,음식,9
05-29,2,토요일,14.0,0.0,0.0,1843,경기도,안산시 상록구,음식,3
05-29,10,토요일,18.7,0.0,0.0,1948,경기도,안산시 상록구,음식,21
05-29,11,토요일,19.7,0.0,0.0,1981,경기도,안산시 상록구,음식,26
05-29,12,토요일,20.5,0.0,0.0,2000,경기도,안산시 상록구,음식,35
05-29,13,토요일,19.9,0.0,0.0,2030,경기도,안산시 상록구,음식,33
05-29,14,토요일,18.8,0.0,0.0,1993,경기도,안산시 상록구,음식,18
05-29,15,토요일,19.5,0.0,0.0,2000,경기도,안산시 상록구,음식,13
05-29,16,토요일,19.3,0.0,0.0,2000,경기도,안산시 상록구,음식,22
05-29,17,토요일,17.9,0.0,0.0,1996,경기도,안산시 상록구,음식,47
05-29,18,토요일,16.7,0.0,0.0,2000,경기도,안산시 상록구,음식,55
05-29,19,토요일,16.5,0.0,0.0,2000,경기도,안산시 상록구,음식,61
05-29,20,토요일,16.0,0.0,0.0,1955,경기도,안산시 상록구,음식,37
05-29,21,토요일,15.7,0.0,0.0,2000,경기도,안산시 상록구,음식,39
05-29,22,토요일,14.5,0.0,0.0,2000,경기도,안산시 상록구,음식,40
05-29,23,토요일,13.5,0.0,0.0,1820,경기도,안산시 상록구,음식,23
05-30,0,일요일,13.3,0.0,0.0,1888,경기도,안산시 상록구,음식,11
05-30,1,일요일,12.8,0.0,0.0,1784,경기도,안산시 상록구,음식,11
05-30,2,일요일,12.2,0.0,0.0,1841,경기도,안산시 상록구,음식,5
05-30,10,일요일,19.1,0.0,0.0,1982,경기도,안산시 상록구,음식,30
05-30,11,일요일,21.1,0.0,0.0,1990,경기도,안산시 상록구,음식,31
05-30,12,일요일,22.8,0.0,0.0,2000,경기도,안산시 상록구,음식,44
05-30,13,일요일,23.7,0.0,0.0,2000,경기도,안산시 상록구,음식,39
05-30,14,일요일,25.3,0.0,0.0,2000,경기도,안산시 상록구,음식,28
05-30,15,일요일,26.0,0.0,0.0,1978,경기도,안산시 상록구,음식,26
05-30,16,일요일,26.4,0.0,0.0,2000,경기도,안산시 상록구,음식,33
05-30,17,일요일,26.1,0.0,0.0,2000,경기도,안산시 상록구,음식,50
05-30,18,일요일,25.6,0.0,0.0,2000,경기도,안산시 상록구,음식,62
05-30,19,일요일,24.6,0.0,0.0,2001,경기도,안산시 상록구,음식,61
05-30,20,일요일,16.6,5.7,0.0,863,경기도,안산시 상록구,음식,63
05-30,21,일요일,17.2,0.0,0.0,680,경기도,안산시 상록구,음식,31
05-30,22,일요일,17.2,0.0,0.0,720,경기도,안산시 상록구,음식,23
05-30,23,일요일,17.2,1.2,0.0,811,경기도,안산시 상록구,음식,17
05-31,0,월요일,16.8,11.8,0.0,400,경기도,안산시 상록구,음식,3
05-31,1,월요일,17.0,3.8,0.0,970,경기도,안산시 상록구,음식,4
05-31,2,월요일,17.1,0.6,0.0,1080,경기도,안산시 상록구,음식,1
05-31,10,월요일,19.3,0.0,0.0,1700,경기도,안산시 상록구,음식,10
05-31,11,월요일,20.8,0.0,0.0,2000,경기도,안산시 상록구,음식,14
05-31,12,월요일,21.7,0.0,0.0,2000,경기도,안산시 상록구,음식,35
05-31,13,월요일,22.6,0.0,0.0,2000,경기도,안산시 상록구,음식,18
05-31,14,월요일,23.4,0.0,0.0,1500,경기도,안산시 상록구,음식,21
05-31,15,월요일,24.4,0.0,0.0,1634,경기도,안산시 상록구,음식,13
05-31,16,월요일,23.8,0.0,0.0,1799,경기도,안산시 상록구,음식,19
05-31,17,월요일,23.2,0.0,0.0,2009,경기도,안산시 상록구,음식,28
05-31,18,월요일,23.0,0.0,0.0,2006,경기도,안산시 상록구,음식,39
05-31,19,월요일,22.8,0.0,0.0,2000,경기도,안산시 상록구,음식,44
05-31,20,월요일,22.6,0.0,0.0,2000,경기도,안산시 상록구,음식,38
05-31,21,월요일,21.8,0.0,0.0,1933,경기도,안산시 상록구,음식,26
05-31,22,월요일,20.4,0.0,0.0,1940,경기도,안산시 상록구,음식,22
05-31,23,월요일,18.8,0.0,0.0,1988,경기도,안산시 상록구,음식,20
06-01,0,화요일,18.6,0.0,0.0,1851,경기도,안산시 상록구,음식,9
06-01,1,화요일,17.6,0.0,0.0,1817,경기도,안산시 상록구,음식,4
06-01,2,화요일,17.4,0.0,0.0,1386,경기도,안산시 상록구,음식,7
06-01,3,화요일,18.0,0.0,0.0,1877,경기도,안산시 상록구,음식,1
06-01,10,화요일,22.0,0.0,0.0,1880,경기도,안산시 상록구,음식,16
06-01,11,화요일,24.0,0.0,0.0,1926,경기도,안산시 상록구,음식,28
06-01,12,화요일,24.6,0.0,0.0,1553,경기도,안산시 상록구,음식,31
06-01,13,화요일,25.1,0.0,0.0,1950,경기도,안산시 상록구,음식,15
06-01,14,화요일,24.6,0.0,0.0,1997,경기도,안산시 상록구,음식,14
06-01,15,화요일,24.6,0.0,0.0,2000,경기도,안산시 상록구,음식,7
06-01,16,화요일,24.5,0.0,0.0,2000,경기도,안산시 상록구,음식,13
06-01,17,화요일,24.1,0.0,0.0,1991,경기도,안산시 상록구,음식,25
06-01,18,화요일,24.5,0.0,0.0,2000,경기도,안산시 상록구,음식,50
06-01,19,화요일,24.0,0.0,0.0,2000,경기도,안산시 상록구,음식,52
06-01,20,화요일,22.5,0.0,0.0,2000,경기도,안산시 상록구,음식,38
06-01,21,화요일,21.6,0.0,0.0,1959,경기도,안산시 상록구,음식,32
06-01,22,화요일,20.5,0.0,0.0,1576,경기도,안산시 상록구,음식,13
06-01,23,화요일,20.2,0.0,0.0,1884,경기도,안산시 상록구,음식,13
06-02,0,수요일,19.2,0.0,0.0,1122,경기도,안산시 상록구,음식,8
06-02,1,수요일,18.4,0.0,0.0,771,경기도,안산시 상록구,음식,2
06-02,2,수요일,17.7,0.0,0.0,869,경기도,안산시 상록구,음식,3
06-02,10,수요일,25.6,0.0,0.0,1946,경기도,안산시 상록구,음식,13
06-02,11,수요일,27.3,0.0,0.0,1997,경기도,안산시 상록구,음식,29
06-02,12,수요일,27.8,0.0,0.0,1977,경기도,안산시 상록구,음식,31
06-02,13,수요일,28.4,0.0,0.0,1976,경기도,안산시 상록구,음식,19
06-02,14,수요일,28.9,0.0,0.0,1940,경기도,안산시 상록구,음식,15
06-02,15,수요일,29.6,0.0,0.0,1999,경기도,안산시 상록구,음식,11
06-02,16,수요일,29.3,0.0,0.0,2000,경기도,안산시 상록구,음식,11
06-02,17,수요일,28.8,0.0,0.0,1977,경기도,안산시 상록구,음식,20
06-02,18,수요일,27.6,0.0,0.0,2000,경기도,안산시 상록구,음식,50
06-02,19,수요일,25.6,0.0,0.0,2000,경기도,안산시 상록구,음식,58
06-02,20,수요일,23.6,0.0,0.0,2000,경기도,안산시 상록구,음식,39
06-02,21,수요일,21.7,0.0,0.0,2000,경기도,안산시 상록구,음식,25
06-02,22,수요일,20.7,0.0,0.0,2000,경기도,안산시 상록구,음식,18
06-02,23,수요일,20.6,0.0,0.0,2000,경기도,안산시 상록구,음식,4
06-03,0,목요일,19.8,0.0,0.0,1986,경기도,안산시 상록구,음식,7
06-03,1,목요일,19.2,0.0,0.0,1792,경기도,안산시 상록구,음식,1
06-03,2,목요일,18.7,0.0,0.0,1932,경기도,안산시 상록구,음식,2
06-03,10,목요일,21.9,0.0,0.0,1978,경기도,안산시 상록구,음식,6
06-03,11,목요일,22.4,0.0,0.0,1907,경기도,안산시 상록구,음식,20
06-03,12,목요일,21.7,0.0,0.0,1606,경기도,안산시 상록구,음식,23
06-03,13,목요일,19.1,0.4,0.0,998,경기도,안산시 상록구,음식,19
06-03,14,목요일,18.5,0.4,0.0,802,경기도,안산시 상록구,음식,22
06-03,15,목요일,18.5,0.5,0.0,532,경기도,안산시 상록구,음식,11
06-03,16,목요일,18.6,2.9,0.0,578,경기도,안산시 상록구,음식,20
06-03,17,목요일,18.5,3.3,0.0,353,경기도,안산시 상록구,음식,48
06-03,18,목요일,18.5,2.6,0.0,386,경기도,안산시 상록구,음식,47
06-03,19,목요일,18.3,1.7,0.0,497,경기도,안산시 상록구,음식,54
06-03,20,목요일,18.3,1.2,0.0,563,경기도,안산시 상록구,음식,38
06-03,21,목요일,18.1,0.7,0.0,337,경기도,안산시 상록구,음식,34
06-03,22,목요일,14.8,2.7,0.0,1714,경기도,안산시 상록구,음식,17
06-03,23,목요일,14.4,0.5,0.0,1946,경기도,안산시 상록구,음식,12
06-04,0,금요일,14.9,0.3,0.0,2000,경기도,안산시 상록구,음식,9
06-04,1,금요일,14.3,0.0,0.0,2000,경기도,안산시 상록구,음식,4
06-04,2,금요일,13.8,0.0,0.0,1971,경기도,안산시 상록구,음식,4
06-04,10,금요일,18.1,0.0,0.0,1532,경기도,안산시 상록구,음식,8
06-04,11,금요일,19.3,0.0,0.0,1220,경기도,안산시 상록구,음식,17
06-04,12,금요일,20.4,0.0,0.0,1667,경기도,안산시 상록구,음식,29
06-04,13,금요일,21.9,0.0,0.0,2000,경기도,안산시 상록구,음식,18
06-04,14,금요일,23.3,0.0,0.0,1859,경기도,안산시 상록구,음식,14
06-04,15,금요일,23.4,0.0,0.0,2000,경기도,안산시 상록구,음식,12
06-04,16,금요일,23.7,0.0,0.0,1996,경기도,안산시 상록구,음식,12
06-04,17,금요일,23.2,0.0,0.0,2000,경기도,안산시 상록구,음식,21
06-04,18,금요일,22.4,0.0,0.0,1997,경기도,안산시 상록구,음식,41
06-04,19,금요일,21.3,0.0,0.0,2000,경기도,안산시 상록구,음식,41
06-04,20,금요일,20.1,0.0,0.0,2000,경기도,안산시 상록구,음식,38
06-04,21,금요일,19.0,0.0,0.0,1985,경기도,안산시 상록구,음식,35
06-04,22,금요일,18.2,0.0,0.0,1880,경기도,안산시 상록구,음식,19
06-04,23,금요일,17.4,0.0,0.0,1316,경기도,안산시 상록구,음식,27
06-05,0,토요일,17.0,0.0,0.0,1071,경기도,안산시 상록구,음식,10
06-05,1,토요일,16.4,0.0,0.0,976,경기도,안산시 상록구,음식,5
06-05,10,토요일,18.6,0.0,0.0,1360,경기도,안산시 상록구,음식,16
06-05,11,토요일,21.4,0.0,0.0,1004,경기도,안산시 상록구,음식,31
06-05,12,토요일,22.8,0.0,0.0,691,경기도,안산시 상록구,음식,40
06-05,13,토요일,24.0,0.0,0.0,779,경기도,안산시 상록구,음식,33
06-05,14,토요일,24.8,0.0,0.0,1005,경기도,안산시 상록구,음식,24
06-05,15,토요일,25.4,0.0,0.0,1404,경기도,안산시 상록구,음식,14
06-05,16,토요일,25.4,0.0,0.0,1716,경기도,안산시 상록구,음식,14
06-05,17,토요일,24.7,0.0,0.0,1734,경기도,안산시 상록구,음식,27
06-05,18,토요일,24.1,0.0,0.0,1800,경기도,안산시 상록구,음식,43
06-05,19,토요일,22.8,0.0,0.0,1493,경기도,안산시 상록구,음식,52
06-05,20,토요일,21.4,0.0,0.0,1454,경기도,안산시 상록구,음식,49
06-05,21,토요일,19.9,0.0,0.0,708,경기도,안산시 상록구,음식,28
06-05,22,토요일,19.2,0.0,0.0,683,경기도,안산시 상록구,음식,36
06-05,23,토요일,19.1,0.0,0.0,432,경기도,안산시 상록구,음식,23
06-06,0,일요일,18.5,0.0,0.0,393,경기도,안산시 상록구,음식,11
06-06,1,일요일,18.3,0.0,0.0,408,경기도,안산시 상록구,음식,8
06-06,2,일요일,18.6,0.0,0.0,443,경기도,안산시 상록구,음식,2
06-06,10,일요일,22.9,0.0,0.0,1336,경기도,안산시 상록구,음식,17
06-06,11,일요일,23.7,0.0,0.0,1800,경기도,안산시 상록구,음식,25
06-06,12,일요일,24.2,0.0,0.0,1762,경기도,안산시 상록구,음식,38
06-06,13,일요일,25.5,0.0,0.0,2005,경기도,안산시 상록구,음식,26
06-06,14,일요일,26.0,0.0,0.0,1844,경기도,안산시 상록구,음식,26
06-06,15,일요일,26.6,0.0,0.0,1862,경기도,안산시 상록구,음식,15
06-06,16,일요일,27.0,0.0,0.0,1851,경기도,안산시 상록구,음식,24
06-06,17,일요일,26.7,0.0,0.0,1916,경기도,안산시 상록구,음식,34
06-06,18,일요일,26.3,0.0,0.0,1936,경기도,안산시 상록구,음식,61
06-06,19,일요일,25.6,0.0,0.0,1994,경기도,안산시 상록구,음식,45
06-06,20,일요일,23.6,0.0,0.0,1728,경기도,안산시 상록구,음식,37
06-06,21,일요일,21.9,0.0,0.0,1874,경기도,안산시 상록구,음식,28
06-06,22,일요일,21.1,0.0,0.0,1670,경기도,안산시 상록구,음식,29
06-06,23,일요일,19.9,0.0,0.0,1636,경기도,안산시 상록구,음식,14
06-07,0,월요일,19.0,0.0,0.0,1399,경기도,안산시 상록구,음식,11
06-07,1,월요일,19.4,0.0,0.0,1762,경기도,안산시 상록구,음식,3
06-07,2,월요일,18.7,0.0,0.0,1639,경기도,안산시 상록구,음식,1
06-07,10,월요일,22.0,0.0,0.0,1986,경기도,안산시 상록구,음식,8
06-07,11,월요일,21.8,0.0,0.0,1998,경기도,안산시 상록구,음식,14
06-07,12,월요일,21.8,0.0,0.0,2000,경기도,안산시 상록구,음식,24
06-07,13,월요일,21.5,0.0,0.0,1970,경기도,안산시 상록구,음식,20
06-07,14,월요일,24.3,0.0,0.0,1969,경기도,안산시 상록구,음식,15
06-07,15,월요일,24.7,0.0,0.0,1914,경기도,안산시 상록구,음식,13
06-07,16,월요일,25.2,0.0,0.0,1967,경기도,안산시 상록구,음식,15
06-07,17,월요일,25.6,0.0,0.0,1983,경기도,안산시 상록구,음식,24
06-07,18,월요일,25.5,0.0,0.0,1978,경기도,안산시 상록구,음식,42
06-07,19,월요일,23.9,0.0,0.0,1957,경기도,안산시 상록구,음식,34
06-07,20,월요일,22.4,0.0,0.0,1999,경기도,안산시 상록구,음식,37
06-07,21,월요일,21.8,0.0,0.0,1929,경기도,안산시 상록구,음식,29
06-07,22,월요일,20.3,0.0,0.0,1471,경기도,안산시 상록구,음식,21
06-07,23,월요일,19.8,0.0,0.0,1405,경기도,안산시 상록구,음식,10
06-08,0,화요일,20.1,0.0,0.0,1412,경기도,안산시 상록구,음식,9
06-08,1,화요일,19.5,0.0,0.0,1079,경기도,안산시 상록구,음식,5
06-08,2,화요일,19.3,0.0,0.0,956,경기도,안산시 상록구,음식,5
06-08,10,화요일,25.7,0.0,0.0,1751,경기도,안산시 상록구,음식,8
06-08,11,화요일,26.6,0.0,0.0,1906,경기도,안산시 상록구,음식,16
06-08,12,화요일,27.2,0.0,0.0,1574,경기도,안산시 상록구,음식,16
06-08,13,화요일,27.9,0.0,0.0,1771,경기도,안산시 상록구,음식,13
06-08,14,화요일,28.1,0.0,0.0,1740,경기도,안산시 상록구,음식,11
06-08,15,화요일,27.9,0.0,0.0,1462,경기도,안산시 상록구,음식,10
06-08,16,화요일,28.2,0.0,0.0,1342,경기도,안산시 상록구,음식,7
06-08,17,화요일,27.0,0.0,0.0,1415,경기도,안산시 상록구,음식,27
06-08,18,화요일,24.9,0.0,0.0,1262,경기도,안산시 상록구,음식,29
06-08,19,화요일,24.2,0.0,0.0,1170,경기도,안산시 상록구,음식,34
06-08,20,화요일,22.5,0.0,0.0,1936,경기도,안산시 상록구,음식,30
06-08,21,화요일,21.5,0.0,0.0,1950,경기도,안산시 상록구,음식,22
06-08,22,화요일,20.9,0.0,0.0,2000,경기도,안산시 상록구,음식,28
06-08,23,화요일,20.4,0.0,0.0,1998,경기도,안산시 상록구,음식,12
06-09,0,수요일,20.1,0.0,0.0,1742,경기도,안산시 상록구,음식,6
06-09,1,수요일,20.3,0.0,0.0,1606,경기도,안산시 상록구,음식,7
06-09,10,수요일,26.2,0.0,0.0,1626,경기도,안산시 상록구,음식,7
06-09,11,수요일,27.3,0.0,0.0,1749,경기도,안산시 상록구,음식,22
06-09,12,수요일,29.2,0.0,0.0,1387,경기도,안산시 상록구,음식,22
06-09,13,수요일,30.3,0.0,0.0,1808,경기도,안산시 상록구,음식,6
06-09,14,수요일,31.6,0.0,0.0,1789,경기도,안산시 상록구,음식,15
06-09,15,수요일,32.1,0.0,0.0,1934,경기도,안산시 상록구,음식,11
06-09,16,수요일,31.7,0.0,0.0,1881,경기도,안산시 상록구,음식,10
06-09,17,수요일,31.8,0.0,0.0,1811,경기도,안산시 상록구,음식,21
06-09,18,수요일,30.4,0.0,0.0,1532,경기도,안산시 상록구,음식,33
06-09,19,수요일,28.3,0.0,0.0,1375,경기도,안산시 상록구,음식,50
06-09,20,수요일,26.8,0.0,0.0,1048,경기도,안산시 상록구,음식,42
06-09,21,수요일,25.6,0.0,0.0,899,경기도,안산시 상록구,음식,30
06-09,22,수요일,24.6,0.0,0.0,732,경기도,안산시 상록구,음식,25
06-09,23,수요일,23.5,0.0,0.0,541,경기도,안산시 상록구,음식,17
06-10,0,목요일,22.5,0.0,0.0,571,경기도,안산시 상록구,음식,10
06-10,1,목요일,22.4,0.0,0.0,790,경기도,안산시 상록구,음식,1
06-10,2,목요일,21.6,0.0,0.0,695,경기도,안산시 상록구,음식,1
06-10,10,목요일,27.8,0.0,0.0,1953,경기도,안산시 상록구,음식,11
06-10,11,목요일,29.3,0.0,0.0,1917,경기도,안산시 상록구,음식,12
06-10,12,목요일,29.0,0.0,0.0,1967,경기도,안산시 상록구,음식,29
06-10,13,목요일,29.8,0.0,0.0,1982,경기도,안산시 상록구,음식,14
06-10,14,목요일,30.2,0.0,0.0,1940,경기도,안산시 상록구,음식,10
06-10,15,목요일,30.2,0.0,0.0,1923,경기도,안산시 상록구,음식,8
06-10,16,목요일,29.2,0.0,0.0,1989,경기도,안산시 상록구,음식,13
06-10,17,목요일,28.0,0.0,0.0,1993,경기도,안산시 상록구,음식,30
06-10,18,목요일,26.5,0.0,0.0,1855,경기도,안산시 상록구,음식,60
06-10,19,목요일,24.5,0.0,0.0,1008,경기도,안산시 상록구,음식,73
06-10,20,목요일,24.8,0.1,0.0,1109,경기도,안산시 상록구,음식,38
06-10,21,목요일,24.3,0.3,0.0,1509,경기도,안산시 상록구,음식,26
06-10,22,목요일,24.2,0.1,0.0,1832,경기도,안산시 상록구,음식,27
06-10,23,목요일,21.2,0.9,0.0,858,경기도,안산시 상록구,음식,16
06-11,0,금요일,19.9,6.9,0.0,701,경기도,안산시 상록구,음식,11
06-11,1,금요일,20.0,1.7,0.0,721,경기도,안산시 상록구,음식,4
06-11,2,금요일,20.8,0.2,0.0,1938,경기도,안산시 상록구,음식,3
06-11,10,금요일,20.9,0.0,0.0,671,경기도,안산시 상록구,음식,7
06-11,11,금요일,21.9,0.0,0.0,746,경기도,안산시 상록구,음식,16
06-11,12,금요일,22.2,0.0,0.0,1970,경기도,안산시 상록구,음식,19
06-11,13,금요일,24.4,0.0,0.0,1947,경기도,안산시 상록구,음식,9
06-11,14,금요일,24.9,0.0,0.0,1987,경기도,안산시 상록구,음식,16
06-11,15,금요일,23.0,0.0,0.0,1749,경기도,안산시 상록구,음식,9
06-11,16,금요일,24.9,0.0,0.0,1840,경기도,안산시 상록구,음식,10
06-11,17,금요일,24.9,0.0,0.0,1933,경기도,안산시 상록구,음식,19
06-11,18,금요일,24.6,0.0,0.0,1867,경기도,안산시 상록구,음식,33
06-11,19,금요일,23.4,0.0,0.0,1655,경기도,안산시 상록구,음식,57
06-11,20,금요일,22.2,0.0,0.0,1885,경기도,안산시 상록구,음식,43
06-11,21,금요일,20.6,0.0,0.0,1096,경기도,안산시 상록구,음식,44
06-11,22,금요일,19.8,0.0,0.0,649,경기도,안산시 상록구,음식,35
06-11,23,금요일,19.1,0.0,0.0,656,경기도,안산시 상록구,음식,20
06-12,0,토요일,18.8,0.0,0.0,514,경기도,안산시 상록구,음식,10
06-12,1,토요일,18.4,0.0,0.0,402,경기도,안산시 상록구,음식,11
06-12,10,토요일,25.3,0.0,0.0,1811,경기도,안산시 상록구,음식,26
06-12,11,토요일,26.7,0.0,0.0,1992,경기도,안산시 상록구,음식,27
06-12,12,토요일,27.8,0.0,0.0,1966,경기도,안산시 상록구,음식,41
06-12,13,토요일,28.3,0.0,0.0,1983,경기도,안산시 상록구,음식,18
06-12,14,토요일,28.6,0.0,0.0,1414,경기도,안산시 상록구,음식,21
06-12,15,토요일,27.9,0.0,0.0,1373,경기도,안산시 상록구,음식,19
06-12,16,토요일,27.3,0.0,0.0,1634,경기도,안산시 상록구,음식,23
06-12,17,토요일,27.2,0.0,0.0,1924,경기도,안산시 상록구,음식,34
06-12,18,토요일,26.1,0.0,0.0,1997,경기도,안산시 상록구,음식,61
06-12,19,토요일,25.1,0.0,0.0,2000,경기도,안산시 상록구,음식,33
06-12,20,토요일,22.8,0.0,0.0,2003,경기도,안산시 상록구,음식,34
06-12,21,토요일,21.6,0.0,0.0,1868,경기도,안산시 상록구,음식,35
06-12,22,토요일,20.8,0.0,0.0,1343,경기도,안산시 상록구,음식,31
06-12,23,토요일,20.2,0.0,0.0,1481,경기도,안산시 상록구,음식,22
06-13,0,일요일,20.0,0.0,0.0,678,경기도,안산시 상록구,음식,15
06-13,1,일요일,19.4,0.0,0.0,691,경기도,안산시 상록구,음식,3
06-13,2,일요일,19.7,0.0,0.0,678,경기도,안산시 상록구,음식,5
06-13,10,일요일,22.6,0.0,0.0,845,경기도,안산시 상록구,음식,16
06-13,11,일요일,24.7,0.0,0.0,1455,경기도,안산시 상록구,음식,32
06-13,12,일요일,26.4,0.0,0.0,1221,경기도,안산시 상록구,음식,48
06-13,13,일요일,27.8,0.0,0.0,1579,경기도,안산시 상록구,음식,42
06-13,14,일요일,28.1,0.0,0.0,1528,경기도,안산시 상록구,음식,32
06-13,15,일요일,28.6,0.0,0.0,1492,경기도,안산시 상록구,음식,26
06-13,16,일요일,28.3,0.0,0.0,1929,경기도,안산시 상록구,음식,30
06-13,17,일요일,26.2,0.0,0.0,1912,경기도,안산시 상록구,음식,30
06-13,18,일요일,24.6,0.0,0.0,2000,경기도,안산시 상록구,음식,44
06-13,19,일요일,23.5,0.0,0.0,2000,경기도,안산시 상록구,음식,48
06-13,20,일요일,21.1,0.0,0.0,2065,경기도,안산시 상록구,음식,52
06-13,21,일요일,19.7,0.0,0.0,2000,경기도,안산시 상록구,음식,37
06-13,22,일요일,18.5,0.0,0.0,621,경기도,안산시 상록구,음식,34
06-13,23,일요일,17.6,0.0,0.0,235,경기도,안산시 상록구,음식,17
06-14,0,월요일,17.9,0.0,0.0,734,경기도,안산시 상록구,음식,5
06-14,1,월요일,17.6,0.0,0.0,242,경기도,안산시 상록구,음식,3
06-14,10,월요일,23.6,0.0,0.0,1300,경기도,안산시 상록구,음식,17
06-14,11,월요일,25.4,0.0,0.0,1320,경기도,안산시 상록구,음식,16
06-14,12,월요일,27.2,0.0,0.0,1200,경기도,안산시 상록구,음식,24
06-14,13,월요일,27.9,0.0,0.0,1050,경기도,안산시 상록구,음식,14
06-14,14,월요일,28.7,0.0,0.0,750,경기도,안산시 상록구,음식,15
06-14,15,월요일,28.3,0.0,0.0,613,경기도,안산시 상록구,음식,10
06-14,16,월요일,27.3,0.0,0.0,725,경기도,안산시 상록구,음식,21
06-14,17,월요일,27.0,0.0,0.0,719,경기도,안산시 상록구,음식,22
06-14,18,월요일,24.2,0.0,0.0,1194,경기도,안산시 상록구,음식,44
06-14,19,월요일,23.6,0.0,0.0,1484,경기도,안산시 상록구,음식,44
06-14,20,월요일,22.0,0.0,0.0,1309,경기도,안산시 상록구,음식,36
06-14,21,월요일,21.2,0.0,0.0,1922,경기도,안산시 상록구,음식,33
06-14,22,월요일,20.7,0.0,0.0,1452,경기도,안산시 상록구,음식,16
06-14,23,월요일,20.9,0.0,0.0,1705,경기도,안산시 상록구,음식,12
06-15,0,화요일,20.7,0.0,0.0,1113,경기도,안산시 상록구,음식,4
06-15,1,화요일,20.9,0.0,0.0,749,경기도,안산시 상록구,음식,7
06-15,2,화요일,20.5,0.0,0.0,594,경기도,안산시 상록구,음식,2
06-15,10,화요일,23.2,0.0,0.0,1418,경기도,안산시 상록구,음식,13
06-15,11,화요일,23.5,0.0,0.0,1537,경기도,안산시 상록구,음식,21
06-15,12,화요일,22.6,0.3,0.0,1215,경기도,안산시 상록구,음식,20
06-15,13,화요일,22.5,0.1,0.0,1304,경기도,안산시 상록구,음식,10
06-15,14,화요일,22.8,0.0,0.0,1545,경기도,안산시 상록구,음식,15
06-15,15,화요일,24.0,0.0,0.0,1712,경기도,안산시 상록구,음식,8
06-15,16,화요일,25.2,0.0,0.0,1739,경기도,안산시 상록구,음식,8
06-15,17,화요일,25.8,0.0,0.0,1920,경기도,안산시 상록구,음식,24
06-15,18,화요일,25.9,0.0,0.0,1874,경기도,안산시 상록구,음식,45
06-15,19,화요일,25.1,0.0,0.0,1889,경기도,안산시 상록구,음식,51
06-15,20,화요일,24.3,0.0,0.0,2000,경기도,안산시 상록구,음식,39
06-15,21,화요일,23.6,0.0,0.0,1958,경기도,안산시 상록구,음식,32
06-15,22,화요일,23.1,0.0,0.0,1991,경기도,안산시 상록구,음식,31
06-15,23,화요일,23.1,0.0,0.0,2000,경기도,안산시 상록구,음식,22
06-16,0,수요일,22.4,0.0,0.0,2000,경기도,안산시 상록구,음식,12
06-16,1,수요일,21.7,0.0,0.0,2000,경기도,안산시 상록구,음식,7
06-16,2,수요일,21.1,0.0,0.0,2000,경기도,안산시 상록구,음식,2
06-16,10,수요일,26.2,0.0,0.0,2000,경기도,안산시 상록구,음식,10
06-16,11,수요일,26.6,0.0,0.0,2000,경기도,안산시 상록구,음식,15
06-16,12,수요일,27.2,0.0,0.0,2000,경기도,안산시 상록구,음식,32
06-16,13,수요일,27.9,0.0,0.0,2000,경기도,안산시 상록구,음식,14
06-16,14,수요일,27.5,0.0,0.0,2000,경기도,안산시 상록구,음식,15
06-16,15,수요일,28.8,0.0,0.0,2000,경기도,안산시 상록구,음식,7
06-16,16,수요일,29.5,0.0,0.0,2000,경기도,안산시 상록구,음식,10
06-16,17,수요일,28.4,0.0,0.0,2000,경기도,안산시 상록구,음식,28
06-16,18,수요일,28.0,0.0,0.0,2000,경기도,안산시 상록구,음식,34
06-16,19,수요일,26.8,0.0,0.0,2000,경기도,안산시 상록구,음식,38
06-16,20,수요일,25.6,0.0,0.0,2026,경기도,안산시 상록구,음식,32
06-16,21,수요일,24.6,0.0,0.0,2000,경기도,안산시 상록구,음식,22
06-16,22,수요일,23.5,0.0,0.0,1995,경기도,안산시 상록구,음식,27
06-16,23,수요일,22.6,0.0,0.0,2000,경기도,안산시 상록구,음식,10
06-17,0,목요일,22.0,0.0,0.0,2000,경기도,안산시 상록구,음식,7
06-17,1,목요일,21.5,0.0,0.0,1996,경기도,안산시 상록구,음식,3
06-17,9,목요일,21.2,0.0,0.0,1998,경기도,안산시 상록구,음식,3
06-17,10,목요일,21.9,0.0,0.0,2000,경기도,안산시 상록구,음식,13
06-17,11,목요일,23.2,0.0,0.0,1993,경기도,안산시 상록구,음식,27
06-17,12,목요일,23.4,0.0,0.0,1995,경기도,안산시 상록구,음식,20
06-17,13,목요일,23.6,0.0,0.0,1930,경기도,안산시 상록구,음식,16
06-17,14,목요일,23.9,0.0,0.0,1706,경기도,안산시 상록구,음식,15
06-17,15,목요일,23.9,0.0,0.0,1870,경기도,안산시 상록구,음식,11
06-17,16,목요일,23.2,0.0,0.0,1998,경기도,안산시 상록구,음식,15
06-17,17,목요일,23.0,0.1,0.0,1906,경기도,안산시 상록구,음식,33
06-17,18,목요일,22.6,0.0,0.0,1763,경기도,안산시 상록구,음식,41
06-17,19,목요일,22.3,0.0,0.0,1949,경기도,안산시 상록구,음식,45
06-17,20,목요일,21.5,0.0,0.0,1536,경기도,안산시 상록구,음식,28
06-17,21,목요일,21.3,0.0,0.0,1039,경기도,안산시 상록구,음식,41
06-17,22,목요일,20.8,0.0,0.0,1328,경기도,안산시 상록구,음식,27
06-17,23,목요일,20.7,0.0,0.0,1685,경기도,안산시 상록구,음식,19
06-18,0,금요일,20.3,0.0,0.0,751,경기도,안산시 상록구,음식,13
06-18,1,금요일,20.0,0.0,0.0,572,경기도,안산시 상록구,음식,1
06-18,2,금요일,20.0,0.0,0.0,465,경기도,안산시 상록구,음식,5
06-18,10,금요일,19.9,0.9,0.0,280,경기도,안산시 상록구,음식,13
06-18,11,금요일,20.2,0.5,0.0,341,경기도,안산시 상록구,음식,28
06-18,12,금요일,20.3,0.4,0.0,329,경기도,안산시 상록구,음식,30
06-18,13,금요일,20.7,0.1,0.0,1813,경기도,안산시 상록구,음식,21
06-18,14,금요일,21.2,0.0,0.0,1514,경기도,안산시 상록구,음식,22
06-18,15,금요일,20.8,0.0,0.0,694,경기도,안산시 상록구,음식,14
06-18,16,금요일,20.5,0.0,0.0,793,경기도,안산시 상록구,음식,10
06-18,17,금요일,20.6,0.0,0.0,852,경기도,안산시 상록구,음식,25
06-18,18,금요일,20.6,0.0,0.0,1088,경기도,안산시 상록구,음식,47
06-18,19,금요일,20.6,0.0,0.0,1234,경기도,안산시 상록구,음식,60
06-18,20,금요일,20.1,0.0,0.0,1227,경기도,안산시 상록구,음식,45
06-18,21,금요일,19.5,0.0,0.0,1113,경기도,안산시 상록구,음식,38
06-18,22,금요일,19.3,0.0,0.0,758,경기도,안산시 상록구,음식,30
06-18,23,금요일,18.9,0.0,0.0,557,경기도,안산시 상록구,음식,23
06-19,0,토요일,18.7,0.0,0.0,304,경기도,안산시 상록구,음식,17
06-19,1,토요일,18.8,0.0,0.0,332,경기도,안산시 상록구,음식,6
06-19,2,토요일,19.0,0.0,0.0,348,경기도,안산시 상록구,음식,3
06-19,10,토요일,22.8,0.0,0.0,602,경기도,안산시 상록구,음식,19
06-19,11,토요일,23.9,0.0,0.0,603,경기도,안산시 상록구,음식,29
06-19,12,토요일,25.3,0.0,0.0,791,경기도,안산시 상록구,음식,40
06-19,13,토요일,25.9,0.0,0.0,774,경기도,안산시 상록구,음식,33
06-19,14,토요일,26.4,0.0,0.0,551,경기도,안산시 상록구,음식,18
06-19,15,토요일,26.5,0.0,0.0,673,경기도,안산시 상록구,음식,18
06-19,16,토요일,26.9,0.0,0.0,928,경기도,안산시 상록구,음식,16
06-19,17,토요일,25.5,0.0,0.0,862,경기도,안산시 상록구,음식,45
06-19,18,토요일,24.4,0.0,0.0,859,경기도,안산시 상록구,음식,40
06-19,19,토요일,23.7,0.0,0.0,809,경기도,안산시 상록구,음식,53
06-19,20,토요일,22.4,0.0,0.0,725,경기도,안산시 상록구,음식,42
06-19,21,토요일,21.4,0.0,0.0,597,경기도,안산시 상록구,음식,38
06-19,22,토요일,20.2,0.0,0.0,651,경기도,안산시 상록구,음식,43
06-19,23,토요일,19.8,0.0,0.0,574,경기도,안산시 상록구,음식,26
06-20,0,일요일,18.9,0.0,0.0,456,경기도,안산시 상록구,음식,7
06-20,1,일요일,18.1,0.0,0.0,501,경기도,안산시 상록구,음식,8
06-20,2,일요일,17.5,0.0,0.0,379,경기도,안산시 상록구,음식,3
06-20,9,일요일,23.6,0.0,0.0,932,경기도,안산시 상록구,음식,1
06-20,10,일요일,24.6,0.0,0.0,1294,경기도,안산시 상록구,음식,16
06-20,11,일요일,26.6,0.0,0.0,1020,경기도,안산시 상록구,음식,39
06-20,12,일요일,26.9,0.0,0.0,1543,경기도,안산시 상록구,음식,43
06-20,13,일요일,28.8,0.0,0.0,1512,경기도,안산시 상록구,음식,41
06-20,14,일요일,29.3,0.0,0.0,1974,경기도,안산시 상록구,음식,42
06-20,15,일요일,28.6,0.0,0.0,1660,경기도,안산시 상록구,음식,29
06-20,16,일요일,27.5,0.0,0.0,870,경기도,안산시 상록구,음식,22
06-20,17,일요일,26.7,0.0,0.0,848,경기도,안산시 상록구,음식,30
06-20,18,일요일,25.9,0.0,0.0,836,경기도,안산시 상록구,음식,52
06-20,19,일요일,24.6,0.0,0.0,707,경기도,안산시 상록구,음식,35
06-20,20,일요일,23.1,0.0,0.0,520,경기도,안산시 상록구,음식,30
06-20,21,일요일,22.1,0.0,0.0,564,경기도,안산시 상록구,음식,20
06-20,22,일요일,21.5,0.0,0.0,390,경기도,안산시 상록구,음식,25
06-20,23,일요일,21.1,0.0,0.0,309,경기도,안산시 상록구,음식,16
06-21,0,월요일,21.0,0.0,0.0,408,경기도,안산시 상록구,음식,1
06-21,1,월요일,20.4,0.0,0.0,318,경기도,안산시 상록구,음식,3
06-21,10,월요일,24.0,0.0,0.0,1006,경기도,안산시 상록구,음식,11
06-21,11,월요일,25.3,0.0,0.0,870,경기도,안산시 상록구,음식,21
06-21,12,월요일,27.0,0.0,0.0,1010,경기도,안산시 상록구,음식,25
06-21,13,월요일,27.8,0.0,0.0,1227,경기도,안산시 상록구,음식,25
06-21,14,월요일,27.9,0.0,0.0,1468,경기도,안산시 상록구,음식,15
06-21,15,월요일,28.0,0.0,0.0,2000,경기도,안산시 상록구,음식,6
06-21,16,월요일,27.7,0.0,0.0,1991,경기도,안산시 상록구,음식,22
06-21,17,월요일,27.1,0.0,0.0,2000,경기도,안산시 상록구,음식,20
06-21,18,월요일,26.3,0.0,0.0,2000,경기도,안산시 상록구,음식,36
06-21,19,월요일,25.2,0.0,0.0,2000,경기도,안산시 상록구,음식,41
06-21,20,월요일,23.8,0.0,0.0,1950,경기도,안산시 상록구,음식,40
06-21,21,월요일,22.0,0.0,0.0,2000,경기도,안산시 상록구,음식,27
06-21,22,월요일,20.7,0.0,0.0,1001,경기도,안산시 상록구,음식,19
06-21,23,월요일,20.5,0.0,0.0,1322,경기도,안산시 상록구,음식,14
06-22,0,화요일,19.8,0.0,0.0,1477,경기도,안산시 상록구,음식,11
06-22,1,화요일,19.1,0.0,0.0,784,경기도,안산시 상록구,음식,6
06-22,2,화요일,18.6,0.0,0.0,535,경기도,안산시 상록구,음식,6
06-22,10,화요일,24.1,0.0,0.0,1945,경기도,안산시 상록구,음식,12
06-22,11,화요일,26.1,0.0,0.0,1955,경기도,안산시 상록구,음식,16
06-22,12,화요일,26.1,0.0,0.0,1877,경기도,안산시 상록구,음식,21
06-22,13,화요일,26.4,0.0,0.0,1867,경기도,안산시 상록구,음식,21
06-22,14,화요일,26.6,0.0,0.0,1997,경기도,안산시 상록구,음식,14
06-22,15,화요일,27.9,0.0,0.0,1930,경기도,안산시 상록구,음식,11
06-22,16,화요일,27.7,0.0,0.0,2026,경기도,안산시 상록구,음식,12
06-22,17,화요일,26.9,0.0,0.0,1983,경기도,안산시 상록구,음식,27
06-22,18,화요일,26.5,0.0,0.0,1997,경기도,안산시 상록구,음식,33
06-22,19,화요일,25.1,0.0,0.0,1999,경기도,안산시 상록구,음식,38
06-22,20,화요일,24.0,0.0,0.0,2000,경기도,안산시 상록구,음식,30
06-22,21,화요일,22.3,0.0,0.0,2000,경기도,안산시 상록구,음식,31
06-22,22,화요일,21.9,0.0,0.0,2000,경기도,안산시 상록구,음식,27
06-22,23,화요일,22.8,0.0,0.0,2000,경기도,안산시 상록구,음식,14
06-23,0,수요일,21.7,0.0,0.0,2000,경기도,안산시 상록구,음식,7
06-23,1,수요일,21.2,0.0,0.0,2000,경기도,안산시 상록구,음식,5
06-23,2,수요일,20.6,0.0,0.0,2000,경기도,안산시 상록구,음식,3
06-23,10,수요일,22.9,0.0,0.0,1995,경기도,안산시 상록구,음식,10
06-23,11,수요일,23.7,0.0,0.0,1939,경기도,안산시 상록구,음식,21
06-23,12,수요일,24.4,0.0,0.0,1850,경기도,안산시 상록구,음식,19
06-23,13,수요일,25.3,0.0,0.0,1943,경기도,안산시 상록구,음식,11
06-23,14,수요일,25.4,0.0,0.0,1744,경기도,안산시 상록구,음식,20
06-23,15,수요일,25.4,0.0,0.0,1483,경기도,안산시 상록구,음식,11
06-23,16,수요일,25.0,0.0,0.0,1810,경기도,안산시 상록구,음식,11
06-23,17,수요일,24.4,0.0,0.0,890,경기도,안산시 상록구,음식,24
06-23,18,수요일,24.0,0.2,0.0,1042,경기도,안산시 상록구,음식,35
06-23,19,수요일,23.0,0.0,0.0,1438,경기도,안산시 상록구,음식,43
06-23,20,수요일,22.3,0.0,0.0,1648,경기도,안산시 상록구,음식,22
06-23,21,수요일,21.3,0.0,0.0,1787,경기도,안산시 상록구,음식,22
06-23,22,수요일,21.5,0.0,0.0,1809,경기도,안산시 상록구,음식,18
06-23,23,수요일,21.0,0.0,0.0,1997,경기도,안산시 상록구,음식,12
06-24,0,목요일,20.4,0.0,0.0,1344,경기도,안산시 상록구,음식,9
06-24,1,목요일,19.5,0.0,0.0,1120,경기도,안산시 상록구,음식,3
06-24,2,목요일,19.1,0.0,0.0,1038,경기도,안산시 상록구,음식,3
06-24,10,목요일,24.2,0.0,0.0,1083,경기도,안산시 상록구,음식,14
06-24,11,목요일,24.7,0.0,0.0,1378,경기도,안산시 상록구,음식,18
06-24,12,목요일,26.3,0.0,0.0,1472,경기도,안산시 상록구,음식,19
06-24,13,목요일,27.1,0.0,0.0,1577,경기도,안산시 상록구,음식,11
06-24,14,목요일,26.9,0.0,0.0,1798,경기도,안산시 상록구,음식,6
06-24,15,목요일,26.7,0.0,0.0,1744,경기도,안산시 상록구,음식,7
06-24,16,목요일,27.3,0.0,0.0,1100,경기도,안산시 상록구,음식,13
06-24,17,목요일,25.7,0.0,0.0,653,경기도,안산시 상록구,음식,20
06-24,18,목요일,24.5,0.0,0.0,627,경기도,안산시 상록구,음식,30
06-24,19,목요일,23.8,0.0,0.0,612,경기도,안산시 상록구,음식,43
06-24,20,목요일,22.7,0.0,0.0,684,경기도,안산시 상록구,음식,23
06-24,21,목요일,21.5,0.0,0.0,717,경기도,안산시 상록구,음식,30
06-24,22,목요일,21.1,0.0,0.0,683,경기도,안산시 상록구,음식,18
06-24,23,목요일,20.0,0.0,0.0,446,경기도,안산시 상록구,음식,18
06-25,0,금요일,19.9,0.0,0.0,524,경기도,안산시 상록구,음식,12
06-25,1,금요일,19.4,0.0,0.0,419,경기도,안산시 상록구,음식,6
06-25,2,금요일,18.8,0.0,0.0,391,경기도,안산시 상록구,음식,3
06-25,10,금요일,25.5,0.0,0.0,668,경기도,안산시 상록구,음식,7
06-25,11,금요일,25.6,0.0,0.0,669,경기도,안산시 상록구,음식,18
06-25,12,금요일,27.0,0.0,0.0,1161,경기도,안산시 상록구,음식,28
06-25,13,금요일,27.5,0.0,0.0,1673,경기도,안산시 상록구,음식,20
06-25,14,금요일,28.3,0.0,0.0,1960,경기도,안산시 상록구,음식,15
06-25,15,금요일,28.1,0.0,0.0,1785,경기도,안산시 상록구,음식,18
06-25,16,금요일,28.2,0.0,0.0,1819,경기도,안산시 상록구,음식,11
06-25,17,금요일,27.8,0.0,0.0,1907,경기도,안산시 상록구,음식,27
06-25,18,금요일,26.2,0.0,0.0,1931,경기도,안산시 상록구,음식,49
06-25,19,금요일,24.7,0.0,0.0,1984,경기도,안산시 상록구,음식,42
06-25,20,금요일,23.9,0.0,0.0,1978,경기도,안산시 상록구,음식,42
06-25,21,금요일,22.5,0.0,0.0,1538,경기도,안산시 상록구,음식,36
06-25,22,금요일,21.5,0.0,0.0,1375,경기도,안산시 상록구,음식,40
06-25,23,금요일,21.5,0.0,0.0,1243,경기도,안산시 상록구,음식,22
06-26,0,토요일,21.4,0.0,0.0,1118,경기도,안산시 상록구,음식,13
06-26,1,토요일,21.7,0.0,0.0,909,경기도,안산시 상록구,음식,8
06-26,2,토요일,21.6,0.1,0.0,883,경기도,안산시 상록구,음식,2
06-26,10,토요일,22.1,0.1,0.0,1552,경기도,안산시 상록구,음식,12
06-26,11,토요일,23.1,0.0,0.0,2000,경기도,안산시 상록구,음식,30
06-26,12,토요일,24.2,0.0,0.0,2000,경기도,안산시 상록구,음식,31
06-26,13,토요일,24.5,0.0,0.0,1958,경기도,안산시 상록구,음식,32
06-26,14,토요일,25.4,0.0,0.0,1885,경기도,안산시 상록구,음식,25
06-26,15,토요일,25.7,0.0,0.0,1898,경기도,안산시 상록구,음식,18
06-26,16,토요일,27.2,0.0,0.0,1942,경기도,안산시 상록구,음식,16
06-26,17,토요일,26.4,0.0,0.0,1996,경기도,안산시 상록구,음식,41
06-26,18,토요일,26.4,0.0,0.0,2000,경기도,안산시 상록구,음식,43
06-26,19,토요일,25.6,0.0,0.0,2000,경기도,안산시 상록구,음식,53
06-26,20,토요일,24.3,0.0,0.0,2000,경기도,안산시 상록구,음식,48
06-26,21,토요일,23.8,0.0,0.0,2000,경기도,안산시 상록구,음식,58
06-26,22,토요일,23.2,0.0,0.0,2000,경기도,안산시 상록구,음식,30
06-26,23,토요일,22.4,0.0,0.0,1996,경기도,안산시 상록구,음식,23
06-27,0,일요일,21.6,0.0,0.0,2026,경기도,안산시 상록구,음식,12
06-27,1,일요일,21.3,0.0,0.0,2000,경기도,안산시 상록구,음식,10
06-27,2,일요일,20.8,0.0,0.0,1999,경기도,안산시 상록구,음식,5
06-27,9,일요일,25.5,0.0,0.0,1828,경기도,안산시 상록구,음식,1
06-27,10,일요일,26.4,0.0,0.0,1831,경기도,안산시 상록구,음식,20
06-27,11,일요일,27.2,0.0,0.0,1854,경기도,안산시 상록구,음식,33
06-27,12,일요일,27.7,0.0,0.0,1967,경기도,안산시 상록구,음식,34
06-27,13,일요일,27.8,0.0,0.0,1998,경기도,안산시 상록구,음식,46
06-27,14,일요일,29.5,0.0,0.0,1954,경기도,안산시 상록구,음식,29
06-27,15,일요일,29.7,0.0,0.0,1957,경기도,안산시 상록구,음식,15
06-27,16,일요일,30.2,0.0,0.0,1997,경기도,안산시 상록구,음식,31
06-27,17,일요일,29.3,0.0,0.0,2000,경기도,안산시 상록구,음식,51
06-27,18,일요일,27.6,0.0,0.0,1741,경기도,안산시 상록구,음식,67
06-27,19,일요일,24.5,0.0,0.0,1554,경기도,안산시 상록구,음식,57
06-27,20,일요일,23.7,0.2,0.0,1672,경기도,안산시 상록구,음식,36
06-27,21,일요일,24.5,0.0,0.0,1900,경기도,안산시 상록구,음식,42
06-27,22,일요일,24.1,0.0,0.0,1996,경기도,안산시 상록구,음식,22
06-27,23,일요일,24.1,0.0,0.0,1822,경기도,안산시 상록구,음식,12
06-28,0,월요일,24.5,0.0,0.0,1983,경기도,안산시 상록구,음식,10
06-28,1,월요일,24.3,0.0,0.0,2000,경기도,안산시 상록구,음식,2
06-28,10,월요일,22.6,0.0,0.0,1115,경기도,안산시 상록구,음식,12
06-28,11,월요일,22.9,0.0,0.0,1153,경기도,안산시 상록구,음식,14
06-28,12,월요일,23.3,0.0,0.0,1105,경기도,안산시 상록구,음식,26
06-28,13,월요일,25.0,0.0,0.0,1644,경기도,안산시 상록구,음식,18
06-28,14,월요일,27.5,0.0,0.0,1787,경기도,안산시 상록구,음식,22
06-28,15,월요일,28.4,0.0,0.0,2055,경기도,안산시 상록구,음식,6
06-28,16,월요일,28.7,0.0,0.0,1877,경기도,안산시 상록구,음식,10
06-28,17,월요일,25.4,0.0,0.0,1892,경기도,안산시 상록구,음식,22
06-28,18,월요일,24.5,0.0,0.0,2000,경기도,안산시 상록구,음식,44
06-28,19,월요일,24.4,0.0,0.0,1961,경기도,안산시 상록구,음식,48
06-28,20,월요일,24.0,0.0,0.0,1917,경기도,안산시 상록구,음식,34
06-28,21,월요일,23.4,0.0,0.0,1261,경기도,안산시 상록구,음식,31
06-28,22,월요일,22.7,0.0,0.0,1149,경기도,안산시 상록구,음식,21
06-28,23,월요일,22.4,0.0,0.0,1190,경기도,안산시 상록구,음식,23
06-29,0,화요일,21.6,0.0,0.0,1001,경기도,안산시 상록구,음식,5
06-29,1,화요일,21.5,0.0,0.0,1000,경기도,안산시 상록구,음식,9
06-29,2,화요일,21.5,0.0,0.0,966,경기도,안산시 상록구,음식,8
06-29,10,화요일,25.9,0.0,0.0,1505,경기도,안산시 상록구,음식,5
06-29,11,화요일,26.6,0.0,0.0,1193,경기도,안산시 상록구,음식,16
06-29,12,화요일,28.0,0.0,0.0,1117,경기도,안산시 상록구,음식,20
06-29,13,화요일,28.1,0.0,0.0,1112,경기도,안산시 상록구,음식,17
06-29,14,화요일,27.4,0.0,0.0,1213,경기도,안산시 상록구,음식,19
06-29,15,화요일,23.2,0.9,0.0,536,경기도,안산시 상록구,음식,15
06-29,16,화요일,26.0,0.0,0.0,506,경기도,안산시 상록구,음식,21
06-29,17,화요일,26.4,0.0,0.0,563,경기도,안산시 상록구,음식,26
06-29,18,화요일,25.6,0.0,0.0,673,경기도,안산시 상록구,음식,41
06-29,19,화요일,24.1,0.0,0.0,632,경기도,안산시 상록구,음식,50
06-29,20,화요일,23.1,0.0,0.0,637,경기도,안산시 상록구,음식,44
06-29,21,화요일,22.0,0.0,0.0,535,경기도,안산시 상록구,음식,25
06-29,22,화요일,21.4,0.0,0.0,723,경기도,안산시 상록구,음식,21
06-29,23,화요일,21.1,0.0,0.0,713,경기도,안산시 상록구,음식,18
06-30,0,수요일,20.7,0.0,0.0,612,경기도,안산시 상록구,음식,9
06-30,1,수요일,20.6,0.0,0.0,846,경기도,안산시 상록구,음식,10
06-30,2,수요일,20.3,0.0,0.0,475,경기도,안산시 상록구,음식,5
06-30,10,수요일,25.3,0.0,0.0,618,경기도,안산시 상록구,음식,8
06-30,11,수요일,26.7,0.0,0.0,923,경기도,안산시 상록구,음식,19
06-30,12,수요일,27.6,0.0,0.0,506,경기도,안산시 상록구,음식,21
06-30,13,수요일,28.1,0.0,0.0,834,경기도,안산시 상록구,음식,15
06-30,14,수요일,27.7,0.0,0.0,790,경기도,안산시 상록구,음식,16
06-30,15,수요일,25.5,0.0,0.0,825,경기도,안산시 상록구,음식,13
06-30,16,수요일,28.3,0.0,0.0,708,경기도,안산시 상록구,음식,11
06-30,17,수요일,27.8,0.0,0.0,765,경기도,안산시 상록구,음식,18
06-30,18,수요일,28.2,0.0,0.0,741,경기도,안산시 상록구,음식,30
06-30,19,수요일,27.5,0.0,0.0,850,경기도,안산시 상록구,음식,41
06-30,20,수요일,25.8,0.0,0.0,1191,경기도,안산시 상록구,음식,40
06-30,21,수요일,23.7,0.0,0.0,1045,경기도,안산시 상록구,음식,22
06-30,22,수요일,22.9,0.0,0.0,1223,경기도,안산시 상록구,음식,20
06-30,23,수요일,22.3,0.0,0.0,563,경기도,안산시 상록구,음식,9
07-01,0,목요일,22.0,0.0,0.0,595,경기도,안산시 상록구,음식,4
07-01,1,목요일,21.5,0.0,0.0,594,경기도,안산시 상록구,음식,5
07-01,9,목요일,26.3,0.0,0.0,899,경기도,안산시 상록구,음식,1
07-01,10,목요일,28.2,0.0,0.0,910,경기도,안산시 상록구,음식,14
07-01,11,목요일,28.8,0.0,0.0,877,경기도,안산시 상록구,음식,18
07-01,12,목요일,29.8,0.0,0.0,914,경기도,안산시 상록구,음식,25
07-01,13,목요일,30.6,0.0,0.0,1853,경기도,안산시 상록구,음식,16
07-01,14,목요일,30.7,0.0,0.0,1585,경기도,안산시 상록구,음식,11
07-01,15,목요일,30.4,0.0,0.0,1673,경기도,안산시 상록구,음식,9
07-01,16,목요일,30.5,0.0,0.0,2033,경기도,안산시 상록구,음식,11
07-01,17,목요일,30.5,0.0,0.0,998,경기도,안산시 상록구,음식,28
07-01,18,목요일,29.7,0.0,0.0,1705,경기도,안산시 상록구,음식,39
07-01,19,목요일,29.1,0.0,0.0,1259,경기도,안산시 상록구,음식,39
07-01,20,목요일,28.0,0.0,0.0,969,경기도,안산시 상록구,음식,37
07-01,21,목요일,26.4,0.0,0.0,707,경기도,안산시 상록구,음식,43
07-01,22,목요일,26.4,0.0,0.0,896,경기도,안산시 상록구,음식,32
07-01,23,목요일,25.1,0.0,0.0,666,경기도,안산시 상록구,음식,14
07-02,0,금요일,24.5,0.0,0.0,607,경기도,안산시 상록구,음식,9
07-02,1,금요일,23.4,0.0,0.0,821,경기도,안산시 상록구,음식,4
07-02,2,금요일,23.6,0.0,0.0,790,경기도,안산시 상록구,음식,2
07-02,9,금요일,25.4,0.0,0.0,1583,경기도,안산시 상록구,음식,1
07-02,10,금요일,25.9,0.0,0.0,1742,경기도,안산시 상록구,음식,12
07-02,11,금요일,26.9,0.0,0.0,1816,경기도,안산시 상록구,음식,16
07-02,12,금요일,28.9,0.0,0.0,1868,경기도,안산시 상록구,음식,32
07-02,13,금요일,29.9,0.0,0.0,1999,경기도,안산시 상록구,음식,17
07-02,14,금요일,30.6,0.0,0.0,1985,경기도,안산시 상록구,음식,15
07-02,15,금요일,30.9,0.0,0.0,1947,경기도,안산시 상록구,음식,10
07-02,16,금요일,31.4,0.0,0.0,1895,경기도,안산시 상록구,음식,8
07-02,17,금요일,31.2,0.0,0.0,1737,경기도,안산시 상록구,음식,34
07-02,18,금요일,30.5,0.0,0.0,1795,경기도,안산시 상록구,음식,43
07-02,19,금요일,29.8,0.0,0.0,2000,경기도,안산시 상록구,음식,49
07-02,20,금요일,29.0,0.0,0.0,2000,경기도,안산시 상록구,음식,43
07-02,21,금요일,28.4,0.0,0.0,2000,경기도,안산시 상록구,음식,35
07-02,22,금요일,27.6,0.0,0.0,2000,경기도,안산시 상록구,음식,21
07-02,23,금요일,26.9,0.0,0.0,2000,경기도,안산시 상록구,음식,26
07-03,0,토요일,26.2,0.0,0.0,2000,경기도,안산시 상록구,음식,17
07-03,1,토요일,25.5,0.0,0.0,1996,경기도,안산시 상록구,음식,5
07-03,2,토요일,24.9,0.0,0.0,2000,경기도,안산시 상록구,음식,1
07-03,10,토요일,25.4,0.0,0.0,1985,경기도,안산시 상록구,음식,22
07-03,11,토요일,25.7,0.0,0.0,2000,경기도,안산시 상록구,음식,29
07-03,12,토요일,26.0,0.0,0.0,1990,경기도,안산시 상록구,음식,44
07-03,13,토요일,26.5,0.0,0.0,2000,경기도,안산시 상록구,음식,25
07-03,14,토요일,26.7,0.0,0.0,2000,경기도,안산시 상록구,음식,31
07-03,15,토요일,25.2,0.1,0.0,1181,경기도,안산시 상록구,음식,21
07-03,16,토요일,22.9,1.6,0.0,628,경기도,안산시 상록구,음식,24
07-03,17,토요일,21.6,9.2,0.0,558,경기도,안산시 상록구,음식,56
07-03,18,토요일,22.0,2.3,0.0,1873,경기도,안산시 상록구,음식,75
07-03,19,토요일,21.5,2.8,0.0,1339,경기도,안산시 상록구,음식,69
07-03,20,토요일,21.6,1.9,0.0,1768,경기도,안산시 상록구,음식,37
07-03,21,토요일,20.9,5.5,0.0,1100,경기도,안산시 상록구,음식,58
07-03,22,토요일,21.0,0.6,0.0,1491,경기도,안산시 상록구,음식,35
07-03,23,토요일,20.8,5.6,0.0,1026,경기도,안산시 상록구,음식,24
07-04,0,일요일,20.8,3.7,0.0,980,경기도,안산시 상록구,음식,11
07-04,1,일요일,20.7,5.6,0.0,866,경기도,안산시 상록구,음식,5
07-04,2,일요일,20.9,2.7,0.0,980,경기도,안산시 상록구,음식,5
07-04,3,일요일,22.1,0.1,0.0,2000,경기도,안산시 상록구,음식,1
07-04,10,일요일,22.6,0.1,0.0,2000,경기도,안산시 상록구,음식,19
07-04,11,일요일,23.2,0.0,0.0,2000,경기도,안산시 상록구,음식,35
07-04,12,일요일,23.5,0.0,0.0,2000,경기도,안산시 상록구,음식,34
07-04,13,일요일,23.7,0.0,0.0,2000,경기도,안산시 상록구,음식,31
07-04,14,일요일,24.4,0.0,0.0,2000,경기도,안산시 상록구,음식,29
07-04,15,일요일,23.3,0.0,0.0,861,경기도,안산시 상록구,음식,28
07-04,16,일요일,21.8,0.3,0.0,617,경기도,안산시 상록구,음식,30
07-04,17,일요일,21.1,0.0,0.0,327,경기도,안산시 상록구,음식,48
07-04,18,일요일,21.3,0.0,0.0,667,경기도,안산시 상록구,음식,47
07-04,19,일요일,21.3,0.0,0.0,545,경기도,안산시 상록구,음식,47
07-04,20,일요일,20.5,0.0,0.0,747,경기도,안산시 상록구,음식,40
07-04,21,일요일,20.6,0.0,0.0,1446,경기도,안산시 상록구,음식,28
07-04,22,일요일,20.7,0.0,0.0,2000,경기도,안산시 상록구,음식,24
07-04,23,일요일,20.8,0.0,0.0,2000,경기도,안산시 상록구,음식,11
07-05,0,월요일,20.8,0.0,0.0,2000,경기도,안산시 상록구,음식,6
07-05,10,월요일,24.1,0.0,0.0,1646,경기도,안산시 상록구,음식,12
07-05,11,월요일,24.8,0.0,0.0,1657,경기도,안산시 상록구,음식,18
07-05,12,월요일,26.3,0.0,0.0,1646,경기도,안산시 상록구,음식,30
07-05,13,월요일,26.5,0.0,0.0,1651,경기도,안산시 상록구,음식,18
07-05,14,월요일,26.6,0.0,0.0,1278,경기도,안산시 상록구,음식,15
07-05,15,월요일,27.1,0.0,0.0,1156,경기도,안산시 상록구,음식,13
07-05,16,월요일,27.0,0.0,0.0,1199,경기도,안산시 상록구,음식,9
07-05,17,월요일,26.4,0.0,0.0,1172,경기도,안산시 상록구,음식,18
07-05,18,월요일,26.1,0.0,0.0,1089,경기도,안산시 상록구,음식,45
07-05,19,월요일,24.1,0.0,0.0,1080,경기도,안산시 상록구,음식,26
07-05,20,월요일,24.2,0.0,0.0,915,경기도,안산시 상록구,음식,24
07-05,21,월요일,23.6,0.0,0.0,734,경기도,안산시 상록구,음식,23
07-05,22,월요일,23.2,0.0,0.0,673,경기도,안산시 상록구,음식,21
07-05,23,월요일,23.1,0.0,0.0,622,경기도,안산시 상록구,음식,18
07-06,0,화요일,22.9,0.0,0.0,703,경기도,안산시 상록구,음식,11
07-06,1,화요일,22.3,0.0,0.0,661,경기도,안산시 상록구,음식,7
07-06,2,화요일,22.1,0.0,0.0,697,경기도,안산시 상록구,음식,6
07-06,10,화요일,26.7,0.0,0.0,672,경기도,안산시 상록구,음식,8
07-06,11,화요일,27.1,0.0,0.0,819,경기도,안산시 상록구,음식,20
07-06,12,화요일,27.4,0.0,0.0,671,경기도,안산시 상록구,음식,18
07-06,13,화요일,28.8,0.0,0.0,637,경기도,안산시 상록구,음식,11
07-06,14,화요일,28.7,0.0,0.0,840,경기도,안산시 상록구,음식,15
07-06,15,화요일,28.9,0.0,0.0,745,경기도,안산시 상록구,음식,8
07-06,16,화요일,29.2,0.0,0.0,694,경기도,안산시 상록구,음식,11
07-06,17,화요일,28.7,0.0,0.0,893,경기도,안산시 상록구,음식,28
07-06,18,화요일,28.0,0.0,0.0,996,경기도,안산시 상록구,음식,31
07-06,19,화요일,26.1,0.0,0.0,538,경기도,안산시 상록구,음식,29
07-06,20,화요일,25.2,0.0,0.0,524,경기도,안산시 상록구,음식,34
07-06,21,화요일,24.8,0.0,0.0,504,경기도,안산시 상록구,음식,26
07-06,22,화요일,24.6,0.0,0.0,713,경기도,안산시 상록구,음식,15
07-06,23,화요일,24.5,0.0,0.0,711,경기도,안산시 상록구,음식,18
07-07,0,수요일,24.1,0.3,0.0,277,경기도,안산시 상록구,음식,5
07-07,1,수요일,23.6,1.3,0.0,158,경기도,안산시 상록구,음식,5
07-07,2,수요일,23.5,2.1,0.0,588,경기도,안산시 상록구,음식,2
07-07,10,수요일,27.3,0.0,0.0,2000,경기도,안산시 상록구,음식,9
07-07,11,수요일,27.4,0.0,0.0,2000,경기도,안산시 상록구,음식,13
07-07,12,수요일,27.0,0.0,0.0,2000,경기도,안산시 상록구,음식,15
07-07,13,수요일,27.1,0.0,0.0,1992,경기도,안산시 상록구,음식,11
07-07,14,수요일,28.1,0.0,0.0,1961,경기도,안산시 상록구,음식,9
07-07,15,수요일,28.6,0.0,0.0,2000,경기도,안산시 상록구,음식,11
07-07,16,수요일,28.9,0.0,0.0,2000,경기도,안산시 상록구,음식,14
07-07,17,수요일,28.3,0.0,0.0,2000,경기도,안산시 상록구,음식,19
07-07,18,수요일,28.2,0.0,0.0,2004,경기도,안산시 상록구,음식,32
07-07,19,수요일,27.8,0.0,0.0,1979,경기도,안산시 상록구,음식,38
07-07,20,수요일,27.0,0.0,0.0,2140,경기도,안산시 상록구,음식,35
07-07,21,수요일,24.8,5.7,0.0,833,경기도,안산시 상록구,음식,31
07-07,22,수요일,24.1,6.2,0.0,402,경기도,안산시 상록구,음식,22
07-07,23,수요일,24.1,2.1,0.0,996,경기도,안산시 상록구,음식,9
07-08,0,목요일,24.0,0.3,0.0,352,경기도,안산시 상록구,음식,7
07-08,1,목요일,23.5,3.5,0.0,547,경기도,안산시 상록구,음식,9
07-08,2,목요일,23.2,0.7,0.0,2000,경기도,안산시 상록구,음식,3
07-08,9,목요일,24.2,0.0,0.0,691,경기도,안산시 상록구,음식,2
07-08,10,목요일,25.4,0.0,0.0,995,경기도,안산시 상록구,음식,12
07-08,11,목요일,26.9,0.0,0.0,1057,경기도,안산시 상록구,음식,19
07-08,12,목요일,28.4,0.0,0.0,1202,경기도,안산시 상록구,음식,26
07-08,13,목요일,29.5,0.0,0.0,1897,경기도,안산시 상록구,음식,19
07-08,14,목요일,30.0,0.0,0.0,1610,경기도,안산시 상록구,음식,13
07-08,15,목요일,30.3,0.0,0.0,1449,경기도,안산시 상록구,음식,5
07-08,16,목요일,29.9,0.0,0.0,1513,경기도,안산시 상록구,음식,13
07-08,17,목요일,28.9,0.0,0.0,1981,경기도,안산시 상록구,음식,26
07-08,18,목요일,26.8,0.0,0.0,1950,경기도,안산시 상록구,음식,25
07-08,19,목요일,25.3,0.0,0.0,2000,경기도,안산시 상록구,음식,45
07-08,20,목요일,24.2,0.0,0.0,2000,경기도,안산시 상록구,음식,47
07-08,21,목요일,23.4,0.0,0.0,1994,경기도,안산시 상록구,음식,38
07-08,22,목요일,23.3,0.0,0.0,2000,경기도,안산시 상록구,음식,20
07-08,23,목요일,22.5,0.0,0.0,2000,경기도,안산시 상록구,음식,18
07-09,0,금요일,22.8,0.0,0.0,2000,경기도,안산시 상록구,음식,10
07-09,1,금요일,22.7,0.0,0.0,1646,경기도,안산시 상록구,음식,4
07-09,2,금요일,23.0,0.0,0.0,1865,경기도,안산시 상록구,음식,2
07-09,10,금요일,26.5,0.0,0.0,1668,경기도,안산시 상록구,음식,15
07-09,11,금요일,26.9,0.0,0.0,1517,경기도,안산시 상록구,음식,25
07-09,12,금요일,27.3,0.0,0.0,1523,경기도,안산시 상록구,음식,26
07-09,13,금요일,27.9,0.0,0.0,1916,경기도,안산시 상록구,음식,31
07-09,14,금요일,29.4,0.0,0.0,1925,경기도,안산시 상록구,음식,18
07-09,15,금요일,28.5,0.0,0.0,1980,경기도,안산시 상록구,음식,16
07-09,16,금요일,28.7,0.0,0.0,1937,경기도,안산시 상록구,음식,10
07-09,17,금요일,28.0,0.0,0.0,1998,경기도,안산시 상록구,음식,22
07-09,18,금요일,27.0,0.0,0.0,2000,경기도,안산시 상록구,음식,70
07-09,19,금요일,25.5,0.0,0.0,2000,경기도,안산시 상록구,음식,67
07-09,20,금요일,24.7,0.0,0.0,2000,경기도,안산시 상록구,음식,37
07-09,21,금요일,23.7,0.0,0.0,2000,경기도,안산시 상록구,음식,45
07-09,22,금요일,23.4,0.0,0.0,1995,경기도,안산시 상록구,음식,27
07-09,23,금요일,23.0,0.0,0.0,2000,경기도,안산시 상록구,음식,18
07-10,0,토요일,23.0,0.0,0.0,2000,경기도,안산시 상록구,음식,5
07-10,1,토요일,22.5,0.0,0.0,2000,경기도,안산시 상록구,음식,7
07-10,2,토요일,23.1,0.0,0.0,2000,경기도,안산시 상록구,음식,6
07-10,9,토요일,25.4,0.0,0.0,691,경기도,안산시 상록구,음식,2
07-10,10,토요일,26.4,0.0,0.0,531,경기도,안산시 상록구,음식,25
07-10,11,토요일,27.3,0.0,0.0,670,경기도,안산시 상록구,음식,27
07-10,12,토요일,27.7,0.0,0.0,882,경기도,안산시 상록구,음식,38
07-10,13,토요일,28.9,0.0,0.0,777,경기도,안산시 상록구,음식,40
07-10,14,토요일,29.3,0.0,0.0,1272,경기도,안산시 상록구,음식,27
07-10,15,토요일,29.3,0.0,0.0,1573,경기도,안산시 상록구,음식,19
07-10,16,토요일,29.3,0.0,0.0,1682,경기도,안산시 상록구,음식,27
07-10,17,토요일,29.0,0.0,0.0,1959,경기도,안산시 상록구,음식,49
07-10,18,토요일,28.2,0.0,0.0,1931,경기도,안산시 상록구,음식,42
07-10,19,토요일,27.0,0.0,0.0,1300,경기도,안산시 상록구,음식,67
07-10,20,토요일,26.3,0.0,0.0,1067,경기도,안산시 상록구,음식,36
07-10,21,토요일,25.6,0.0,0.0,955,경기도,안산시 상록구,음식,27
07-10,22,토요일,24.9,0.0,0.0,620,경기도,안산시 상록구,음식,40
07-10,23,토요일,24.9,0.2,0.0,857,경기도,안산시 상록구,음식,17
07-11,0,일요일,25.1,0.0,0.0,575,경기도,안산시 상록구,음식,15
07-11,1,일요일,24.9,0.0,0.0,507,경기도,안산시 상록구,음식,6
07-11,2,일요일,24.6,0.0,0.0,523,경기도,안산시 상록구,음식,6
07-11,9,일요일,25.3,0.0,0.0,1018,경기도,안산시 상록구,음식,1
07-11,10,일요일,25.6,0.0,0.0,1178,경기도,안산시 상록구,음식,25
07-11,11,일요일,26.0,0.0,0.0,1645,경기도,안산시 상록구,음식,33
07-11,12,일요일,27.1,0.0,0.0,824,경기도,안산시 상록구,음식,44
07-11,13,일요일,27.9,0.0,0.0,1801,경기도,안산시 상록구,음식,41
07-11,14,일요일,28.6,0.0,0.0,1715,경기도,안산시 상록구,음식,26
07-11,15,일요일,29.0,0.0,0.0,1880,경기도,안산시 상록구,음식,28
07-11,16,일요일,28.9,0.0,0.0,1747,경기도,안산시 상록구,음식,21
07-11,17,일요일,28.0,0.0,0.0,1890,경기도,안산시 상록구,음식,56
07-11,18,일요일,27.9,0.0,0.0,1874,경기도,안산시 상록구,음식,61
07-11,19,일요일,27.2,0.0,0.0,1490,경기도,안산시 상록구,음식,43
07-11,20,일요일,26.8,0.0,0.0,1268,경기도,안산시 상록구,음식,41
07-11,21,일요일,26.3,0.0,0.0,1841,경기도,안산시 상록구,음식,28
07-11,22,일요일,25.2,0.0,0.0,1996,경기도,안산시 상록구,음식,22
07-11,23,일요일,24.5,0.0,0.0,2000,경기도,안산시 상록구,음식,23
07-12,0,월요일,24.0,0.0,0.0,1764,경기도,안산시 상록구,음식,9
07-12,1,월요일,23.9,0.0,0.0,1599,경기도,안산시 상록구,음식,2
07-12,2,월요일,23.8,0.0,0.0,1724,경기도,안산시 상록구,음식,3
07-12,10,월요일,26.8,0.0,0.0,651,경기도,안산시 상록구,음식,7
07-12,11,월요일,27.3,0.0,0.0,766,경기도,안산시 상록구,음식,19
07-12,12,월요일,28.7,0.0,0.0,846,경기도,안산시 상록구,음식,57
07-12,13,월요일,29.5,0.0,0.0,1103,경기도,안산시 상록구,음식,22
07-12,14,월요일,30.8,0.0,0.0,1940,경기도,안산시 상록구,음식,20
07-12,15,월요일,32.5,0.0,0.0,1713,경기도,안산시 상록구,음식,13
07-12,16,월요일,31.7,0.0,0.0,1876,경기도,안산시 상록구,음식,17
07-12,17,월요일,32.2,0.0,0.0,1936,경기도,안산시 상록구,음식,32
07-12,18,월요일,32.0,0.0,0.0,1891,경기도,안산시 상록구,음식,52
07-12,19,월요일,30.9,0.0,0.0,1830,경기도,안산시 상록구,음식,31
07-12,20,월요일,30.0,0.0,0.0,1807,경기도,안산시 상록구,음식,41
07-12,21,월요일,27.2,0.0,0.0,736,경기도,안산시 상록구,음식,30
07-12,22,월요일,26.8,0.0,0.0,906,경기도,안산시 상록구,음식,24
07-12,23,월요일,26.4,0.0,0.0,1655,경기도,안산시 상록구,음식,15
07-13,0,화요일,25.8,0.0,0.0,210,경기도,안산시 상록구,음식,2
07-13,1,화요일,25.4,0.0,0.0,580,경기도,안산시 상록구,음식,7
07-13,2,화요일,25.8,0.0,0.0,821,경기도,안산시 상록구,음식,4
07-13,9,화요일,29.6,0.0,0.0,1983,경기도,안산시 상록구,음식,1
07-13,10,화요일,30.0,0.0,0.0,1942,경기도,안산시 상록구,음식,8
07-13,11,화요일,31.1,0.0,0.0,1991,경기도,안산시 상록구,음식,29
07-13,12,화요일,31.8,0.0,0.0,1983,경기도,안산시 상록구,음식,25
07-13,13,화요일,31.8,0.0,0.0,1991,경기도,안산시 상록구,음식,12
07-13,14,화요일,32.0,0.0,0.0,1967,경기도,안산시 상록구,음식,16
07-13,15,화요일,31.6,0.0,0.0,1994,경기도,안산시 상록구,음식,16
07-13,16,화요일,31.0,0.0,0.0,1998,경기도,안산시 상록구,음식,19
07-13,17,화요일,31.6,0.0,0.0,2000,경기도,안산시 상록구,음식,25
07-13,18,화요일,31.2,0.0,0.0,2000,경기도,안산시 상록구,음식,59
07-13,19,화요일,30.5,0.0,0.0,2000,경기도,안산시 상록구,음식,52
07-13,20,화요일,29.3,0.0,0.0,2000,경기도,안산시 상록구,음식,40
07-13,21,화요일,28.3,0.0,0.0,1993,경기도,안산시 상록구,음식,25
07-13,22,화요일,27.4,0.0,0.0,1999,경기도,안산시 상록구,음식,17
07-13,23,화요일,26.8,0.0,0.0,1935,경기도,안산시 상록구,음식,26
07-14,0,수요일,26.5,0.0,0.0,1970,경기도,안산시 상록구,음식,10
07-14,1,수요일,25.9,0.0,0.0,1749,경기도,안산시 상록구,음식,7
07-14,2,수요일,25.4,0.0,0.0,1698,경기도,안산시 상록구,음식,8
07-14,9,수요일,29.9,0.0,0.0,1950,경기도,안산시 상록구,음식,2
07-14,10,수요일,31.1,0.0,0.0,1864,경기도,안산시 상록구,음식,7
07-14,11,수요일,31.1,0.0,0.0,2000,경기도,안산시 상록구,음식,29
07-14,12,수요일,31.4,0.0,0.0,2000,경기도,안산시 상록구,음식,29
07-14,13,수요일,31.8,0.0,0.0,2000,경기도,안산시 상록구,음식,18
07-14,14,수요일,31.8,0.0,0.0,2000,경기도,안산시 상록구,음식,11
07-14,15,수요일,32.7,0.0,0.0,2000,경기도,안산시 상록구,음식,10
07-14,16,수요일,32.6,0.0,0.0,2000,경기도,안산시 상록구,음식,12
07-14,17,수요일,32.1,0.0,0.0,2000,경기도,안산시 상록구,음식,28
07-14,18,수요일,32.3,0.0,0.0,1953,경기도,안산시 상록구,음식,35
07-14,19,수요일,31.2,0.0,0.0,2000,경기도,안산시 상록구,음식,46
07-14,20,수요일,30.1,0.0,0.0,2000,경기도,안산시 상록구,음식,31
07-14,21,수요일,29.2,0.0,0.0,2000,경기도,안산시 상록구,음식,23
07-14,22,수요일,28.2,0.0,0.0,2000,경기도,안산시 상록구,음식,23
07-14,23,수요일,27.6,0.0,0.0,2000,경기도,안산시 상록구,음식,14
07-15,0,목요일,27.5,0.0,0.0,2000,경기도,안산시 상록구,음식,7
07-15,1,목요일,27.0,0.0,0.0,2000,경기도,안산시 상록구,음식,7
07-15,2,목요일,26.6,0.0,0.0,2000,경기도,안산시 상록구,음식,6
07-15,10,목요일,30.8,0.0,0.0,1942,경기도,안산시 상록구,음식,10
07-15,11,목요일,32.4,0.0,0.0,1995,경기도,안산시 상록구,음식,32
07-15,12,목요일,32.3,0.0,0.0,2000,경기도,안산시 상록구,음식,29
07-15,13,목요일,33.2,0.0,0.0,2000,경기도,안산시 상록구,음식,24
07-15,14,목요일,34.2,0.0,0.0,2000,경기도,안산시 상록구,음식,21
07-15,15,목요일,33.0,0.0,0.0,1977,경기도,안산시 상록구,음식,13
07-15,16,목요일,31.0,0.0,0.0,2000,경기도,안산시 상록구,음식,13
07-15,17,목요일,29.6,0.0,0.0,2000,경기도,안산시 상록구,음식,29
07-15,18,목요일,29.1,0.0,0.0,2000,경기도,안산시 상록구,음식,52
07-15,19,목요일,28.7,0.0,0.0,2000,경기도,안산시 상록구,음식,52
07-15,20,목요일,28.5,0.0,0.0,2000,경기도,안산시 상록구,음식,54
07-15,21,목요일,26.6,0.0,0.0,2000,경기도,안산시 상록구,음식,26
07-15,22,목요일,26.7,0.0,0.0,2000,경기도,안산시 상록구,음식,30
07-15,23,목요일,26.5,0.0,0.0,2000,경기도,안산시 상록구,음식,20
07-16,0,금요일,26.0,0.0,0.0,1996,경기도,안산시 상록구,음식,7
07-16,1,금요일,26.1,0.0,0.0,2000,경기도,안산시 상록구,음식,4
07-16,2,금요일,25.7,0.0,0.0,2000,경기도,안산시 상록구,음식,1
07-16,10,금요일,29.6,0.0,0.0,1998,경기도,안산시 상록구,음식,19
07-16,11,금요일,30.8,0.0,0.0,1871,경기도,안산시 상록구,음식,27
07-16,12,금요일,31.5,0.0,0.0,1973,경기도,안산시 상록구,음식,40
07-16,13,금요일,32.9,0.0,0.0,1998,경기도,안산시 상록구,음식,15
07-16,14,금요일,33.9,0.0,0.0,1983,경기도,안산시 상록구,음식,20
07-16,15,금요일,34.4,0.0,0.0,2000,경기도,안산시 상록구,음식,20
07-16,16,금요일,33.7,0.0,0.0,1943,경기도,안산시 상록구,음식,16
07-16,17,금요일,33.1,0.0,0.0,1764,경기도,안산시 상록구,음식,24
07-16,18,금요일,31.2,0.0,0.0,2000,경기도,안산시 상록구,음식,52
07-16,19,금요일,28.5,7.2,0.0,1092,경기도,안산시 상록구,음식,64
07-16,20,금요일,27.5,0.0,0.0,1238,경기도,안산시 상록구,음식,51
07-16,21,금요일,25.2,1.5,0.0,1927,경기도,안산시 상록구,음식,53
07-16,22,금요일,24.0,12.7,0.0,1020,경기도,안산시 상록구,음식,36
07-16,23,금요일,23.9,0.4,0.0,1008,경기도,안산시 상록구,음식,29
07-17,0,토요일,24.2,0.0,0.0,624,경기도,안산시 상록구,음식,7
07-17,1,토요일,23.7,0.0,0.0,345,경기도,안산시 상록구,음식,13
07-17,2,토요일,23.7,0.0,0.0,224,경기도,안산시 상록구,음식,4
07-17,9,토요일,28.4,0.0,0.0,1999,경기도,안산시 상록구,음식,2
07-17,10,토요일,29.5,0.0,0.0,2000,경기도,안산시 상록구,음식,12
07-17,11,토요일,30.4,0.0,0.0,1990,경기도,안산시 상록구,음식,36
07-17,12,토요일,30.2,0.0,0.0,2000,경기도,안산시 상록구,음식,43
07-17,13,토요일,31.5,0.0,0.0,2000,경기도,안산시 상록구,음식,46
07-17,14,토요일,31.5,0.0,0.0,2000,경기도,안산시 상록구,음식,29
07-17,15,토요일,32.4,0.0,0.0,2000,경기도,안산시 상록구,음식,21
07-17,16,토요일,30.9,0.0,0.0,1992,경기도,안산시 상록구,음식,19
07-17,17,토요일,30.7,0.0,0.0,2000,경기도,안산시 상록구,음식,51
07-17,18,토요일,30.7,0.0,0.0,2000,경기도,안산시 상록구,음식,45
07-17,19,토요일,30.2,0.0,0.0,2000,경기도,안산시 상록구,음식,59
07-17,20,토요일,29.7,0.0,0.0,1955,경기도,안산시 상록구,음식,48
07-17,21,토요일,29.3,0.0,0.0,2000,경기도,안산시 상록구,음식,45
07-17,22,토요일,28.6,0.0,0.0,2000,경기도,안산시 상록구,음식,34
07-17,23,토요일,27.0,0.0,0.0,1959,경기도,안산시 상록구,음식,31
07-18,0,일요일,26.8,0.0,0.0,2000,경기도,안산시 상록구,음식,10
07-18,1,일요일,27.3,0.0,0.0,2000,경기도,안산시 상록구,음식,4
07-18,2,일요일,26.7,0.0,0.0,2000,경기도,안산시 상록구,음식,5
07-18,10,일요일,29.1,0.0,0.0,2000,경기도,안산시 상록구,음식,14
07-18,11,일요일,31.2,0.0,0.0,2015,경기도,안산시 상록구,음식,42
07-18,12,일요일,31.1,0.0,0.0,2000,경기도,안산시 상록구,음식,44
07-18,13,일요일,30.8,0.0,0.0,2000,경기도,안산시 상록구,음식,40
07-18,14,일요일,31.5,0.0,0.0,2000,경기도,안산시 상록구,음식,35
07-18,15,일요일,32.0,0.0,0.0,2000,경기도,안산시 상록구,음식,21
07-18,16,일요일,32.9,0.0,0.0,2000,경기도,안산시 상록구,음식,26
07-18,17,일요일,32.1,0.0,0.0,1865,경기도,안산시 상록구,음식,48
07-18,18,일요일,31.8,0.0,0.0,2000,경기도,안산시 상록구,음식,49
07-18,19,일요일,29.9,0.0,0.0,1949,경기도,안산시 상록구,음식,47
07-18,20,일요일,28.6,0.0,0.0,2000,경기도,안산시 상록구,음식,48
07-18,21,일요일,27.7,0.0,0.0,1995,경기도,안산시 상록구,음식,37
07-18,22,일요일,23.7,20.1,0.0,2000,경기도,안산시 상록구,음식,31
07-18,23,일요일,23.8,0.0,0.0,1995,경기도,안산시 상록구,음식,10
07-19,0,월요일,23.9,0.0,0.0,1997,경기도,안산시 상록구,음식,3
07-19,9,월요일,27.9,0.0,0.0,2000,경기도,안산시 상록구,음식,1
07-19,10,월요일,29.1,0.0,0.0,2000,경기도,안산시 상록구,음식,16
07-19,11,월요일,29.4,0.0,0.0,2000,경기도,안산시 상록구,음식,26
07-19,12,월요일,30.7,0.0,0.0,2000,경기도,안산시 상록구,음식,29
07-19,13,월요일,30.2,0.0,0.0,2000,경기도,안산시 상록구,음식,29
07-19,14,월요일,31.2,0.0,0.0,2000,경기도,안산시 상록구,음식,13
07-19,15,월요일,31.5,0.0,0.0,2000,경기도,안산시 상록구,음식,12
07-19,16,월요일,28.7,0.0,0.0,2000,경기도,안산시 상록구,음식,13
07-19,17,월요일,27.7,0.0,0.0,2000,경기도,안산시 상록구,음식,29
07-19,18,월요일,25.9,5.1,0.0,1960,경기도,안산시 상록구,음식,40
07-19,19,월요일,26.2,1.0,0.0,1570,경기도,안산시 상록구,음식,45
07-19,20,월요일,25.1,0.2,0.0,1871,경기도,안산시 상록구,음식,41
07-19,21,월요일,24.7,0.0,0.0,1804,경기도,안산시 상록구,음식,53
07-19,22,월요일,24.6,0.0,0.0,1697,경기도,안산시 상록구,음식,23
07-19,23,월요일,24.7,0.0,0.0,1571,경기도,안산시 상록구,음식,13
07-22,16,목요일,34.8,0.0,0.0,2000,경기도,안산시 상록구,음식,2
07-22,17,목요일,35.2,0.0,0.0,1921,경기도,안산시 상록구,음식,23
07-22,18,목요일,34.8,0.0,0.0,2000,경기도,안산시 상록구,음식,40
07-22,19,목요일,32.1,0.0,0.0,2000,경기도,안산시 상록구,음식,51
07-22,20,목요일,29.8,0.0,0.0,1999,경기도,안산시 상록구,음식,45
07-22,21,목요일,29.5,0.0,0.0,2000,경기도,안산시 상록구,음식,31
07-22,22,목요일,28.8,0.0,0.0,1696,경기도,안산시 상록구,음식,35
07-22,23,목요일,29.7,0.0,0.0,2018,경기도,안산시 상록구,음식,19
07-23,0,금요일,29.1,0.0,0.0,2000,경기도,안산시 상록구,음식,7
07-23,2,금요일,27.8,0.0,0.0,2000,경기도,안산시 상록구,음식,3
07-23,10,금요일,30.8,0.0,0.0,1991,경기도,안산시 상록구,음식,18
07-23,11,금요일,31.8,0.0,0.0,1991,경기도,안산시 상록구,음식,32
07-23,12,금요일,32.3,0.0,0.0,1999,경기도,안산시 상록구,음식,38
07-23,13,금요일,33.8,0.0,0.0,1969,경기도,안산시 상록구,음식,25
07-23,14,금요일,34.2,0.0,0.0,1969,경기도,안산시 상록구,음식,19
07-23,15,금요일,34.9,0.0,0.0,2003,경기도,안산시 상록구,음식,16
07-23,16,금요일,35.4,0.0,0.0,1997,경기도,안산시 상록구,음식,24
07-23,17,금요일,35.2,0.0,0.0,2000,경기도,안산시 상록구,음식,26
07-23,18,금요일,34.6,0.0,0.0,2000,경기도,안산시 상록구,음식,68
07-23,19,금요일,32.6,0.0,0.0,1991,경기도,안산시 상록구,음식,68
07-23,20,금요일,31.3,0.0,0.0,1766,경기도,안산시 상록구,음식,55
07-23,21,금요일,30.0,0.0,0.0,1537,경기도,안산시 상록구,음식,45
07-23,22,금요일,29.4,0.0,0.0,1192,경기도,안산시 상록구,음식,41
07-23,23,금요일,28.0,0.0,0.0,914,경기도,안산시 상록구,음식,24
07-24,0,토요일,27.4,0.0,0.0,799,경기도,안산시 상록구,음식,14
07-24,1,토요일,26.6,0.0,0.0,1017,경기도,안산시 상록구,음식,5
07-24,2,토요일,26.3,0.0,0.0,940,경기도,안산시 상록구,음식,2
07-24,9,토요일,30.9,0.0,0.0,1878,경기도,안산시 상록구,음식,1
07-24,10,토요일,31.9,0.0,0.0,1875,경기도,안산시 상록구,음식,17
07-24,11,토요일,33.1,0.0,0.0,1943,경기도,안산시 상록구,음식,35
07-24,12,토요일,33.7,0.0,0.0,1989,경기도,안산시 상록구,음식,50
07-24,13,토요일,34.2,0.0,0.0,1994,경기도,안산시 상록구,음식,37
07-24,14,토요일,35.0,0.0,0.0,2000,경기도,안산시 상록구,음식,36
07-24,15,토요일,35.2,0.0,0.0,1950,경기도,안산시 상록구,음식,21
07-24,16,토요일,36.3,0.0,0.0,2000,경기도,안산시 상록구,음식,32
07-24,17,토요일,35.3,0.0,0.0,2000,경기도,안산시 상록구,음식,51
07-24,18,토요일,35.0,0.0,0.0,1903,경기도,안산시 상록구,음식,69
07-24,19,토요일,34.1,0.0,0.0,2000,경기도,안산시 상록구,음식,49
07-24,20,토요일,32.7,0.0,0.0,2000,경기도,안산시 상록구,음식,66
07-24,21,토요일,30.1,0.0,0.0,1891,경기도,안산시 상록구,음식,42
07-24,22,토요일,28.3,0.0,0.0,1551,경기도,안산시 상록구,음식,25
07-24,23,토요일,27.9,0.0,0.0,1075,경기도,안산시 상록구,음식,30
07-25,0,일요일,27.0,0.0,0.0,982,경기도,안산시 상록구,음식,19
07-25,1,일요일,26.6,0.0,0.0,1067,경기도,안산시 상록구,음식,6
07-25,2,일요일,26.3,0.0,0.0,1046,경기도,안산시 상록구,음식,5
07-25,9,일요일,30.5,0.0,0.0,1737,경기도,안산시 상록구,음식,2
07-25,10,일요일,31.7,0.0,0.0,1996,경기도,안산시 상록구,음식,29
07-25,11,일요일,32.2,0.0,0.0,1976,경기도,안산시 상록구,음식,34
07-25,12,일요일,33.2,0.0,0.0,1973,경기도,안산시 상록구,음식,57
07-25,13,일요일,33.5,0.0,0.0,2000,경기도,안산시 상록구,음식,51
07-25,14,일요일,34.3,0.0,0.0,2000,경기도,안산시 상록구,음식,35
07-25,15,일요일,34.4,0.0,0.0,2000,경기도,안산시 상록구,음식,29
07-25,16,일요일,35.1,0.0,0.0,2089,경기도,안산시 상록구,음식,37
07-25,17,일요일,34.8,0.0,0.0,2000,경기도,안산시 상록구,음식,47
07-25,18,일요일,33.8,0.0,0.0,2000,경기도,안산시 상록구,음식,56
07-25,19,일요일,32.9,0.0,0.0,2000,경기도,안산시 상록구,음식,59
07-25,20,일요일,32.0,0.0,0.0,2000,경기도,안산시 상록구,음식,43
07-25,21,일요일,31.0,0.0,0.0,2000,경기도,안산시 상록구,음식,50
07-25,22,일요일,30.7,0.0,0.0,2000,경기도,안산시 상록구,음식,20
07-25,23,일요일,29.9,0.0,0.0,2000,경기도,안산시 상록구,음식,27
07-26,0,월요일,29.5,0.0,0.0,1960,경기도,안산시 상록구,음식,7
07-26,1,월요일,28.7,0.0,0.0,2000,경기도,안산시 상록구,음식,1
07-26,9,월요일,30.2,0.0,0.0,2000,경기도,안산시 상록구,음식,1
07-26,10,월요일,30.9,0.0,0.0,1993,경기도,안산시 상록구,음식,15
07-26,11,월요일,31.7,0.0,0.0,1993,경기도,안산시 상록구,음식,15
07-26,12,월요일,32.4,0.0,0.0,1992,경기도,안산시 상록구,음식,40
07-26,13,월요일,33.5,0.0,0.0,1993,경기도,안산시 상록구,음식,13
07-26,14,월요일,34.1,0.0,0.0,2000,경기도,안산시 상록구,음식,20
07-26,15,월요일,34.4,0.0,0.0,2000,경기도,안산시 상록구,음식,13
07-26,16,월요일,34.7,0.0,0.0,2000,경기도,안산시 상록구,음식,17
07-26,17,월요일,34.7,0.0,0.0,2000,경기도,안산시 상록구,음식,31
07-26,18,월요일,34.2,0.0,0.0,2000,경기도,안산시 상록구,음식,51
07-26,19,월요일,33.5,0.0,0.0,2000,경기도,안산시 상록구,음식,49
07-26,20,월요일,30.1,0.0,0.0,2042,경기도,안산시 상록구,음식,41
07-26,21,월요일,29.2,0.0,0.0,2000,경기도,안산시 상록구,음식,29
07-26,22,월요일,28.3,0.0,0.0,2000,경기도,안산시 상록구,음식,22
07-26,23,월요일,28.1,0.0,0.0,2000,경기도,안산시 상록구,음식,20
07-27,0,화요일,27.4,0.0,0.0,2000,경기도,안산시 상록구,음식,6
07-27,1,화요일,26.9,0.0,0.0,2000,경기도,안산시 상록구,음식,7
07-27,2,화요일,26.4,0.0,0.0,2000,경기도,안산시 상록구,음식,4
07-27,10,화요일,31.6,0.0,0.0,2000,경기도,안산시 상록구,음식,13
07-27,11,화요일,32.8,0.0,0.0,1994,경기도,안산시 상록구,음식,23
07-27,12,화요일,33.8,0.0,0.0,1964,경기도,안산시 상록구,음식,28
07-27,13,화요일,34.5,0.0,0.0,2082,경기도,안산시 상록구,음식,19
07-27,14,화요일,34.4,0.0,0.0,1930,경기도,안산시 상록구,음식,29
07-27,15,화요일,34.2,0.0,0.0,1994,경기도,안산시 상록구,음식,13
07-27,16,화요일,34.4,0.0,0.0,2000,경기도,안산시 상록구,음식,23
07-27,17,화요일,33.3,0.0,0.0,1986,경기도,안산시 상록구,음식,34
07-27,18,화요일,32.5,0.0,0.0,1988,경기도,안산시 상록구,음식,44
07-27,19,화요일,30.6,0.0,0.0,1894,경기도,안산시 상록구,음식,63
07-27,20,화요일,28.7,0.0,0.0,2000,경기도,안산시 상록구,음식,47
07-27,21,화요일,27.6,0.0,0.0,2000,경기도,안산시 상록구,음식,36
07-27,22,화요일,27.9,0.0,0.0,1998,경기도,안산시 상록구,음식,29
07-27,23,화요일,27.8,0.0,0.0,1997,경기도,안산시 상록구,음식,21
07-28,0,수요일,29.2,0.0,0.0,2000,경기도,안산시 상록구,음식,8
07-28,2,수요일,28.5,0.0,0.0,1977,경기도,안산시 상록구,음식,4
07-28,10,수요일,31.0,0.0,0.0,1980,경기도,안산시 상록구,음식,11
07-28,11,수요일,32.7,0.0,0.0,1965,경기도,안산시 상록구,음식,24
07-28,12,수요일,33.4,0.0,0.0,1919,경기도,안산시 상록구,음식,24
07-28,13,수요일,33.3,0.0,0.0,1897,경기도,안산시 상록구,음식,20
07-28,14,수요일,33.7,0.0,0.0,1917,경기도,안산시 상록구,음식,9
07-28,15,수요일,33.0,0.0,0.0,2072,경기도,안산시 상록구,음식,11
07-28,16,수요일,32.9,0.0,0.0,1913,경기도,안산시 상록구,음식,15
07-28,17,수요일,27.5,7.5,0.0,859,경기도,안산시 상록구,음식,35
07-28,18,수요일,28.5,0.0,0.0,616,경기도,안산시 상록구,음식,52
07-28,19,수요일,29.3,0.0,0.0,733,경기도,안산시 상록구,음식,40
07-28,20,수요일,28.6,0.0,0.0,1336,경기도,안산시 상록구,음식,33
07-28,21,수요일,28.0,0.0,0.0,1461,경기도,안산시 상록구,음식,27
07-28,22,수요일,26.9,0.0,0.0,889,경기도,안산시 상록구,음식,13
07-28,23,수요일,26.3,0.0,0.0,604,경기도,안산시 상록구,음식,5
07-29,0,목요일,26.1,0.0,0.0,692,경기도,안산시 상록구,음식,12
07-29,1,목요일,25.6,0.0,0.0,713,경기도,안산시 상록구,음식,7
07-29,2,목요일,26.7,0.0,0.0,1867,경기도,안산시 상록구,음식,4
07-29,9,목요일,28.3,0.0,0.0,607,경기도,안산시 상록구,음식,1
07-29,10,목요일,29.7,0.0,0.0,725,경기도,안산시 상록구,음식,10
07-29,11,목요일,31.0,0.0,0.0,586,경기도,안산시 상록구,음식,23
07-29,12,목요일,31.9,0.0,0.0,672,경기도,안산시 상록구,음식,37
07-29,13,목요일,33.1,0.0,0.0,788,경기도,안산시 상록구,음식,27
07-29,14,목요일,32.9,0.0,0.0,859,경기도,안산시 상록구,음식,16
07-29,15,목요일,32.2,0.0,0.0,1494,경기도,안산시 상록구,음식,13
07-29,16,목요일,32.1,0.0,0.0,1761,경기도,안산시 상록구,음식,22
07-29,17,목요일,31.5,0.0,0.0,2006,경기도,안산시 상록구,음식,26
07-29,18,목요일,30.6,0.0,0.0,2000,경기도,안산시 상록구,음식,60
07-29,19,목요일,29.8,0.0,0.0,2000,경기도,안산시 상록구,음식,53
07-29,20,목요일,28.7,0.0,0.0,1961,경기도,안산시 상록구,음식,35
07-29,21,목요일,27.1,0.0,0.0,1875,경기도,안산시 상록구,음식,37
07-29,22,목요일,26.4,0.0,0.0,1972,경기도,안산시 상록구,음식,33
07-29,23,목요일,26.1,0.0,0.0,1960,경기도,안산시 상록구,음식,13
07-30,0,금요일,25.8,0.0,0.0,1653,경기도,안산시 상록구,음식,6
07-30,1,금요일,25.2,0.0,0.0,983,경기도,안산시 상록구,음식,9
07-30,2,금요일,25.3,0.0,0.0,1131,경기도,안산시 상록구,음식,2
07-30,9,금요일,29.9,0.0,0.0,1941,경기도,안산시 상록구,음식,2
07-30,10,금요일,31.1,0.0,0.0,1912,경기도,안산시 상록구,음식,12
07-30,11,금요일,31.7,0.0,0.0,1983,경기도,안산시 상록구,음식,18
07-30,12,금요일,32.4,0.0,0.0,1990,경기도,안산시 상록구,음식,38
07-30,13,금요일,33.7,0.0,0.0,1938,경기도,안산시 상록구,음식,32
07-30,14,금요일,34.1,0.0,0.0,2000,경기도,안산시 상록구,음식,19
07-30,15,금요일,34.8,0.0,0.0,1998,경기도,안산시 상록구,음식,13
07-30,16,금요일,34.2,0.0,0.0,1959,경기도,안산시 상록구,음식,11
07-30,17,금요일,33.0,0.0,0.0,2000,경기도,안산시 상록구,음식,39
07-30,18,금요일,32.0,0.0,0.0,2000,경기도,안산시 상록구,음식,58
07-30,19,금요일,30.9,0.0,0.0,2000,경기도,안산시 상록구,음식,65
07-30,20,금요일,30.4,0.0,0.0,1993,경기도,안산시 상록구,음식,55
07-30,21,금요일,29.7,0.0,0.0,2000,경기도,안산시 상록구,음식,55
07-30,22,금요일,29.3,0.0,0.0,2000,경기도,안산시 상록구,음식,32
07-30,23,금요일,28.8,0.0,0.0,2000,경기도,안산시 상록구,음식,25
07-31,0,토요일,28.5,0.0,0.0,2000,경기도,안산시 상록구,음식,12
07-31,1,토요일,26.7,1.0,0.0,542,경기도,안산시 상록구,음식,5
07-31,2,토요일,26.5,2.1,0.0,1600,경기도,안산시 상록구,음식,2
07-31,9,토요일,28.7,0.0,0.0,1927,경기도,안산시 상록구,음식,1
07-31,10,토요일,30.0,0.0,0.0,1887,경기도,안산시 상록구,음식,27
07-31,11,토요일,30.6,0.0,0.0,1775,경기도,안산시 상록구,음식,31
07-31,12,토요일,31.0,0.0,0.0,1820,경기도,안산시 상록구,음식,45
07-31,13,토요일,31.6,0.0,0.0,1904,경기도,안산시 상록구,음식,30
07-31,14,토요일,32.7,0.0,0.0,1948,경기도,안산시 상록구,음식,18
07-31,15,토요일,33.4,0.0,0.0,1886,경기도,안산시 상록구,음식,16
07-31,16,토요일,33.4,0.0,0.0,1784,경기도,안산시 상록구,음식,25
07-31,17,토요일,32.2,0.0,0.0,1975,경기도,안산시 상록구,음식,46
07-31,18,토요일,31.2,0.0,0.0,1993,경기도,안산시 상록구,음식,73
07-31,19,토요일,29.1,0.0,0.0,2000,경기도,안산시 상록구,음식,75
07-31,20,토요일,28.2,0.0,0.0,2000,경기도,안산시 상록구,음식,49
07-31,21,토요일,27.6,0.0,0.0,1976,경기도,안산시 상록구,음식,40
07-31,22,토요일,27.0,0.0,0.0,1982,경기도,안산시 상록구,음식,24
07-31,23,토요일,26.8,0.0,0.0,1333,경기도,안산시 상록구,음식,26
