지점,지점명,일시,기온(°C),강수량(mm),적설(cm),시정(10m)
119,수원,2019-08-01 10:00,28.1,,,1200
119,수원,2019-08-01 11:00,28.9,,,1300
119,수원,2019-08-01 12:00,29.8,,,1400
119,수원,2019-08-01 13:00,30.5,,,1500
119,수원,2019-08-01 14:00,31.6,,,1500
119,수원,2019-08-01 15:00,31.3,,,1500
119,수원,2019-08-01 16:00,31.3,,,2000
119,수원,2019-08-01 17:00,30.2,,,2000
119,수원,2019-08-01 18:00,29.8,,,2000
119,수원,2019-08-01 19:00,28.4,,,2000
119,수원,2019-08-01 20:00,27.4,,,1500
119,수원,2019-08-01 21:00,26.8,,,1800
119,수원,2019-08-01 22:00,26.6,,,1300
119,수원,2019-08-01 23:00,25.9,,,1300
119,수원,2019-08-02 00:00,25.3,,,800
119,수원,2019-08-02 01:00,24.8,,,600
119,수원,2019-08-02 02:00,24.5,,,400
119,수원,2019-08-02 03:00,24.6,,,250
119,수원,2019-08-02 04:00,24.6,,,250
119,수원,2019-08-02 05:00,24.6,,,150
119,수원,2019-08-02 06:00,24.8,,,250
119,수원,2019-08-02 07:00,25.4,,,500
119,수원,2019-08-02 08:00,27.1,,,800
119,수원,2019-08-02 09:00,28.5,,,900
119,수원,2019-08-02 10:00,29.6,,,1200
119,수원,2019-08-02 11:00,30,,,1500
119,수원,2019-08-02 12:00,31.2,,,1800
119,수원,2019-08-02 13:00,32.2,,,2000
119,수원,2019-08-02 14:00,32.9,,,2000
119,수원,2019-08-02 15:00,32.9,,,2000
119,수원,2019-08-02 16:00,32.7,,,2000
119,수원,2019-08-02 17:00,32.5,,,2000
119,수원,2019-08-02 18:00,31.6,,,2000
119,수원,2019-08-02 19:00,30.7,,,2000
119,수원,2019-08-02 20:00,28.1,,,2000
119,수원,2019-08-02 21:00,27.1,,,1500
119,수원,2019-08-02 22:00,26.5,,,1500
119,수원,2019-08-02 23:00,26.7,,,1500
119,수원,2019-08-03 00:00,26.1,,,1500
119,수원,2019-08-03 01:00,25.8,,,1500
119,수원,2019-08-03 02:00,25.6,,,1500
119,수원,2019-08-03 03:00,25.4,,,1300
119,수원,2019-08-03 04:00,25.3,,,1300
119,수원,2019-08-03 05:00,24.9,,,1200
119,수원,2019-08-03 06:00,24.9,,,1700
119,수원,2019-08-03 07:00,26.5,,,1800
119,수원,2019-08-03 08:00,28.8,,,1800
119,수원,2019-08-03 09:00,29.8,,,2000
119,수원,2019-08-03 10:00,30.8,,,2000
119,수원,2019-08-03 11:00,32.6,,,2000
119,수원,2019-08-03 12:00,33.2,,,2000
119,수원,2019-08-03 13:00,34.9,,,2000
119,수원,2019-08-03 14:00,34.8,,,1800
119,수원,2019-08-03 15:00,34.9,,,1800
119,수원,2019-08-03 16:00,34.8,,,1800
119,수원,2019-08-03 17:00,34.5,,,1500
119,수원,2019-08-03 18:00,29.9,0,,1200
119,수원,2019-08-03 19:00,29.4,,,1500
119,수원,2019-08-03 20:00,28.2,,,1500
119,수원,2019-08-03 21:00,27.9,,,2000
119,수원,2019-08-03 22:00,27.3,,,2000
119,수원,2019-08-03 23:00,26.7,,,2000
119,수원,2019-08-04 00:00,26.7,,,2000
119,수원,2019-08-04 01:00,26.2,,,2000
119,수원,2019-08-04 02:00,26.1,,,2000
119,수원,2019-08-04 03:00,25.4,,,1500
119,수원,2019-08-04 04:00,25.3,,,1700
119,수원,2019-08-04 05:00,25.1,,,1800
119,수원,2019-08-04 06:00,25.1,,,1800
119,수원,2019-08-04 07:00,26.8,,,1800
119,수원,2019-08-04 08:00,28.8,,,1800
119,수원,2019-08-04 09:00,29.3,,,1000
119,수원,2019-08-04 10:00,30.1,,,800
119,수원,2019-08-04 11:00,30.9,,,800
119,수원,2019-08-04 12:00,32.1,,,800
119,수원,2019-08-04 13:00,32.9,,,800
119,수원,2019-08-04 14:00,33.9,,,1000
119,수원,2019-08-04 15:00,33.5,,,1200
119,수원,2019-08-04 16:00,33.1,,,1200
119,수원,2019-08-04 17:00,31.8,,,1500
119,수원,2019-08-04 18:00,30.4,,,1500
119,수원,2019-08-04 19:00,29.7,,,1500
119,수원,2019-08-04 20:00,28.3,,,1500
119,수원,2019-08-04 21:00,27.7,,,1500
119,수원,2019-08-04 22:00,27.3,,,
119,수원,2019-08-04 23:00,26.5,,,
119,수원,2019-08-05 00:00,26.6,,,700
119,수원,2019-08-05 01:00,25.8,,,
119,수원,2019-08-05 02:00,25.4,,,
119,수원,2019-08-05 03:00,25.3,,,500
119,수원,2019-08-05 04:00,24.9,,,400
119,수원,2019-08-05 05:00,25,,,400
119,수원,2019-08-05 06:00,25.3,,,300
119,수원,2019-08-05 07:00,26.2,,,300
119,수원,2019-08-05 08:00,28.1,,,300
119,수원,2019-08-05 09:00,29.9,,,700
119,수원,2019-08-05 10:00,31.5,,,1000
119,수원,2019-08-05 11:00,33.2,,,1200
119,수원,2019-08-05 12:00,33.2,,,1500
119,수원,2019-08-05 13:00,33.9,,,1500
119,수원,2019-08-05 14:00,34.5,,,1700
119,수원,2019-08-05 15:00,35.8,,,1500
119,수원,2019-08-05 16:00,34.5,,,1500
119,수원,2019-08-05 17:00,34.6,,,1200
119,수원,2019-08-05 18:00,34,,,1200
119,수원,2019-08-05 19:00,31.9,,,
119,수원,2019-08-05 20:00,31.7,,,
119,수원,2019-08-05 21:00,31.3,,,1200
119,수원,2019-08-05 22:00,30.1,,,
119,수원,2019-08-05 23:00,29.1,,,
119,수원,2019-08-06 00:00,28.6,,,1200
119,수원,2019-08-06 01:00,28.2,,,
119,수원,2019-08-06 02:00,29,,,
119,수원,2019-08-06 03:00,28.4,,,800
119,수원,2019-08-06 04:00,29.2,,,800
119,수원,2019-08-06 05:00,28.5,,,800
119,수원,2019-08-06 06:00,28.7,,,1200
119,수원,2019-08-06 07:00,28.6,,,1200
119,수원,2019-08-06 08:00,30.2,,,1500
119,수원,2019-08-06 09:00,31.2,,,1500
119,수원,2019-08-06 10:00,33.1,,,1500
119,수원,2019-08-06 11:00,34,,,1500
119,수원,2019-08-06 12:00,34.2,,,1800
119,수원,2019-08-06 13:00,34.7,,,2000
119,수원,2019-08-06 14:00,36.3,,,2000
119,수원,2019-08-06 15:00,35.8,,,2000
119,수원,2019-08-06 16:00,35.9,,,1800
119,수원,2019-08-06 17:00,34.9,,,1500
119,수원,2019-08-06 18:00,34.2,,,1500
119,수원,2019-08-06 19:00,33.4,,,1500
119,수원,2019-08-06 20:00,32,,,2000
119,수원,2019-08-06 21:00,31.3,,,2000
119,수원,2019-08-06 22:00,30.5,,,
119,수원,2019-08-06 23:00,30.1,,,2000
119,수원,2019-08-07 00:00,29.6,,,2000
119,수원,2019-08-07 01:00,28.9,0,,1800
119,수원,2019-08-07 02:00,27.6,0,,1700
119,수원,2019-08-07 03:00,25.7,0,,1700
119,수원,2019-08-07 04:00,26.2,0,,1700
119,수원,2019-08-07 05:00,24.8,.2,,1200
119,수원,2019-08-07 06:00,24.3,1.3,,1500
119,수원,2019-08-07 07:00,24.2,1,,1500
119,수원,2019-08-07 08:00,24.4,.8,,1500
119,수원,2019-08-07 09:00,25.1,.9,,1300
119,수원,2019-08-07 10:00,25.3,.4,,1300
119,수원,2019-08-07 11:00,26.1,0,,1500
119,수원,2019-08-07 12:00,27.9,.1,,1800
119,수원,2019-08-07 13:00,29.1,,,2000
119,수원,2019-08-07 14:00,30.7,,,2000
119,수원,2019-08-07 15:00,32,,,2000
119,수원,2019-08-07 16:00,31.9,,,2000
119,수원,2019-08-07 17:00,31.1,,,2000
119,수원,2019-08-07 18:00,31.1,,,1500
119,수원,2019-08-07 19:00,29.8,,,1500
119,수원,2019-08-07 20:00,28.2,,,1500
119,수원,2019-08-07 21:00,27.4,,,1200
119,수원,2019-08-07 22:00,26.8,,,800
119,수원,2019-08-07 23:00,26.6,,,700
119,수원,2019-08-08 00:00,26.8,,,500
119,수원,2019-08-08 01:00,25.9,,,500
119,수원,2019-08-08 02:00,25.9,,,400
119,수원,2019-08-08 03:00,25.7,,,300
119,수원,2019-08-08 04:00,25.5,,,300
119,수원,2019-08-08 05:00,24.9,,,250
119,수원,2019-08-08 06:00,25.4,,,250
119,수원,2019-08-08 07:00,26,,,200
119,수원,2019-08-08 08:00,27,,,400
119,수원,2019-08-08 09:00,28.4,,,500
119,수원,2019-08-08 10:00,30,,,800
119,수원,2019-08-08 11:00,30.9,,,900
119,수원,2019-08-08 12:00,31.2,,,800
119,수원,2019-08-08 13:00,31.9,,,1050
119,수원,2019-08-08 14:00,32.8,,,1100
119,수원,2019-08-08 15:00,32.1,,,1100
119,수원,2019-08-08 16:00,31.7,,,1100
119,수원,2019-08-08 17:00,30.3,,,1200
119,수원,2019-08-08 18:00,30.4,,,1100
119,수원,2019-08-08 19:00,29.6,,,1200
119,수원,2019-08-08 20:00,28.4,,,1300
119,수원,2019-08-08 21:00,27.2,,,1300
119,수원,2019-08-08 22:00,27.1,,,1100
119,수원,2019-08-08 23:00,27.1,,,1100
119,수원,2019-08-09 00:00,26.9,,,1100
119,수원,2019-08-09 01:00,26.3,,,1300
119,수원,2019-08-09 02:00,26,,,1300
119,수원,2019-08-09 03:00,25.3,,,1300
119,수원,2019-08-09 04:00,25.4,,,1100
119,수원,2019-08-09 05:00,25.3,,,1300
119,수원,2019-08-09 06:00,25.2,,,1500
119,수원,2019-08-09 07:00,26.9,,,1800
119,수원,2019-08-09 08:00,27.9,,,1500
119,수원,2019-08-09 09:00,29.5,,,1500
119,수원,2019-08-09 10:00,30.3,,,1600
119,수원,2019-08-09 11:00,32.2,,,1700
119,수원,2019-08-09 12:00,32.1,,,2000
119,수원,2019-08-09 13:00,33,,,2000
119,수원,2019-08-09 14:00,32.2,,,1600
119,수원,2019-08-09 15:00,32.4,,,1600
119,수원,2019-08-09 16:00,33.4,,,1600
119,수원,2019-08-09 17:00,32.4,,,1600
119,수원,2019-08-09 18:00,32.1,,,1600
119,수원,2019-08-09 19:00,30.7,,,1600
119,수원,2019-08-09 20:00,29.2,,,1600
119,수원,2019-08-09 21:00,28.6,,,1500
119,수원,2019-08-09 22:00,27.5,,,1500
119,수원,2019-08-09 23:00,27.3,,,1500
119,수원,2019-08-10 00:00,26.9,,,1200
119,수원,2019-08-10 01:00,26.6,,,1200
119,수원,2019-08-10 02:00,26.4,,,1200
119,수원,2019-08-10 03:00,25.7,,,1200
119,수원,2019-08-10 04:00,26.5,,,1200
119,수원,2019-08-10 05:00,27,,,1000
119,수원,2019-08-10 06:00,27,,,1200
119,수원,2019-08-10 07:00,28.4,,,1500
119,수원,2019-08-10 08:00,29.2,,,1800
119,수원,2019-08-10 09:00,30.5,,,1800
119,수원,2019-08-10 10:00,31.7,,,2000
119,수원,2019-08-10 11:00,33.2,,,2000
119,수원,2019-08-10 12:00,34.1,,,2000
119,수원,2019-08-10 13:00,34.8,,,2000
119,수원,2019-08-10 14:00,35.4,,,2000
119,수원,2019-08-10 15:00,34.4,,,2000
119,수원,2019-08-10 16:00,35.4,,,2000
119,수원,2019-08-10 17:00,35.9,,,2000
119,수원,2019-08-10 18:00,34.6,,,2000
119,수원,2019-08-10 19:00,33.5,,,2000
119,수원,2019-08-10 20:00,32.5,,,2000
119,수원,2019-08-10 21:00,31.5,,,2000
119,수원,2019-08-10 22:00,30.7,,,2000
119,수원,2019-08-10 23:00,29.9,,,2000
119,수원,2019-08-11 00:00,29.1,,,2000
119,수원,2019-08-11 01:00,28.7,,,2000
119,수원,2019-08-11 02:00,28.2,,,2000
119,수원,2019-08-11 03:00,27.7,,,2000
119,수원,2019-08-11 04:00,27.4,,,2000
119,수원,2019-08-11 05:00,27,,,2000
119,수원,2019-08-11 06:00,27.1,,,2000
119,수원,2019-08-11 07:00,27.8,,,2000
119,수원,2019-08-11 08:00,28.8,,,2000
119,수원,2019-08-11 09:00,29.4,,,2000
119,수원,2019-08-11 10:00,29.9,,,2000
119,수원,2019-08-11 11:00,31.6,,,2000
119,수원,2019-08-11 12:00,32.9,,,2000
119,수원,2019-08-11 13:00,34.3,,,2000
119,수원,2019-08-11 14:00,34.4,,,2000
119,수원,2019-08-11 15:00,34.8,,,2000
119,수원,2019-08-11 16:00,34.4,,,2000
119,수원,2019-08-11 17:00,33.7,,,2000
119,수원,2019-08-11 18:00,32,0,,1200
119,수원,2019-08-11 19:00,31.7,0,,1500
119,수원,2019-08-11 20:00,31.3,,,1600
119,수원,2019-08-11 21:00,30.9,,,1600
119,수원,2019-08-11 22:00,30.4,0,,1600
119,수원,2019-08-11 23:00,26.9,1.3,,1000
119,수원,2019-08-12 00:00,25.5,3.5,,600
119,수원,2019-08-12 01:00,25.3,5.2,,450
119,수원,2019-08-12 02:00,25.9,.3,,450
119,수원,2019-08-12 03:00,26.9,0,,800
119,수원,2019-08-12 04:00,27.7,0,,800
119,수원,2019-08-12 05:00,27.7,0,,450
119,수원,2019-08-12 06:00,25,4.7,,350
119,수원,2019-08-12 07:00,24.8,5.4,,130
119,수원,2019-08-12 08:00,24.7,17,,120
119,수원,2019-08-12 09:00,25.3,1.3,,300
119,수원,2019-08-12 10:00,26,1.5,,300
119,수원,2019-08-12 11:00,26.3,1.6,,300
119,수원,2019-08-12 12:00,27.3,0,,1200
119,수원,2019-08-12 13:00,26.7,.4,,600
119,수원,2019-08-12 14:00,28.2,0,,800
119,수원,2019-08-12 15:00,27.5,1.5,,250
119,수원,2019-08-12 16:00,27.5,6.4,,1200
119,수원,2019-08-12 17:00,28.1,,,1200
119,수원,2019-08-12 18:00,28.7,,,1500
119,수원,2019-08-12 19:00,28.2,,,
119,수원,2019-08-12 20:00,28.2,,,
119,수원,2019-08-12 21:00,27.4,.6,,1200
119,수원,2019-08-12 22:00,27.2,.8,,1500
119,수원,2019-08-12 23:00,26.8,,,
119,수원,2019-08-13 00:00,26.4,,,1200
119,수원,2019-08-13 01:00,26,,,
119,수원,2019-08-13 02:00,26.1,,,
119,수원,2019-08-13 03:00,25.9,,,800
119,수원,2019-08-13 04:00,26.1,,,600
119,수원,2019-08-13 05:00,25.5,,,500
119,수원,2019-08-13 06:00,25.2,,,400
119,수원,2019-08-13 07:00,25.2,,,800
119,수원,2019-08-13 08:00,26.2,,,800
119,수원,2019-08-13 09:00,27.5,,,1000
119,수원,2019-08-13 10:00,29.3,,,1500
119,수원,2019-08-13 11:00,31.6,,,2000
119,수원,2019-08-13 12:00,32.3,,,2000
119,수원,2019-08-13 13:00,33,,,2000
119,수원,2019-08-13 14:00,33.6,,,2000
119,수원,2019-08-13 15:00,33.9,,,2000
119,수원,2019-08-13 16:00,33.7,,,2000
119,수원,2019-08-13 17:00,34.1,,,2000
119,수원,2019-08-13 18:00,33,,,2000
119,수원,2019-08-13 19:00,30.4,,,
119,수원,2019-08-13 20:00,29.4,,,
119,수원,2019-08-13 21:00,28.1,,,1500
119,수원,2019-08-13 22:00,27,.4,,1200
119,수원,2019-08-13 23:00,26.9,,,
119,수원,2019-08-14 00:00,26.7,,,1000
119,수원,2019-08-14 01:00,26.8,,,
119,수원,2019-08-14 02:00,26.3,,,
119,수원,2019-08-14 03:00,25.9,,,500
119,수원,2019-08-14 04:00,25.7,,,300
119,수원,2019-08-14 05:00,25.6,,,300
119,수원,2019-08-14 06:00,25.6,,,250
119,수원,2019-08-14 07:00,27,,,300
119,수원,2019-08-14 08:00,29.5,,,1500
119,수원,2019-08-14 09:00,30.6,,,1800
119,수원,2019-08-14 10:00,31.3,,,2000
119,수원,2019-08-14 11:00,32.3,,,2000
119,수원,2019-08-14 12:00,32.8,,,2000
119,수원,2019-08-14 13:00,33.6,,,2000
119,수원,2019-08-14 14:00,33.6,,,2000
119,수원,2019-08-14 15:00,34.5,,,2000
119,수원,2019-08-14 16:00,34.1,,,2000
119,수원,2019-08-14 17:00,34.1,,,2000
119,수원,2019-08-14 18:00,30.8,0,,2000
119,수원,2019-08-14 19:00,29.8,,,2000
119,수원,2019-08-14 20:00,31.7,,,2000
119,수원,2019-08-14 21:00,31.1,,,2000
119,수원,2019-08-14 22:00,30.4,,,2000
119,수원,2019-08-14 23:00,30.3,,,2000
119,수원,2019-08-15 00:00,29.8,,,2000
119,수원,2019-08-15 01:00,29,,,2000
119,수원,2019-08-15 02:00,28.7,,,2000
119,수원,2019-08-15 03:00,28.3,,,2000
119,수원,2019-08-15 04:00,28,,,2000
119,수원,2019-08-15 05:00,27.9,,,2000
119,수원,2019-08-15 06:00,27.6,,,2000
119,수원,2019-08-15 07:00,27.6,,,2000
119,수원,2019-08-15 08:00,26,.2,,1800
119,수원,2019-08-15 09:00,25.1,1.3,,1500
119,수원,2019-08-15 10:00,25,.5,,1300
119,수원,2019-08-15 11:00,24.7,2.4,,1300
119,수원,2019-08-15 12:00,24,14.5,,800
119,수원,2019-08-15 13:00,24.6,9,,800
119,수원,2019-08-15 14:00,25.2,.5,,1300
119,수원,2019-08-15 15:00,26,0,,1500
119,수원,2019-08-15 16:00,26.3,0,,2000
119,수원,2019-08-15 17:00,25.6,0,,1800
119,수원,2019-08-15 18:00,25.6,.7,,2000
119,수원,2019-08-15 19:00,25.4,,,2000
119,수원,2019-08-15 20:00,24.8,,,2000
119,수원,2019-08-15 21:00,24.7,,,2000
119,수원,2019-08-15 22:00,24.6,,,2000
119,수원,2019-08-15 23:00,24.1,,,2000
119,수원,2019-08-16 00:00,23.8,,,2000
119,수원,2019-08-16 01:00,23.6,,,2000
119,수원,2019-08-16 02:00,23.6,,,2000
119,수원,2019-08-16 03:00,23.5,,,2000
119,수원,2019-08-16 04:00,23.4,,,2000
119,수원,2019-08-16 05:00,23.7,,,2000
119,수원,2019-08-16 06:00,23.7,,,2000
119,수원,2019-08-16 07:00,23.9,,,2000
119,수원,2019-08-16 08:00,23.7,1,,2000
119,수원,2019-08-16 09:00,25.4,0,,2000
119,수원,2019-08-16 10:00,26.4,0,,2000
119,수원,2019-08-16 11:00,27.3,,,2000
119,수원,2019-08-16 12:00,28.5,0,,2000
119,수원,2019-08-16 13:00,28.6,,,2000
119,수원,2019-08-16 14:00,29.2,,,2000
119,수원,2019-08-16 15:00,28.2,,,2000
119,수원,2019-08-16 16:00,27.9,,,1800
119,수원,2019-08-16 17:00,28.1,,,1800
119,수원,2019-08-16 18:00,27.7,,,1800
119,수원,2019-08-16 19:00,26,,,1800
119,수원,2019-08-16 20:00,24.9,,,1800
119,수원,2019-08-16 21:00,24.3,,,1500
119,수원,2019-08-16 22:00,24.3,,,1500
119,수원,2019-08-16 23:00,24.4,,,1300
119,수원,2019-08-17 00:00,24.2,,,1100
119,수원,2019-08-17 01:00,24.1,,,1100
119,수원,2019-08-17 02:00,24.3,,,1100
119,수원,2019-08-17 03:00,24.4,,,1100
119,수원,2019-08-17 04:00,24,,,1100
119,수원,2019-08-17 05:00,24,,,1100
119,수원,2019-08-17 06:00,24.1,,,800
119,수원,2019-08-17 07:00,24.5,,,1100
119,수원,2019-08-17 08:00,25.1,,,1100
119,수원,2019-08-17 09:00,26.4,,,1200
119,수원,2019-08-17 10:00,24.9,6.1,,1200
119,수원,2019-08-17 11:00,26.8,.3,,1200
119,수원,2019-08-17 12:00,26.2,.2,,1400
119,수원,2019-08-17 13:00,26.8,0,,1200
119,수원,2019-08-17 14:00,26.4,,,1200
119,수원,2019-08-17 15:00,25.5,0,,1400
119,수원,2019-08-17 16:00,26.4,,,1400
119,수원,2019-08-17 17:00,27.2,,,1500
119,수원,2019-08-17 18:00,27,,,1500
119,수원,2019-08-17 19:00,26,,,1800
119,수원,2019-08-17 20:00,24.4,,,1500
119,수원,2019-08-17 21:00,23.3,,,1500
119,수원,2019-08-17 22:00,22.4,,,1500
119,수원,2019-08-17 23:00,22.2,,,1500
119,수원,2019-08-18 00:00,21.8,,,1500
119,수원,2019-08-18 01:00,21.7,,,1500
119,수원,2019-08-18 02:00,21.3,,,1500
119,수원,2019-08-18 03:00,20.8,,,1300
119,수원,2019-08-18 04:00,21.3,,,1100
119,수원,2019-08-18 05:00,21.1,,,800
119,수원,2019-08-18 06:00,21,,,500
119,수원,2019-08-18 07:00,21.4,,,800
119,수원,2019-08-18 08:00,22.3,,,800
119,수원,2019-08-18 09:00,23.8,,,800
119,수원,2019-08-18 10:00,25.8,,,1000
119,수원,2019-08-18 11:00,26.4,,,1200
119,수원,2019-08-18 12:00,27.3,,,2000
119,수원,2019-08-18 13:00,28.2,,,2000
119,수원,2019-08-18 14:00,29,,,2000
119,수원,2019-08-18 15:00,29.4,,,2000
119,수원,2019-08-18 16:00,29.6,,,2000
119,수원,2019-08-18 17:00,28.6,,,2000
119,수원,2019-08-18 18:00,27.6,,,2000
119,수원,2019-08-18 19:00,25.5,,,2000
119,수원,2019-08-18 20:00,23.9,,,2000
119,수원,2019-08-18 21:00,23.9,,,2000
119,수원,2019-08-18 22:00,22.7,,,2000
119,수원,2019-08-18 23:00,22.2,,,
119,수원,2019-08-19 00:00,21.7,,,1800
119,수원,2019-08-19 01:00,21.6,,,1800
119,수원,2019-08-19 02:00,20.8,,,1800
119,수원,2019-08-19 03:00,20.8,,,1800
119,수원,2019-08-19 04:00,20.4,,,1800
119,수원,2019-08-19 05:00,20.1,,,1800
119,수원,2019-08-19 06:00,20.2,,,1400
119,수원,2019-08-19 07:00,21.3,,,1500
119,수원,2019-08-19 08:00,23.2,,,1500
119,수원,2019-08-19 09:00,24.3,,,1500
119,수원,2019-08-19 10:00,26.3,,,1500
119,수원,2019-08-19 11:00,28.1,,,1500
119,수원,2019-08-19 12:00,28.9,,,1500
119,수원,2019-08-19 13:00,29.6,,,1800
119,수원,2019-08-19 14:00,30.3,,,2000
119,수원,2019-08-19 15:00,30.7,,,1800
119,수원,2019-08-19 16:00,30.6,,,1500
119,수원,2019-08-19 17:00,30.8,,,1500
119,수원,2019-08-19 18:00,29,,,1500
119,수원,2019-08-19 19:00,27.3,,,
119,수원,2019-08-19 20:00,26.1,,,
119,수원,2019-08-19 21:00,25.9,,,1800
119,수원,2019-08-19 22:00,25.2,,,
119,수원,2019-08-19 23:00,24.4,,,
119,수원,2019-08-20 00:00,24,,,2000
119,수원,2019-08-20 01:00,23.5,,,1800
119,수원,2019-08-20 02:00,22.9,,,1800
119,수원,2019-08-20 03:00,23,,,2000
119,수원,2019-08-20 04:00,22.9,,,2000
119,수원,2019-08-20 05:00,23.3,,,2000
119,수원,2019-08-20 06:00,23.5,,,1800
119,수원,2019-08-20 07:00,24.1,,,1800
119,수원,2019-08-20 08:00,25.1,,,1500
119,수원,2019-08-20 09:00,26.7,,,1800
119,수원,2019-08-20 10:00,27.9,,,1800
119,수원,2019-08-20 11:00,29,,,2000
119,수원,2019-08-20 12:00,29.9,,,2000
119,수원,2019-08-20 13:00,30.5,,,2000
119,수원,2019-08-20 14:00,31.1,,,1800
119,수원,2019-08-20 15:00,31.1,,,1600
119,수원,2019-08-20 16:00,31.4,,,1500
119,수원,2019-08-20 17:00,31.4,,,1500
119,수원,2019-08-20 18:00,30.7,,,1500
119,수원,2019-08-20 19:00,30.2,,,
119,수원,2019-08-20 20:00,29.1,,,
119,수원,2019-08-20 21:00,27.8,,,1500
119,수원,2019-08-20 22:00,27.5,,,
119,수원,2019-08-20 23:00,26.5,,,
119,수원,2019-08-21 00:00,26.2,,,1200
119,수원,2019-08-21 01:00,26.3,,,
119,수원,2019-08-21 02:00,25.8,,,
119,수원,2019-08-21 03:00,25,,,1200
119,수원,2019-08-21 04:00,24.9,,,1200
119,수원,2019-08-21 05:00,24.4,,,1200
119,수원,2019-08-21 06:00,24.3,,,1200
119,수원,2019-08-21 07:00,24.6,,,1200
119,수원,2019-08-21 08:00,25.3,,,2000
119,수원,2019-08-21 09:00,26.2,,,2000
119,수원,2019-08-21 10:00,28,,,2000
119,수원,2019-08-21 11:00,28.5,,,1700
119,수원,2019-08-21 12:00,29.3,,,1200
119,수원,2019-08-21 13:00,30,,,1000
119,수원,2019-08-21 14:00,30.2,,,1000
119,수원,2019-08-21 15:00,31,,,1000
119,수원,2019-08-21 16:00,31,,,1000
119,수원,2019-08-21 17:00,29.5,,,1200
119,수원,2019-08-21 18:00,28.7,,,1000
119,수원,2019-08-21 19:00,28.1,,,
119,수원,2019-08-21 20:00,27.5,,,
119,수원,2019-08-21 21:00,27,,,1000
119,수원,2019-08-21 22:00,27,,,
119,수원,2019-08-21 23:00,26.9,,,
119,수원,2019-08-22 00:00,25.8,0,,500
119,수원,2019-08-22 01:00,25.1,0,,500
119,수원,2019-08-22 02:00,25.4,,,
119,수원,2019-08-22 03:00,24.5,,,500
119,수원,2019-08-22 04:00,25.1,,,400
119,수원,2019-08-22 05:00,24.5,,,400
119,수원,2019-08-22 06:00,24.8,,,400
119,수원,2019-08-22 07:00,24.8,,,400
119,수원,2019-08-22 08:00,25.1,,,600
119,수원,2019-08-22 09:00,26.1,,,600
119,수원,2019-08-22 10:00,28,,,600
119,수원,2019-08-22 11:00,28.3,,,1300
119,수원,2019-08-22 12:00,29,,,1300
119,수원,2019-08-22 13:00,30.3,,,1300
119,수원,2019-08-22 14:00,30,,,1100
119,수원,2019-08-22 15:00,29.9,,,1300
119,수원,2019-08-22 16:00,29.6,,,1800
119,수원,2019-08-22 17:00,28.8,,,1500
119,수원,2019-08-22 18:00,27.4,,,1500
119,수원,2019-08-22 19:00,25.3,,,1500
119,수원,2019-08-22 20:00,24.6,,,1200
119,수원,2019-08-22 21:00,24.3,,,1000
119,수원,2019-08-22 22:00,24.2,,,1000
119,수원,2019-08-22 23:00,24.1,,,1200
119,수원,2019-08-23 00:00,24.1,,,1200
119,수원,2019-08-23 01:00,24,,,1200
119,수원,2019-08-23 02:00,23.7,,,1200
119,수원,2019-08-23 03:00,23.6,,,800
119,수원,2019-08-23 04:00,23.6,,,700
119,수원,2019-08-23 05:00,23.6,,,700
119,수원,2019-08-23 06:00,23.1,,,800
119,수원,2019-08-23 07:00,23.1,,,1000
119,수원,2019-08-23 08:00,24.1,,,1500
119,수원,2019-08-23 09:00,26.3,,,1300
119,수원,2019-08-23 10:00,27.2,,,1500
119,수원,2019-08-23 11:00,27.2,,,1500
119,수원,2019-08-23 12:00,28.4,,,1500
119,수원,2019-08-23 13:00,28.7,,,1300
119,수원,2019-08-23 14:00,29.2,,,1500
119,수원,2019-08-23 15:00,28.9,,,2000
119,수원,2019-08-23 16:00,28.8,,,2000
119,수원,2019-08-23 17:00,28.4,,,2000
119,수원,2019-08-23 18:00,27.3,,,2000
119,수원,2019-08-23 19:00,26,,,2000
119,수원,2019-08-23 20:00,24.4,,,2000
119,수원,2019-08-23 21:00,23.6,,,2000
119,수원,2019-08-23 22:00,23.1,,,2000
119,수원,2019-08-23 23:00,23.1,,,2000
119,수원,2019-08-24 00:00,22.9,,,2000
119,수원,2019-08-24 01:00,22.2,,,2000
119,수원,2019-08-24 02:00,21.9,,,2000
119,수원,2019-08-24 03:00,21.5,,,2000
119,수원,2019-08-24 04:00,21.2,,,2000
119,수원,2019-08-24 05:00,20.6,,,2000
119,수원,2019-08-24 06:00,20.8,,,2000
119,수원,2019-08-24 07:00,21.3,,,2000
119,수원,2019-08-24 08:00,22.3,,,2000
119,수원,2019-08-24 09:00,23.1,,,1600
119,수원,2019-08-24 10:00,23.4,,,1600
119,수원,2019-08-24 11:00,24,,,1800
119,수원,2019-08-24 12:00,25.1,,,1800
119,수원,2019-08-24 13:00,25.5,,,1800
119,수원,2019-08-24 14:00,25.6,0,,1800
119,수원,2019-08-24 15:00,25.4,0,,1800
119,수원,2019-08-24 16:00,25.6,,,1800
119,수원,2019-08-24 17:00,26.8,,,2000
119,수원,2019-08-24 18:00,26.3,,,2000
119,수원,2019-08-24 19:00,24.6,,,2000
119,수원,2019-08-24 20:00,22.8,,,2000
119,수원,2019-08-24 21:00,22.3,,,2000
119,수원,2019-08-24 22:00,21.9,,,2000
119,수원,2019-08-24 23:00,21.1,,,2000
119,수원,2019-08-25 00:00,20.5,,,2000
119,수원,2019-08-25 01:00,20.6,,,2000
119,수원,2019-08-25 02:00,20.9,,,2000
119,수원,2019-08-25 03:00,20.4,,,2000
119,수원,2019-08-25 04:00,19.7,,,1500
119,수원,2019-08-25 05:00,20,,,1500
119,수원,2019-08-25 06:00,20,,,1500
119,수원,2019-08-25 07:00,21,,,1800
119,수원,2019-08-25 08:00,21.7,,,1500
119,수원,2019-08-25 09:00,22.9,,,1500
119,수원,2019-08-25 10:00,25.7,,,1600
119,수원,2019-08-25 11:00,26.6,,,1800
119,수원,2019-08-25 12:00,26.8,,,1800
119,수원,2019-08-25 13:00,28.1,,,1800
119,수원,2019-08-25 14:00,28,,,2000
119,수원,2019-08-25 15:00,28.7,,,2000
119,수원,2019-08-25 16:00,28.3,,,2000
119,수원,2019-08-25 17:00,28.1,,,2000
119,수원,2019-08-25 18:00,27.3,,,2000
119,수원,2019-08-25 19:00,25.2,,,2000
119,수원,2019-08-25 20:00,23.5,,,2000
119,수원,2019-08-25 21:00,23.6,,,2000
119,수원,2019-08-25 22:00,22.6,,,2000
119,수원,2019-08-25 23:00,22.4,,,2000
119,수원,2019-08-26 00:00,21.7,,,2000
119,수원,2019-08-26 01:00,21.7,,,2000
119,수원,2019-08-26 02:00,21.3,,,1800
119,수원,2019-08-26 03:00,21.1,,,1800
119,수원,2019-08-26 04:00,21.2,,,1500
119,수원,2019-08-26 05:00,20.6,,,1300
119,수원,2019-08-26 06:00,20.5,,,1100
119,수원,2019-08-26 07:00,21.6,,,1100
119,수원,2019-08-26 08:00,22.7,,,1000
119,수원,2019-08-26 09:00,24.4,,,1000
119,수원,2019-08-26 10:00,25.4,,,1200
119,수원,2019-08-26 11:00,26.9,,,1200
119,수원,2019-08-26 12:00,27.7,,,1200
119,수원,2019-08-26 13:00,29,,,1500
119,수원,2019-08-26 14:00,29.3,,,1500
119,수원,2019-08-26 15:00,30.2,,,1500
119,수원,2019-08-26 16:00,30.7,,,1500
119,수원,2019-08-26 17:00,30.6,,,2000
119,수원,2019-08-26 18:00,29.4,,,2000
119,수원,2019-08-26 19:00,27,,,
119,수원,2019-08-26 20:00,26.6,,,1681
119,수원,2019-08-26 21:00,26.5,,,1530
119,수원,2019-08-26 22:00,25.5,,,1320
119,수원,2019-08-26 23:00,25.5,,,1053
119,수원,2019-08-27 00:00,25,,,1000
119,수원,2019-08-27 01:00,24.9,0,,1200
119,수원,2019-08-27 02:00,24,.7,,500
119,수원,2019-08-27 03:00,23.9,.7,,300
119,수원,2019-08-27 04:00,23.5,.4,,300
119,수원,2019-08-27 05:00,23,1.5,,450
119,수원,2019-08-27 06:00,22,.6,,300
119,수원,2019-08-27 07:00,21.9,1.6,,800
119,수원,2019-08-27 08:00,22.7,0,,744
119,수원,2019-08-27 09:00,23.1,0,,1587
119,수원,2019-08-27 10:00,24.4,,,1703
119,수원,2019-08-27 11:00,25.4,,,1922
119,수원,2019-08-27 12:00,25.6,,,1865
119,수원,2019-08-27 13:00,26.3,,,1996
119,수원,2019-08-27 14:00,26.7,,,1970
119,수원,2019-08-27 15:00,27.4,,,1966
119,수원,2019-08-27 16:00,27.8,,,1996
119,수원,2019-08-27 17:00,28.3,,,1982
119,수원,2019-08-27 18:00,27.3,,,1994
119,수원,2019-08-27 19:00,25.9,,,1122
119,수원,2019-08-27 20:00,24.8,,,1261
119,수원,2019-08-27 21:00,24.3,,,825
119,수원,2019-08-27 22:00,23.6,,,1164
119,수원,2019-08-27 23:00,23.7,,,1186
119,수원,2019-08-28 00:00,23.7,,,1253
119,수원,2019-08-28 01:00,23.6,,,939
119,수원,2019-08-28 02:00,23.2,,,1259
119,수원,2019-08-28 03:00,23.3,0,,1177
119,수원,2019-08-28 04:00,23,0,,583
119,수원,2019-08-28 05:00,22.9,,,446
119,수원,2019-08-28 06:00,22.8,,,549
119,수원,2019-08-28 07:00,23.1,,,577
119,수원,2019-08-28 08:00,23.8,,,822
119,수원,2019-08-28 09:00,25.3,,,744
119,수원,2019-08-28 10:00,25.9,,,1062
119,수원,2019-08-28 11:00,26.4,,,1459
119,수원,2019-08-28 12:00,27.7,,,1999
119,수원,2019-08-28 13:00,28.7,,,2007
119,수원,2019-08-28 14:00,29,,,1917
119,수원,2019-08-28 15:00,28.8,,,2000
119,수원,2019-08-28 16:00,28.3,,,1989
119,수원,2019-08-28 17:00,28.1,,,1857
119,수원,2019-08-28 18:00,27,,,2000
119,수원,2019-08-28 19:00,25.5,,,2000
119,수원,2019-08-28 20:00,24.8,,,2000
119,수원,2019-08-28 21:00,24.4,,,1890
119,수원,2019-08-28 22:00,23.6,,,1561
119,수원,2019-08-28 23:00,23.2,,,1299
119,수원,2019-08-29 00:00,23.6,,,1102
119,수원,2019-08-29 01:00,23.4,,,1602
119,수원,2019-08-29 02:00,23.4,,,1850
119,수원,2019-08-29 03:00,23.2,,,536
119,수원,2019-08-29 04:00,22.5,,,785
119,수원,2019-08-29 05:00,22.6,,,693
119,수원,2019-08-29 06:00,22.7,,,680
119,수원,2019-08-29 07:00,23.4,,,633
119,수원,2019-08-29 08:00,23.9,,,672
119,수원,2019-08-29 09:00,24.4,,,623
119,수원,2019-08-29 10:00,25.4,,,698
119,수원,2019-08-29 11:00,26.9,,,1052
119,수원,2019-08-29 12:00,21.8,0,,1178
119,수원,2019-08-29 13:00,21.1,15,,1442
119,수원,2019-08-29 14:00,23.3,,,1429
119,수원,2019-08-29 15:00,25.3,,,1748
119,수원,2019-08-29 16:00,24.9,,,1773
119,수원,2019-08-29 17:00,25.1,,,1463
119,수원,2019-08-29 18:00,24.6,,,1616
119,수원,2019-08-29 19:00,23.5,,,1706
119,수원,2019-08-29 20:00,22.9,.1,,954
119,수원,2019-08-29 21:00,22,.2,,717
119,수원,2019-08-29 22:00,21.5,,,973
119,수원,2019-08-29 23:00,21.5,,,1901
119,수원,2019-08-30 00:00,20.6,,,1974
119,수원,2019-08-30 01:00,19.9,,,1999
119,수원,2019-08-30 02:00,19.6,,,1968
119,수원,2019-08-30 03:00,19.7,,,1974
119,수원,2019-08-30 04:00,19.1,,,1460
119,수원,2019-08-30 05:00,19,,,1096
119,수원,2019-08-30 06:00,19.3,,,620
119,수원,2019-08-30 07:00,19.9,,,492
119,수원,2019-08-30 08:00,23.5,,,1112
119,수원,2019-08-30 09:00,23.4,,,1849
119,수원,2019-08-30 10:00,24.8,,,2000
119,수원,2019-08-30 11:00,25,,,2000
119,수원,2019-08-30 12:00,25.6,,,2000
119,수원,2019-08-30 13:00,25.6,,,2000
119,수원,2019-08-30 14:00,25.9,,,2000
119,수원,2019-08-30 15:00,26,,,2000
119,수원,2019-08-30 16:00,25.5,,,2000
119,수원,2019-08-30 17:00,25.4,,,2000
119,수원,2019-08-30 18:00,24.3,,,2000
119,수원,2019-08-30 19:00,23,,,2000
119,수원,2019-08-30 20:00,22.1,,,2000
119,수원,2019-08-30 21:00,22,,,2000
119,수원,2019-08-30 22:00,22.1,,,2000
119,수원,2019-08-30 23:00,21.2,,,1976
119,수원,2019-08-31 00:00,20.4,,,2000
119,수원,2019-08-31 01:00,20.2,,,2000
119,수원,2019-08-31 02:00,19.3,,,2000
119,수원,2019-08-31 03:00,18.9,,,2000
119,수원,2019-08-31 04:00,18,,,2000
119,수원,2019-08-31 05:00,17.5,,,2000
119,수원,2019-08-31 06:00,17.5,,,1968
119,수원,2019-08-31 07:00,20.2,,,1697
119,수원,2019-08-31 08:00,21.2,,,1709
119,수원,2019-08-31 09:00,22.8,,,1990
119,수원,2019-08-31 10:00,23.5,,,2000
119,수원,2019-08-31 11:00,25.1,,,1953
119,수원,2019-08-31 12:00,25.8,0,,1972
119,수원,2019-08-31 13:00,27.2,,,1974
119,수원,2019-08-31 14:00,27.3,,,2000
119,수원,2019-08-31 15:00,27.4,,,2000
119,수원,2019-08-31 16:00,26.7,,,2000
119,수원,2019-08-31 17:00,26.7,,,2000
119,수원,2019-08-31 18:00,26,,,2000
119,수원,2019-08-31 19:00,23.8,,,2000
119,수원,2019-08-31 20:00,22.2,,,2000
119,수원,2019-08-31 21:00,22.1,,,2000
119,수원,2019-08-31 22:00,21.3,,,1983
119,수원,2019-08-31 23:00,20.7,,,1203
119,수원,2019-09-01 00:00,20.4,,,1900
119,수원,2019-09-01 01:00,20.1,,,1131
119,수원,2019-09-01 02:00,19.7,,,955
119,수원,2019-09-01 03:00,19.7,,,1084
119,수원,2019-09-01 04:00,19.4,,,1253
119,수원,2019-09-01 05:00,18.6,,,611
119,수원,2019-09-01 06:00,18.5,,,800
119,수원,2019-09-01 07:00,19.7,,,657
119,수원,2019-09-01 08:00,22.3,,,1092
119,수원,2019-09-01 09:00,23.6,,,1227
119,수원,2019-09-01 10:00,24.3,,,1563
119,수원,2019-09-01 11:00,25.6,,,1902
119,수원,2019-09-01 12:00,26.1,,,1998
119,수원,2019-09-01 13:00,26.6,,,1996
119,수원,2019-09-01 14:00,26.3,,,2000
119,수원,2019-09-01 15:00,26.7,,,1995
119,수원,2019-09-01 16:00,27.1,,,1993
119,수원,2019-09-01 17:00,26.7,,,2000
119,수원,2019-09-01 18:00,26.3,,,2000
119,수원,2019-09-01 19:00,24.8,,,2000
119,수원,2019-09-01 20:00,23.6,,,1468
119,수원,2019-09-01 21:00,22.8,,,1359
119,수원,2019-09-01 22:00,22.6,,,932
119,수원,2019-09-01 23:00,21.8,,,1157
119,수원,2019-09-02 00:00,21.5,,,834
119,수원,2019-09-02 01:00,21.1,,,818
119,수원,2019-09-02 02:00,20.6,,,1752
119,수원,2019-09-02 03:00,20,,,455
119,수원,2019-09-02 04:00,20.5,,,709
119,수원,2019-09-02 05:00,20.1,,,690
119,수원,2019-09-02 06:00,19.7,,,459
119,수원,2019-09-02 07:00,20.2,,,1727
119,수원,2019-09-02 08:00,23,,,1313
119,수원,2019-09-02 09:00,24.6,,,1607
119,수원,2019-09-02 10:00,26.1,,,1820
119,수원,2019-09-02 11:00,27.3,,,2000
119,수원,2019-09-02 12:00,27.9,,,2000
119,수원,2019-09-02 13:00,28.5,,,2000
119,수원,2019-09-02 14:00,28.5,,,1992
119,수원,2019-09-02 15:00,28.4,,,2000
119,수원,2019-09-02 16:00,28.1,,,2000
119,수원,2019-09-02 17:00,26.5,,,2041
119,수원,2019-09-02 18:00,26,,,2036
119,수원,2019-09-02 19:00,25,,,2000
119,수원,2019-09-02 20:00,24.5,,,1999
119,수원,2019-09-02 21:00,25,,,2000
119,수원,2019-09-02 22:00,24.1,,,1744
119,수원,2019-09-02 23:00,23.2,,,1563
119,수원,2019-09-03 00:00,22.9,,,1691
119,수원,2019-09-03 01:00,22.9,,,1780
119,수원,2019-09-03 02:00,22.8,,,1448
119,수원,2019-09-03 03:00,22.3,,,1010
119,수원,2019-09-03 04:00,21.8,0,,876
119,수원,2019-09-03 05:00,21.8,0,,867
119,수원,2019-09-03 06:00,22.1,0,,933
119,수원,2019-09-03 07:00,22.5,0,,1112
119,수원,2019-09-03 08:00,23.1,,,1121
119,수원,2019-09-03 09:00,23.5,0,,1201
119,수원,2019-09-03 10:00,24.1,,,1572
119,수원,2019-09-03 11:00,24.4,,,1763
119,수원,2019-09-03 12:00,24.9,,,1930
119,수원,2019-09-03 13:00,25.2,,,1453
119,수원,2019-09-03 14:00,25.3,,,1400
119,수원,2019-09-03 15:00,25.7,,,1896
119,수원,2019-09-03 16:00,25.6,,,1934
119,수원,2019-09-03 17:00,24.9,,,2000
119,수원,2019-09-03 18:00,24.7,,,2000
119,수원,2019-09-03 19:00,24.3,,,2000
119,수원,2019-09-03 20:00,23.8,,,2000
119,수원,2019-09-03 21:00,23.7,,,2000
119,수원,2019-09-03 22:00,23.4,,,2000
119,수원,2019-09-03 23:00,23.4,,,2000
119,수원,2019-09-04 00:00,23.3,,,2000
119,수원,2019-09-04 01:00,23.2,,,2000
119,수원,2019-09-04 02:00,23.3,,,2000
119,수원,2019-09-04 03:00,23.3,,,2000
119,수원,2019-09-04 04:00,23.4,,,2000
119,수원,2019-09-04 05:00,23.5,,,2000
119,수원,2019-09-04 06:00,22.2,.3,,1713
119,수원,2019-09-04 07:00,22.2,.1,,2000
119,수원,2019-09-04 08:00,22.8,0,,2000
119,수원,2019-09-04 09:00,23.4,0,,2000
119,수원,2019-09-04 10:00,22.8,2.3,,966
119,수원,2019-09-04 11:00,23.4,.5,,2000
119,수원,2019-09-04 12:00,23.9,0,,2000
119,수원,2019-09-04 13:00,25.7,,,2000
119,수원,2019-09-04 14:00,27.3,,,2000
119,수원,2019-09-04 15:00,25.1,1.3,,1123
119,수원,2019-09-04 16:00,24.1,11.7,,1652
119,수원,2019-09-04 17:00,22.6,.1,,2000
119,수원,2019-09-04 18:00,22.9,0,,2000
119,수원,2019-09-04 19:00,22.6,4.2,,1660
119,수원,2019-09-04 20:00,22.7,0,,1868
119,수원,2019-09-04 21:00,22.8,,,2009
119,수원,2019-09-04 22:00,22.8,,,1691
119,수원,2019-09-04 23:00,22.5,,,1756
119,수원,2019-09-05 00:00,22.5,0,,1221
119,수원,2019-09-05 01:00,22.6,0,,2000
119,수원,2019-09-05 02:00,22.5,,,2000
119,수원,2019-09-05 03:00,22.6,,,1950
119,수원,2019-09-05 04:00,22.5,,,2000
119,수원,2019-09-05 05:00,22.5,0,,1890
119,수원,2019-09-05 06:00,22.4,.9,,1318
119,수원,2019-09-05 07:00,22.8,0,,1596
119,수원,2019-09-05 08:00,23.6,0,,1341
119,수원,2019-09-05 09:00,24.7,.3,,1850
119,수원,2019-09-05 10:00,26.2,,,1872
119,수원,2019-09-05 11:00,26.7,0,,1884
119,수원,2019-09-05 12:00,27.6,.2,,1989
119,수원,2019-09-05 13:00,24.9,2.7,,1045
119,수원,2019-09-05 14:00,23.2,28.7,,275
119,수원,2019-09-05 15:00,23,13.8,,1048
119,수원,2019-09-05 16:00,23,27.2,,912
119,수원,2019-09-05 17:00,22.6,6.4,,1296
119,수원,2019-09-05 18:00,22.7,.4,,2000
119,수원,2019-09-05 19:00,22.4,0,,2000
119,수원,2019-09-05 20:00,22.6,,,2000
119,수원,2019-09-05 21:00,22.4,,,2000
119,수원,2019-09-05 22:00,22.3,,,2000
119,수원,2019-09-05 23:00,22.1,,,1588
119,수원,2019-09-06 00:00,22.5,,,1974
119,수원,2019-09-06 01:00,22.3,0,,1751
119,수원,2019-09-06 02:00,22.2,,,1660
119,수원,2019-09-06 03:00,22.3,.1,,2000
119,수원,2019-09-06 04:00,22.4,,,2000
119,수원,2019-09-06 05:00,22.7,,,2000
119,수원,2019-09-06 06:00,22.8,,,2000
119,수원,2019-09-06 07:00,23,0,,1997
119,수원,2019-09-06 08:00,23.8,0,,1994
119,수원,2019-09-06 09:00,25,,,2000
119,수원,2019-09-06 10:00,25.9,,,2058
119,수원,2019-09-06 11:00,27.3,,,1965
119,수원,2019-09-06 12:00,27.9,,,1965
119,수원,2019-09-06 13:00,28.9,,,1962
119,수원,2019-09-06 14:00,28.8,0,,1995
119,수원,2019-09-06 15:00,28.7,0,,1793
119,수원,2019-09-06 16:00,28.8,,,1654
119,수원,2019-09-06 17:00,28.5,,,1789
119,수원,2019-09-06 18:00,28.2,,,1769
119,수원,2019-09-06 19:00,28.1,,,1677
119,수원,2019-09-06 20:00,26.4,.2,,1844
119,수원,2019-09-06 21:00,25.9,.5,,1000
119,수원,2019-09-06 22:00,25.9,.1,,1176
119,수원,2019-09-06 23:00,26.7,0,,1922
119,수원,2019-09-07 00:00,26.9,0,,2000
119,수원,2019-09-07 01:00,27,0,,2000
119,수원,2019-09-07 02:00,26.5,0,,2000
119,수원,2019-09-07 03:00,26.2,0,,2000
119,수원,2019-09-07 04:00,26.9,0,,1950
119,수원,2019-09-07 05:00,28.5,,,2000
119,수원,2019-09-07 06:00,27.9,.1,,2000
119,수원,2019-09-07 07:00,28.5,,,2000
119,수원,2019-09-07 08:00,28.8,,,2000
119,수원,2019-09-07 09:00,29,0,,2000
119,수원,2019-09-07 10:00,28.9,,,2000
119,수원,2019-09-07 11:00,30,,,2000
119,수원,2019-09-07 12:00,28.6,0,,1891
119,수원,2019-09-07 13:00,29.8,0,,2000
119,수원,2019-09-07 14:00,29.9,0,,2000
119,수원,2019-09-07 15:00,28.3,0,,1998
119,수원,2019-09-07 16:00,25.6,0,,1536
119,수원,2019-09-07 17:00,25.1,.3,,2000
119,수원,2019-09-07 18:00,24,0,,1393
119,수원,2019-09-07 19:00,24.2,0,,2000
119,수원,2019-09-07 20:00,23.7,,,2000
119,수원,2019-09-07 21:00,23.5,0,,2000
119,수원,2019-09-07 22:00,23.7,,,2000
119,수원,2019-09-07 23:00,23.7,,,1987
119,수원,2019-09-08 00:00,23.7,,,1996
119,수원,2019-09-08 01:00,23.2,,,2022
119,수원,2019-09-08 02:00,23,,,1791
119,수원,2019-09-08 03:00,23,,,1733
119,수원,2019-09-08 04:00,23.5,,,1715
119,수원,2019-09-08 05:00,23.3,,,1737
119,수원,2019-09-08 06:00,23.4,,,1163
119,수원,2019-09-08 07:00,23.2,,,900
119,수원,2019-09-08 08:00,24.1,,,908
119,수원,2019-09-08 09:00,24.3,,,1245
119,수원,2019-09-08 10:00,26.1,,,1010
119,수원,2019-09-08 11:00,26.2,,,1169
119,수원,2019-09-08 12:00,26.4,,,1245
119,수원,2019-09-08 13:00,27.5,,,1142
119,수원,2019-09-08 14:00,27.6,,,1212
119,수원,2019-09-08 15:00,26.8,,,1526
119,수원,2019-09-08 16:00,26.3,,,1362
119,수원,2019-09-08 17:00,25.6,,,794
119,수원,2019-09-08 18:00,25.1,,,530
119,수원,2019-09-08 19:00,24.7,,,706
119,수원,2019-09-08 20:00,24.1,,,759
119,수원,2019-09-08 21:00,23.9,,,710
119,수원,2019-09-08 22:00,23.7,,,654
119,수원,2019-09-08 23:00,23.4,,,453
119,수원,2019-09-09 00:00,23.1,,,509
119,수원,2019-09-09 01:00,22.7,,,329
119,수원,2019-09-09 02:00,22.8,,,371
119,수원,2019-09-09 03:00,22.7,,,347
119,수원,2019-09-09 04:00,22.5,0,,440
119,수원,2019-09-09 05:00,22.4,0,,300
119,수원,2019-09-09 06:00,22.6,0,,293
119,수원,2019-09-09 07:00,22.8,.6,,215
119,수원,2019-09-09 08:00,23.2,.3,,248
119,수원,2019-09-09 09:00,23.6,.3,,285
119,수원,2019-09-09 10:00,24.2,.4,,494
119,수원,2019-09-09 11:00,24.8,0,,1053
119,수원,2019-09-09 12:00,26,0,,1013
119,수원,2019-09-09 13:00,26.6,0,,1174
119,수원,2019-09-09 14:00,26.9,,,1288
119,수원,2019-09-09 15:00,26.5,0,,1744
119,수원,2019-09-09 16:00,26.4,0,,1806
119,수원,2019-09-09 17:00,25.8,.1,,1044
119,수원,2019-09-09 18:00,25.9,0,,1210
119,수원,2019-09-09 19:00,24.5,0,,2342
119,수원,2019-09-09 20:00,24.3,.2,,1792
119,수원,2019-09-09 21:00,24.5,0,,1979
119,수원,2019-09-09 22:00,24.5,,,1999
119,수원,2019-09-09 23:00,24.6,0,,1599
119,수원,2019-09-10 00:00,23.4,.7,,1148
119,수원,2019-09-10 01:00,23.4,0,,1202
119,수원,2019-09-10 02:00,23.2,.1,,1459
119,수원,2019-09-10 03:00,22.9,1.5,,777
119,수원,2019-09-10 04:00,22.8,1.8,,734
119,수원,2019-09-10 05:00,23,1.8,,1551
119,수원,2019-09-10 06:00,23.1,1.2,,1521
119,수원,2019-09-10 07:00,23.4,,,1412
119,수원,2019-09-10 08:00,23.9,0,,1503
119,수원,2019-09-10 09:00,24.3,0,,1956
119,수원,2019-09-10 10:00,26.7,,,2096
119,수원,2019-09-10 11:00,28.9,,,1928
119,수원,2019-09-10 12:00,28.3,,,2000
119,수원,2019-09-10 13:00,27,0,,1827
119,수원,2019-09-10 14:00,24.8,1.9,,662
119,수원,2019-09-10 15:00,25.3,.1,,1111
119,수원,2019-09-10 16:00,25.7,0,,1000
119,수원,2019-09-10 17:00,25.6,0,,1000
119,수원,2019-09-10 18:00,25.8,0,,1138
119,수원,2019-09-10 19:00,25.3,.3,,551
119,수원,2019-09-10 20:00,25.7,0,,1010
119,수원,2019-09-10 21:00,26.2,,,1385
119,수원,2019-09-10 22:00,23.5,16.4,,254
119,수원,2019-09-10 23:00,22.8,19.8,,251
119,수원,2019-09-11 00:00,22.9,5.4,,502
119,수원,2019-09-11 01:00,22.9,1.4,,184
119,수원,2019-09-11 02:00,23.3,3.2,,360
119,수원,2019-09-11 03:00,23.4,.3,,378
119,수원,2019-09-11 04:00,23.3,0,,554
119,수원,2019-09-11 05:00,23,.8,,277
119,수원,2019-09-11 06:00,22.2,.8,,346
119,수원,2019-09-11 07:00,21.6,.6,,702
119,수원,2019-09-11 08:00,21.7,0,,1996
119,수원,2019-09-11 09:00,22.2,,,2000
119,수원,2019-09-11 10:00,23,,,1996
119,수원,2019-09-11 11:00,23.9,,,2000
119,수원,2019-09-11 12:00,24.2,,,2000
119,수원,2019-09-11 13:00,24.2,,,2000
119,수원,2019-09-11 14:00,25.2,,,2000
119,수원,2019-09-11 15:00,26.5,,,2000
119,수원,2019-09-11 16:00,26.7,,,2000
119,수원,2019-09-11 17:00,26.7,,,2000
119,수원,2019-09-11 18:00,26.5,,,2000
119,수원,2019-09-11 19:00,26,,,2000
119,수원,2019-09-11 20:00,25.5,,,2000
119,수원,2019-09-11 21:00,25.1,,,2000
119,수원,2019-09-11 22:00,24.6,,,2000
119,수원,2019-09-11 23:00,23.8,,,2000
119,수원,2019-09-12 00:00,23.4,,,2000
119,수원,2019-09-12 01:00,23,,,2000
119,수원,2019-09-12 02:00,22.9,,,1949
119,수원,2019-09-12 03:00,22.6,,,2000
119,수원,2019-09-12 04:00,22.5,,,2000
119,수원,2019-09-12 05:00,22.4,,,2000
119,수원,2019-09-12 06:00,22.3,,,2000
119,수원,2019-09-12 07:00,22.2,,,2000
119,수원,2019-09-12 08:00,22.2,,,2000
119,수원,2019-09-12 09:00,22.2,,,2000
119,수원,2019-09-12 10:00,21.8,0,,1998
119,수원,2019-09-12 11:00,21.6,0,,2000
119,수원,2019-09-12 12:00,21.8,,,2000
119,수원,2019-09-12 13:00,21.8,0,,2000
119,수원,2019-09-12 14:00,22.1,,,2000
119,수원,2019-09-12 15:00,22.1,0,,2000
119,수원,2019-09-12 16:00,21.8,0,,1944
119,수원,2019-09-12 17:00,21.2,.3,,2000
119,수원,2019-09-12 18:00,17.8,12.8,,643
119,수원,2019-09-12 19:00,18.2,4.8,,1949
119,수원,2019-09-12 20:00,18.6,2.6,,1124
119,수원,2019-09-12 21:00,18.1,3.6,,736
119,수원,2019-09-12 22:00,18.3,2.6,,1419
119,수원,2019-09-12 23:00,18.2,.8,,1000
119,수원,2019-09-13 00:00,18.3,.8,,1615
119,수원,2019-09-13 01:00,18.4,.1,,1073
119,수원,2019-09-13 02:00,18.9,,,2000
119,수원,2019-09-13 03:00,18.8,,,1874
119,수원,2019-09-13 04:00,19.2,,,2000
119,수원,2019-09-13 05:00,18.4,,,2000
119,수원,2019-09-13 06:00,17.7,,,2000
119,수원,2019-09-13 07:00,19.2,,,2000
119,수원,2019-09-13 08:00,20.7,,,2000
119,수원,2019-09-13 09:00,22,,,2000
119,수원,2019-09-13 10:00,23,,,2000
119,수원,2019-09-13 11:00,24.6,,,2000
119,수원,2019-09-13 12:00,25.1,,,2000
119,수원,2019-09-13 13:00,26.2,,,2000
119,수원,2019-09-13 14:00,27.3,,,1981
119,수원,2019-09-13 15:00,27.7,,,2000
119,수원,2019-09-13 16:00,28.5,,,2000
119,수원,2019-09-13 17:00,28,,,1985
119,수원,2019-09-13 18:00,27,,,2000
119,수원,2019-09-13 19:00,23.7,,,2000
119,수원,2019-09-13 20:00,23.2,,,2000
119,수원,2019-09-13 21:00,21.9,,,2000
119,수원,2019-09-13 22:00,21.5,,,2000
119,수원,2019-09-13 23:00,21.4,,,1964
119,수원,2019-09-14 00:00,20.7,,,2000
119,수원,2019-09-14 01:00,21.6,,,1927
119,수원,2019-09-14 02:00,21.7,,,2000
119,수원,2019-09-14 03:00,21.6,,,2000
119,수원,2019-09-14 04:00,21.6,,,2000
119,수원,2019-09-14 05:00,21.5,,,1296
119,수원,2019-09-14 06:00,21.5,,,2000
119,수원,2019-09-14 07:00,21.5,,,2000
119,수원,2019-09-14 08:00,22,,,2000
119,수원,2019-09-14 09:00,22.3,,,2000
119,수원,2019-09-14 10:00,22.8,,,2000
119,수원,2019-09-14 11:00,23.3,,,2000
119,수원,2019-09-14 12:00,23.9,,,1987
119,수원,2019-09-14 13:00,23.7,,,1974
119,수원,2019-09-14 14:00,22.6,0,,565
119,수원,2019-09-14 15:00,22.1,.7,,373
119,수원,2019-09-14 16:00,22.3,.6,,547
119,수원,2019-09-14 17:00,23.7,,,1364
119,수원,2019-09-14 18:00,23.4,,,1900
119,수원,2019-09-14 19:00,22.9,,,1702
119,수원,2019-09-14 20:00,22.6,,,2000
119,수원,2019-09-14 21:00,22.4,,,1868
119,수원,2019-09-14 22:00,21.9,,,1084
119,수원,2019-09-14 23:00,21.7,,,1064
119,수원,2019-09-15 00:00,21.8,,,1872
119,수원,2019-09-15 01:00,21.6,,,671
119,수원,2019-09-15 02:00,21.5,,,505
119,수원,2019-09-15 03:00,21.5,,,548
119,수원,2019-09-15 04:00,21.1,,,574
119,수원,2019-09-15 05:00,20.4,,,586
119,수원,2019-09-15 06:00,19.8,,,479
119,수원,2019-09-15 07:00,20.3,,,641
119,수원,2019-09-15 08:00,22.1,,,987
119,수원,2019-09-15 09:00,23.4,,,1835
119,수원,2019-09-15 10:00,24.2,,,1990
119,수원,2019-09-15 11:00,25.9,,,2000
119,수원,2019-09-15 12:00,26.3,,,2000
119,수원,2019-09-15 13:00,27.8,,,2000
119,수원,2019-09-15 14:00,28.7,,,2000
119,수원,2019-09-15 15:00,27.4,,,2000
119,수원,2019-09-15 16:00,28.5,,,2000
119,수원,2019-09-15 17:00,27.4,,,1964
119,수원,2019-09-15 18:00,26.1,,,2000
119,수원,2019-09-15 19:00,24.4,,,2000
119,수원,2019-09-15 20:00,23.4,,,1949
119,수원,2019-09-15 21:00,23.7,,,2000
119,수원,2019-09-15 22:00,23.4,,,2000
119,수원,2019-09-15 23:00,23.1,,,1995
119,수원,2019-09-16 00:00,23,,,2000
119,수원,2019-09-16 01:00,22.7,,,2000
119,수원,2019-09-16 02:00,22.2,,,2000
119,수원,2019-09-16 03:00,22.5,,,2000
119,수원,2019-09-16 04:00,22.2,,,2000
119,수원,2019-09-16 05:00,21.4,,,2000
119,수원,2019-09-16 06:00,21.1,,,2000
119,수원,2019-09-16 07:00,21.2,,,2000
119,수원,2019-09-16 08:00,23.5,,,2000
119,수원,2019-09-16 09:00,23.5,,,2000
119,수원,2019-09-16 10:00,25.6,,,1996
119,수원,2019-09-16 11:00,26.2,,,1981
119,수원,2019-09-16 12:00,27,,,2000
119,수원,2019-09-16 13:00,28,,,1999
119,수원,2019-09-16 14:00,28.7,,,2000
119,수원,2019-09-16 15:00,28.9,,,2000
119,수원,2019-09-16 16:00,29,,,2000
119,수원,2019-09-16 17:00,28.9,,,1949
119,수원,2019-09-16 18:00,27.9,,,2000
119,수원,2019-09-16 19:00,25.7,,,2000
119,수원,2019-09-16 20:00,23.8,,,2000
119,수원,2019-09-16 21:00,22.1,,,2000
119,수원,2019-09-16 22:00,21.3,,,2000
119,수원,2019-09-16 23:00,19.9,,,2000
119,수원,2019-09-17 00:00,20.2,,,2000
119,수원,2019-09-17 01:00,19.3,,,2000
119,수원,2019-09-17 02:00,17.4,,,2000
119,수원,2019-09-17 03:00,17.8,,,2000
119,수원,2019-09-17 04:00,17.8,,,2000
119,수원,2019-09-17 05:00,17.1,,,2000
119,수원,2019-09-17 06:00,17.5,,,2000
119,수원,2019-09-17 07:00,18.6,,,2000
119,수원,2019-09-17 08:00,20.8,,,1999
119,수원,2019-09-17 09:00,22.4,,,2000
119,수원,2019-09-17 10:00,24,,,1998
119,수원,2019-09-17 11:00,25.3,,,2000
119,수원,2019-09-17 12:00,25.9,,,1998
119,수원,2019-09-17 13:00,26.8,,,1974
119,수원,2019-09-17 14:00,28.1,,,2000
119,수원,2019-09-17 15:00,28,,,2000
119,수원,2019-09-17 16:00,28.3,,,2000
119,수원,2019-09-17 17:00,28.1,,,2000
119,수원,2019-09-17 18:00,26.6,,,2000
119,수원,2019-09-17 19:00,23.7,,,2000
119,수원,2019-09-17 20:00,23.2,,,2000
119,수원,2019-09-17 21:00,23.5,,,2000
119,수원,2019-09-17 22:00,22.6,,,2000
119,수원,2019-09-17 23:00,22,,,2000
119,수원,2019-09-18 00:00,21.3,,,2000
119,수원,2019-09-18 01:00,20.6,,,2000
119,수원,2019-09-18 02:00,20.4,,,1995
119,수원,2019-09-18 03:00,19.2,,,2000
119,수원,2019-09-18 04:00,20.4,,,2000
119,수원,2019-09-18 05:00,18.8,,,2000
119,수원,2019-09-18 06:00,18.5,,,1937
119,수원,2019-09-18 07:00,19.1,,,2000
119,수원,2019-09-18 08:00,21,,,1999
119,수원,2019-09-18 09:00,22.3,,,1991
119,수원,2019-09-18 10:00,23.4,,,1931
119,수원,2019-09-18 11:00,24,,,1997
119,수원,2019-09-18 12:00,25.1,,,1944
119,수원,2019-09-18 13:00,25.4,,,1992
119,수원,2019-09-18 14:00,25.3,,,1989
119,수원,2019-09-18 15:00,25.5,,,1988
119,수원,2019-09-18 16:00,25,,,1997
119,수원,2019-09-18 17:00,24.1,,,2000
119,수원,2019-09-18 18:00,21.9,,,2000
119,수원,2019-09-18 19:00,20.1,,,2000
119,수원,2019-09-18 20:00,18.7,,,2000
119,수원,2019-09-18 21:00,18,,,1955
119,수원,2019-09-18 22:00,17.2,,,2000
119,수원,2019-09-18 23:00,16.2,,,2000
119,수원,2019-09-19 00:00,14.8,,,1996
119,수원,2019-09-19 01:00,14.4,,,2000
119,수원,2019-09-19 02:00,13,,,2000
119,수원,2019-09-19 03:00,12.8,,,2000
119,수원,2019-09-19 04:00,12.1,,,2000
119,수원,2019-09-19 05:00,12.1,,,2000
119,수원,2019-09-19 06:00,12.2,,,2000
119,수원,2019-09-19 07:00,12.8,,,2000
119,수원,2019-09-19 08:00,18,,,1996
119,수원,2019-09-19 09:00,20.2,,,1969
119,수원,2019-09-19 10:00,21.4,,,1974
119,수원,2019-09-19 11:00,22.5,,,2013
119,수원,2019-09-19 12:00,23.6,,,1878
119,수원,2019-09-19 13:00,24.8,,,1792
119,수원,2019-09-19 14:00,25.5,,,2000
119,수원,2019-09-19 15:00,25.1,,,1997
119,수원,2019-09-19 16:00,25.4,,,1977
119,수원,2019-09-19 17:00,24.4,,,1971
119,수원,2019-09-19 18:00,23,,,2000
119,수원,2019-09-19 19:00,21.5,,,2000
119,수원,2019-09-19 20:00,20.9,,,2000
119,수원,2019-09-19 21:00,19.7,,,2000
119,수원,2019-09-19 22:00,18.8,,,1984
119,수원,2019-09-19 23:00,17.7,,,2000
119,수원,2019-09-20 00:00,17,,,2000
119,수원,2019-09-20 01:00,15.9,,,2000
119,수원,2019-09-20 02:00,15.9,,,2000
119,수원,2019-09-20 03:00,15.7,,,2000
119,수원,2019-09-20 04:00,15.8,,,2000
119,수원,2019-09-20 05:00,16,,,1755
119,수원,2019-09-20 06:00,15.9,,,2000
119,수원,2019-09-20 07:00,17.3,,,2000
119,수원,2019-09-20 08:00,18.6,,,2000
119,수원,2019-09-20 09:00,19.5,,,1956
119,수원,2019-09-20 10:00,20.6,,,2000
119,수원,2019-09-20 11:00,21.9,,,1984
119,수원,2019-09-20 12:00,22.5,,,2000
119,수원,2019-09-20 13:00,23.3,,,2000
119,수원,2019-09-20 14:00,23.2,,,2000
119,수원,2019-09-20 15:00,23.6,,,2000
119,수원,2019-09-20 16:00,23.4,,,2000
119,수원,2019-09-20 17:00,23.1,,,2000
119,수원,2019-09-20 18:00,22.6,,,1852
119,수원,2019-09-20 19:00,21.2,,,2000
119,수원,2019-09-20 20:00,21.1,,,2000
119,수원,2019-09-20 21:00,21.2,,,2000
119,수원,2019-09-20 22:00,20.9,,,2000
119,수원,2019-09-20 23:00,20.8,,,2000
119,수원,2019-09-21 00:00,20.7,,,2000
119,수원,2019-09-21 01:00,20.5,,,2000
119,수원,2019-09-21 02:00,20.3,,,2000
119,수원,2019-09-21 03:00,20,,,2000
119,수원,2019-09-21 04:00,19.9,,,2000
119,수원,2019-09-21 05:00,19.7,,,1996
119,수원,2019-09-21 06:00,19.4,,,2000
119,수원,2019-09-21 07:00,19.9,0,,2000
119,수원,2019-09-21 08:00,19.8,0,,2000
119,수원,2019-09-21 09:00,19.8,0,,2000
119,수원,2019-09-21 10:00,20.3,0,,1996
119,수원,2019-09-21 11:00,20.8,0,,2000
119,수원,2019-09-21 12:00,21,0,,2000
119,수원,2019-09-21 13:00,21.3,0,,2000
119,수원,2019-09-21 14:00,21,0,,2000
119,수원,2019-09-21 15:00,19.9,0,,2000
119,수원,2019-09-21 16:00,19.5,0,,1990
119,수원,2019-09-21 17:00,19,0,,2000
119,수원,2019-09-21 18:00,18.5,,,2000
119,수원,2019-09-21 19:00,17.7,0,,2000
119,수원,2019-09-21 20:00,17.5,0,,1939
119,수원,2019-09-21 21:00,17.6,0,,2000
119,수원,2019-09-21 22:00,17.7,,,2000
119,수원,2019-09-21 23:00,16.9,,,2007
119,수원,2019-09-22 00:00,17.6,0,,2000
119,수원,2019-09-22 01:00,17.4,0,,1975
119,수원,2019-09-22 02:00,16.2,1.2,,1445
119,수원,2019-09-22 03:00,15.8,1.7,,1699
119,수원,2019-09-22 04:00,15.8,1.3,,1943
119,수원,2019-09-22 05:00,15.8,.7,,2000
119,수원,2019-09-22 06:00,15.7,0,,1955
119,수원,2019-09-22 07:00,15.6,.8,,2014
119,수원,2019-09-22 08:00,16.3,.6,,2000
119,수원,2019-09-22 09:00,17,0,,1992
119,수원,2019-09-22 10:00,17.1,.3,,1970
119,수원,2019-09-22 11:00,17.1,.4,,1995
119,수원,2019-09-22 12:00,17.1,.9,,1814
119,수원,2019-09-22 13:00,17.4,.7,,1955
119,수원,2019-09-22 14:00,18.1,.2,,2000
119,수원,2019-09-22 15:00,18.5,0,,2000
119,수원,2019-09-22 16:00,18.3,.1,,1998
119,수원,2019-09-22 17:00,17.6,.6,,1941
119,수원,2019-09-22 18:00,17.5,.3,,2000
119,수원,2019-09-22 19:00,17.8,0,,2000
119,수원,2019-09-22 20:00,18,0,,1955
119,수원,2019-09-22 21:00,18.7,,,1996
119,수원,2019-09-22 22:00,19.1,,,2000
119,수원,2019-09-22 23:00,19.1,,,2000
119,수원,2019-09-23 00:00,19.4,,,2000
119,수원,2019-09-23 01:00,19.6,,,2000
119,수원,2019-09-23 02:00,19,,,2000
119,수원,2019-09-23 03:00,18.7,,,1955
119,수원,2019-09-23 04:00,17.8,,,2000
119,수원,2019-09-23 05:00,16.7,,,2000
119,수원,2019-09-23 06:00,16.6,,,2000
119,수원,2019-09-23 07:00,16.9,,,2000
119,수원,2019-09-23 08:00,16.9,,,1996
119,수원,2019-09-23 09:00,19.5,,,2000
119,수원,2019-09-23 10:00,20.7,,,1992
119,수원,2019-09-23 11:00,20.8,,,2000
119,수원,2019-09-23 12:00,21.4,,,2000
119,수원,2019-09-23 13:00,21.9,,,2000
119,수원,2019-09-23 14:00,22.9,,,2000
119,수원,2019-09-23 15:00,22.7,,,2000
119,수원,2019-09-23 16:00,23.8,,,2000
119,수원,2019-09-23 17:00,22.5,,,2000
119,수원,2019-09-23 18:00,21.7,,,2000
119,수원,2019-09-23 19:00,19.4,,,2000
119,수원,2019-09-23 20:00,18.3,,,2000
119,수원,2019-09-23 21:00,17.7,,,1982
119,수원,2019-09-23 22:00,16.6,,,2000
119,수원,2019-09-23 23:00,15.2,,,2000
119,수원,2019-09-24 00:00,14.2,,,2000
119,수원,2019-09-24 01:00,14.3,,,2000
119,수원,2019-09-24 02:00,13.9,,,2000
119,수원,2019-09-24 03:00,14,,,1011
119,수원,2019-09-24 04:00,13.3,,,697
119,수원,2019-09-24 05:00,13.6,,,825
119,수원,2019-09-24 06:00,13.5,,,765
119,수원,2019-09-24 07:00,14.1,,,798
119,수원,2019-09-24 08:00,16.2,,,1122
119,수원,2019-09-24 09:00,18.1,,,1571
119,수원,2019-09-24 10:00,20,,,1519
119,수원,2019-09-24 11:00,21.8,,,1947
119,수원,2019-09-24 12:00,23,,,2015
119,수원,2019-09-24 13:00,24.3,,,1748
119,수원,2019-09-24 14:00,25,,,1981
119,수원,2019-09-24 15:00,24.6,,,1994
119,수원,2019-09-24 16:00,24.1,,,2000
119,수원,2019-09-24 17:00,23.3,,,1950
119,수원,2019-09-24 18:00,22,,,2000
119,수원,2019-09-24 19:00,19.3,,,1957
119,수원,2019-09-24 20:00,18.6,,,2000
119,수원,2019-09-24 21:00,17.2,,,2000
119,수원,2019-09-24 22:00,16.4,,,2000
119,수원,2019-09-24 23:00,16,,,2000
119,수원,2019-09-25 00:00,14.3,,,1959
119,수원,2019-09-25 01:00,13.8,,,1942
119,수원,2019-09-25 02:00,14.6,,,2000
119,수원,2019-09-25 03:00,14.5,,,1308
119,수원,2019-09-25 04:00,13.9,,,1451
119,수원,2019-09-25 05:00,13.9,,,791
119,수원,2019-09-25 06:00,14,,,1004
119,수원,2019-09-25 07:00,14.8,,,2024
119,수원,2019-09-25 08:00,17.9,,,1035
119,수원,2019-09-25 09:00,19.9,,,1295
119,수원,2019-09-25 10:00,21.6,,,1000
119,수원,2019-09-25 11:00,22.6,,,1367
119,수원,2019-09-25 12:00,23.9,,,1752
119,수원,2019-09-25 13:00,25.3,,,1921
119,수원,2019-09-25 14:00,25.2,,,1989
119,수원,2019-09-25 15:00,25.6,,,1923
119,수원,2019-09-25 16:00,25.5,,,1944
119,수원,2019-09-25 17:00,23.5,,,1966
119,수원,2019-09-25 18:00,22,,,1594
119,수원,2019-09-25 19:00,21.1,,,1557
119,수원,2019-09-25 20:00,20.7,,,1505
119,수원,2019-09-25 21:00,19.8,,,1055
119,수원,2019-09-25 22:00,19.1,,,895
119,수원,2019-09-25 23:00,18,,,678
119,수원,2019-09-26 00:00,17.4,,,650
119,수원,2019-09-26 01:00,17.9,,,571
119,수원,2019-09-26 02:00,17.5,,,1516
119,수원,2019-09-26 03:00,17.6,,,704
119,수원,2019-09-26 04:00,17.9,,,972
119,수원,2019-09-26 05:00,18.5,,,1132
119,수원,2019-09-26 06:00,17.9,,,1049
119,수원,2019-09-26 07:00,18.4,,,1130
119,수원,2019-09-26 08:00,20,,,1128
119,수원,2019-09-26 09:00,21.7,,,1668
119,수원,2019-09-26 10:00,23,,,2021
119,수원,2019-09-26 11:00,24.2,,,2000
119,수원,2019-09-26 12:00,24.9,,,1999
119,수원,2019-09-26 13:00,25.2,,,2000
119,수원,2019-09-26 14:00,26.2,,,2000
119,수원,2019-09-26 15:00,25.9,,,2000
119,수원,2019-09-26 16:00,25.4,,,2000
119,수원,2019-09-26 17:00,25.1,,,1980
119,수원,2019-09-26 18:00,24.6,,,2000
119,수원,2019-09-26 19:00,23.9,,,1888
119,수원,2019-09-26 20:00,23.4,,,2000
119,수원,2019-09-26 21:00,22.6,,,2000
119,수원,2019-09-26 22:00,22.1,,,1998
119,수원,2019-09-26 23:00,21.9,,,2000
119,수원,2019-09-27 00:00,21.3,,,2000
119,수원,2019-09-27 01:00,20.6,,,2000
119,수원,2019-09-27 02:00,20.3,,,2000
119,수원,2019-09-27 03:00,19.5,,,2000
119,수원,2019-09-27 04:00,19.5,,,2000
119,수원,2019-09-27 05:00,19.9,,,2000
119,수원,2019-09-27 06:00,19.5,,,2000
119,수원,2019-09-27 07:00,19.4,,,2000
119,수원,2019-09-27 08:00,20.6,,,2000
119,수원,2019-09-27 09:00,21.8,,,2000
119,수원,2019-09-27 10:00,23.1,,,1991
119,수원,2019-09-27 11:00,24.9,,,1998
119,수원,2019-09-27 12:00,26.3,,,1992
119,수원,2019-09-27 13:00,26,,,1950
119,수원,2019-09-27 14:00,26.5,,,2000
119,수원,2019-09-27 15:00,26.3,,,2000
119,수원,2019-09-27 16:00,26.4,,,1966
119,수원,2019-09-27 17:00,25.8,,,2000
119,수원,2019-09-27 18:00,24.7,,,2000
119,수원,2019-09-27 19:00,24.1,,,2000
119,수원,2019-09-27 20:00,23.8,,,2000
119,수원,2019-09-27 21:00,23,,,2000
119,수원,2019-09-27 22:00,21.8,,,1996
119,수원,2019-09-27 23:00,21.4,,,2000
119,수원,2019-09-28 00:00,20.8,,,2000
119,수원,2019-09-28 01:00,20.2,,,2000
119,수원,2019-09-28 02:00,20.3,,,2000
119,수원,2019-09-28 03:00,20.3,,,2000
119,수원,2019-09-28 04:00,19.7,,,2000
119,수원,2019-09-28 05:00,19.3,,,1999
119,수원,2019-09-28 06:00,19.4,,,2000
119,수원,2019-09-28 07:00,18.7,,,1963
119,수원,2019-09-28 08:00,21,,,1848
119,수원,2019-09-28 09:00,23.6,,,1781
119,수원,2019-09-28 10:00,24.8,,,1506
119,수원,2019-09-28 11:00,25.1,,,1434
119,수원,2019-09-28 12:00,26.9,,,1310
119,수원,2019-09-28 13:00,26.9,,,1693
119,수원,2019-09-28 14:00,27.9,,,1955
119,수원,2019-09-28 15:00,27.2,,,1784
119,수원,2019-09-28 16:00,27.2,,,1000
119,수원,2019-09-28 17:00,26.7,,,1330
119,수원,2019-09-28 18:00,24.9,,,1821
119,수원,2019-09-28 19:00,22.8,,,1940
119,수원,2019-09-28 20:00,21.5,,,1512
119,수원,2019-09-28 21:00,21.1,,,1236
119,수원,2019-09-28 22:00,20.5,,,1376
119,수원,2019-09-28 23:00,19.6,,,1412
119,수원,2019-09-29 00:00,19.1,,,754
119,수원,2019-09-29 01:00,18.1,,,1782
119,수원,2019-09-29 02:00,17.7,,,514
119,수원,2019-09-29 03:00,17.3,,,715
119,수원,2019-09-29 04:00,17.2,,,584
119,수원,2019-09-29 05:00,16.5,,,558
119,수원,2019-09-29 06:00,15.8,,,517
119,수원,2019-09-29 07:00,16.2,,,629
119,수원,2019-09-29 08:00,18.9,,,777
119,수원,2019-09-29 09:00,21.5,,,578
119,수원,2019-09-29 10:00,23,,,575
119,수원,2019-09-29 11:00,24.5,,,1050
119,수원,2019-09-29 12:00,25.7,,,1442
119,수원,2019-09-29 13:00,26.8,,,1748
119,수원,2019-09-29 14:00,27.1,,,1980
119,수원,2019-09-29 15:00,27.5,,,1764
119,수원,2019-09-29 16:00,27,,,1984
119,수원,2019-09-29 17:00,25.7,,,2054
119,수원,2019-09-29 18:00,23.4,,,1909
119,수원,2019-09-29 19:00,22,,,2121
119,수원,2019-09-29 20:00,20.2,,,929
119,수원,2019-09-29 21:00,19.7,,,706
119,수원,2019-09-29 22:00,18.7,,,810
119,수원,2019-09-29 23:00,18.5,,,800
119,수원,2019-09-30 00:00,17.5,,,400
119,수원,2019-09-30 01:00,16.8,,,390
119,수원,2019-09-30 02:00,16.4,,,346
119,수원,2019-09-30 03:00,16.2,,,342
119,수원,2019-09-30 04:00,16.2,,,394
119,수원,2019-09-30 05:00,16.1,,,315
119,수원,2019-09-30 06:00,15.8,,,257
119,수원,2019-09-30 07:00,15.2,,,8
119,수원,2019-09-30 08:00,16.1,,,9
119,수원,2019-09-30 09:00,20.2,,,394
119,수원,2019-09-30 10:00,22.8,,,740
119,수원,2019-09-30 11:00,24.6,,,726
119,수원,2019-09-30 12:00,26.1,,,962
119,수원,2019-09-30 13:00,26.9,,,1095
119,수원,2019-09-30 14:00,27.5,,,1100
119,수원,2019-09-30 15:00,27.9,,,1300
119,수원,2019-09-30 16:00,27.8,,,840
119,수원,2019-09-30 17:00,26.1,,,963
119,수원,2019-09-30 18:00,24.1,,,1263
119,수원,2019-09-30 19:00,22.4,,,1000
119,수원,2019-09-30 20:00,21,,,562
119,수원,2019-09-30 21:00,19.9,,,465
119,수원,2019-09-30 22:00,19.3,,,686
119,수원,2019-09-30 23:00,18.3,,,549
119,수원,2019-10-01 00:00,17.8,,,500
119,수원,2019-10-01 01:00,17.6,,,455
119,수원,2019-10-01 02:00,17.1,,,336
119,수원,2019-10-01 03:00,16.4,,,391
119,수원,2019-10-01 04:00,16.8,,,409
119,수원,2019-10-01 05:00,16.3,,,341
119,수원,2019-10-01 06:00,15.8,,,255
119,수원,2019-10-01 07:00,16.9,,,338
119,수원,2019-10-01 08:00,18.9,,,337
119,수원,2019-10-01 09:00,21.4,,,490
119,수원,2019-10-01 10:00,23.6,,,857
119,수원,2019-10-01 11:00,24.7,,,1179
119,수원,2019-10-01 12:00,25.7,,,1233
119,수원,2019-10-01 13:00,26,,,1086
119,수원,2019-10-01 14:00,26.9,,,1232
119,수원,2019-10-01 15:00,27.3,,,1260
119,수원,2019-10-01 16:00,26.7,,,1133
119,수원,2019-10-01 17:00,26.5,,,850
119,수원,2019-10-01 18:00,25.7,,,1128
119,수원,2019-10-01 19:00,24.8,,,1844
119,수원,2019-10-01 20:00,23.5,,,1599
119,수원,2019-10-01 21:00,22.8,,,1100
119,수원,2019-10-01 22:00,22.5,,,1326
119,수원,2019-10-01 23:00,21.3,,,1689
119,수원,2019-10-02 00:00,21.2,,,1635
119,수원,2019-10-02 01:00,21.6,,,1613
119,수원,2019-10-02 02:00,21.6,,,1661
119,수원,2019-10-02 03:00,21.9,,,835
119,수원,2019-10-02 04:00,22.3,,,1329
119,수원,2019-10-02 05:00,22.7,,,1723
119,수원,2019-10-02 06:00,22.8,,,651
119,수원,2019-10-02 07:00,23.3,,,784
119,수원,2019-10-02 08:00,23.6,,,949
119,수원,2019-10-02 09:00,23.7,0,,1142
119,수원,2019-10-02 10:00,23.2,0,,1115
119,수원,2019-10-02 11:00,22.8,0,,1008
119,수원,2019-10-02 12:00,22.2,.3,,650
119,수원,2019-10-02 13:00,21.8,1.2,,759
119,수원,2019-10-02 14:00,21.7,2.2,,1061
119,수원,2019-10-02 15:00,21.7,1,,1293
119,수원,2019-10-02 16:00,21.6,.9,,1417
119,수원,2019-10-02 17:00,21.2,1.9,,839
119,수원,2019-10-02 18:00,21.1,1.4,,771
119,수원,2019-10-02 19:00,21,2.9,,1969
119,수원,2019-10-02 20:00,20.8,1.2,,1725
119,수원,2019-10-02 21:00,21.3,1.3,,2000
119,수원,2019-10-02 22:00,20.9,3.2,,1245
119,수원,2019-10-02 23:00,20.5,4.5,,857
119,수원,2019-10-03 00:00,20.5,3.1,,1065
119,수원,2019-10-03 01:00,20.3,5.8,,1005
119,수원,2019-10-03 02:00,20.9,3.3,,2000
119,수원,2019-10-03 03:00,20.8,.7,,1719
119,수원,2019-10-03 04:00,20.5,1.8,,1998
119,수원,2019-10-03 05:00,20.5,.4,,2000
119,수원,2019-10-03 06:00,20.1,.5,,2000
119,수원,2019-10-03 07:00,19.9,.7,,1933
119,수원,2019-10-03 08:00,20.6,0,,2000
119,수원,2019-10-03 09:00,21.5,,,2000
119,수원,2019-10-03 10:00,23.1,,,2000
119,수원,2019-10-03 11:00,23.6,,,1995
119,수원,2019-10-03 12:00,25.3,,,2000
119,수원,2019-10-03 13:00,26.4,,,2000
119,수원,2019-10-03 14:00,26.8,,,2000
119,수원,2019-10-03 15:00,27.4,,,2000
119,수원,2019-10-03 16:00,27.2,,,2000
119,수원,2019-10-03 17:00,26.7,,,2000
119,수원,2019-10-03 18:00,25,,,2000
119,수원,2019-10-03 19:00,23.9,,,2000
119,수원,2019-10-03 20:00,21.8,,,2000
119,수원,2019-10-03 21:00,21.4,,,2000
119,수원,2019-10-03 22:00,21.2,,,1810
119,수원,2019-10-03 23:00,20.1,,,1986
119,수원,2019-10-04 00:00,20.6,,,2000
119,수원,2019-10-04 01:00,19.8,,,2000
119,수원,2019-10-04 02:00,18.7,,,1795
119,수원,2019-10-04 03:00,18.8,,,1590
119,수원,2019-10-04 04:00,18.4,,,1817
119,수원,2019-10-04 05:00,18.1,,,1739
119,수원,2019-10-04 06:00,18,,,1654
119,수원,2019-10-04 07:00,18.2,,,1768
119,수원,2019-10-04 08:00,20.3,,,1727
119,수원,2019-10-04 09:00,21.8,,,1814
119,수원,2019-10-04 10:00,23,,,1801
119,수원,2019-10-04 11:00,23.8,,,1706
119,수원,2019-10-04 12:00,25,,,1159
119,수원,2019-10-04 13:00,25.7,,,1389
119,수원,2019-10-04 14:00,26.1,,,1551
119,수원,2019-10-04 15:00,26.5,,,1000
119,수원,2019-10-04 16:00,26.4,,,1309
119,수원,2019-10-04 17:00,25.6,,,1370
119,수원,2019-10-04 18:00,23.8,,,1115
119,수원,2019-10-04 19:00,21.6,,,667
119,수원,2019-10-04 20:00,21.2,,,390
119,수원,2019-10-04 21:00,20.8,,,536
119,수원,2019-10-04 22:00,20.2,,,537
119,수원,2019-10-04 23:00,20.3,,,532
119,수원,2019-10-05 00:00,20.2,,,337
119,수원,2019-10-05 01:00,19.9,,,573
119,수원,2019-10-05 02:00,19.6,,,991
119,수원,2019-10-05 03:00,19.4,,,551
119,수원,2019-10-05 04:00,19.3,,,530
119,수원,2019-10-05 05:00,19.5,,,547
119,수원,2019-10-05 06:00,19,,,495
119,수원,2019-10-05 07:00,19.3,,,508
119,수원,2019-10-05 08:00,18.8,.1,,533
119,수원,2019-10-05 09:00,19,0,,1080
119,수원,2019-10-05 10:00,20,,,1194
119,수원,2019-10-05 11:00,20.6,,,1350
119,수원,2019-10-05 12:00,21.4,,,1729
119,수원,2019-10-05 13:00,21.6,,,1798
119,수원,2019-10-05 14:00,21.5,,,1929
119,수원,2019-10-05 15:00,20.2,,,1988
119,수원,2019-10-05 16:00,20.7,,,2091
119,수원,2019-10-05 17:00,20.1,,,2000
119,수원,2019-10-05 18:00,19.6,,,1987
119,수원,2019-10-05 19:00,19.5,,,1998
119,수원,2019-10-05 20:00,18.4,,,2000
119,수원,2019-10-05 21:00,17.2,,,2000
119,수원,2019-10-05 22:00,16.8,,,2000
119,수원,2019-10-05 23:00,16.4,,,2000
119,수원,2019-10-06 00:00,15.7,,,2000
119,수원,2019-10-06 01:00,15.2,,,2000
119,수원,2019-10-06 02:00,14.9,,,2000
119,수원,2019-10-06 03:00,14.8,,,2000
119,수원,2019-10-06 04:00,15.1,,,2000
119,수원,2019-10-06 05:00,14.9,,,2000
119,수원,2019-10-06 06:00,14.3,,,2000
119,수원,2019-10-06 07:00,14.8,,,2000
119,수원,2019-10-06 08:00,15.7,,,2000
119,수원,2019-10-06 09:00,17.1,,,1952
119,수원,2019-10-06 10:00,17.7,,,2000
119,수원,2019-10-06 11:00,18.8,,,1977
119,수원,2019-10-06 12:00,19.3,,,2000
119,수원,2019-10-06 13:00,20.5,,,2000
119,수원,2019-10-06 14:00,21.1,,,2000
119,수원,2019-10-06 15:00,21.4,,,2000
119,수원,2019-10-06 16:00,21.3,,,1997
119,수원,2019-10-06 17:00,20.7,,,2000
119,수원,2019-10-06 18:00,20.4,,,2000
119,수원,2019-10-06 19:00,19.9,,,2000
119,수원,2019-10-06 20:00,19.4,,,2000
119,수원,2019-10-06 21:00,19,,,2000
119,수원,2019-10-06 22:00,18.4,,,2000
119,수원,2019-10-06 23:00,18.1,,,2000
119,수원,2019-10-07 00:00,17.9,,,2000
119,수원,2019-10-07 01:00,17.3,,,2000
119,수원,2019-10-07 02:00,17.1,,,2000
119,수원,2019-10-07 03:00,16.6,0,,2000
119,수원,2019-10-07 04:00,14.7,1.7,,1000
119,수원,2019-10-07 05:00,14.9,.8,,1837
119,수원,2019-10-07 06:00,14.5,.3,,1727
119,수원,2019-10-07 07:00,14.1,1.5,,1000
119,수원,2019-10-07 08:00,14,3.4,,774
119,수원,2019-10-07 09:00,14.2,2.2,,659
119,수원,2019-10-07 10:00,14.2,3.9,,903
119,수원,2019-10-07 11:00,14.3,3.2,,886
119,수원,2019-10-07 12:00,14.5,1.9,,900
119,수원,2019-10-07 13:00,14.8,.7,,1038
119,수원,2019-10-07 14:00,15.1,.6,,584
119,수원,2019-10-07 15:00,15.4,.3,,698
119,수원,2019-10-07 16:00,15.7,.2,,927
119,수원,2019-10-07 17:00,15.5,1.5,,328
119,수원,2019-10-07 18:00,15.1,3.2,,215
119,수원,2019-10-07 19:00,15.3,.2,,2000
119,수원,2019-10-07 20:00,15.2,,,1843
119,수원,2019-10-07 21:00,14.9,,,1633
119,수원,2019-10-07 22:00,14.2,,,970
119,수원,2019-10-07 23:00,14,,,1528
119,수원,2019-10-08 00:00,13.4,,,1144
119,수원,2019-10-08 01:00,12.8,,,1346
119,수원,2019-10-08 02:00,12.7,,,1000
119,수원,2019-10-08 03:00,12.4,,,550
119,수원,2019-10-08 04:00,12.5,,,911
119,수원,2019-10-08 05:00,12.7,,,522
119,수원,2019-10-08 06:00,12.7,,,546
119,수원,2019-10-08 07:00,12.3,,,338
119,수원,2019-10-08 08:00,14.1,,,600
119,수원,2019-10-08 09:00,15.9,,,638
119,수원,2019-10-08 10:00,16.9,0,,887
119,수원,2019-10-08 11:00,19.5,0,,977
119,수원,2019-10-08 12:00,19.7,,,1719
119,수원,2019-10-08 13:00,20.2,,,2038
119,수원,2019-10-08 14:00,19.5,,,1989
119,수원,2019-10-08 15:00,19.3,,,2000
119,수원,2019-10-08 16:00,19,,,2000
119,수원,2019-10-08 17:00,18.2,,,2000
119,수원,2019-10-08 18:00,16.4,,,1991
119,수원,2019-10-08 19:00,14.9,,,2000
119,수원,2019-10-08 20:00,13.8,,,2000
119,수원,2019-10-08 21:00,13,,,2000
119,수원,2019-10-08 22:00,12.1,,,2000
119,수원,2019-10-08 23:00,11.7,,,2000
119,수원,2019-10-09 00:00,10.7,,,2000
119,수원,2019-10-09 01:00,9.7,,,2000
119,수원,2019-10-09 02:00,8.2,,,2000
119,수원,2019-10-09 03:00,7.8,,,2000
119,수원,2019-10-09 04:00,6.7,,,2000
119,수원,2019-10-09 05:00,6.4,,,2000
119,수원,2019-10-09 06:00,7,,,2000
119,수원,2019-10-09 07:00,7.8,,,1835
119,수원,2019-10-09 08:00,10.9,,,1948
119,수원,2019-10-09 09:00,12.4,,,1929
119,수원,2019-10-09 10:00,15.1,,,1980
119,수원,2019-10-09 11:00,16.8,,,2000
119,수원,2019-10-09 12:00,17.9,,,2000
119,수원,2019-10-09 13:00,18.5,,,1976
119,수원,2019-10-09 14:00,18.8,,,1944
119,수원,2019-10-09 15:00,18.9,,,2000
119,수원,2019-10-09 16:00,18.8,,,2000
119,수원,2019-10-09 17:00,18.8,,,2000
119,수원,2019-10-09 18:00,16.7,,,2000
119,수원,2019-10-09 19:00,14.3,,,2000
119,수원,2019-10-09 20:00,13.1,,,2000
119,수원,2019-10-09 21:00,12.2,,,2000
119,수원,2019-10-09 22:00,11,,,2000
119,수원,2019-10-09 23:00,10.5,,,2000
119,수원,2019-10-10 00:00,9.7,,,2000
119,수원,2019-10-10 01:00,9.7,,,2000
119,수원,2019-10-10 02:00,10,,,2000
119,수원,2019-10-10 03:00,9.9,,,2000
119,수원,2019-10-10 04:00,10.3,,,2000
119,수원,2019-10-10 05:00,10.9,,,2000
119,수원,2019-10-10 06:00,10.9,,,2000
119,수원,2019-10-10 07:00,11.1,,,2000
119,수원,2019-10-10 08:00,12.8,,,1995
119,수원,2019-10-10 09:00,14.3,,,1976
119,수원,2019-10-10 10:00,14.8,,,1881
119,수원,2019-10-10 11:00,15.8,,,1675
119,수원,2019-10-10 12:00,17.1,,,1951
119,수원,2019-10-10 13:00,18.9,,,1896
119,수원,2019-10-10 14:00,19.2,,,1950
119,수원,2019-10-10 15:00,19.3,,,1975
119,수원,2019-10-10 16:00,19.2,,,2000
119,수원,2019-10-10 17:00,19,,,1950
119,수원,2019-10-10 18:00,18.2,,,1982
119,수원,2019-10-10 19:00,16.6,,,1069
119,수원,2019-10-10 20:00,15.5,,,988
119,수원,2019-10-10 21:00,15.3,,,864
119,수원,2019-10-10 22:00,14.7,,,1115
119,수원,2019-10-10 23:00,14.6,,,1026
119,수원,2019-10-11 00:00,14.1,,,1000
119,수원,2019-10-11 01:00,14.8,,,1873
119,수원,2019-10-11 02:00,14.3,,,1393
119,수원,2019-10-11 03:00,14,,,1045
119,수원,2019-10-11 04:00,13.5,,,941
119,수원,2019-10-11 05:00,12.8,,,731
119,수원,2019-10-11 06:00,12.5,,,513
119,수원,2019-10-11 07:00,12.1,,,795
119,수원,2019-10-11 08:00,14.3,,,1263
119,수원,2019-10-11 09:00,16.6,,,1196
119,수원,2019-10-11 10:00,18.9,,,1551
119,수원,2019-10-11 11:00,20.1,,,1299
119,수원,2019-10-11 12:00,21.6,,,1444
119,수원,2019-10-11 13:00,22.4,,,1997
119,수원,2019-10-11 14:00,23.1,,,1930
119,수원,2019-10-11 15:00,24.5,,,1992
119,수원,2019-10-11 16:00,24.7,,,2000
119,수원,2019-10-11 17:00,23.9,,,2000
119,수원,2019-10-11 18:00,22.2,,,2000
119,수원,2019-10-11 19:00,22,,,2000
119,수원,2019-10-11 20:00,21.3,,,2029
119,수원,2019-10-11 21:00,20.5,,,2000
119,수원,2019-10-11 22:00,19.6,,,1996
119,수원,2019-10-11 23:00,18.8,,,2000
119,수원,2019-10-12 00:00,18.3,,,2000
119,수원,2019-10-12 01:00,17.9,,,2000
119,수원,2019-10-12 02:00,17.4,,,2000
119,수원,2019-10-12 03:00,17.2,,,2000
119,수원,2019-10-12 04:00,17.4,,,2000
119,수원,2019-10-12 05:00,17.3,,,2000
119,수원,2019-10-12 06:00,16.7,,,2000
119,수원,2019-10-12 07:00,16.3,,,2000
119,수원,2019-10-12 08:00,18.6,,,1935
119,수원,2019-10-12 09:00,19.5,,,2017
119,수원,2019-10-12 10:00,20.2,,,1920
119,수원,2019-10-12 11:00,21.3,,,2000
119,수원,2019-10-12 12:00,22.3,,,1872
119,수원,2019-10-12 13:00,23,,,1976
119,수원,2019-10-12 14:00,22.5,,,1950
119,수원,2019-10-12 15:00,22.1,,,2000
119,수원,2019-10-12 16:00,21.3,,,1990
119,수원,2019-10-12 17:00,20,,,2000
119,수원,2019-10-12 18:00,18.5,,,2000
119,수원,2019-10-12 19:00,17.5,,,2000
119,수원,2019-10-12 20:00,16.8,,,2000
119,수원,2019-10-12 21:00,16.3,,,2000
119,수원,2019-10-12 22:00,15.7,,,2000
119,수원,2019-10-12 23:00,14.9,,,2000
119,수원,2019-10-13 00:00,14.1,,,2000
119,수원,2019-10-13 01:00,14.2,,,2000
119,수원,2019-10-13 02:00,13.4,,,2000
119,수원,2019-10-13 03:00,13.3,,,2000
119,수원,2019-10-13 04:00,13.7,,,2000
119,수원,2019-10-13 05:00,13.7,,,2000
119,수원,2019-10-13 06:00,13.7,,,2000
119,수원,2019-10-13 07:00,13.9,,,1950
119,수원,2019-10-13 08:00,15.1,,,2000
119,수원,2019-10-13 09:00,16,,,2011
119,수원,2019-10-13 10:00,17.6,,,1967
119,수원,2019-10-13 11:00,19,,,1986
119,수원,2019-10-13 12:00,20.1,,,1996
119,수원,2019-10-13 13:00,21,,,2021
119,수원,2019-10-13 14:00,22,,,1993
119,수원,2019-10-13 15:00,22,,,2000
119,수원,2019-10-13 16:00,22.2,,,2000
119,수원,2019-10-13 17:00,21.9,,,1996
119,수원,2019-10-13 18:00,20.6,,,2000
119,수원,2019-10-13 19:00,17.8,,,1673
119,수원,2019-10-13 20:00,16.4,,,1995
119,수원,2019-10-13 21:00,15.8,,,1979
119,수원,2019-10-13 22:00,15.1,,,1940
119,수원,2019-10-13 23:00,14.9,,,1955
119,수원,2019-10-14 00:00,13.3,,,1740
119,수원,2019-10-14 01:00,12.8,,,1814
119,수원,2019-10-14 02:00,12.6,,,1621
119,수원,2019-10-14 03:00,12.2,,,1690
119,수원,2019-10-14 04:00,11.7,,,2179
119,수원,2019-10-14 05:00,11.4,,,1489
119,수원,2019-10-14 06:00,11.3,,,1252
119,수원,2019-10-14 07:00,11.4,,,1275
119,수원,2019-10-14 08:00,13.4,,,1184
119,수원,2019-10-14 09:00,15.3,,,1181
119,수원,2019-10-14 10:00,17,,,1134
119,수원,2019-10-14 11:00,17.7,,,1055
119,수원,2019-10-14 12:00,18.4,,,1344
119,수원,2019-10-14 13:00,18.4,,,1761
119,수원,2019-10-14 14:00,18.6,,,1847
119,수원,2019-10-14 15:00,18.6,,,2097
119,수원,2019-10-14 16:00,17.4,,,1996
119,수원,2019-10-14 17:00,17.1,,,2000
119,수원,2019-10-14 18:00,15.4,,,2000
119,수원,2019-10-14 19:00,13.6,,,2000
119,수원,2019-10-14 20:00,12.8,,,2000
119,수원,2019-10-14 21:00,12,,,2000
119,수원,2019-10-14 22:00,11.1,,,2000
119,수원,2019-10-14 23:00,9.2,,,2000
119,수원,2019-10-15 00:00,8.5,,,2000
119,수원,2019-10-15 01:00,8.2,,,2000
119,수원,2019-10-15 02:00,8,,,2000
119,수원,2019-10-15 03:00,7.7,,,2000
119,수원,2019-10-15 04:00,7.6,,,1950
119,수원,2019-10-15 05:00,7.4,,,2000
119,수원,2019-10-15 06:00,8.1,,,2000
119,수원,2019-10-15 07:00,7.7,,,2000
119,수원,2019-10-15 08:00,10.4,,,1992
119,수원,2019-10-15 09:00,13.9,,,1960
119,수원,2019-10-15 10:00,15.9,,,2000
119,수원,2019-10-15 11:00,17.1,,,2000
119,수원,2019-10-15 12:00,17.8,,,2000
119,수원,2019-10-15 13:00,19,,,2000
119,수원,2019-10-15 14:00,19,,,2009
119,수원,2019-10-15 15:00,18.7,,,2000
119,수원,2019-10-15 16:00,18.5,,,2000
119,수원,2019-10-15 17:00,19.4,,,2000
119,수원,2019-10-15 18:00,16.8,,,2000
119,수원,2019-10-15 19:00,14.7,,,2000
119,수원,2019-10-15 20:00,13.8,,,1997
119,수원,2019-10-15 21:00,12.3,,,1932
119,수원,2019-10-15 22:00,11.9,,,2016
119,수원,2019-10-15 23:00,11.7,,,1688
119,수원,2019-10-16 00:00,10.9,,,1000
119,수원,2019-10-16 01:00,9.7,,,611
119,수원,2019-10-16 02:00,8.8,,,783
119,수원,2019-10-16 03:00,8.8,,,898
119,수원,2019-10-16 04:00,8.6,,,900
119,수원,2019-10-16 05:00,8.2,,,1621
119,수원,2019-10-16 06:00,8.1,,,1614
119,수원,2019-10-16 07:00,8.2,,,1562
119,수원,2019-10-16 08:00,10.5,,,1192
119,수원,2019-10-16 09:00,14.1,,,1717
119,수원,2019-10-16 10:00,16,,,1859
119,수원,2019-10-16 11:00,17.3,,,1907
119,수원,2019-10-16 12:00,18.5,,,2002
119,수원,2019-10-16 13:00,19.5,,,1891
119,수원,2019-10-16 14:00,19.4,,,1951
119,수원,2019-10-16 15:00,19.6,,,1768
119,수원,2019-10-16 16:00,18.2,,,1357
119,수원,2019-10-16 17:00,17.4,,,1898
119,수원,2019-10-16 18:00,16.1,,,2000
119,수원,2019-10-16 19:00,14.5,,,1963
119,수원,2019-10-16 20:00,14,,,1983
119,수원,2019-10-16 21:00,13.8,,,1640
119,수원,2019-10-16 22:00,13.5,,,1697
119,수원,2019-10-16 23:00,13.2,,,1637
119,수원,2019-10-17 00:00,12.5,,,1793
119,수원,2019-10-17 01:00,12,,,1745
119,수원,2019-10-17 02:00,11.7,,,1504
119,수원,2019-10-17 03:00,11.2,,,1351
119,수원,2019-10-17 04:00,10.5,,,1013
119,수원,2019-10-17 05:00,9.5,,,898
119,수원,2019-10-17 06:00,10.6,,,916
119,수원,2019-10-17 07:00,9.5,,,825
119,수원,2019-10-17 08:00,11.9,,,1229
119,수원,2019-10-17 09:00,13.9,,,1509
119,수원,2019-10-17 10:00,15,,,1705
119,수원,2019-10-17 11:00,16.8,,,1099
119,수원,2019-10-17 12:00,17.8,,,1764
119,수원,2019-10-17 13:00,18.6,,,1737
119,수원,2019-10-17 14:00,19.1,,,1960
119,수원,2019-10-17 15:00,20.5,,,1771
119,수원,2019-10-17 16:00,20.2,,,1896
119,수원,2019-10-17 17:00,19.2,,,1857
119,수원,2019-10-17 18:00,17.7,,,1934
119,수원,2019-10-17 19:00,16.5,,,1970
119,수원,2019-10-17 20:00,14.3,,,1897
119,수원,2019-10-17 21:00,13.5,,,1894
119,수원,2019-10-17 22:00,12.6,,,1950
119,수원,2019-10-17 23:00,12.6,,,1464
119,수원,2019-10-18 00:00,11.3,,,1595
119,수원,2019-10-18 01:00,12.7,,,1837
119,수원,2019-10-18 02:00,11.2,,,1695
119,수원,2019-10-18 03:00,10.3,,,1497
119,수원,2019-10-18 04:00,11.1,,,2015
119,수원,2019-10-18 05:00,12.9,,,2000
119,수원,2019-10-18 06:00,13.4,,,2000
119,수원,2019-10-18 07:00,12.1,,,1946
119,수원,2019-10-18 08:00,13.2,,,1959
119,수원,2019-10-18 09:00,15.7,,,2000
119,수원,2019-10-18 10:00,18.1,,,1944
119,수원,2019-10-18 11:00,19.2,,,1993
119,수원,2019-10-18 12:00,20.5,,,2000
119,수원,2019-10-18 13:00,21,,,1998
119,수원,2019-10-18 14:00,21.5,,,2000
119,수원,2019-10-18 15:00,21.1,,,2000
119,수원,2019-10-18 16:00,20.8,,,1967
119,수원,2019-10-18 17:00,20.8,,,2000
119,수원,2019-10-18 18:00,20.2,,,2000
119,수원,2019-10-18 19:00,19.6,,,2000
119,수원,2019-10-18 20:00,19.1,,,2000
119,수원,2019-10-18 21:00,18.3,,,2000
119,수원,2019-10-18 22:00,16.8,,,2000
119,수원,2019-10-18 23:00,15.5,,,2000
119,수원,2019-10-19 00:00,14.4,,,2000
119,수원,2019-10-19 01:00,13.6,,,2000
119,수원,2019-10-19 02:00,12.8,,,2000
119,수원,2019-10-19 03:00,12.5,,,2000
119,수원,2019-10-19 04:00,11.2,,,1996
119,수원,2019-10-19 05:00,10.9,,,2000
119,수원,2019-10-19 06:00,10.7,,,1999
119,수원,2019-10-19 07:00,10.9,,,1959
119,수원,2019-10-19 08:00,13,,,1240
119,수원,2019-10-19 09:00,16.3,,,1945
119,수원,2019-10-19 10:00,18.6,,,2000
119,수원,2019-10-19 11:00,19.6,,,2000
119,수원,2019-10-19 12:00,21.2,,,2000
119,수원,2019-10-19 13:00,21,,,2000
119,수원,2019-10-19 14:00,21.2,,,2000
119,수원,2019-10-19 15:00,20.7,,,2000
119,수원,2019-10-19 16:00,21.4,,,2016
119,수원,2019-10-19 17:00,20,,,1999
119,수원,2019-10-19 18:00,18.1,,,1991
119,수원,2019-10-19 19:00,16.4,,,1427
119,수원,2019-10-19 20:00,15.7,,,1068
119,수원,2019-10-19 21:00,15.3,,,1088
119,수원,2019-10-19 22:00,14.6,,,1206
119,수원,2019-10-19 23:00,14.1,,,1080
119,수원,2019-10-20 00:00,13,,,927
119,수원,2019-10-20 01:00,12.9,,,559
119,수원,2019-10-20 02:00,11.8,,,396
119,수원,2019-10-20 03:00,12.2,,,345
119,수원,2019-10-20 04:00,11.1,,,227
119,수원,2019-10-20 05:00,11.3,,,450
119,수원,2019-10-20 06:00,11.8,,,21
119,수원,2019-10-20 07:00,11.8,,,12
119,수원,2019-10-20 08:00,12.4,,,20
119,수원,2019-10-20 09:00,13.6,,,272
119,수원,2019-10-20 10:00,15.3,,,590
119,수원,2019-10-20 11:00,16,,,551
119,수원,2019-10-20 12:00,18.5,,,1496
119,수원,2019-10-20 13:00,19.9,,,1000
119,수원,2019-10-20 14:00,20.3,,,1959
119,수원,2019-10-20 15:00,20.8,,,1865
119,수원,2019-10-20 16:00,21.4,,,2006
119,수원,2019-10-20 17:00,20.3,,,1941
119,수원,2019-10-20 18:00,17.7,,,1587
119,수원,2019-10-20 19:00,16,,,1858
119,수원,2019-10-20 20:00,15.6,,,1008
119,수원,2019-10-20 21:00,14.4,,,871
119,수원,2019-10-20 22:00,13.5,,,655
119,수원,2019-10-20 23:00,12.2,,,661
119,수원,2019-10-21 00:00,11.7,,,548
119,수원,2019-10-21 01:00,12,,,583
119,수원,2019-10-21 02:00,11.4,,,509
119,수원,2019-10-21 03:00,10.7,,,369
119,수원,2019-10-21 04:00,10.6,,,533
119,수원,2019-10-21 05:00,10.6,,,526
119,수원,2019-10-21 06:00,9.7,,,329
119,수원,2019-10-21 07:00,10.1,,,512
119,수원,2019-10-21 08:00,12.4,,,886
119,수원,2019-10-21 09:00,14.8,,,635
119,수원,2019-10-21 10:00,17.7,,,1602
119,수원,2019-10-21 11:00,19.9,,,1863
119,수원,2019-10-21 12:00,21,,,1702
119,수원,2019-10-21 13:00,22.5,,,1931
119,수원,2019-10-21 14:00,23.2,,,2000
119,수원,2019-10-21 15:00,23.2,,,1969
119,수원,2019-10-21 16:00,23.2,,,2031
119,수원,2019-10-21 17:00,22,,,2021
119,수원,2019-10-21 18:00,19.2,,,1073
119,수원,2019-10-21 19:00,17.6,,,850
119,수원,2019-10-21 20:00,16.8,,,1316
119,수원,2019-10-21 21:00,15.6,,,1362
119,수원,2019-10-21 22:00,15,,,754
119,수원,2019-10-21 23:00,14.8,,,592
119,수원,2019-10-22 00:00,14.2,,,600
119,수원,2019-10-22 01:00,12.6,,,493
119,수원,2019-10-22 02:00,13.6,,,597
119,수원,2019-10-22 03:00,12.7,,,533
119,수원,2019-10-22 04:00,12.6,,,607
119,수원,2019-10-22 05:00,11.9,,,571
119,수원,2019-10-22 06:00,11.8,,,552
119,수원,2019-10-22 07:00,12,,,663
119,수원,2019-10-22 08:00,14.9,,,811
119,수원,2019-10-22 09:00,16.5,,,1512
119,수원,2019-10-22 10:00,18.4,,,1796
119,수원,2019-10-22 11:00,20.2,,,2040
119,수원,2019-10-22 12:00,20.9,,,1935
119,수원,2019-10-22 13:00,22.1,,,1944
119,수원,2019-10-22 14:00,22,,,1979
119,수원,2019-10-22 15:00,22.6,,,2000
119,수원,2019-10-22 16:00,22.3,,,1998
119,수원,2019-10-22 17:00,21.7,,,1993
119,수원,2019-10-22 18:00,19.6,,,2000
119,수원,2019-10-22 19:00,17.2,,,1821
119,수원,2019-10-22 20:00,16.3,,,1505
119,수원,2019-10-22 21:00,14.8,,,937
119,수원,2019-10-22 22:00,14.8,,,889
119,수원,2019-10-22 23:00,14.7,,,762
119,수원,2019-10-23 00:00,13.9,,,762
119,수원,2019-10-23 01:00,12.5,,,966
119,수원,2019-10-23 02:00,13.9,,,649
119,수원,2019-10-23 03:00,13.3,,,560
119,수원,2019-10-23 04:00,13.2,,,719
119,수원,2019-10-23 05:00,15.1,,,1670
119,수원,2019-10-23 06:00,15,,,1855
119,수원,2019-10-23 07:00,14.6,,,1818
119,수원,2019-10-23 08:00,15.7,,,1771
119,수원,2019-10-23 09:00,16,,,2021
119,수원,2019-10-23 10:00,16.6,,,2000
119,수원,2019-10-23 11:00,17.7,,,2000
119,수원,2019-10-23 12:00,18.7,,,2000
119,수원,2019-10-23 13:00,19.3,,,1998
119,수원,2019-10-23 14:00,19.6,,,2000
119,수원,2019-10-23 15:00,19.9,,,2000
119,수원,2019-10-23 16:00,19.5,,,2000
119,수원,2019-10-23 17:00,19.4,,,2000
119,수원,2019-10-23 18:00,18.6,,,2000
119,수원,2019-10-23 19:00,18.4,,,2000
119,수원,2019-10-23 20:00,18.5,,,2000
119,수원,2019-10-23 21:00,18,,,2000
119,수원,2019-10-23 22:00,17.4,,,2000
119,수원,2019-10-23 23:00,16.8,,,2034
119,수원,2019-10-24 00:00,16.2,,,1968
119,수원,2019-10-24 01:00,16.4,,,2000
119,수원,2019-10-24 02:00,16.6,,,1999
119,수원,2019-10-24 03:00,14.5,,,1882
119,수원,2019-10-24 04:00,14.5,,,1653
119,수원,2019-10-24 05:00,16.2,,,1983
119,수원,2019-10-24 06:00,15,,,1683
119,수원,2019-10-24 07:00,14.6,,,1620
119,수원,2019-10-24 08:00,15.6,,,1354
119,수원,2019-10-24 09:00,18.1,,,1924
119,수원,2019-10-24 10:00,19,,,1987
119,수원,2019-10-24 11:00,20.4,,,1959
119,수원,2019-10-24 12:00,21.5,,,1843
119,수원,2019-10-24 13:00,22.1,,,1965
119,수원,2019-10-24 14:00,22.9,,,2000
119,수원,2019-10-24 15:00,22.9,,,1977
119,수원,2019-10-24 16:00,22.3,,,2000
119,수원,2019-10-24 17:00,21.8,,,1904
119,수원,2019-10-24 18:00,21.1,,,2000
119,수원,2019-10-24 19:00,20.6,,,2000
119,수원,2019-10-24 20:00,20.3,,,2000
119,수원,2019-10-24 21:00,19.2,,,1950
119,수원,2019-10-24 22:00,18.2,,,2000
119,수원,2019-10-24 23:00,17.6,,,2000
119,수원,2019-10-25 00:00,16.8,,,2002
119,수원,2019-10-25 01:00,15.2,,,2000
119,수원,2019-10-25 02:00,15.1,,,2000
119,수원,2019-10-25 03:00,14.5,,,2000
119,수원,2019-10-25 04:00,11.9,,,2000
119,수원,2019-10-25 05:00,11.1,,,2000
119,수원,2019-10-25 06:00,12.6,,,1998
119,수원,2019-10-25 07:00,13.5,,,1994
119,수원,2019-10-25 08:00,14.1,,,1815
119,수원,2019-10-25 09:00,17.8,,,1855
119,수원,2019-10-25 10:00,18.8,,,1943
119,수원,2019-10-25 11:00,19.6,,,1973
119,수원,2019-10-25 12:00,21.2,,,2073
119,수원,2019-10-25 13:00,21.1,,,1865
119,수원,2019-10-25 14:00,20.8,,,1988
119,수원,2019-10-25 15:00,20,,,2000
119,수원,2019-10-25 16:00,19.3,,,2000
119,수원,2019-10-25 17:00,18.6,,,2000
119,수원,2019-10-25 18:00,17.6,,,2000
119,수원,2019-10-25 19:00,16.7,,,1931
119,수원,2019-10-25 20:00,16.7,0,,914
119,수원,2019-10-25 21:00,16.2,0,,903
119,수원,2019-10-25 22:00,15.5,0,,1505
119,수원,2019-10-25 23:00,14.2,,,1860
119,수원,2019-10-26 00:00,12.8,,,2000
119,수원,2019-10-26 01:00,12,,,2000
119,수원,2019-10-26 02:00,11.4,,,2000
119,수원,2019-10-26 03:00,10.7,,,2000
119,수원,2019-10-26 04:00,10.3,,,2000
119,수원,2019-10-26 05:00,9.2,,,1996
119,수원,2019-10-26 06:00,8.7,,,1810
119,수원,2019-10-26 07:00,7.8,,,1360
119,수원,2019-10-26 08:00,8.1,,,1725
119,수원,2019-10-26 09:00,9.1,,,1907
119,수원,2019-10-26 10:00,10.2,,,1895
119,수원,2019-10-26 11:00,10.8,,,1883
119,수원,2019-10-26 12:00,11.7,,,1888
119,수원,2019-10-26 13:00,13.2,,,1903
119,수원,2019-10-26 14:00,13.1,,,1669
119,수원,2019-10-26 15:00,13,,,2094
119,수원,2019-10-26 16:00,12.4,,,1952
119,수원,2019-10-26 17:00,11.7,,,1997
119,수원,2019-10-26 18:00,10.2,,,1998
119,수원,2019-10-26 19:00,8.8,,,1983
119,수원,2019-10-26 20:00,9,,,1971
119,수원,2019-10-26 21:00,8.4,,,1974
119,수원,2019-10-26 22:00,7.2,,,1439
119,수원,2019-10-26 23:00,7.7,,,1661
119,수원,2019-10-27 00:00,6.6,,,1722
119,수원,2019-10-27 01:00,6.5,,,1984
119,수원,2019-10-27 02:00,5.6,,,1954
119,수원,2019-10-27 03:00,4.5,,,1719
119,수원,2019-10-27 04:00,3.6,,,1640
119,수원,2019-10-27 05:00,3.7,,,1876
119,수원,2019-10-27 06:00,3.9,,,1748
119,수원,2019-10-27 07:00,3.9,,,1355
119,수원,2019-10-27 08:00,6,,,1155
119,수원,2019-10-27 09:00,9.6,,,1823
119,수원,2019-10-27 10:00,11.9,,,1853
119,수원,2019-10-27 11:00,13.7,,,1813
119,수원,2019-10-27 12:00,14.7,,,1986
119,수원,2019-10-27 13:00,15.7,,,2071
119,수원,2019-10-27 14:00,16.2,,,1807
119,수원,2019-10-27 15:00,16.4,,,1992
119,수원,2019-10-27 16:00,16,,,1997
119,수원,2019-10-27 17:00,15.1,,,2000
119,수원,2019-10-27 18:00,13.4,,,2000
119,수원,2019-10-27 19:00,11.9,,,2000
119,수원,2019-10-27 20:00,10.7,,,1463
119,수원,2019-10-27 21:00,10.1,,,1840
119,수원,2019-10-27 22:00,9.3,,,1733
119,수원,2019-10-27 23:00,8.5,,,1343
119,수원,2019-10-28 00:00,8.8,,,1175
119,수원,2019-10-28 01:00,7.2,,,1084
119,수원,2019-10-28 02:00,7.4,,,1857
119,수원,2019-10-28 03:00,6.6,,,566
119,수원,2019-10-28 04:00,7.2,,,560
119,수원,2019-10-28 05:00,6.4,,,709
119,수원,2019-10-28 06:00,6.5,,,775
119,수원,2019-10-28 07:00,6.5,,,808
119,수원,2019-10-28 08:00,8.3,,,623
119,수원,2019-10-28 09:00,11.1,,,810
119,수원,2019-10-28 10:00,13.4,,,1187
119,수원,2019-10-28 11:00,15.2,,,1794
119,수원,2019-10-28 12:00,16,,,1566
119,수원,2019-10-28 13:00,17.1,,,1937
119,수원,2019-10-28 14:00,16.7,,,1999
119,수원,2019-10-28 15:00,17.2,,,1999
119,수원,2019-10-28 16:00,17,,,2000
119,수원,2019-10-28 17:00,16.7,,,2000
119,수원,2019-10-28 18:00,16.1,,,1994
119,수원,2019-10-28 19:00,15.2,,,1995
119,수원,2019-10-28 20:00,14.5,,,1794
119,수원,2019-10-28 21:00,13.1,,,1319
119,수원,2019-10-28 22:00,13,0,,1312
119,수원,2019-10-28 23:00,13.8,0,,1704
119,수원,2019-10-29 00:00,12.7,2.7,,469
119,수원,2019-10-29 01:00,12.3,6.4,,295
119,수원,2019-10-29 02:00,12.3,0,,318
119,수원,2019-10-29 03:00,11.6,,,295
119,수원,2019-10-29 04:00,11,,,105
119,수원,2019-10-29 05:00,10.4,,,164
119,수원,2019-10-29 06:00,10.1,,,20
119,수원,2019-10-29 07:00,10.1,,,18
119,수원,2019-10-29 08:00,10.3,,,24
119,수원,2019-10-29 09:00,11.8,,,651
119,수원,2019-10-29 10:00,15.1,,,1291
119,수원,2019-10-29 11:00,15.5,,,1736
119,수원,2019-10-29 12:00,17,,,1683
119,수원,2019-10-29 13:00,17.5,,,1820
119,수원,2019-10-29 14:00,17.4,,,1788
119,수원,2019-10-29 15:00,16.8,,,1964
119,수원,2019-10-29 16:00,16.3,,,1920
119,수원,2019-10-29 17:00,15.1,,,2000
119,수원,2019-10-29 18:00,13.6,,,2000
119,수원,2019-10-29 19:00,11.9,,,2000
119,수원,2019-10-29 20:00,11.2,,,1996
119,수원,2019-10-29 21:00,11.1,,,2000
119,수원,2019-10-29 22:00,10.2,,,2000
119,수원,2019-10-29 23:00,9.7,,,2000
119,수원,2019-10-30 00:00,8.4,,,2000
119,수원,2019-10-30 01:00,6.8,,,2000
119,수원,2019-10-30 02:00,6.1,,,2000
119,수원,2019-10-30 03:00,6.6,,,2000
119,수원,2019-10-30 04:00,5,,,2000
119,수원,2019-10-30 05:00,4.1,,,1986
119,수원,2019-10-30 06:00,3.4,,,1225
119,수원,2019-10-30 07:00,3.8,,,943
119,수원,2019-10-30 08:00,6.5,,,1849
119,수원,2019-10-30 09:00,9.4,,,1877
119,수원,2019-10-30 10:00,11.2,,,1975
119,수원,2019-10-30 11:00,13.4,,,1915
119,수원,2019-10-30 12:00,15,,,1871
119,수원,2019-10-30 13:00,15.3,,,2087
119,수원,2019-10-30 14:00,15.9,,,2014
119,수원,2019-10-30 15:00,15.6,,,2000
119,수원,2019-10-30 16:00,16.6,,,2000
119,수원,2019-10-30 17:00,15.5,,,2000
119,수원,2019-10-30 18:00,13,,,2000
119,수원,2019-10-30 19:00,12.3,,,2000
119,수원,2019-10-30 20:00,11,,,2000
119,수원,2019-10-30 21:00,10,,,2011
119,수원,2019-10-30 22:00,9.7,,,1980
119,수원,2019-10-30 23:00,9.4,,,1892
119,수원,2019-10-31 00:00,9.3,,,1523
119,수원,2019-10-31 01:00,9.3,,,1570
119,수원,2019-10-31 02:00,8.9,,,1513
119,수원,2019-10-31 03:00,8.5,,,1130
119,수원,2019-10-31 04:00,8.1,,,1110
119,수원,2019-10-31 05:00,7.6,,,771
119,수원,2019-10-31 06:00,7.5,,,833
119,수원,2019-10-31 07:00,7.6,,,924
119,수원,2019-10-31 08:00,9.2,,,908
119,수원,2019-10-31 09:00,12,,,1564
119,수원,2019-10-31 10:00,13.8,,,1577
119,수원,2019-10-31 11:00,16,,,1468
119,수원,2019-10-31 12:00,18.3,,,1751
119,수원,2019-10-31 13:00,18.7,,,1505
119,수원,2019-10-31 14:00,19.3,,,1800
119,수원,2019-10-31 15:00,19.6,,,1538
119,수원,2019-10-31 16:00,19.3,,,1230
119,수원,2019-10-31 17:00,18.6,,,1046
119,수원,2019-10-31 18:00,17.5,,,1040
119,수원,2019-10-31 19:00,16.8,,,1083
119,수원,2019-10-31 20:00,16.2,,,1217
119,수원,2019-10-31 21:00,15.4,,,831
119,수원,2019-10-31 22:00,15.1,,,2041
119,수원,2019-10-31 23:00,14.3,,,1137
119,수원,2019-11-01 00:00,14.3,,,662
119,수원,2019-11-01 01:00,13.8,,,440
119,수원,2019-11-01 02:00,14.1,,,376
119,수원,2019-11-01 03:00,14.5,,,385
119,수원,2019-11-01 04:00,14.7,,,264
119,수원,2019-11-01 05:00,14.1,,,148
119,수원,2019-11-01 06:00,13.4,,,14
119,수원,2019-11-01 07:00,13,,,17
119,수원,2019-11-01 08:00,12.9,,,230
119,수원,2019-11-01 09:00,14.1,,,512
119,수원,2019-11-01 10:00,15.6,,,768
119,수원,2019-11-01 11:00,17.2,,,954
119,수원,2019-11-01 12:00,17.8,,,1552
119,수원,2019-11-01 13:00,19.3,,,1831
119,수원,2019-11-01 14:00,19.5,,,1846
119,수원,2019-11-01 15:00,19.5,,,1983
119,수원,2019-11-01 16:00,19.2,,,2000
119,수원,2019-11-01 17:00,17.2,,,2000
119,수원,2019-11-01 18:00,14.8,,,2000
119,수원,2019-11-01 19:00,13.1,,,1943
119,수원,2019-11-01 20:00,12.2,,,2000
119,수원,2019-11-01 21:00,11.5,,,1838
119,수원,2019-11-01 22:00,10.9,,,1993
119,수원,2019-11-01 23:00,10,,,1756
119,수원,2019-11-02 00:00,8.6,,,1655
119,수원,2019-11-02 01:00,7.8,,,1487
119,수원,2019-11-02 02:00,8.3,,,1536
119,수원,2019-11-02 03:00,7.4,,,1019
119,수원,2019-11-02 04:00,6.4,,,1301
119,수원,2019-11-02 05:00,6.6,,,1377
119,수원,2019-11-02 06:00,6.9,,,1384
119,수원,2019-11-02 07:00,6.9,,,1147
119,수원,2019-11-02 08:00,8.5,,,825
119,수원,2019-11-02 09:00,12.3,,,2097
119,수원,2019-11-02 10:00,15.1,,,1678
119,수원,2019-11-02 11:00,16.2,,,934
119,수원,2019-11-02 12:00,17.8,,,1000
119,수원,2019-11-02 13:00,17.9,,,1020
119,수원,2019-11-02 14:00,18.5,,,1161
119,수원,2019-11-02 15:00,18.1,,,1188
119,수원,2019-11-02 16:00,18.2,,,1029
119,수원,2019-11-02 17:00,17.4,,,1056
119,수원,2019-11-02 18:00,15.9,,,912
119,수원,2019-11-02 19:00,14.6,,,802
119,수원,2019-11-02 20:00,13.7,,,707
119,수원,2019-11-02 21:00,13.2,,,634
119,수원,2019-11-02 22:00,12.1,,,582
119,수원,2019-11-02 23:00,11.9,,,534
119,수원,2019-11-03 00:00,11.9,,,508
119,수원,2019-11-03 01:00,11.3,,,793
119,수원,2019-11-03 02:00,10.8,,,527
119,수원,2019-11-03 03:00,10.6,,,597
119,수원,2019-11-03 04:00,9.8,,,603
119,수원,2019-11-03 05:00,9,,,562
119,수원,2019-11-03 06:00,7.8,,,386
119,수원,2019-11-03 07:00,7.9,,,344
119,수원,2019-11-03 08:00,8.5,,,403
119,수원,2019-11-03 09:00,10.7,,,422
119,수원,2019-11-03 10:00,13.9,,,669
119,수원,2019-11-03 11:00,16.2,,,774
119,수원,2019-11-03 12:00,18.3,,,620
119,수원,2019-11-03 13:00,19,,,898
119,수원,2019-11-03 14:00,19.8,,,884
119,수원,2019-11-03 15:00,19.9,,,960
119,수원,2019-11-03 16:00,20.1,,,1698
119,수원,2019-11-03 17:00,19.2,,,1990
119,수원,2019-11-03 18:00,18,,,2000
119,수원,2019-11-03 19:00,17.1,,,2000
119,수원,2019-11-03 20:00,16,,,2000
119,수원,2019-11-03 21:00,15,,,2000
119,수원,2019-11-03 22:00,13.4,,,2000
119,수원,2019-11-03 23:00,12.6,,,2000
119,수원,2019-11-04 00:00,11.5,,,2000
119,수원,2019-11-04 01:00,12.3,,,2000
119,수원,2019-11-04 02:00,11.4,,,2000
119,수원,2019-11-04 03:00,10.7,,,2000
119,수원,2019-11-04 04:00,10.8,,,1996
119,수원,2019-11-04 05:00,10.5,,,1966
119,수원,2019-11-04 06:00,10.3,,,2000
119,수원,2019-11-04 07:00,9.3,,,2000
119,수원,2019-11-04 08:00,12.1,,,1950
119,수원,2019-11-04 09:00,13.5,,,2000
119,수원,2019-11-04 10:00,14.9,,,1998
119,수원,2019-11-04 11:00,16.2,,,1998
119,수원,2019-11-04 12:00,16.8,,,2000
119,수원,2019-11-04 13:00,17.5,,,2000
119,수원,2019-11-04 14:00,18.3,,,2000
119,수원,2019-11-04 15:00,18.5,,,2000
119,수원,2019-11-04 16:00,18.8,,,2000
119,수원,2019-11-04 17:00,17.3,,,1997
119,수원,2019-11-04 18:00,14.7,,,2000
119,수원,2019-11-04 19:00,13.4,,,1990
119,수원,2019-11-04 20:00,12.5,,,1704
119,수원,2019-11-04 21:00,10.9,,,1751
119,수원,2019-11-04 22:00,10,,,1506
119,수원,2019-11-04 23:00,9.4,,,1602
119,수원,2019-11-05 00:00,8.6,,,1127
119,수원,2019-11-05 01:00,8.4,,,1128
119,수원,2019-11-05 02:00,7.6,,,1222
119,수원,2019-11-05 03:00,7.9,,,1383
119,수원,2019-11-05 04:00,7.4,,,832
119,수원,2019-11-05 05:00,6.5,,,519
119,수원,2019-11-05 06:00,6.4,,,908
119,수원,2019-11-05 07:00,6.6,,,1222
119,수원,2019-11-05 08:00,8.4,,,520
119,수원,2019-11-05 09:00,10.7,,,530
119,수원,2019-11-05 10:00,12.5,,,525
119,수원,2019-11-05 11:00,14,,,781
119,수원,2019-11-05 12:00,14.8,,,1123
119,수원,2019-11-05 13:00,16.3,,,1932
119,수원,2019-11-05 14:00,16.3,,,1953
119,수원,2019-11-05 15:00,16.3,,,1904
119,수원,2019-11-05 16:00,15.5,,,1896
119,수원,2019-11-05 17:00,14.5,,,2000
119,수원,2019-11-05 18:00,12.3,,,2000
119,수원,2019-11-05 19:00,11.5,,,1924
119,수원,2019-11-05 20:00,11.1,,,1882
119,수원,2019-11-05 21:00,9.4,,,1445
119,수원,2019-11-05 22:00,9,,,1251
119,수원,2019-11-05 23:00,8.9,,,799
119,수원,2019-11-06 00:00,8.4,,,716
119,수원,2019-11-06 01:00,7.8,,,595
119,수원,2019-11-06 02:00,6.8,,,767
119,수원,2019-11-06 03:00,6.3,,,758
119,수원,2019-11-06 04:00,5.5,,,459
119,수원,2019-11-06 05:00,4.8,,,654
119,수원,2019-11-06 06:00,4.6,,,528
119,수원,2019-11-06 07:00,4.1,,,504
119,수원,2019-11-06 08:00,6,,,715
119,수원,2019-11-06 09:00,9.2,,,543
119,수원,2019-11-06 10:00,11.7,,,692
119,수원,2019-11-06 11:00,12.6,,,992
119,수원,2019-11-06 12:00,14.3,,,1535
119,수원,2019-11-06 13:00,15.2,,,1106
119,수원,2019-11-06 14:00,16.4,,,1395
119,수원,2019-11-06 15:00,15.5,,,1900
119,수원,2019-11-06 16:00,15.6,,,1956
119,수원,2019-11-06 17:00,14.2,,,1988
119,수원,2019-11-06 18:00,12.8,,,1638
119,수원,2019-11-06 19:00,11.5,,,1170
119,수원,2019-11-06 20:00,11.1,,,1353
119,수원,2019-11-06 21:00,10.2,,,1121
119,수원,2019-11-06 22:00,9.6,,,1112
119,수원,2019-11-06 23:00,9.2,,,999
119,수원,2019-11-07 00:00,8.6,,,1050
119,수원,2019-11-07 01:00,8.1,,,1262
119,수원,2019-11-07 02:00,7.9,,,1127
119,수원,2019-11-07 03:00,7.5,,,1166
119,수원,2019-11-07 04:00,8.3,,,1847
119,수원,2019-11-07 05:00,8.1,,,1816
119,수원,2019-11-07 06:00,6.8,,,1642
119,수원,2019-11-07 07:00,6.2,,,1277
119,수원,2019-11-07 08:00,6.7,,,893
119,수원,2019-11-07 09:00,10.1,,,1558
119,수원,2019-11-07 10:00,12,,,1753
119,수원,2019-11-07 11:00,12.9,,,1857
119,수원,2019-11-07 12:00,13.3,,,1749
119,수원,2019-11-07 13:00,13.9,,,1759
119,수원,2019-11-07 14:00,12.9,,,1765
119,수원,2019-11-07 15:00,12.9,,,1851
119,수원,2019-11-07 16:00,12.2,,,1902
119,수원,2019-11-07 17:00,10.9,,,2063
119,수원,2019-11-07 18:00,8.9,,,1999
119,수원,2019-11-07 19:00,8.6,,,1926
119,수원,2019-11-07 20:00,7.5,,,2000
119,수원,2019-11-07 21:00,7,,,2000
119,수원,2019-11-07 22:00,6.5,,,2000
119,수원,2019-11-07 23:00,4.8,,,2000
119,수원,2019-11-08 00:00,4,,,2000
119,수원,2019-11-08 01:00,3.8,,,2000
119,수원,2019-11-08 02:00,2.9,,,2000
119,수원,2019-11-08 03:00,1.7,,,2000
119,수원,2019-11-08 04:00,.6,,,2000
119,수원,2019-11-08 05:00,-.7,,,2000
119,수원,2019-11-08 06:00,.1,,,1904
119,수원,2019-11-08 07:00,-.2,,,1780
119,수원,2019-11-08 08:00,1.6,,,1688
119,수원,2019-11-08 09:00,5.1,,,1793
119,수원,2019-11-08 10:00,6.6,,,1860
119,수원,2019-11-08 11:00,8.5,,,1899
119,수원,2019-11-08 12:00,10.3,,,1987
119,수원,2019-11-08 13:00,12.1,,,2000
119,수원,2019-11-08 14:00,12.6,,,2000
119,수원,2019-11-08 15:00,12.3,,,1953
119,수원,2019-11-08 16:00,11.8,,,1990
119,수원,2019-11-08 17:00,10.4,,,2000
119,수원,2019-11-08 18:00,8.7,,,1998
119,수원,2019-11-08 19:00,8.2,,,1983
119,수원,2019-11-08 20:00,7.6,,,1897
119,수원,2019-11-08 21:00,5.4,,,1793
119,수원,2019-11-08 22:00,4.6,,,1688
119,수원,2019-11-08 23:00,4.4,,,1974
119,수원,2019-11-09 00:00,3.8,,,1776
119,수원,2019-11-09 01:00,3,,,1770
119,수원,2019-11-09 02:00,1.6,,,1772
119,수원,2019-11-09 03:00,1.1,,,1516
119,수원,2019-11-09 04:00,1.6,,,1800
119,수원,2019-11-09 05:00,1.1,,,1717
119,수원,2019-11-09 06:00,.8,,,1870
119,수원,2019-11-09 07:00,.6,,,1506
119,수원,2019-11-09 08:00,3.3,,,1064
119,수원,2019-11-09 09:00,6.3,,,1229
119,수원,2019-11-09 10:00,9.7,,,1650
119,수원,2019-11-09 11:00,11.7,,,1638
119,수원,2019-11-09 12:00,13.6,,,1780
119,수원,2019-11-09 13:00,15.5,,,2007
119,수원,2019-11-09 14:00,15.9,,,2000
119,수원,2019-11-09 15:00,16.3,,,2000
119,수원,2019-11-09 16:00,15.5,,,1911
119,수원,2019-11-09 17:00,13.8,,,1995
119,수원,2019-11-09 18:00,11.7,,,2000
119,수원,2019-11-09 19:00,10.3,,,1981
119,수원,2019-11-09 20:00,9.1,,,1967
119,수원,2019-11-09 21:00,7.1,,,1941
119,수원,2019-11-09 22:00,6.8,,,1426
119,수원,2019-11-09 23:00,6,,,1424
119,수원,2019-11-10 00:00,6,,,1666
119,수원,2019-11-10 01:00,5.5,,,1470
119,수원,2019-11-10 02:00,5.6,,,1044
119,수원,2019-11-10 03:00,5.1,,,1154
119,수원,2019-11-10 04:00,4.5,,,1617
119,수원,2019-11-10 05:00,4.2,,,806
119,수원,2019-11-10 06:00,5.4,,,920
119,수원,2019-11-10 07:00,5.3,,,1240
119,수원,2019-11-10 08:00,6.1,,,1009
119,수원,2019-11-10 09:00,8.9,,,1446
119,수원,2019-11-10 10:00,9.2,,,1268
119,수원,2019-11-10 11:00,11.2,,,1519
119,수원,2019-11-10 12:00,12.1,,,1649
119,수원,2019-11-10 13:00,13,,,1701
119,수원,2019-11-10 14:00,14.6,,,1960
119,수원,2019-11-10 15:00,14.5,,,1939
119,수원,2019-11-10 16:00,14.6,,,1910
119,수원,2019-11-10 17:00,13.5,,,1888
119,수원,2019-11-10 18:00,13.4,,,1769
119,수원,2019-11-10 19:00,12.2,,,1010
119,수원,2019-11-10 20:00,9.6,,,325
119,수원,2019-11-10 21:00,9.5,16.1,,1500
119,수원,2019-11-10 22:00,9.4,0,,1300
119,수원,2019-11-10 23:00,9.4,,,1100
119,수원,2019-11-11 00:00,9.1,0,,1100
119,수원,2019-11-11 01:00,8.7,,,1100
119,수원,2019-11-11 02:00,8.6,.1,,1200
119,수원,2019-11-11 03:00,8.7,.9,,700
119,수원,2019-11-11 04:00,9,,,700
119,수원,2019-11-11 05:00,9.4,,,500
119,수원,2019-11-11 06:00,9.2,4.9,,300
119,수원,2019-11-11 07:00,9.8,,,400
119,수원,2019-11-11 08:00,10.1,,,980
119,수원,2019-11-11 09:00,11.7,,,630
119,수원,2019-11-11 10:00,13.2,,,1849
119,수원,2019-11-11 11:00,13.4,,,1926
119,수원,2019-11-11 12:00,13.9,,,1795
119,수원,2019-11-11 13:00,14.5,,,1919
119,수원,2019-11-11 14:00,15.2,,,1949
119,수원,2019-11-11 15:00,15.3,,,1976
119,수원,2019-11-11 16:00,14.6,,,1975
119,수원,2019-11-11 17:00,13.7,,,1993
119,수원,2019-11-11 18:00,12.2,,,1661
119,수원,2019-11-11 19:00,11.3,,,1669
119,수원,2019-11-11 20:00,11.3,,,1919
119,수원,2019-11-11 21:00,10.3,,,1895
119,수원,2019-11-11 22:00,10,,,1630
119,수원,2019-11-11 23:00,8.9,,,1827
119,수원,2019-11-12 00:00,8.4,,,1485
119,수원,2019-11-12 01:00,6.7,,,1161
119,수원,2019-11-12 02:00,5.5,,,1083
119,수원,2019-11-12 03:00,4.3,,,718
119,수원,2019-11-12 04:00,4.5,,,861
119,수원,2019-11-12 05:00,3.4,,,732
119,수원,2019-11-12 06:00,3.4,,,685
119,수원,2019-11-12 07:00,4,,,754
119,수원,2019-11-12 08:00,5.6,,,667
119,수원,2019-11-12 09:00,8.9,,,763
119,수원,2019-11-12 10:00,9.8,,,1214
119,수원,2019-11-12 11:00,11.7,,,1344
119,수원,2019-11-12 12:00,13.1,,,1981
119,수원,2019-11-12 13:00,14.2,,,1987
119,수원,2019-11-12 14:00,14.7,,,2000
119,수원,2019-11-12 15:00,14.4,,,1987
119,수원,2019-11-12 16:00,14.7,,,1929
119,수원,2019-11-12 17:00,13.7,,,2007
119,수원,2019-11-12 18:00,11.6,,,1739
119,수원,2019-11-12 19:00,9.4,,,1834
119,수원,2019-11-12 20:00,8.6,,,1112
119,수원,2019-11-12 21:00,7.3,,,1083
119,수원,2019-11-12 22:00,6.9,,,1106
119,수원,2019-11-12 23:00,5.8,,,949
119,수원,2019-11-13 00:00,5.9,,,935
119,수원,2019-11-13 01:00,5.9,,,740
119,수원,2019-11-13 02:00,5.4,,,1548
119,수원,2019-11-13 03:00,5.6,,,638
119,수원,2019-11-13 04:00,6,,,792
119,수원,2019-11-13 05:00,5.8,,,610
119,수원,2019-11-13 06:00,5.2,,,651
119,수원,2019-11-13 07:00,6.4,,,666
119,수원,2019-11-13 08:00,7.1,,,828
119,수원,2019-11-13 09:00,7.9,,,564
119,수원,2019-11-13 10:00,8.2,,,533
119,수원,2019-11-13 11:00,9.1,,,1042
119,수원,2019-11-13 12:00,8.7,.4,,748
119,수원,2019-11-13 13:00,8.8,,,746
119,수원,2019-11-13 14:00,9.5,,,515
119,수원,2019-11-13 15:00,10,.7,,457
119,수원,2019-11-13 16:00,12.1,,,375
119,수원,2019-11-13 17:00,11.3,,,1401
119,수원,2019-11-13 18:00,9.2,4.6,,2000
119,수원,2019-11-13 19:00,8.4,,,2000
119,수원,2019-11-13 20:00,7.9,,,2000
119,수원,2019-11-13 21:00,7.3,,,2000
119,수원,2019-11-13 22:00,5.8,,,1996
119,수원,2019-11-13 23:00,4.9,,,2000
119,수원,2019-11-14 00:00,4.1,,,2000
119,수원,2019-11-14 01:00,3.9,,,2000
119,수원,2019-11-14 02:00,2.7,,,2000
119,수원,2019-11-14 03:00,1.5,,,2000
119,수원,2019-11-14 04:00,.9,,,2000
119,수원,2019-11-14 05:00,.1,,,1953
119,수원,2019-11-14 06:00,-.5,,,2000
119,수원,2019-11-14 07:00,-1.1,,,2000
119,수원,2019-11-14 08:00,-.5,,,2000
119,수원,2019-11-14 09:00,.4,,,2000
119,수원,2019-11-14 10:00,1.5,,,1989
119,수원,2019-11-14 11:00,2.2,,,2000
119,수원,2019-11-14 12:00,2.9,,,2000
119,수원,2019-11-14 13:00,4.1,,,2000
119,수원,2019-11-14 14:00,4.5,,,1989
119,수원,2019-11-14 15:00,4.9,,,2000
119,수원,2019-11-14 16:00,4.6,,,2000
119,수원,2019-11-14 17:00,4.3,,,2000
119,수원,2019-11-14 18:00,3.4,,,1996
119,수원,2019-11-14 19:00,2.8,,,2000
119,수원,2019-11-14 20:00,2.1,,,2000
119,수원,2019-11-14 21:00,1.5,,,2000
119,수원,2019-11-14 22:00,.7,,,1996
119,수원,2019-11-14 23:00,.2,,,2005
119,수원,2019-11-15 00:00,.7,,,1924
119,수원,2019-11-15 01:00,.5,,,1989
119,수원,2019-11-15 02:00,1.5,,,2000
119,수원,2019-11-15 03:00,2.8,0,,2000
119,수원,2019-11-15 04:00,2.2,,,2000
119,수원,2019-11-15 05:00,3.5,,,1998
119,수원,2019-11-15 06:00,4.7,0,,2000
119,수원,2019-11-15 07:00,4.5,,,2000
119,수원,2019-11-15 08:00,4.3,,,1997
119,수원,2019-11-15 09:00,4.4,4.6,,886
119,수원,2019-11-15 10:00,5.8,,,1811
119,수원,2019-11-15 11:00,7.4,,,1965
119,수원,2019-11-15 12:00,7.3,2.6,,2093
119,수원,2019-11-15 13:00,8.5,,,1133
119,수원,2019-11-15 14:00,9.9,,,1806
119,수원,2019-11-15 15:00,10.7,.5,,1675
119,수원,2019-11-15 16:00,10.8,,,1435
119,수원,2019-11-15 17:00,10.1,,,608
119,수원,2019-11-15 18:00,9.8,1.7,,965
119,수원,2019-11-15 19:00,9,,,712
119,수원,2019-11-15 20:00,8.7,,,694
119,수원,2019-11-15 21:00,8.5,0,,990
119,수원,2019-11-15 22:00,8.2,,,591
119,수원,2019-11-15 23:00,8.2,,,1039
119,수원,2019-11-16 00:00,7.8,.7,,512
119,수원,2019-11-16 01:00,7.3,,,449
119,수원,2019-11-16 02:00,6.8,,,558
119,수원,2019-11-16 03:00,5.9,,,415
119,수원,2019-11-16 04:00,5.1,,,37
119,수원,2019-11-16 05:00,6,,,80
119,수원,2019-11-16 06:00,6.2,,,77
119,수원,2019-11-16 07:00,6.2,,,78
119,수원,2019-11-16 08:00,6.4,,,95
119,수원,2019-11-16 09:00,7.4,,,90
119,수원,2019-11-16 10:00,7.8,,,430
119,수원,2019-11-16 11:00,8.5,,,440
119,수원,2019-11-16 12:00,9.1,,,700
119,수원,2019-11-16 13:00,11.3,,,1120
119,수원,2019-11-16 14:00,12.9,,,1122
119,수원,2019-11-16 15:00,13.8,,,1286
119,수원,2019-11-16 16:00,14.1,,,1877
119,수원,2019-11-16 17:00,12.5,,,2000
119,수원,2019-11-16 18:00,9.7,,,1964
119,수원,2019-11-16 19:00,8,,,1332
119,수원,2019-11-16 20:00,6.9,,,1162
119,수원,2019-11-16 21:00,6.2,,,942
119,수원,2019-11-16 22:00,5.6,,,770
119,수원,2019-11-16 23:00,4.7,,,587
119,수원,2019-11-17 00:00,4.2,,,723
119,수원,2019-11-17 01:00,4,,,514
119,수원,2019-11-17 02:00,4.5,,,747
119,수원,2019-11-17 03:00,5.2,,,1087
119,수원,2019-11-17 04:00,5.7,,,1070
119,수원,2019-11-17 05:00,6.1,,,1420
119,수원,2019-11-17 06:00,7.9,,,1298
119,수원,2019-11-17 07:00,8.7,,,1298
119,수원,2019-11-17 08:00,8.9,,,1215
119,수원,2019-11-17 09:00,9.5,0,,1625
119,수원,2019-11-17 10:00,10.5,0,,1824
119,수원,2019-11-17 11:00,9.4,,,1123
119,수원,2019-11-17 12:00,8.8,4.2,,869
119,수원,2019-11-17 13:00,8.7,,,339
119,수원,2019-11-17 14:00,9.5,,,686
119,수원,2019-11-17 15:00,9.3,18.3,,638
119,수원,2019-11-17 16:00,9.7,,,992
119,수원,2019-11-17 17:00,9.9,,,688
119,수원,2019-11-17 18:00,9.9,6.7,,699
119,수원,2019-11-17 19:00,10.1,,,259
119,수원,2019-11-17 20:00,10.4,,,481
119,수원,2019-11-17 21:00,10.7,11.8,,307
119,수원,2019-11-17 22:00,11.1,,,552
119,수원,2019-11-17 23:00,11.9,,,534
119,수원,2019-11-18 00:00,12.4,.6,,244
119,수원,2019-11-18 01:00,13.7,,,1570
119,수원,2019-11-18 02:00,13,,,932
119,수원,2019-11-18 03:00,11.5,7,,900
119,수원,2019-11-18 04:00,10.7,,,1570
119,수원,2019-11-18 05:00,10.5,,,1996
119,수원,2019-11-18 06:00,9.3,3.6,,2000
119,수원,2019-11-18 07:00,7.6,,,2000
119,수원,2019-11-18 08:00,6.6,,,2000
119,수원,2019-11-18 09:00,5.7,,,1994
119,수원,2019-11-18 10:00,5.6,,,1901
119,수원,2019-11-18 11:00,5.7,,,1331
119,수원,2019-11-18 12:00,5.7,,,1599
119,수원,2019-11-18 13:00,6,,,1398
119,수원,2019-11-18 14:00,5.7,,,1424
119,수원,2019-11-18 15:00,5.2,,,1355
119,수원,2019-11-18 16:00,4.5,,,1462
119,수원,2019-11-18 17:00,3.9,,,1766
119,수원,2019-11-18 18:00,3,,,1954
119,수원,2019-11-18 19:00,2.7,,,2000
119,수원,2019-11-18 20:00,2.4,,,2000
119,수원,2019-11-18 21:00,1.8,,,2000
119,수원,2019-11-18 22:00,2,,,2000
119,수원,2019-11-18 23:00,1.5,,,2000
119,수원,2019-11-19 00:00,1.1,0,,924
119,수원,2019-11-19 01:00,.7,,,2000
119,수원,2019-11-19 02:00,1.2,,,1999
119,수원,2019-11-19 03:00,1.5,0,,2000
119,수원,2019-11-19 04:00,-.3,,,1996
119,수원,2019-11-19 05:00,-.7,,,2000
119,수원,2019-11-19 06:00,-1.1,,,2000
119,수원,2019-11-19 07:00,-1.5,,,2000
119,수원,2019-11-19 08:00,-1.4,,,2000
119,수원,2019-11-19 09:00,.3,,,1998
119,수원,2019-11-19 10:00,1,,,1964
119,수원,2019-11-19 11:00,2.9,,,1995
119,수원,2019-11-19 12:00,4.2,,,1994
119,수원,2019-11-19 13:00,4.7,,,1995
119,수원,2019-11-19 14:00,4.5,,,2000
119,수원,2019-11-19 15:00,4.5,,,2000
119,수원,2019-11-19 16:00,3.7,,,2000
119,수원,2019-11-19 17:00,3.4,,,2000
119,수원,2019-11-19 18:00,2.1,,,2000
119,수원,2019-11-19 19:00,1.2,,,2004
119,수원,2019-11-19 20:00,1.5,,,2000
119,수원,2019-11-19 21:00,.9,,,2000
119,수원,2019-11-19 22:00,.8,,,2000
119,수원,2019-11-19 23:00,.4,,,2000
119,수원,2019-11-20 00:00,-.2,,,2000
119,수원,2019-11-20 01:00,-1,,,2000
119,수원,2019-11-20 02:00,-.5,,,2000
119,수원,2019-11-20 03:00,-2.2,,,1953
119,수원,2019-11-20 04:00,-3.1,,,2000
119,수원,2019-11-20 05:00,-2.9,,,1776
119,수원,2019-11-20 06:00,-3.4,,,1995
119,수원,2019-11-20 07:00,-3.2,,,2012
119,수원,2019-11-20 08:00,-2.6,,,1847
119,수원,2019-11-20 09:00,-.4,,,1975
119,수원,2019-11-20 10:00,.7,,,2000
119,수원,2019-11-20 11:00,1.8,,,1983
119,수원,2019-11-20 12:00,3.8,,,2000
119,수원,2019-11-20 13:00,5.1,,,1991
119,수원,2019-11-20 14:00,6.1,,,2000
119,수원,2019-11-20 15:00,6,,,2000
119,수원,2019-11-20 16:00,6,,,2000
119,수원,2019-11-20 17:00,4.9,,,2000
119,수원,2019-11-20 18:00,3.1,,,2000
119,수원,2019-11-20 19:00,2.5,,,2000
119,수원,2019-11-20 20:00,.9,,,1960
119,수원,2019-11-20 21:00,-.2,,,1847
119,수원,2019-11-20 22:00,-1,,,1983
119,수원,2019-11-20 23:00,-1.4,,,2027
119,수원,2019-11-21 00:00,-1.8,,,1868
119,수원,2019-11-21 01:00,-1.5,,,2016
119,수원,2019-11-21 02:00,-2.4,,,1919
119,수원,2019-11-21 03:00,-2,,,1851
119,수원,2019-11-21 04:00,-2.1,,,1914
119,수원,2019-11-21 05:00,-2.6,,,1872
119,수원,2019-11-21 06:00,-3,,,1916
119,수원,2019-11-21 07:00,-2.3,,,1695
119,수원,2019-11-21 08:00,-1.5,,,1727
119,수원,2019-11-21 09:00,1.7,,,1907
119,수원,2019-11-21 10:00,4.5,,,1905
119,수원,2019-11-21 11:00,6.2,,,2000
119,수원,2019-11-21 12:00,7.9,,,2000
119,수원,2019-11-21 13:00,8.3,,,1998
119,수원,2019-11-21 14:00,9.2,,,1999
119,수원,2019-11-21 15:00,9.5,,,1974
119,수원,2019-11-21 16:00,9.5,,,1904
119,수원,2019-11-21 17:00,8.9,,,2000
119,수원,2019-11-21 18:00,8.6,,,1987
119,수원,2019-11-21 19:00,8,,,1937
119,수원,2019-11-21 20:00,7.5,,,2004
119,수원,2019-11-21 21:00,7.7,,,1980
119,수원,2019-11-21 22:00,7.4,,,2023
119,수원,2019-11-21 23:00,7.8,,,2000
119,수원,2019-11-22 00:00,7.9,,,1990
119,수원,2019-11-22 01:00,7.7,,,2021
119,수원,2019-11-22 02:00,8.1,,,2000
119,수원,2019-11-22 03:00,6.2,,,1995
119,수원,2019-11-22 04:00,4.8,,,2071
119,수원,2019-11-22 05:00,3,,,1855
119,수원,2019-11-22 06:00,3.9,,,1460
119,수원,2019-11-22 07:00,3,,,1430
119,수원,2019-11-22 08:00,4.2,,,1075
119,수원,2019-11-22 09:00,6.5,,,1434
119,수원,2019-11-22 10:00,10.7,,,1876
119,수원,2019-11-22 11:00,13,,,1834
119,수원,2019-11-22 12:00,14.6,,,1943
119,수원,2019-11-22 13:00,15.5,,,1886
119,수원,2019-11-22 14:00,16,,,1970
119,수원,2019-11-22 15:00,16.2,,,1994
119,수원,2019-11-22 16:00,16.3,,,2000
119,수원,2019-11-22 17:00,15,,,2000
119,수원,2019-11-22 18:00,12.7,,,1908
119,수원,2019-11-22 19:00,11.6,,,1950
119,수원,2019-11-22 20:00,10.2,,,1647
119,수원,2019-11-22 21:00,10,,,1610
119,수원,2019-11-22 22:00,8.4,,,1782
119,수원,2019-11-22 23:00,7.8,,,1359
119,수원,2019-11-23 00:00,8,,,1523
119,수원,2019-11-23 01:00,7.8,,,1750
119,수원,2019-11-23 02:00,8.1,,,1884
119,수원,2019-11-23 03:00,7.5,,,1550
119,수원,2019-11-23 04:00,8.1,,,1922
119,수원,2019-11-23 05:00,7.4,,,1943
119,수원,2019-11-23 06:00,7.4,,,675
119,수원,2019-11-23 07:00,7.8,,,2034
119,수원,2019-11-23 08:00,8.6,,,1900
119,수원,2019-11-23 09:00,11.5,,,1998
119,수원,2019-11-23 10:00,13.4,,,2035
119,수원,2019-11-23 11:00,14.5,,,1973
119,수원,2019-11-23 12:00,15.2,,,2000
119,수원,2019-11-23 13:00,15.9,,,2000
119,수원,2019-11-23 14:00,16.5,,,1994
119,수원,2019-11-23 15:00,16.6,,,1996
119,수원,2019-11-23 16:00,17.9,,,2000
119,수원,2019-11-23 17:00,15.4,,,2000
119,수원,2019-11-23 18:00,14.2,,,2000
119,수원,2019-11-23 19:00,13.1,,,1986
119,수원,2019-11-23 20:00,12,,,2000
119,수원,2019-11-23 21:00,12.5,0,,2042
119,수원,2019-11-23 22:00,12,,,2013
119,수원,2019-11-23 23:00,11,,,1724
119,수원,2019-11-24 00:00,9.5,,,1605
119,수원,2019-11-24 01:00,8.6,,,1887
119,수원,2019-11-24 02:00,7.8,,,1597
119,수원,2019-11-24 03:00,7.8,,,1815
119,수원,2019-11-24 04:00,7.5,,,1838
119,수원,2019-11-24 05:00,7.1,,,1219
119,수원,2019-11-24 06:00,7,,,1006
119,수원,2019-11-24 07:00,6.9,,,828
119,수원,2019-11-24 08:00,7.5,,,810
119,수원,2019-11-24 09:00,9.4,,,1048
119,수원,2019-11-24 10:00,13.4,,,1455
119,수원,2019-11-24 11:00,15,,,1712
119,수원,2019-11-24 12:00,17.1,,,1634
119,수원,2019-11-24 13:00,17.4,,,1537
119,수원,2019-11-24 14:00,16.1,,,1056
119,수원,2019-11-24 15:00,14.8,.5,,778
119,수원,2019-11-24 16:00,13.8,,,294
119,수원,2019-11-24 17:00,11.3,,,447
119,수원,2019-11-24 18:00,10.4,2.8,,2000
119,수원,2019-11-24 19:00,9.6,,,2000
119,수원,2019-11-24 20:00,9.1,,,2000
119,수원,2019-11-24 21:00,8.7,0,,2000
119,수원,2019-11-24 22:00,7.9,,,2000
119,수원,2019-11-24 23:00,6.6,,,2000
119,수원,2019-11-25 00:00,5.6,,,2000
119,수원,2019-11-25 01:00,4.4,,,2000
119,수원,2019-11-25 02:00,3.5,,,2000
119,수원,2019-11-25 03:00,2,,,2000
119,수원,2019-11-25 04:00,.8,,,2000
119,수원,2019-11-25 05:00,.1,,,2000
119,수원,2019-11-25 06:00,-.6,,,2000
119,수원,2019-11-25 07:00,-1,,,2000
119,수원,2019-11-25 08:00,-1.1,,,1994
119,수원,2019-11-25 09:00,-.4,,,1996
119,수원,2019-11-25 10:00,.2,,,1960
119,수원,2019-11-25 11:00,1.5,,,1905
119,수원,2019-11-25 12:00,3,,,2031
119,수원,2019-11-25 13:00,4.3,,,1982
119,수원,2019-11-25 14:00,4.5,,,1909
119,수원,2019-11-25 15:00,4.9,,,1761
119,수원,2019-11-25 16:00,5,,,1711
119,수원,2019-11-25 17:00,4.2,,,1702
119,수원,2019-11-25 18:00,3.7,,,1765
119,수원,2019-11-25 19:00,2.9,,,1663
119,수원,2019-11-25 20:00,2.2,,,1111
119,수원,2019-11-25 21:00,1.5,,,1091
119,수원,2019-11-25 22:00,1.2,,,1292
119,수원,2019-11-25 23:00,.6,,,1208
119,수원,2019-11-26 00:00,0,,,1031
119,수원,2019-11-26 01:00,-.1,,,958
119,수원,2019-11-26 02:00,-.8,,,638
119,수원,2019-11-26 03:00,-.5,,,782
119,수원,2019-11-26 04:00,-.2,,,702
119,수원,2019-11-26 05:00,-.1,,,745
119,수원,2019-11-26 06:00,.6,,,724
119,수원,2019-11-26 07:00,-.2,,,656
119,수원,2019-11-26 08:00,1.2,,,807
119,수원,2019-11-26 09:00,4.3,,,1141
119,수원,2019-11-26 10:00,7.4,,,1951
119,수원,2019-11-26 11:00,9.8,,,1986
119,수원,2019-11-26 12:00,11,,,1996
119,수원,2019-11-26 13:00,12.2,,,1999
119,수원,2019-11-26 14:00,12.8,,,1988
119,수원,2019-11-26 15:00,13,,,2000
119,수원,2019-11-26 16:00,11.9,,,1946
119,수원,2019-11-26 17:00,9.7,,,1793
119,수원,2019-11-26 18:00,8.5,,,1431
119,수원,2019-11-26 19:00,8.4,,,1475
119,수원,2019-11-26 20:00,7.9,,,1652
119,수원,2019-11-26 21:00,7.1,,,1245
119,수원,2019-11-26 22:00,7.4,,,1184
119,수원,2019-11-26 23:00,7.3,,,1186
119,수원,2019-11-27 00:00,6.9,,,1160
119,수원,2019-11-27 01:00,6.6,,,1579
119,수원,2019-11-27 02:00,5.7,,,1697
119,수원,2019-11-27 03:00,4.5,,,1599
119,수원,2019-11-27 04:00,2.9,,,1450
119,수원,2019-11-27 05:00,2.3,,,1452
119,수원,2019-11-27 06:00,2.1,,,1859
119,수원,2019-11-27 07:00,2,,,1979
119,수원,2019-11-27 08:00,1.8,,,1587
119,수원,2019-11-27 09:00,3.1,,,1890
119,수원,2019-11-27 10:00,4.2,,,1851
119,수원,2019-11-27 11:00,4.8,,,1873
119,수원,2019-11-27 12:00,6.4,,,1753
119,수원,2019-11-27 13:00,6.4,,,1815
119,수원,2019-11-27 14:00,6.4,,,1856
119,수원,2019-11-27 15:00,6.1,,,1899
119,수원,2019-11-27 16:00,5.6,,,1976
119,수원,2019-11-27 17:00,4.8,,,1786
119,수원,2019-11-27 18:00,4,,,1708
119,수원,2019-11-27 19:00,3.3,,,1893
119,수원,2019-11-27 20:00,2.6,,,1776
119,수원,2019-11-27 21:00,2,,,1726
119,수원,2019-11-27 22:00,1.4,,,1697
119,수원,2019-11-27 23:00,.7,,,1689
119,수원,2019-11-28 00:00,.3,,,1651
119,수원,2019-11-28 01:00,.1,,,1655
119,수원,2019-11-28 02:00,-.5,,,1732
119,수원,2019-11-28 03:00,-.8,,,1990
119,수원,2019-11-28 04:00,-1.1,,,1424
119,수원,2019-11-28 05:00,-.4,,,1755
119,수원,2019-11-28 06:00,.2,,,1896
119,수원,2019-11-28 07:00,-.2,,,1722
119,수원,2019-11-28 08:00,.4,,,1669
119,수원,2019-11-28 09:00,2.5,,,1363
119,수원,2019-11-28 10:00,4.8,,,1789
119,수원,2019-11-28 11:00,5.9,,,1541
119,수원,2019-11-28 12:00,8.2,,,1906
119,수원,2019-11-28 13:00,9.6,,,1985
119,수원,2019-11-28 14:00,10.3,,,2058
119,수원,2019-11-28 15:00,9.8,,,1782
119,수원,2019-11-28 16:00,8.9,,,1952
119,수원,2019-11-28 17:00,7.4,,,2000
119,수원,2019-11-28 18:00,6.2,,,2000
119,수원,2019-11-28 19:00,5.3,,,1990
119,수원,2019-11-28 20:00,4.1,,,1986
119,수원,2019-11-28 21:00,3.2,,,2035
119,수원,2019-11-28 22:00,2.1,,,1976
119,수원,2019-11-28 23:00,1.9,,,2000
119,수원,2019-11-29 00:00,.9,,,1963
119,수원,2019-11-29 01:00,-.2,,,1988
119,수원,2019-11-29 02:00,-.3,,,1931
119,수원,2019-11-29 03:00,-1.1,,,1860
119,수원,2019-11-29 04:00,-1.2,,,1853
119,수원,2019-11-29 05:00,-1.6,,,1991
119,수원,2019-11-29 06:00,-1.8,,,1822
119,수원,2019-11-29 07:00,-2.7,,,1925
119,수원,2019-11-29 08:00,-1.8,,,1655
119,수원,2019-11-29 09:00,0,,,1295
119,수원,2019-11-29 10:00,1.8,,,1376
119,수원,2019-11-29 11:00,3.8,,,1997
119,수원,2019-11-29 12:00,5.7,,,1768
119,수원,2019-11-29 13:00,6.5,,,2000
119,수원,2019-11-29 14:00,7.1,,,1954
119,수원,2019-11-29 15:00,7.8,,,2000
119,수원,2019-11-29 16:00,7.5,,,2000
119,수원,2019-11-29 17:00,6,,,2000
119,수원,2019-11-29 18:00,3.7,,,2000
119,수원,2019-11-29 19:00,2.7,,,2000
119,수원,2019-11-29 20:00,1.4,,,1965
119,수원,2019-11-29 21:00,1.1,,,1905
119,수원,2019-11-29 22:00,.2,,,1687
119,수원,2019-11-29 23:00,-.7,,,1669
119,수원,2019-11-30 00:00,-.4,,,1878
119,수원,2019-11-30 01:00,-1,,,1936
119,수원,2019-11-30 02:00,-1.1,,,1781
119,수원,2019-11-30 03:00,-1.7,,,1687
119,수원,2019-11-30 04:00,-1.7,,,1821
119,수원,2019-11-30 05:00,-1.9,,,1770
119,수원,2019-11-30 06:00,-2.9,,,1467
119,수원,2019-11-30 07:00,-3,,,1369
119,수원,2019-11-30 08:00,-2.2,,,1084
119,수원,2019-11-30 09:00,1.2,,,1117
119,수원,2019-11-30 10:00,5,,,1532
119,수원,2019-11-30 11:00,6,,,1656
119,수원,2019-11-30 12:00,7.5,,,1435
119,수원,2019-11-30 13:00,9,,,1804
119,수원,2019-11-30 14:00,9.4,,,1920
119,수원,2019-11-30 15:00,9.2,,,1974
119,수원,2019-11-30 16:00,8.9,,,2009
119,수원,2019-11-30 17:00,7.8,,,1993
119,수원,2019-11-30 18:00,7,,,1919
119,수원,2019-11-30 19:00,6.5,,,1802
119,수원,2019-11-30 20:00,6.3,,,1453
119,수원,2019-11-30 21:00,5.9,,,1461
119,수원,2019-11-30 22:00,5.2,,,1152
119,수원,2019-11-30 23:00,5.1,,,1234
119,수원,2019-12-01 00:00,5.4,,,1290
119,수원,2019-12-01 01:00,5.1,,,1134
119,수원,2019-12-01 02:00,5,,,1183
119,수원,2019-12-01 03:00,4.6,0,,1000
119,수원,2019-12-01 04:00,4.7,,,1029
119,수원,2019-12-01 05:00,4.7,,,1153
119,수원,2019-12-01 06:00,5,,,1168
119,수원,2019-12-01 07:00,5.4,,,1207
119,수원,2019-12-01 08:00,5.2,,,888
119,수원,2019-12-01 09:00,6,0,,1309
119,수원,2019-12-01 10:00,6.1,,,1078
119,수원,2019-12-01 11:00,6.4,,,800
119,수원,2019-12-01 12:00,6.6,.5,,800
119,수원,2019-12-01 13:00,6.6,,,664
119,수원,2019-12-01 14:00,6.7,,,705
119,수원,2019-12-01 15:00,6.7,1.7,,422
119,수원,2019-12-01 16:00,6.5,,,280
119,수원,2019-12-01 17:00,6.3,,,300
119,수원,2019-12-01 18:00,5.7,1.2,,691
119,수원,2019-12-01 19:00,5.3,,,608
119,수원,2019-12-01 20:00,5.1,,,548
119,수원,2019-12-01 21:00,4.6,.3,,448
119,수원,2019-12-01 22:00,3.8,,,348
119,수원,2019-12-01 23:00,3.8,,,845
119,수원,2019-12-02 00:00,3.4,.4,,783
119,수원,2019-12-02 01:00,2.3,,,1714
119,수원,2019-12-02 02:00,2.2,,,1220
119,수원,2019-12-02 03:00,1.9,,,1880
119,수원,2019-12-02 04:00,1.5,,,1998
119,수원,2019-12-02 05:00,.7,,,2000
119,수원,2019-12-02 06:00,.6,,,1931
119,수원,2019-12-02 07:00,.3,,,1756
119,수원,2019-12-02 08:00,.6,,,1952
119,수원,2019-12-02 09:00,1.4,,,1998
119,수원,2019-12-02 10:00,2.3,,,1964
119,수원,2019-12-02 11:00,2.7,,,2000
119,수원,2019-12-02 12:00,3.2,,,1970
119,수원,2019-12-02 13:00,3.9,,,2000
119,수원,2019-12-02 14:00,3,,,1955
119,수원,2019-12-02 15:00,2.3,,,1946
119,수원,2019-12-02 16:00,2.1,,,1970
119,수원,2019-12-02 17:00,1.1,,,2000
119,수원,2019-12-02 18:00,.6,,,2000
119,수원,2019-12-02 19:00,.2,,,2000
119,수원,2019-12-02 20:00,-.9,,,2000
119,수원,2019-12-02 21:00,-1.5,,,1996
119,수원,2019-12-02 22:00,-1.3,,,2000
119,수원,2019-12-02 23:00,-1.1,,,2000
119,수원,2019-12-03 00:00,-1.6,,,2000
119,수원,2019-12-03 01:00,-2.2,,,2000
119,수원,2019-12-03 02:00,-3.2,,,2000
119,수원,2019-12-03 03:00,-3.7,,,2000
119,수원,2019-12-03 04:00,-4.2,,,2000
119,수원,2019-12-03 05:00,-3.6,,,1686
119,수원,2019-12-03 06:00,-4.1,,,1994
119,수원,2019-12-03 07:00,-3.7,,,1880
119,수원,2019-12-03 08:00,-3.1,,,1778
119,수원,2019-12-03 09:00,-1.4,,,1596
119,수원,2019-12-03 10:00,.5,,,1981
119,수원,2019-12-03 11:00,.2,,,464
119,수원,2019-12-03 12:00,-.3,.6,,985
119,수원,2019-12-03 13:00,0,,.5,950
119,수원,2019-12-03 14:00,1.2,,,646
119,수원,2019-12-03 15:00,1.7,.6,,498
119,수원,2019-12-03 16:00,1.9,,,591
119,수원,2019-12-03 17:00,2,,,745
119,수원,2019-12-03 18:00,2.4,0,,792
119,수원,2019-12-03 19:00,2.6,,,1149
119,수원,2019-12-03 20:00,2.5,,,824
119,수원,2019-12-03 21:00,2.3,0,,684
119,수원,2019-12-03 22:00,2.5,,,743
119,수원,2019-12-03 23:00,2.4,,,570
119,수원,2019-12-04 00:00,2.6,0,,675
119,수원,2019-12-04 01:00,2.4,,,334
119,수원,2019-12-04 02:00,1.9,,,400
119,수원,2019-12-04 03:00,1.5,2.6,,587
119,수원,2019-12-04 04:00,.3,,,271
119,수원,2019-12-04 05:00,-.5,,,601
119,수원,2019-12-04 06:00,-1.4,,,635
119,수원,2019-12-04 07:00,-1.2,,,768
119,수원,2019-12-04 08:00,-1.5,,,652
119,수원,2019-12-04 09:00,.3,,,980
119,수원,2019-12-04 10:00,2.3,,,1475
119,수원,2019-12-04 11:00,4,,,1978
119,수원,2019-12-04 12:00,4.4,,,1996
119,수원,2019-12-04 13:00,6.1,,,1999
119,수원,2019-12-04 14:00,7.2,,,2000
119,수원,2019-12-04 15:00,7.6,,,1947
119,수원,2019-12-04 16:00,7.6,,,2000
119,수원,2019-12-04 17:00,6.5,,,1955
119,수원,2019-12-04 18:00,4.9,,,2000
119,수원,2019-12-04 19:00,3.9,,,2003
119,수원,2019-12-04 20:00,3.2,,,1998
119,수원,2019-12-04 21:00,2.3,,,1979
119,수원,2019-12-04 22:00,2.7,,,2000
119,수원,2019-12-04 23:00,2.3,,,2000
119,수원,2019-12-05 00:00,1.3,,,2000
119,수원,2019-12-05 01:00,.1,,,2000
119,수원,2019-12-05 02:00,-.9,,,1941
119,수원,2019-12-05 03:00,-1.2,,,1982
119,수원,2019-12-05 04:00,-2.2,,,2000
119,수원,2019-12-05 05:00,-3.1,,,1986
119,수원,2019-12-05 06:00,-3,,,2000
119,수원,2019-12-05 07:00,-3.5,,,1996
119,수원,2019-12-05 08:00,-3.5,,,2000
119,수원,2019-12-05 09:00,-2.8,,,2000
119,수원,2019-12-05 10:00,-2.1,,,2000
119,수원,2019-12-05 11:00,-.9,,,1999
119,수원,2019-12-05 12:00,.3,,,2000
119,수원,2019-12-05 13:00,-.3,,,2000
119,수원,2019-12-05 14:00,-1.1,,,1983
119,수원,2019-12-05 15:00,-.9,,,2000
119,수원,2019-12-05 16:00,-2,,,2000
119,수원,2019-12-05 17:00,-3.2,,,2000
119,수원,2019-12-05 18:00,-3.9,,,2000
119,수원,2019-12-05 19:00,-4.5,,,2000
119,수원,2019-12-05 20:00,-5.4,,,2000
119,수원,2019-12-05 21:00,-6.2,,,2000
119,수원,2019-12-05 22:00,-7,,,2000
119,수원,2019-12-05 23:00,-7.4,,,2000
119,수원,2019-12-06 00:00,-7.8,,,2000
119,수원,2019-12-06 01:00,-8.3,,,2000
119,수원,2019-12-06 02:00,-8.7,,,2000
119,수원,2019-12-06 03:00,-8.6,,,2000
119,수원,2019-12-06 04:00,-9.4,,,2000
119,수원,2019-12-06 05:00,-10.2,,,2000
119,수원,2019-12-06 06:00,-10.4,,,1822
119,수원,2019-12-06 07:00,-10.5,,,1993
119,수원,2019-12-06 08:00,-9.9,,,1745
119,수원,2019-12-06 09:00,-7.5,,,1886
119,수원,2019-12-06 10:00,-5.9,,,1993
119,수원,2019-12-06 11:00,-4.9,,,1974
119,수원,2019-12-06 12:00,-3.2,,,1993
119,수원,2019-12-06 13:00,-2.1,,,1988
119,수원,2019-12-06 14:00,-1.4,,,1956
119,수원,2019-12-06 15:00,-.9,,,1964
119,수원,2019-12-06 16:00,-.8,,,2002
119,수원,2019-12-06 17:00,-1.8,,,1996
119,수원,2019-12-06 18:00,-2.8,,,2000
119,수원,2019-12-06 19:00,-3.4,,,2000
119,수원,2019-12-06 20:00,-3.5,,,2000
119,수원,2019-12-06 21:00,-4.9,,,2000
119,수원,2019-12-06 22:00,-5.5,,,1855
119,수원,2019-12-06 23:00,-5.9,,,1998
119,수원,2019-12-07 00:00,-6.2,,,1996
119,수원,2019-12-07 01:00,-6,,,1732
119,수원,2019-12-07 02:00,-5.8,,,1692
119,수원,2019-12-07 03:00,-5.9,,,1779
119,수원,2019-12-07 04:00,-5.2,,,1759
119,수원,2019-12-07 05:00,-5.1,,,1806
119,수원,2019-12-07 06:00,-4.3,,,1985
119,수원,2019-12-07 07:00,-4.1,,,1620
119,수원,2019-12-07 08:00,-3.7,,,1606
119,수원,2019-12-07 09:00,-2.5,,,2127
119,수원,2019-12-07 10:00,-1.4,,,1844
119,수원,2019-12-07 11:00,-.4,,,1595
119,수원,2019-12-07 12:00,.4,,,1748
119,수원,2019-12-07 13:00,0,,0,1024
119,수원,2019-12-07 14:00,1.1,,0,1534
119,수원,2019-12-07 15:00,2.1,0,,1425
119,수원,2019-12-07 16:00,2.7,,,1368
119,수원,2019-12-07 17:00,2,,,1366
119,수원,2019-12-07 18:00,.7,,,1006
119,수원,2019-12-07 19:00,0,,,1021
119,수원,2019-12-07 20:00,-.9,,,804
119,수원,2019-12-07 21:00,-1.4,,,847
119,수원,2019-12-07 22:00,-1.5,,,757
119,수원,2019-12-07 23:00,-1.6,,,611
119,수원,2019-12-08 00:00,-2.6,,,593
119,수원,2019-12-08 01:00,-3.3,,,753
119,수원,2019-12-08 02:00,-4.1,,,594
119,수원,2019-12-08 03:00,-4.9,,,704
119,수원,2019-12-08 04:00,-4.6,,,580
119,수원,2019-12-08 05:00,-4.7,,,662
119,수원,2019-12-08 06:00,-5.9,,,713
119,수원,2019-12-08 07:00,-6.6,,,606
119,수원,2019-12-08 08:00,-5.8,,,582
119,수원,2019-12-08 09:00,-3.5,,,631
119,수원,2019-12-08 10:00,-1,,,559
119,수원,2019-12-08 11:00,0,,,594
119,수원,2019-12-08 12:00,1.6,,,777
119,수원,2019-12-08 13:00,3.1,,,900
119,수원,2019-12-08 14:00,4.9,,,1445
119,수원,2019-12-08 15:00,4.8,,,1655
119,수원,2019-12-08 16:00,4.6,,,1588
119,수원,2019-12-08 17:00,3.8,,,1348
119,수원,2019-12-08 18:00,1.7,,,1446
119,수원,2019-12-08 19:00,.5,,,1020
119,수원,2019-12-08 20:00,-.6,,,792
119,수원,2019-12-08 21:00,-1.2,,,746
119,수원,2019-12-08 22:00,-1.8,,,644
119,수원,2019-12-08 23:00,-2.2,,,654
119,수원,2019-12-09 00:00,-2.4,,,643
119,수원,2019-12-09 01:00,-2,,,628
119,수원,2019-12-09 02:00,-2,,,579
119,수원,2019-12-09 03:00,-2.3,,,559
119,수원,2019-12-09 04:00,-1.6,,,582
119,수원,2019-12-09 05:00,-1.6,,,616
119,수원,2019-12-09 06:00,-1.2,,,513
119,수원,2019-12-09 07:00,.1,,,699
119,수원,2019-12-09 08:00,.3,,,674
119,수원,2019-12-09 09:00,.9,,,659
119,수원,2019-12-09 10:00,2,,,745
119,수원,2019-12-09 11:00,3.1,,,725
119,수원,2019-12-09 12:00,4.5,,,746
119,수원,2019-12-09 13:00,5.4,,,776
119,수원,2019-12-09 14:00,6.6,,,963
119,수원,2019-12-09 15:00,8,,,970
119,수원,2019-12-09 16:00,8.2,,,1168
119,수원,2019-12-09 17:00,7.1,,,723
119,수원,2019-12-09 18:00,6.2,,,667
119,수원,2019-12-09 19:00,6,,,649
119,수원,2019-12-09 20:00,6.1,,,867
119,수원,2019-12-09 21:00,6.1,,,1704
119,수원,2019-12-09 22:00,6.1,,,1821
119,수원,2019-12-09 23:00,4.6,,,1386
119,수원,2019-12-10 00:00,4.6,,,1373
119,수원,2019-12-10 01:00,4.4,,,834
119,수원,2019-12-10 02:00,3,,,936
119,수원,2019-12-10 03:00,3.8,,,667
119,수원,2019-12-10 04:00,4.6,,,904
119,수원,2019-12-10 05:00,4.8,,,360
119,수원,2019-12-10 06:00,4.7,1.6,,270
119,수원,2019-12-10 07:00,4.7,,,248
119,수원,2019-12-10 08:00,4.3,,,229
119,수원,2019-12-10 09:00,4.9,,,330
119,수원,2019-12-10 10:00,6.3,,,412
119,수원,2019-12-10 11:00,8.1,,,526
119,수원,2019-12-10 12:00,9.5,,,529
119,수원,2019-12-10 13:00,10.6,,,443
119,수원,2019-12-10 14:00,11.3,,,605
119,수원,2019-12-10 15:00,11.5,,,463
119,수원,2019-12-10 16:00,11.4,,,442
119,수원,2019-12-10 17:00,11.1,,,308
119,수원,2019-12-10 18:00,9.6,,,418
119,수원,2019-12-10 19:00,8,,,280
119,수원,2019-12-10 20:00,7.8,,,288
119,수원,2019-12-10 21:00,7.4,,,261
119,수원,2019-12-10 22:00,6.6,,,257
119,수원,2019-12-10 23:00,6.2,,,217
119,수원,2019-12-11 00:00,6.1,,,236
119,수원,2019-12-11 01:00,5.9,,,297
119,수원,2019-12-11 02:00,5.9,,,268
119,수원,2019-12-11 03:00,5.8,,,297
119,수원,2019-12-11 04:00,5.9,,,313
119,수원,2019-12-11 05:00,6,,,272
119,수원,2019-12-11 06:00,7,,,379
119,수원,2019-12-11 07:00,7.7,,,559
119,수원,2019-12-11 08:00,7.6,,,306
119,수원,2019-12-11 09:00,8.8,.7,,186
119,수원,2019-12-11 10:00,8.7,,,241
119,수원,2019-12-11 11:00,8.5,,,461
119,수원,2019-12-11 12:00,9.4,,,610
119,수원,2019-12-11 13:00,9.2,,,813
119,수원,2019-12-11 14:00,8.7,,,1064
119,수원,2019-12-11 15:00,7.8,,,1306
119,수원,2019-12-11 16:00,7.1,,,2027
119,수원,2019-12-11 17:00,5.8,,,2000
119,수원,2019-12-11 18:00,5.2,,,1783
119,수원,2019-12-11 19:00,4.2,,,1952
119,수원,2019-12-11 20:00,3.4,,,2000
119,수원,2019-12-11 21:00,2.8,,,2000
119,수원,2019-12-11 22:00,2.2,,,2000
119,수원,2019-12-11 23:00,2.1,,,2000
119,수원,2019-12-12 00:00,.9,,,2000
119,수원,2019-12-12 01:00,.6,,,2000
119,수원,2019-12-12 02:00,-.1,,,2000
119,수원,2019-12-12 03:00,-.6,,,1995
119,수원,2019-12-12 04:00,-1.4,,,2000
119,수원,2019-12-12 05:00,-1.7,,,2000
119,수원,2019-12-12 06:00,-2,,,2000
119,수원,2019-12-12 07:00,-2.8,,,2061
119,수원,2019-12-12 08:00,-2.6,,,1999
119,수원,2019-12-12 09:00,-1.4,,,1922
119,수원,2019-12-12 10:00,-.5,,,1975
119,수원,2019-12-12 11:00,.7,,,2000
119,수원,2019-12-12 12:00,1.5,,,2022
119,수원,2019-12-12 13:00,3.2,,,1954
119,수원,2019-12-12 14:00,3.4,,,2000
119,수원,2019-12-12 15:00,3.3,,,2000
119,수원,2019-12-12 16:00,3,,,2000
119,수원,2019-12-12 17:00,1.8,,,2000
119,수원,2019-12-12 18:00,.7,,,2000
119,수원,2019-12-12 19:00,.3,,,2000
119,수원,2019-12-12 20:00,-.4,,,1950
119,수원,2019-12-12 21:00,-1.8,,,1957
119,수원,2019-12-12 22:00,-2,,,1961
119,수원,2019-12-12 23:00,-2.6,,,2002
119,수원,2019-12-13 00:00,-2.9,,,1766
119,수원,2019-12-13 01:00,-3.3,,,1907
119,수원,2019-12-13 02:00,-3.5,,,1792
119,수원,2019-12-13 03:00,-3.6,,,1514
119,수원,2019-12-13 04:00,-3.8,,,1262
119,수원,2019-12-13 05:00,-4,,,1341
119,수원,2019-12-13 06:00,-3.9,,,1331
119,수원,2019-12-13 07:00,-4,,,841
119,수원,2019-12-13 08:00,-3.2,,,911
119,수원,2019-12-13 09:00,-.7,,,1381
119,수원,2019-12-13 10:00,1.6,,,1946
119,수원,2019-12-13 11:00,2.8,,,1914
119,수원,2019-12-13 12:00,4.2,,,1996
119,수원,2019-12-13 13:00,4.6,,,1998
119,수원,2019-12-13 14:00,5.4,,,2000
119,수원,2019-12-13 15:00,5.7,,,2000
119,수원,2019-12-13 16:00,5.9,,,2000
119,수원,2019-12-13 17:00,5,,,2028
119,수원,2019-12-13 18:00,4.5,,,1993
119,수원,2019-12-13 19:00,4.5,,,1993
119,수원,2019-12-13 20:00,4.8,,,2000
119,수원,2019-12-13 21:00,4.4,,,1997
119,수원,2019-12-13 22:00,4.4,,,2000
119,수원,2019-12-13 23:00,4.4,,,1960
119,수원,2019-12-14 00:00,2.7,.9,,1085
119,수원,2019-12-14 01:00,2.7,,,817
119,수원,2019-12-14 02:00,3.4,,,671
119,수원,2019-12-14 03:00,2.3,2,,705
119,수원,2019-12-14 04:00,4.3,,,478
119,수원,2019-12-14 05:00,3.3,,,700
119,수원,2019-12-14 06:00,2.3,,,1278
119,수원,2019-12-14 07:00,1.1,,,1175
119,수원,2019-12-14 08:00,.1,,,1461
119,수원,2019-12-14 09:00,1.4,,,1291
119,수원,2019-12-14 10:00,1.9,,,1261
119,수원,2019-12-14 11:00,2.9,,,1299
119,수원,2019-12-14 12:00,3.7,,,1640
119,수원,2019-12-14 13:00,4.6,,,1766
119,수원,2019-12-14 14:00,5.6,,,1898
119,수원,2019-12-14 15:00,6.1,,,1865
119,수원,2019-12-14 16:00,6.1,,,1960
119,수원,2019-12-14 17:00,3.8,,,1879
119,수원,2019-12-14 18:00,2.2,,,1681
119,수원,2019-12-14 19:00,1.7,,,1906
119,수원,2019-12-14 20:00,1.5,,,1875
119,수원,2019-12-14 21:00,.9,,,1493
119,수원,2019-12-14 22:00,.9,,,1439
119,수원,2019-12-14 23:00,.8,,,1529
119,수원,2019-12-15 00:00,.7,,,1528
119,수원,2019-12-15 01:00,.4,,,1372
119,수원,2019-12-15 02:00,-1.4,,,1068
119,수원,2019-12-15 03:00,-1.5,,,1068
119,수원,2019-12-15 04:00,.5,,,1010
119,수원,2019-12-15 05:00,1.2,,,1344
119,수원,2019-12-15 06:00,.8,,,1021
119,수원,2019-12-15 07:00,.9,,,1216
119,수원,2019-12-15 08:00,1.6,,,1359
119,수원,2019-12-15 09:00,3.5,,,1015
119,수원,2019-12-15 10:00,5.3,,,1439
119,수원,2019-12-15 11:00,7.5,,,1391
119,수원,2019-12-15 12:00,9.8,,,1894
119,수원,2019-12-15 13:00,10.6,,,1949
119,수원,2019-12-15 14:00,11.3,,,1919
119,수원,2019-12-15 15:00,11.6,,,1926
119,수원,2019-12-15 16:00,11.5,,,1931
119,수원,2019-12-15 17:00,9.7,,,1934
119,수원,2019-12-15 18:00,8,,,1780
119,수원,2019-12-15 19:00,6.3,,,1533
119,수원,2019-12-15 20:00,5.1,,,1109
119,수원,2019-12-15 21:00,4.7,,,1181
119,수원,2019-12-15 22:00,4.3,,,1000
119,수원,2019-12-15 23:00,3.1,,,1000
119,수원,2019-12-16 00:00,2.1,,,805
119,수원,2019-12-16 01:00,1.4,,,746
119,수원,2019-12-16 02:00,.4,,,581
119,수원,2019-12-16 03:00,.9,,,761
119,수원,2019-12-16 04:00,.7,,,790
119,수원,2019-12-16 05:00,1.1,,,838
119,수원,2019-12-16 06:00,2.1,,,792
119,수원,2019-12-16 07:00,1.7,,,772
119,수원,2019-12-16 08:00,2,,,766
119,수원,2019-12-16 09:00,4.8,,,848
119,수원,2019-12-16 10:00,8,,,1743
119,수원,2019-12-16 11:00,9.6,,,1898
119,수원,2019-12-16 12:00,11.2,,,1829
119,수원,2019-12-16 13:00,12.8,,,1903
119,수원,2019-12-16 14:00,13.9,,,1932
119,수원,2019-12-16 15:00,14.1,,,1954
119,수원,2019-12-16 16:00,13.8,,,1914
119,수원,2019-12-16 17:00,12.9,,,1979
119,수원,2019-12-16 18:00,11.1,,,1721
119,수원,2019-12-16 19:00,10.7,,,1348
119,수원,2019-12-16 20:00,11.1,,,1452
119,수원,2019-12-16 21:00,10.5,0,,1358
119,수원,2019-12-16 22:00,10.2,,,1290
119,수원,2019-12-16 23:00,10.8,,,1582
119,수원,2019-12-17 00:00,10.5,,,1754
119,수원,2019-12-17 01:00,9.8,,,1296
119,수원,2019-12-17 02:00,9.4,,,1329
119,수원,2019-12-17 03:00,9.8,0,,1315
119,수원,2019-12-17 04:00,8.8,,,1032
119,수원,2019-12-17 05:00,8.6,,,742
119,수원,2019-12-17 06:00,8.2,2.1,,1278
119,수원,2019-12-17 07:00,8.4,,,1244
119,수원,2019-12-17 08:00,8.2,,,551
119,수원,2019-12-17 09:00,7.9,3.8,,199
119,수원,2019-12-17 10:00,8.1,,,659
119,수원,2019-12-17 11:00,8.7,,,524
119,수원,2019-12-17 12:00,9.9,.3,,798
119,수원,2019-12-17 13:00,9.7,,,853
119,수원,2019-12-17 14:00,9.2,,,615
119,수원,2019-12-17 15:00,8.9,,,1056
119,수원,2019-12-17 16:00,8.4,,,1689
119,수원,2019-12-17 17:00,8.3,,,1614
119,수원,2019-12-17 18:00,8.1,,,1683
119,수원,2019-12-17 19:00,7.4,,,1936
119,수원,2019-12-17 20:00,6,,,1446
119,수원,2019-12-17 21:00,5,,,1091
119,수원,2019-12-17 22:00,5.5,,,817
119,수원,2019-12-17 23:00,5.1,,,663
119,수원,2019-12-18 00:00,4,,,856
119,수원,2019-12-18 01:00,2.8,,,825
119,수원,2019-12-18 02:00,2.1,,,800
119,수원,2019-12-18 03:00,1.4,,,821
119,수원,2019-12-18 04:00,1,,,860
119,수원,2019-12-18 05:00,.2,,,964
119,수원,2019-12-18 06:00,-.4,,,1169
119,수원,2019-12-18 07:00,-.9,,,1267
119,수원,2019-12-18 08:00,-1.3,,,1115
119,수원,2019-12-18 09:00,-.4,,,1458
119,수원,2019-12-18 10:00,.4,,,1383
119,수원,2019-12-18 11:00,1.1,,,1316
119,수원,2019-12-18 12:00,2.5,,,1196
119,수원,2019-12-18 13:00,3.6,,,1419
119,수원,2019-12-18 14:00,4.2,,,1378
119,수원,2019-12-18 15:00,4.2,,,1188
119,수원,2019-12-18 16:00,3.8,,,1389
119,수원,2019-12-18 17:00,2.3,,,1128
119,수원,2019-12-18 18:00,.9,,,1438
119,수원,2019-12-18 19:00,.6,,,1262
119,수원,2019-12-18 20:00,1.1,,,1156
119,수원,2019-12-18 21:00,.8,,,1224
119,수원,2019-12-18 22:00,.3,,,1325
119,수원,2019-12-18 23:00,-.3,,,1331
119,수원,2019-12-19 00:00,-.7,,,1690
119,수원,2019-12-19 01:00,-1.1,,,1831
119,수원,2019-12-19 02:00,-1.4,,,1882
119,수원,2019-12-19 03:00,-1.8,,,2000
119,수원,2019-12-19 04:00,-2.2,,,1950
119,수원,2019-12-19 05:00,-2.2,,,1998
119,수원,2019-12-19 06:00,-2.6,,,1902
119,수원,2019-12-19 07:00,-2.9,,,1993
119,수원,2019-12-19 08:00,-3.2,,,2000
119,수원,2019-12-19 09:00,-2.2,,,1909
119,수원,2019-12-19 10:00,-1,,,1974
119,수원,2019-12-19 11:00,.2,,,1986
119,수원,2019-12-19 12:00,1.5,,,2000
119,수원,2019-12-19 13:00,2.3,,,2000
119,수원,2019-12-19 14:00,3,,,1988
119,수원,2019-12-19 15:00,3.8,,,2000
119,수원,2019-12-19 16:00,3,,,2000
119,수원,2019-12-19 17:00,2,,,2000
119,수원,2019-12-19 18:00,1.1,,,2000
119,수원,2019-12-19 19:00,.1,,,2000
119,수원,2019-12-19 20:00,-.5,,,2000
119,수원,2019-12-19 21:00,-.9,,,2000
119,수원,2019-12-19 22:00,-1.7,,,1985
119,수원,2019-12-19 23:00,-1.8,,,1998
119,수원,2019-12-20 00:00,-1.3,,,1983
119,수원,2019-12-20 01:00,-.9,,,1781
119,수원,2019-12-20 02:00,-1.1,,,1941
119,수원,2019-12-20 03:00,-1,0,,1452
119,수원,2019-12-20 04:00,-1.4,,,1589
119,수원,2019-12-20 05:00,-2.3,,,1237
119,수원,2019-12-20 06:00,-2.4,,,1037
119,수원,2019-12-20 07:00,-2.7,,,1070
119,수원,2019-12-20 08:00,-2.3,,,1039
119,수원,2019-12-20 09:00,-1.3,,,1328
119,수원,2019-12-20 10:00,-.5,,,1800
119,수원,2019-12-20 11:00,.6,,,1758
119,수원,2019-12-20 12:00,1.7,,,2007
119,수원,2019-12-20 13:00,2.2,,,1946
119,수원,2019-12-20 14:00,2.5,,,1954
119,수원,2019-12-20 15:00,2.1,,,1962
119,수원,2019-12-20 16:00,1.7,,,2000
119,수원,2019-12-20 17:00,.2,,,1995
119,수원,2019-12-20 18:00,-.9,,,2000
119,수원,2019-12-20 19:00,-1.8,,,2000
119,수원,2019-12-20 20:00,-2.4,,,2000
119,수원,2019-12-20 21:00,-2.5,,,1999
119,수원,2019-12-20 22:00,-2.9,,,1997
119,수원,2019-12-20 23:00,-3.7,,,2004
119,수원,2019-12-21 00:00,-4.3,,,1924
119,수원,2019-12-21 01:00,-5.2,,,1651
119,수원,2019-12-21 02:00,-5.4,,,1736
119,수원,2019-12-21 03:00,-5.6,,,1814
119,수원,2019-12-21 04:00,-5.5,,,1687
119,수원,2019-12-21 05:00,-4.9,,,1233
119,수원,2019-12-21 06:00,-5.1,,,1216
119,수원,2019-12-21 07:00,-4.8,,,1070
119,수원,2019-12-21 08:00,-4.9,,,1138
119,수원,2019-12-21 09:00,-3.4,,,1073
119,수원,2019-12-21 10:00,-.6,,,1118
119,수원,2019-12-21 11:00,.2,,,1843
119,수원,2019-12-21 12:00,1.1,,,1586
119,수원,2019-12-21 13:00,2,,,2062
119,수원,2019-12-21 14:00,2.7,,,1864
119,수원,2019-12-21 15:00,3,,,1707
119,수원,2019-12-21 16:00,1.8,,,833
119,수원,2019-12-21 17:00,1.5,,,829
119,수원,2019-12-21 18:00,1.8,.2,,792
119,수원,2019-12-21 19:00,.8,,,621
119,수원,2019-12-21 20:00,0,,,804
119,수원,2019-12-21 21:00,-.1,.1,,798
119,수원,2019-12-21 22:00,.1,,,563
119,수원,2019-12-21 23:00,-.1,,,576
119,수원,2019-12-22 00:00,-.4,,,704
119,수원,2019-12-22 01:00,.7,,,644
119,수원,2019-12-22 02:00,.4,,,785
119,수원,2019-12-22 03:00,.7,,,596
119,수원,2019-12-22 04:00,.1,,,589
119,수원,2019-12-22 05:00,.5,,,758
119,수원,2019-12-22 06:00,1.3,,,791
119,수원,2019-12-22 07:00,1.5,,,796
119,수원,2019-12-22 08:00,.8,,,677
119,수원,2019-12-22 09:00,1.4,,,593
119,수원,2019-12-22 10:00,3.5,,,737
119,수원,2019-12-22 11:00,4.5,,,696
119,수원,2019-12-22 12:00,5.4,,,771
119,수원,2019-12-22 13:00,6.9,,,891
119,수원,2019-12-22 14:00,7.9,,,1106
119,수원,2019-12-22 15:00,8.4,,,1132
119,수원,2019-12-22 16:00,8,,,1020
119,수원,2019-12-22 17:00,7.4,,,1036
119,수원,2019-12-22 18:00,5.8,,,847
119,수원,2019-12-22 19:00,5.2,,,670
119,수원,2019-12-22 20:00,4.8,,,1331
119,수원,2019-12-22 21:00,4.5,,,1973
119,수원,2019-12-22 22:00,3.9,,,1681
119,수원,2019-12-22 23:00,4.2,,,1568
119,수원,2019-12-23 00:00,4,0,,857
119,수원,2019-12-23 01:00,3.7,,,840
119,수원,2019-12-23 02:00,3.2,,,388
119,수원,2019-12-23 03:00,3.7,3.7,,326
119,수원,2019-12-23 04:00,3.3,,,198
119,수원,2019-12-23 05:00,2.7,,,289
119,수원,2019-12-23 06:00,2.6,,,112
119,수원,2019-12-23 07:00,2.5,,,212
119,수원,2019-12-23 08:00,2.4,,,494
119,수원,2019-12-23 09:00,3.8,,,530
119,수원,2019-12-23 10:00,4.4,,,440
119,수원,2019-12-23 11:00,4.4,,,1420
119,수원,2019-12-23 12:00,4.5,,,1137
119,수원,2019-12-23 13:00,5,,,850
119,수원,2019-12-23 14:00,4.8,,,1433
119,수원,2019-12-23 15:00,4.8,,,705
119,수원,2019-12-23 16:00,4.8,,,777
119,수원,2019-12-23 17:00,4.2,,,715
119,수원,2019-12-23 18:00,4.1,,,641
119,수원,2019-12-23 19:00,2.7,,,1500
119,수원,2019-12-23 20:00,2,,,1722
119,수원,2019-12-23 21:00,1.8,,,1631
119,수원,2019-12-23 22:00,1,,,651
119,수원,2019-12-23 23:00,1.2,,,574
119,수원,2019-12-24 00:00,-.1,,,764
119,수원,2019-12-24 01:00,-1,,,471
119,수원,2019-12-24 02:00,-1.5,,,346
119,수원,2019-12-24 03:00,-2.3,,,400
119,수원,2019-12-24 04:00,-3.1,,,332
119,수원,2019-12-24 05:00,-2.9,,,429
119,수원,2019-12-24 06:00,-2.8,,,288
119,수원,2019-12-24 07:00,-2.7,,,347
119,수원,2019-12-24 08:00,-3.2,,,303
119,수원,2019-12-24 09:00,-1.6,,,452
119,수원,2019-12-24 10:00,.4,,,484
119,수원,2019-12-24 11:00,2.6,,,624
119,수원,2019-12-24 12:00,4.1,,,726
119,수원,2019-12-24 13:00,5.7,,,635
119,수원,2019-12-24 14:00,6,,,639
119,수원,2019-12-24 15:00,6.2,,,528
119,수원,2019-12-24 16:00,6.8,,,586
119,수원,2019-12-24 17:00,5.6,,,665
119,수원,2019-12-24 18:00,2.6,,,537
119,수원,2019-12-24 19:00,2.3,,,597
119,수원,2019-12-24 20:00,.9,,,717
119,수원,2019-12-24 21:00,.1,,,725
119,수원,2019-12-24 22:00,-.8,,,499
119,수원,2019-12-24 23:00,-1.2,,,532
119,수원,2019-12-25 00:00,-1.5,,,543
119,수원,2019-12-25 01:00,-1.7,,,442
119,수원,2019-12-25 02:00,-2.9,,,340
119,수원,2019-12-25 03:00,-3.7,,,347
119,수원,2019-12-25 04:00,-3.3,,,859
119,수원,2019-12-25 05:00,-3.6,,,565
119,수원,2019-12-25 06:00,-4,,,632
119,수원,2019-12-25 07:00,-2.9,,,690
119,수원,2019-12-25 08:00,-2.3,,,702
119,수원,2019-12-25 09:00,-1.1,,,584
119,수원,2019-12-25 10:00,.2,,,685
119,수원,2019-12-25 11:00,3.7,,,623
119,수원,2019-12-25 12:00,5.1,,,716
119,수원,2019-12-25 13:00,6.1,,,903
119,수원,2019-12-25 14:00,6.5,,,1125
119,수원,2019-12-25 15:00,6.9,,,1222
119,수원,2019-12-25 16:00,7.2,,,1323
119,수원,2019-12-25 17:00,6.3,,,1553
119,수원,2019-12-25 18:00,4.5,,,916
119,수원,2019-12-25 19:00,3.7,,,779
119,수원,2019-12-25 20:00,2.2,,,617
119,수원,2019-12-25 21:00,1.4,,,551
119,수원,2019-12-25 22:00,.5,,,493
119,수원,2019-12-25 23:00,-.1,,,775
119,수원,2019-12-26 00:00,1.3,,,668
119,수원,2019-12-26 01:00,2,,,898
119,수원,2019-12-26 02:00,2,,,874
119,수원,2019-12-26 03:00,2.7,,,1161
119,수원,2019-12-26 04:00,2.8,,,1083
119,수원,2019-12-26 05:00,3.6,,,1000
119,수원,2019-12-26 06:00,2.7,,,1110
119,수원,2019-12-26 07:00,3,,,972
119,수원,2019-12-26 08:00,3.2,,,1043
119,수원,2019-12-26 09:00,2.8,.2,,734
119,수원,2019-12-26 10:00,2.1,,,440
119,수원,2019-12-26 11:00,2.7,,,408
119,수원,2019-12-26 12:00,3,1.3,,651
119,수원,2019-12-26 13:00,3,,,541
119,수원,2019-12-26 14:00,2.9,,,539
119,수원,2019-12-26 15:00,3.5,.3,,749
119,수원,2019-12-26 16:00,3.6,,,629
119,수원,2019-12-26 17:00,2.8,,,850
119,수원,2019-12-26 18:00,2.2,,,956
119,수원,2019-12-26 19:00,1.7,,,907
119,수원,2019-12-26 20:00,1.3,,,911
119,수원,2019-12-26 21:00,.5,,,1039
119,수원,2019-12-26 22:00,-.1,,,1935
119,수원,2019-12-26 23:00,-.9,,,1949
119,수원,2019-12-27 00:00,-1.4,,,1956
119,수원,2019-12-27 01:00,-1.8,,,1918
119,수원,2019-12-27 02:00,-2.5,,,1799
119,수원,2019-12-27 03:00,-2.8,,,1698
119,수원,2019-12-27 04:00,-3.2,,,1510
119,수원,2019-12-27 05:00,-3.4,,,1445
119,수원,2019-12-27 06:00,-4,,,1159
119,수원,2019-12-27 07:00,-4,,,1079
119,수원,2019-12-27 08:00,-4.1,,,915
119,수원,2019-12-27 09:00,-1.9,,,1110
119,수원,2019-12-27 10:00,-1,,,1113
119,수원,2019-12-27 11:00,-.5,,,1624
119,수원,2019-12-27 12:00,.8,,,1469
119,수원,2019-12-27 13:00,1.9,,,1673
119,수원,2019-12-27 14:00,2.5,,,1514
119,수원,2019-12-27 15:00,2.4,,,1913
119,수원,2019-12-27 16:00,2,,,2000
119,수원,2019-12-27 17:00,1.1,,,2000
119,수원,2019-12-27 18:00,.4,,,2000
119,수원,2019-12-27 19:00,-.3,,,2000
119,수원,2019-12-27 20:00,-1.2,,,1997
119,수원,2019-12-27 21:00,-1.5,,,1957
119,수원,2019-12-27 22:00,-2.5,,,1587
119,수원,2019-12-27 23:00,-2.9,,,1607
119,수원,2019-12-28 00:00,-2.2,,,1813
119,수원,2019-12-28 01:00,-3.1,,,1567
119,수원,2019-12-28 02:00,-3.5,,,1695
119,수원,2019-12-28 03:00,-3.4,,,1707
119,수원,2019-12-28 04:00,-3.6,,,1902
119,수원,2019-12-28 05:00,-3.7,,,1010
119,수원,2019-12-28 06:00,-4,,,1203
119,수원,2019-12-28 07:00,-4.1,,,1588
119,수원,2019-12-28 08:00,-3.7,,,1211
119,수원,2019-12-28 09:00,-1.2,,,1830
119,수원,2019-12-28 10:00,.5,,,1834
119,수원,2019-12-28 11:00,1.8,,,1889
119,수원,2019-12-28 12:00,3.6,,,1879
119,수원,2019-12-28 13:00,4.6,,,1913
119,수원,2019-12-28 14:00,5.5,,,1976
119,수원,2019-12-28 15:00,5.6,,,1889
119,수원,2019-12-28 16:00,6,,,1982
119,수원,2019-12-28 17:00,5.1,,,1808
119,수원,2019-12-28 18:00,3.6,,,1010
119,수원,2019-12-28 19:00,3.3,,,1578
119,수원,2019-12-28 20:00,2.1,,,1550
119,수원,2019-12-28 21:00,.9,,,1051
119,수원,2019-12-28 22:00,.8,,,1099
119,수원,2019-12-28 23:00,-.2,,,1042
119,수원,2019-12-29 00:00,-.5,,,1150
119,수원,2019-12-29 01:00,-.7,,,1050
119,수원,2019-12-29 02:00,-.6,,,1291
119,수원,2019-12-29 03:00,-1,,,1022
119,수원,2019-12-29 04:00,-.2,,,1067
119,수원,2019-12-29 05:00,.1,,,1278
119,수원,2019-12-29 06:00,.2,,,1331
119,수원,2019-12-29 07:00,1.4,,,1719
119,수원,2019-12-29 08:00,1.9,,,1816
119,수원,2019-12-29 09:00,2.6,,,1683
119,수원,2019-12-29 10:00,3.5,,,1898
119,수원,2019-12-29 11:00,4,,,1855
119,수원,2019-12-29 12:00,5.2,,,1773
119,수원,2019-12-29 13:00,5.8,,,1773
119,수원,2019-12-29 14:00,6,,,1649
119,수원,2019-12-29 15:00,5.3,0,,1448
119,수원,2019-12-29 16:00,5,,,1989
119,수원,2019-12-29 17:00,4.9,,,1795
119,수원,2019-12-29 18:00,4.5,0,,1017
119,수원,2019-12-29 19:00,4.4,,,1010
119,수원,2019-12-29 20:00,4.3,,,878
119,수원,2019-12-29 21:00,4.5,.4,,945
119,수원,2019-12-29 22:00,4.8,,,963
119,수원,2019-12-29 23:00,4.5,,,821
119,수원,2019-12-30 00:00,4.5,.2,,840
119,수원,2019-12-30 01:00,4.6,,,863
119,수원,2019-12-30 02:00,4.3,,,846
119,수원,2019-12-30 03:00,4.9,0,,920
119,수원,2019-12-30 04:00,4.3,,,614
119,수원,2019-12-30 05:00,4.6,,,635
119,수원,2019-12-30 06:00,4.7,0,,635
119,수원,2019-12-30 07:00,4.6,,,650
119,수원,2019-12-30 08:00,4.6,,,686
119,수원,2019-12-30 09:00,5.1,,,571
119,수원,2019-12-30 10:00,5.7,,,657
119,수원,2019-12-30 11:00,6.2,,,688
119,수원,2019-12-30 12:00,6.9,,,773
119,수원,2019-12-30 13:00,6.8,,,400
119,수원,2019-12-30 14:00,6.4,,,250
119,수원,2019-12-30 15:00,6.1,.5,,400
119,수원,2019-12-30 16:00,5.1,,,500
119,수원,2019-12-30 17:00,4.4,,,826
119,수원,2019-12-30 18:00,3.1,,,1500
119,수원,2019-12-30 19:00,1.5,,,2034
119,수원,2019-12-30 20:00,-.3,,,2000
119,수원,2019-12-30 21:00,-1.7,,,2000
119,수원,2019-12-30 22:00,-2.6,,,2000
119,수원,2019-12-30 23:00,-3.4,,,2000
119,수원,2019-12-31 00:00,-4.1,,,1756
119,수원,2019-12-31 01:00,-5.5,,,2039
119,수원,2019-12-31 02:00,-6.2,,,1995
119,수원,2019-12-31 03:00,-6.9,0,,1963
119,수원,2019-12-31 04:00,-8.1,,,1799
119,수원,2019-12-31 05:00,-8.7,,,1926
119,수원,2019-12-31 06:00,-9,,,1994
119,수원,2019-12-31 07:00,-9.3,,,2000
119,수원,2019-12-31 08:00,-9.6,,,2000
119,수원,2019-12-31 09:00,-9.2,,,1995
119,수원,2019-12-31 10:00,-8.5,,,1978
119,수원,2019-12-31 11:00,-7.7,,,1996
119,수원,2019-12-31 12:00,-6.5,,,1974
119,수원,2019-12-31 13:00,-5.5,,,2018
119,수원,2019-12-31 14:00,-4.8,,,1979
119,수원,2019-12-31 15:00,-4.4,,,2000
119,수원,2019-12-31 16:00,-4.4,,,2000
119,수원,2019-12-31 17:00,-4.6,,,2000
119,수원,2019-12-31 18:00,-6.2,,,2000
119,수원,2019-12-31 19:00,-7.1,,,1965
119,수원,2019-12-31 20:00,-7,,,2000
119,수원,2019-12-31 21:00,-6.7,,,2000
119,수원,2019-12-31 22:00,-7.2,,,2000
119,수원,2019-12-31 23:00,-7.4,,,2000
