지점,지점명,일시,기온(°C),강수량(mm),적설(cm),시정(10m)
119,수원,2021-01-01 00:00,-8.7,,,1972
119,수원,2021-01-01 01:00,-8.6,,,1939
119,수원,2021-01-01 02:00,-9.8,,,1822
119,수원,2021-01-01 03:00,-9.8,,,1932
119,수원,2021-01-01 04:00,-9.8,,,1854
119,수원,2021-01-01 05:00,-9.2,,,1848
119,수원,2021-01-01 06:00,-8.9,,,1500
119,수원,2021-01-01 07:00,-8.3,,,1234
119,수원,2021-01-01 08:00,-8.1,,,1034
119,수원,2021-01-01 09:00,-7.4,,,1027
119,수원,2021-01-01 10:00,-5.8,,,1265
119,수원,2021-01-01 11:00,-3.8,,,2000
119,수원,2021-01-01 12:00,-2.1,,,1786
119,수원,2021-01-01 13:00,-.7,,,1930
119,수원,2021-01-01 14:00,-.6,,,1968
119,수원,2021-01-01 15:00,-.5,,,1964
119,수원,2021-01-01 16:00,-.3,,,1888
119,수원,2021-01-01 17:00,-1,,,1707
119,수원,2021-01-01 18:00,-1.7,0,,1301
119,수원,2021-01-01 19:00,-2.4,,,1027
119,수원,2021-01-01 20:00,-3,,,811
119,수원,2021-01-01 21:00,-2.7,,,670
119,수원,2021-01-01 22:00,-3.1,,,675
119,수원,2021-01-01 23:00,-3.4,,,711
119,수원,2021-01-02 00:00,-4.1,,,1293
119,수원,2021-01-02 01:00,-4,,,1998
119,수원,2021-01-02 02:00,-3.6,,,2000
119,수원,2021-01-02 03:00,-4.7,,,2000
119,수원,2021-01-02 04:00,-5.6,,,2000
119,수원,2021-01-02 05:00,-6,,,2000
119,수원,2021-01-02 06:00,-7.2,,,2000
119,수원,2021-01-02 07:00,-7.9,,,2000
119,수원,2021-01-02 08:00,-8.1,,,2000
119,수원,2021-01-02 09:00,-6.7,,,1999
119,수원,2021-01-02 10:00,-4.8,,,1926
119,수원,2021-01-02 11:00,-4,,,1810
119,수원,2021-01-02 12:00,-2.5,,,1999
119,수원,2021-01-02 13:00,-1.6,,,1985
119,수원,2021-01-02 14:00,-1.7,,,2000
119,수원,2021-01-02 15:00,-1,,,2000
119,수원,2021-01-02 16:00,-1.8,,,1985
119,수원,2021-01-02 17:00,-2.4,,,2000
119,수원,2021-01-02 18:00,-3.1,,,1996
119,수원,2021-01-02 19:00,-3.7,,,1950
119,수원,2021-01-02 20:00,-4.7,,,2022
119,수원,2021-01-02 21:00,-5,,,2029
119,수원,2021-01-02 22:00,-4.4,,,2000
119,수원,2021-01-02 23:00,-5.3,,,2000
119,수원,2021-01-03 00:00,-6,,,2000
119,수원,2021-01-03 01:00,-6.7,,,1998
119,수원,2021-01-03 02:00,-7.3,,,2027
119,수원,2021-01-03 03:00,-7.7,,,2000
119,수원,2021-01-03 04:00,-8.1,,,2000
119,수원,2021-01-03 05:00,-8.6,,,2000
119,수원,2021-01-03 06:00,-9.8,,,2000
119,수원,2021-01-03 07:00,-10,,,1998
119,수원,2021-01-03 08:00,-9.8,,,1943
119,수원,2021-01-03 09:00,-7.4,,,1825
119,수원,2021-01-03 10:00,-4.5,,,1745
119,수원,2021-01-03 11:00,-3.5,,,2000
119,수원,2021-01-03 12:00,-2.2,,,1993
119,수원,2021-01-03 13:00,-.9,,,2000
119,수원,2021-01-03 14:00,-.8,,,2000
119,수원,2021-01-03 15:00,-.8,,,1994
119,수원,2021-01-03 16:00,-1.2,,,1998
119,수원,2021-01-03 17:00,-2.3,,,2000
119,수원,2021-01-03 18:00,-3.3,,,1957
119,수원,2021-01-03 19:00,-3.8,,,1988
119,수원,2021-01-03 20:00,-4.3,,,2000
119,수원,2021-01-03 21:00,-4.7,,,1996
119,수원,2021-01-03 22:00,-5.8,,,2032
119,수원,2021-01-03 23:00,-6.5,,,1751
119,수원,2021-01-04 00:00,-7.9,,,1650
119,수원,2021-01-04 01:00,-8.6,,,1997
119,수원,2021-01-04 02:00,-8.6,,,1572
119,수원,2021-01-04 03:00,-8.5,,,1849
119,수원,2021-01-04 04:00,-9.6,,,1670
119,수원,2021-01-04 05:00,-9.7,,,1887
119,수원,2021-01-04 06:00,-9.7,,,1560
119,수원,2021-01-04 07:00,-9.4,,,1825
119,수원,2021-01-04 08:00,-9.1,,,1920
119,수원,2021-01-04 09:00,-6.3,,,1635
119,수원,2021-01-04 10:00,-3.5,,,1952
119,수원,2021-01-04 11:00,-2.8,,,1970
119,수원,2021-01-04 12:00,-1.4,,,1975
119,수원,2021-01-04 13:00,-.7,,,2000
119,수원,2021-01-04 14:00,.1,,,1951
119,수원,2021-01-04 15:00,.4,,,2000
119,수원,2021-01-04 16:00,0,,,1996
119,수원,2021-01-04 17:00,-.3,,,2000
119,수원,2021-01-04 18:00,-1.5,0,,1058
119,수원,2021-01-04 19:00,-1.4,,,1821
119,수원,2021-01-04 20:00,-1.2,,,1753
119,수원,2021-01-04 21:00,-.7,0,,1742
119,수원,2021-01-04 22:00,-.7,,,1731
119,수원,2021-01-04 23:00,-.9,,.1,892
119,수원,2021-01-05 00:00,-.9,0,.1,1512
119,수원,2021-01-05 01:00,-.9,,0,1420
119,수원,2021-01-05 02:00,-1.7,,,1366
119,수원,2021-01-05 03:00,-2.5,,,1272
119,수원,2021-01-05 04:00,-3,,,1176
119,수원,2021-01-05 05:00,-2.7,,,1289
119,수원,2021-01-05 06:00,-3.3,0,,1052
119,수원,2021-01-05 07:00,-3.8,,,1325
119,수원,2021-01-05 08:00,-4.6,,,1911
119,수원,2021-01-05 09:00,-4.7,,,1978
119,수원,2021-01-05 10:00,-4,,,2000
119,수원,2021-01-05 11:00,-3.8,,,1941
119,수원,2021-01-05 12:00,-3.6,,,1974
119,수원,2021-01-05 13:00,-3,,,1994
119,수원,2021-01-05 14:00,-2.8,,,2000
119,수원,2021-01-05 15:00,-3.4,,,2000
119,수원,2021-01-05 16:00,-3.5,,,2000
119,수원,2021-01-05 17:00,-4.2,,,2000
119,수원,2021-01-05 18:00,-5.4,,,2000
119,수원,2021-01-05 19:00,-5.4,,,2000
119,수원,2021-01-05 20:00,-6.3,,,2000
119,수원,2021-01-05 21:00,-7,,,2000
119,수원,2021-01-05 22:00,-7.7,,,2000
119,수원,2021-01-05 23:00,-8.5,,,1950
119,수원,2021-01-06 00:00,-9.2,,,2000
119,수원,2021-01-06 01:00,-10,,,2000
119,수원,2021-01-06 02:00,-10.3,,,2000
119,수원,2021-01-06 03:00,-10.2,,,2000
119,수원,2021-01-06 04:00,-10.7,,,2000
119,수원,2021-01-06 05:00,-11.8,,,2000
119,수원,2021-01-06 06:00,-12.3,,,2000
119,수원,2021-01-06 07:00,-12.2,,,2000
119,수원,2021-01-06 08:00,-12.2,,,1812
119,수원,2021-01-06 09:00,-9.6,,,2000
119,수원,2021-01-06 10:00,-7.7,,,2000
119,수원,2021-01-06 11:00,-6.3,,,2000
119,수원,2021-01-06 12:00,-5.5,,,1994
119,수원,2021-01-06 13:00,-4.4,,,2000
119,수원,2021-01-06 14:00,-3.7,,,2000
119,수원,2021-01-06 15:00,-3.2,,,1998
119,수원,2021-01-06 16:00,-2.6,,,2000
119,수원,2021-01-06 17:00,-3.2,,,2000
119,수원,2021-01-06 18:00,-3.8,,,2000
119,수원,2021-01-06 19:00,-3.9,,,2000
119,수원,2021-01-06 20:00,-5,,.7,586
119,수원,2021-01-06 21:00,-4.9,2.5,5,53
119,수원,2021-01-06 22:00,-4.1,,8,212
119,수원,2021-01-06 23:00,-4.8,,9,137
119,수원,2021-01-07 00:00,-8.3,3.2,8.5,1050
119,수원,2021-01-07 01:00,-9.7,,7.5,1664
119,수원,2021-01-07 02:00,-10.6,,7.2,1722
119,수원,2021-01-07 03:00,-12,,7,1114
119,수원,2021-01-07 04:00,-13.2,,6.8,2000
119,수원,2021-01-07 05:00,-13.9,,6.6,1948
119,수원,2021-01-07 06:00,-14.7,,6.3,1988
119,수원,2021-01-07 07:00,-15.3,,6,1986
119,수원,2021-01-07 08:00,-15.5,,6,2000
119,수원,2021-01-07 09:00,-15.4,,5.7,1940
119,수원,2021-01-07 10:00,-14.7,,5.5,1955
119,수원,2021-01-07 11:00,-14.1,,5.5,1126
119,수원,2021-01-07 12:00,-13,,5.5,1998
119,수원,2021-01-07 13:00,-12.8,,4.8,2000
119,수원,2021-01-07 14:00,-12.3,,4.5,1943
119,수원,2021-01-07 15:00,-12.2,,4.5,1977
119,수원,2021-01-07 16:00,-12.1,,4.4,2032
119,수원,2021-01-07 17:00,-12.5,,4.4,2000
119,수원,2021-01-07 18:00,-13.7,,4.2,2000
119,수원,2021-01-07 19:00,-13.8,,4.2,2000
119,수원,2021-01-07 20:00,-14,,4.2,2000
119,수원,2021-01-07 21:00,-14,,4,2000
119,수원,2021-01-07 22:00,-14.7,,3.9,2000
119,수원,2021-01-07 23:00,-15.3,,3.8,2000
119,수원,2021-01-08 00:00,-15.2,,3.6,2000
119,수원,2021-01-08 01:00,-15.9,,3.5,2000
119,수원,2021-01-08 02:00,-15.8,,3.4,2000
119,수원,2021-01-08 03:00,-16.6,,3.3,2000
119,수원,2021-01-08 04:00,-17.2,,3.2,2000
119,수원,2021-01-08 05:00,-17.2,,3.2,2000
119,수원,2021-01-08 06:00,-17.7,,3,2000
119,수원,2021-01-08 07:00,-18.2,,2.9,2000
119,수원,2021-01-08 08:00,-17.2,,2.9,1955
119,수원,2021-01-08 09:00,-16.3,,2.9,1995
119,수원,2021-01-08 10:00,-15.2,,2.9,2000
119,수원,2021-01-08 11:00,-14.5,,2.9,1968
119,수원,2021-01-08 12:00,-13.5,,2.9,1989
119,수원,2021-01-08 13:00,-12.7,,2.9,2000
119,수원,2021-01-08 14:00,-12.1,,2.8,1948
119,수원,2021-01-08 15:00,-10.9,,2.8,1994
119,수원,2021-01-08 16:00,-11,,2.8,1916
119,수원,2021-01-08 17:00,-11.2,,2.8,2000
119,수원,2021-01-08 18:00,-11.7,,2.8,2000
119,수원,2021-01-08 19:00,-12.6,,2.8,1854
119,수원,2021-01-08 20:00,-13,,2.7,2000
119,수원,2021-01-08 21:00,-13.6,,2.6,2000
119,수원,2021-01-08 22:00,-14.3,,2.5,2000
119,수원,2021-01-08 23:00,-14.3,,2.5,1954
119,수원,2021-01-09 00:00,-15.2,,2.5,2000
119,수원,2021-01-09 01:00,-14.9,,2.5,2000
119,수원,2021-01-09 02:00,-16.1,,2.4,2000
119,수원,2021-01-09 03:00,-16.9,,2.4,2000
119,수원,2021-01-09 04:00,-17.3,,2.4,1950
119,수원,2021-01-09 05:00,-18.3,,2.4,2000
119,수원,2021-01-09 06:00,-17.1,,2.4,2000
119,수원,2021-01-09 07:00,-17.9,,2.4,2000
119,수원,2021-01-09 08:00,-17.9,,2.4,1903
119,수원,2021-01-09 09:00,-15.8,,2.4,1120
119,수원,2021-01-09 10:00,-14,,2.4,1711
119,수원,2021-01-09 11:00,-12.7,,2.4,2000
119,수원,2021-01-09 12:00,-10.7,,2.4,1946
119,수원,2021-01-09 13:00,-9.7,,2.4,1865
119,수원,2021-01-09 14:00,-8.9,,2.4,1791
119,수원,2021-01-09 15:00,-8.1,,2.3,1960
119,수원,2021-01-09 16:00,-8.1,,2.3,1992
119,수원,2021-01-09 17:00,-8.4,,2.3,2000
119,수원,2021-01-09 18:00,-9.3,,2.3,2000
119,수원,2021-01-09 19:00,-9.7,,2.3,2000
119,수원,2021-01-09 20:00,-10.4,,2.3,2000
119,수원,2021-01-09 21:00,-11.4,,2.3,2000
119,수원,2021-01-09 22:00,-11.4,,2.3,2000
119,수원,2021-01-09 23:00,-11.9,,2.3,2000
119,수원,2021-01-10 00:00,-12.5,,2.3,2000
119,수원,2021-01-10 01:00,-13.8,,2.3,1992
119,수원,2021-01-10 02:00,-13.6,,2.3,2037
119,수원,2021-01-10 03:00,-14.1,,2.3,1945
119,수원,2021-01-10 04:00,-15.6,,2.3,1894
119,수원,2021-01-10 05:00,-15.8,,2.3,1938
119,수원,2021-01-10 06:00,-16.4,,2.3,1573
119,수원,2021-01-10 07:00,-15.8,,2.3,1744
119,수원,2021-01-10 08:00,-15.3,,2.3,1406
119,수원,2021-01-10 09:00,-12.2,,2.3,1328
119,수원,2021-01-10 10:00,-10.1,,2.3,1371
119,수원,2021-01-10 11:00,-7.8,,2.3,1660
119,수원,2021-01-10 12:00,-6.2,,2.3,1881
119,수원,2021-01-10 13:00,-5,,2.2,1932
119,수원,2021-01-10 14:00,-4.1,,2.2,1933
119,수원,2021-01-10 15:00,-3.5,,2.2,2000
119,수원,2021-01-10 16:00,-3.5,,2.1,1940
119,수원,2021-01-10 17:00,-3.6,,2.1,1975
119,수원,2021-01-10 18:00,-4.1,,2.1,2000
119,수원,2021-01-10 19:00,-4.2,,2.1,2000
119,수원,2021-01-10 20:00,-4.4,,2.1,2000
119,수원,2021-01-10 21:00,-4.7,0,2.1,2004
119,수원,2021-01-10 22:00,-6.2,,2.1,1973
119,수원,2021-01-10 23:00,-7.5,,2.1,1783
119,수원,2021-01-11 00:00,-9.7,0,2.1,1568
119,수원,2021-01-11 01:00,-10.1,,2.1,1480
119,수원,2021-01-11 02:00,-11.2,,2.1,1211
119,수원,2021-01-11 03:00,-11.6,,2.1,1220
119,수원,2021-01-11 04:00,-11.3,,2.1,1391
119,수원,2021-01-11 05:00,-11.5,,2.1,1139
119,수원,2021-01-11 06:00,-11.4,,2.1,1048
119,수원,2021-01-11 07:00,-11.2,,2.1,984
119,수원,2021-01-11 08:00,-10.3,,2.1,1014
119,수원,2021-01-11 09:00,-9.6,,2.1,1262
119,수원,2021-01-11 10:00,-7.9,,2.1,1151
119,수원,2021-01-11 11:00,-6.7,,2.1,879
119,수원,2021-01-11 12:00,-5.7,,2.1,1067
119,수원,2021-01-11 13:00,-5,,2.1,1254
119,수원,2021-01-11 14:00,-4.6,,2.1,1364
119,수원,2021-01-11 15:00,-3.9,,2,1338
119,수원,2021-01-11 16:00,-3.9,,2,1420
119,수원,2021-01-11 17:00,-3.8,,2,1574
119,수원,2021-01-11 18:00,-4.4,,2,1517
119,수원,2021-01-11 19:00,-5.8,,2,1199
119,수원,2021-01-11 20:00,-6.4,,2,1073
119,수원,2021-01-11 21:00,-7.4,,2,1281
119,수원,2021-01-11 22:00,-7.1,,2,1185
119,수원,2021-01-11 23:00,-6.6,,2,1273
119,수원,2021-01-12 00:00,-6.7,,2,949
119,수원,2021-01-12 01:00,-7.1,,2,875
119,수원,2021-01-12 02:00,-7.3,,2,786
119,수원,2021-01-12 03:00,-7.9,,2,643
119,수원,2021-01-12 04:00,-9.6,,2,523
119,수원,2021-01-12 05:00,-11,,2,701
119,수원,2021-01-12 06:00,-10.1,,2,934
119,수원,2021-01-12 07:00,-10.2,,2,499
119,수원,2021-01-12 08:00,-9.3,,2,784
119,수원,2021-01-12 09:00,-7.1,,2,548
119,수원,2021-01-12 10:00,-4.8,,2,810
119,수원,2021-01-12 11:00,-3.1,,1.9,948
119,수원,2021-01-12 12:00,-1.8,,1.9,1168
119,수원,2021-01-12 13:00,-.8,,1.9,1023
119,수원,2021-01-12 14:00,.1,,1.9,1050
119,수원,2021-01-12 15:00,.5,0,1.7,1062
119,수원,2021-01-12 16:00,-.8,,2.9,71
119,수원,2021-01-12 17:00,-.5,,4.2,369
119,수원,2021-01-12 18:00,-.7,1.2,4.7,560
119,수원,2021-01-12 19:00,-.4,,4.7,381
119,수원,2021-01-12 20:00,-.6,,5.3,248
119,수원,2021-01-12 21:00,-1.3,.3,5.3,323
119,수원,2021-01-12 22:00,-1.1,,5.3,344
119,수원,2021-01-12 23:00,-2.3,,5.3,234
119,수원,2021-01-13 00:00,-2.7,,5.3,315
119,수원,2021-01-13 01:00,-2.9,,5.3,215
119,수원,2021-01-13 02:00,-3,,5.3,296
119,수원,2021-01-13 03:00,-3.5,,5.2,238
119,수원,2021-01-13 04:00,-3.9,,5.2,170
119,수원,2021-01-13 05:00,-4.6,,5.2,33
119,수원,2021-01-13 06:00,-4.7,,5.1,194
119,수원,2021-01-13 07:00,-3.4,,5.1,392
119,수원,2021-01-13 08:00,-3,,5.1,708
119,수원,2021-01-13 09:00,-2.3,,4.9,831
119,수원,2021-01-13 10:00,.1,,4.8,918
119,수원,2021-01-13 11:00,2.6,,4.6,729
119,수원,2021-01-13 12:00,4.5,,4,788
119,수원,2021-01-13 13:00,6.7,,1.4,848
119,수원,2021-01-13 14:00,8,,1,948
119,수원,2021-01-13 15:00,8.6,,,1150
119,수원,2021-01-13 16:00,8.2,,,1150
119,수원,2021-01-13 17:00,7.6,,,1458
119,수원,2021-01-13 18:00,6.4,,,1115
119,수원,2021-01-13 19:00,5.7,,,857
119,수원,2021-01-13 20:00,4.3,,,1727
119,수원,2021-01-13 21:00,4.2,,,737
119,수원,2021-01-13 22:00,2.3,,,945
119,수원,2021-01-13 23:00,1.2,,,693
119,수원,2021-01-14 00:00,.4,,,965
119,수원,2021-01-14 01:00,.2,,,924
119,수원,2021-01-14 02:00,-.1,,,1638
119,수원,2021-01-14 03:00,-1.3,,,1992
119,수원,2021-01-14 04:00,-1.9,,,1763
119,수원,2021-01-14 05:00,-2.9,,,1704
119,수원,2021-01-14 06:00,-3.7,,,1542
119,수원,2021-01-14 07:00,-4.1,,,1179
119,수원,2021-01-14 08:00,-5.3,,,1229
119,수원,2021-01-14 09:00,-3.1,,,1162
119,수원,2021-01-14 10:00,.7,,,1330
119,수원,2021-01-14 11:00,2.5,,,1812
119,수원,2021-01-14 12:00,3.8,,,2000
119,수원,2021-01-14 13:00,5.7,,,1745
119,수원,2021-01-14 14:00,6.8,,,1974
119,수원,2021-01-14 15:00,7.3,,,1944
119,수원,2021-01-14 16:00,7.6,,,2000
119,수원,2021-01-14 17:00,7,,,1961
119,수원,2021-01-14 18:00,5.5,,,1898
119,수원,2021-01-14 19:00,4.3,,,1912
119,수원,2021-01-14 20:00,3.3,,,1627
119,수원,2021-01-14 21:00,2.9,,,1857
119,수원,2021-01-14 22:00,2.1,,,1685
119,수원,2021-01-14 23:00,.6,,,1806
119,수원,2021-01-15 00:00,.2,,,1118
119,수원,2021-01-15 01:00,-.7,,,1523
119,수원,2021-01-15 02:00,-.6,,,1551
119,수원,2021-01-15 03:00,1.1,,,1565
119,수원,2021-01-15 04:00,1.6,,,1882
119,수원,2021-01-15 05:00,1.1,,,1681
119,수원,2021-01-15 06:00,1.7,,,1660
119,수원,2021-01-15 07:00,1.8,,,1718
119,수원,2021-01-15 08:00,2.2,,,1383
119,수원,2021-01-15 09:00,4.6,,,1284
119,수원,2021-01-15 10:00,6.3,,,1162
119,수원,2021-01-15 11:00,8.5,,,1292
119,수원,2021-01-15 12:00,9.8,0,,1792
119,수원,2021-01-15 13:00,11.2,,,1640
119,수원,2021-01-15 14:00,10.9,,,1663
119,수원,2021-01-15 15:00,10,,,912
119,수원,2021-01-15 16:00,6.9,,,586
119,수원,2021-01-15 17:00,6.2,,,598
119,수원,2021-01-15 18:00,3.7,,,506
119,수원,2021-01-15 19:00,2.8,,,665
119,수원,2021-01-15 20:00,2.3,,,697
119,수원,2021-01-15 21:00,2,,,1106
119,수원,2021-01-15 22:00,1.4,,,1190
119,수원,2021-01-15 23:00,.6,,,949
119,수원,2021-01-16 00:00,-.7,,,1682
119,수원,2021-01-16 01:00,-1.4,,,828
119,수원,2021-01-16 02:00,-2,,,734
119,수원,2021-01-16 03:00,-2.8,,,802
119,수원,2021-01-16 04:00,-3.6,,,699
119,수원,2021-01-16 05:00,-4,,,685
119,수원,2021-01-16 06:00,-3.8,,,570
119,수원,2021-01-16 07:00,-4,,,567
119,수원,2021-01-16 08:00,-4.3,,,611
119,수원,2021-01-16 09:00,-4.6,,,891
119,수원,2021-01-16 10:00,-4.3,,,729
119,수원,2021-01-16 11:00,-3.7,,,778
119,수원,2021-01-16 12:00,-2.5,,,1185
119,수원,2021-01-16 13:00,-2.5,,,1130
119,수원,2021-01-16 14:00,-2.5,,,1440
119,수원,2021-01-16 15:00,-3,,,2016
119,수원,2021-01-16 16:00,-2.6,,,1876
119,수원,2021-01-16 17:00,-3.4,,,2000
119,수원,2021-01-16 18:00,-4.2,,,1999
119,수원,2021-01-16 19:00,-4.8,,,2000
119,수원,2021-01-16 20:00,-4.9,,,2000
119,수원,2021-01-16 21:00,-5.5,,,2000
119,수원,2021-01-16 22:00,-6.1,,,2000
119,수원,2021-01-16 23:00,-6.6,,,2000
119,수원,2021-01-17 00:00,-7.3,,,1950
119,수원,2021-01-17 01:00,-7.9,,,2000
119,수원,2021-01-17 02:00,-8.2,,,2000
119,수원,2021-01-17 03:00,-9.1,,,2000
119,수원,2021-01-17 04:00,-9.5,,,2000
119,수원,2021-01-17 05:00,-9.8,,,2000
119,수원,2021-01-17 06:00,-10,,,1994
119,수원,2021-01-17 07:00,-10.6,,,2000
119,수원,2021-01-17 08:00,-11.1,,,1999
119,수원,2021-01-17 09:00,-8.4,,,1991
119,수원,2021-01-17 10:00,-6.8,,,1960
119,수원,2021-01-17 11:00,-5.8,,,1982
119,수원,2021-01-17 12:00,-3.9,,,1998
119,수원,2021-01-17 13:00,-2.5,,,2000
119,수원,2021-01-17 14:00,-2.2,,,2000
119,수원,2021-01-17 15:00,-2,0,,1997
119,수원,2021-01-17 16:00,-2.3,,,2000
119,수원,2021-01-17 17:00,-1.5,,,2000
119,수원,2021-01-17 18:00,-2.2,0,,2000
119,수원,2021-01-17 19:00,-2.7,,,2000
119,수원,2021-01-17 20:00,-2.6,,,1962
119,수원,2021-01-17 21:00,-3,0,.2,1439
119,수원,2021-01-17 22:00,-2.9,,1.8,375
119,수원,2021-01-17 23:00,-2.8,,2.3,1005
119,수원,2021-01-18 00:00,-3.5,1.1,2.8,572
119,수원,2021-01-18 01:00,-4.1,,2.8,1100
119,수원,2021-01-18 02:00,-3.2,,2.8,392
119,수원,2021-01-18 03:00,-4,.1,2.9,468
119,수원,2021-01-18 04:00,-4,,2.9,474
119,수원,2021-01-18 05:00,-3,,3.2,1100
119,수원,2021-01-18 06:00,-3.6,.1,3.2,572
119,수원,2021-01-18 07:00,-4.5,,3.1,547
119,수원,2021-01-18 08:00,-3.7,,3.1,618
119,수원,2021-01-18 09:00,-3.3,.1,3.4,785
119,수원,2021-01-18 10:00,-2.4,,3.5,582
119,수원,2021-01-18 11:00,-1.2,,3.4,522
119,수원,2021-01-18 12:00,.4,0,3.2,420
119,수원,2021-01-18 13:00,1.5,,2,739
119,수원,2021-01-18 14:00,.9,,1,1700
119,수원,2021-01-18 15:00,.6,0,.5,1545
119,수원,2021-01-18 16:00,.8,,.1,1886
119,수원,2021-01-18 17:00,-.8,,,2000
119,수원,2021-01-18 18:00,-2.5,0,,2000
119,수원,2021-01-18 19:00,-4.1,,,2000
119,수원,2021-01-18 20:00,-4.8,,,2000
119,수원,2021-01-18 21:00,-5.1,,,2000
119,수원,2021-01-18 22:00,-5.7,,,2000
119,수원,2021-01-18 23:00,-7,,,2000
119,수원,2021-01-19 00:00,-8.1,,,2000
119,수원,2021-01-19 01:00,-8.8,,,2000
119,수원,2021-01-19 02:00,-9.6,,,2000
119,수원,2021-01-19 03:00,-10,,,2000
119,수원,2021-01-19 04:00,-11.2,,,2000
119,수원,2021-01-19 05:00,-11,,,2000
119,수원,2021-01-19 06:00,-11.6,,,2000
119,수원,2021-01-19 07:00,-11.7,,,2000
119,수원,2021-01-19 08:00,-11.7,,,2000
119,수원,2021-01-19 09:00,-9.3,,,2000
119,수원,2021-01-19 10:00,-7.3,,,1945
119,수원,2021-01-19 11:00,-5.3,,,2000
119,수원,2021-01-19 12:00,-4.5,,,1985
119,수원,2021-01-19 13:00,-3.2,,,1988
119,수원,2021-01-19 14:00,-2,,,1972
119,수원,2021-01-19 15:00,-1.6,,,2000
119,수원,2021-01-19 16:00,-1.5,,,1996
119,수원,2021-01-19 17:00,-1.7,,,2000
119,수원,2021-01-19 18:00,-3.1,,,1992
119,수원,2021-01-19 19:00,-3.5,,,1960
119,수원,2021-01-19 20:00,-4.9,,,1857
119,수원,2021-01-19 21:00,-5.8,,,1849
119,수원,2021-01-19 22:00,-5.9,,,1989
119,수원,2021-01-19 23:00,-7.1,,,1836
119,수원,2021-01-20 00:00,-7,,,1803
119,수원,2021-01-20 01:00,-7.3,,,1841
119,수원,2021-01-20 02:00,-8.2,,,1785
119,수원,2021-01-20 03:00,-7.6,,,1780
119,수원,2021-01-20 04:00,-6.8,,,2000
119,수원,2021-01-20 05:00,-7.6,,,1996
119,수원,2021-01-20 06:00,-6.2,,,1950
119,수원,2021-01-20 07:00,-5.1,,,2000
119,수원,2021-01-20 08:00,-4.9,,,2000
119,수원,2021-01-20 09:00,-3.5,,,2000
119,수원,2021-01-20 10:00,-1.8,,,2000
119,수원,2021-01-20 11:00,.4,,,1973
119,수원,2021-01-20 12:00,1.8,,,2000
119,수원,2021-01-20 13:00,4.2,,,1939
119,수원,2021-01-20 14:00,5.8,,,2000
119,수원,2021-01-20 15:00,6.9,,,2000
119,수원,2021-01-20 16:00,7.4,,,1959
119,수원,2021-01-20 17:00,6.1,,,2000
119,수원,2021-01-20 18:00,4.1,,,1866
119,수원,2021-01-20 19:00,2.7,,,1557
119,수원,2021-01-20 20:00,.5,,,1880
119,수원,2021-01-20 21:00,.5,,,1523
119,수원,2021-01-20 22:00,-.2,,,1636
119,수원,2021-01-20 23:00,-.7,,,1847
119,수원,2021-01-21 00:00,.5,,,1766
119,수원,2021-01-21 01:00,.3,,,1858
119,수원,2021-01-21 02:00,2,,,1947
119,수원,2021-01-21 03:00,1.8,,,1831
119,수원,2021-01-21 04:00,2.5,,,1893
119,수원,2021-01-21 05:00,2.4,,,1919
119,수원,2021-01-21 06:00,2.6,,,1988
119,수원,2021-01-21 07:00,2.2,,,1970
119,수원,2021-01-21 08:00,2.7,,,1948
119,수원,2021-01-21 09:00,3.7,,,1755
119,수원,2021-01-21 10:00,5.3,,,1948
119,수원,2021-01-21 11:00,6.3,,,1800
119,수원,2021-01-21 12:00,7.7,,,1755
119,수원,2021-01-21 13:00,8,,,1836
119,수원,2021-01-21 14:00,7.5,,,1348
119,수원,2021-01-21 15:00,5.8,.8,,597
119,수원,2021-01-21 16:00,5.2,,,601
119,수원,2021-01-21 17:00,5,,,483
119,수원,2021-01-21 18:00,4.9,3.7,,303
119,수원,2021-01-21 19:00,4.9,,,300
119,수원,2021-01-21 20:00,5,,,388
119,수원,2021-01-21 21:00,5,3.6,,242
119,수원,2021-01-21 22:00,4.9,,,195
119,수원,2021-01-21 23:00,4.6,,,145
119,수원,2021-01-22 00:00,4.6,1,,218
119,수원,2021-01-22 01:00,4.5,,,333
119,수원,2021-01-22 02:00,4.5,,,177
119,수원,2021-01-22 03:00,4,,,150
119,수원,2021-01-22 04:00,4.4,,,228
119,수원,2021-01-22 05:00,4.1,,,129
119,수원,2021-01-22 06:00,4.6,,,94
119,수원,2021-01-22 07:00,4.8,,,180
119,수원,2021-01-22 08:00,4.6,,,266
119,수원,2021-01-22 09:00,5.1,,,300
119,수원,2021-01-22 10:00,5.6,,,313
119,수원,2021-01-22 11:00,6.2,,,480
119,수원,2021-01-22 12:00,6.7,,,783
119,수원,2021-01-22 13:00,7,,,1600
119,수원,2021-01-22 14:00,7.5,,,1776
119,수원,2021-01-22 15:00,7.2,,,1542
119,수원,2021-01-22 16:00,7.1,,,689
119,수원,2021-01-22 17:00,6.4,,,553
119,수원,2021-01-22 18:00,6.1,,,583
119,수원,2021-01-22 19:00,5.9,,,621
119,수원,2021-01-22 20:00,6.3,,,669
119,수원,2021-01-22 21:00,6,,,536
119,수원,2021-01-22 22:00,6,,,516
119,수원,2021-01-22 23:00,5.6,,,574
119,수원,2021-01-23 00:00,5.5,,,521
119,수원,2021-01-23 01:00,5,,,634
119,수원,2021-01-23 02:00,4.9,,,513
119,수원,2021-01-23 03:00,4.2,,,711
119,수원,2021-01-23 04:00,4.9,,,1321
119,수원,2021-01-23 05:00,4.6,,,1233
119,수원,2021-01-23 06:00,3.2,,,1325
119,수원,2021-01-23 07:00,3.7,,,1794
119,수원,2021-01-23 08:00,5.2,,,2000
119,수원,2021-01-23 09:00,6.8,,,2000
119,수원,2021-01-23 10:00,7.8,,,2000
119,수원,2021-01-23 11:00,9.3,,,2000
119,수원,2021-01-23 12:00,10.5,,,2000
119,수원,2021-01-23 13:00,10.8,,,2000
119,수원,2021-01-23 14:00,11.5,,,1997
119,수원,2021-01-23 15:00,12.1,,,2000
119,수원,2021-01-23 16:00,11.9,,,2000
119,수원,2021-01-23 17:00,11.7,,,2000
119,수원,2021-01-23 18:00,11.2,,,2000
119,수원,2021-01-23 19:00,10.3,,,2000
119,수원,2021-01-23 20:00,9.4,,,2000
119,수원,2021-01-23 21:00,8.5,,,2000
119,수원,2021-01-23 22:00,8,,,1950
119,수원,2021-01-23 23:00,7.2,,,2000
119,수원,2021-01-24 00:00,6.8,,,2000
119,수원,2021-01-24 01:00,6.2,,,2000
119,수원,2021-01-24 02:00,6,,,2000
119,수원,2021-01-24 03:00,5.4,,,2000
119,수원,2021-01-24 04:00,4.4,,,2000
119,수원,2021-01-24 05:00,3.9,,,1990
119,수원,2021-01-24 06:00,3.9,,,2000
119,수원,2021-01-24 07:00,3.9,,,2000
119,수원,2021-01-24 08:00,1.6,,,2000
119,수원,2021-01-24 09:00,5.5,,,2000
119,수원,2021-01-24 10:00,6.9,,,2000
119,수원,2021-01-24 11:00,8.4,,,2000
119,수원,2021-01-24 12:00,10.2,,,2000
119,수원,2021-01-24 13:00,10.9,,,2000
119,수원,2021-01-24 14:00,11.8,,,2000
119,수원,2021-01-24 15:00,12.5,,,2000
119,수원,2021-01-24 16:00,12.5,,,2000
119,수원,2021-01-24 17:00,11.8,,,2000
119,수원,2021-01-24 18:00,9.9,,,2000
119,수원,2021-01-24 19:00,7.7,,,1950
119,수원,2021-01-24 20:00,5.9,,,1829
119,수원,2021-01-24 21:00,4.6,,,1830
119,수원,2021-01-24 22:00,4.2,,,1543
119,수원,2021-01-24 23:00,3,,,1526
119,수원,2021-01-25 00:00,3.2,,,1583
119,수원,2021-01-25 01:00,2.7,,,1555
119,수원,2021-01-25 02:00,1.6,,,1044
119,수원,2021-01-25 03:00,1.9,,,1538
119,수원,2021-01-25 04:00,1.1,,,1213
119,수원,2021-01-25 05:00,1,,,1133
119,수원,2021-01-25 06:00,1.2,,,1212
119,수원,2021-01-25 07:00,2.5,,,1816
119,수원,2021-01-25 08:00,4.3,,,1570
119,수원,2021-01-25 09:00,5.5,,,1948
119,수원,2021-01-25 10:00,7.5,,,1999
119,수원,2021-01-25 11:00,8.5,,,1950
119,수원,2021-01-25 12:00,10.3,,,1966
119,수원,2021-01-25 13:00,12.3,,,1907
119,수원,2021-01-25 14:00,13.1,,,1951
119,수원,2021-01-25 15:00,13.9,,,1990
119,수원,2021-01-25 16:00,13.6,,,1988
119,수원,2021-01-25 17:00,13.2,,,2000
119,수원,2021-01-25 18:00,11.1,,,2000
119,수원,2021-01-25 19:00,9.6,,,2000
119,수원,2021-01-25 20:00,7.9,,,2000
119,수원,2021-01-25 21:00,6.6,,,1518
119,수원,2021-01-25 22:00,5.5,,,1299
119,수원,2021-01-25 23:00,4.3,,,1100
119,수원,2021-01-26 00:00,4.5,,,1100
119,수원,2021-01-26 01:00,4.1,,,876
119,수원,2021-01-26 02:00,4.1,,,916
119,수원,2021-01-26 03:00,4.3,,,970
119,수원,2021-01-26 04:00,4.7,,,930
119,수원,2021-01-26 05:00,4.1,,,821
119,수원,2021-01-26 06:00,4.4,,,950
119,수원,2021-01-26 07:00,4.7,,,1317
119,수원,2021-01-26 08:00,5.2,,,2000
119,수원,2021-01-26 09:00,4.4,.3,,1251
119,수원,2021-01-26 10:00,4.6,,,677
119,수원,2021-01-26 11:00,4.7,,,575
119,수원,2021-01-26 12:00,5,3.4,,417
119,수원,2021-01-26 13:00,6,,,546
119,수원,2021-01-26 14:00,6.2,,,588
119,수원,2021-01-26 15:00,6.5,0,,569
119,수원,2021-01-26 16:00,6.1,,,631
119,수원,2021-01-26 17:00,5,,,331
119,수원,2021-01-26 18:00,4.2,.4,,444
119,수원,2021-01-26 19:00,4.1,,,1120
119,수원,2021-01-26 20:00,4.1,,,1447
119,수원,2021-01-26 21:00,4,,,657
119,수원,2021-01-26 22:00,2.8,,,857
119,수원,2021-01-26 23:00,2.2,,,674
119,수원,2021-01-27 00:00,1.1,,,581
119,수원,2021-01-27 01:00,.2,,,636
119,수원,2021-01-27 02:00,.7,,,643
119,수원,2021-01-27 03:00,.2,,,741
119,수원,2021-01-27 04:00,0,,,1255
119,수원,2021-01-27 05:00,-.3,,,1395
119,수원,2021-01-27 06:00,-1,,,1318
119,수원,2021-01-27 07:00,-1.5,,,1766
119,수원,2021-01-27 08:00,-1.8,,,1725
119,수원,2021-01-27 09:00,-.3,,,1860
119,수원,2021-01-27 10:00,1.5,,,1881
119,수원,2021-01-27 11:00,3.3,,,1991
119,수원,2021-01-27 12:00,5.1,,,1989
119,수원,2021-01-27 13:00,5.3,,,2000
119,수원,2021-01-27 14:00,5.6,,,2000
119,수원,2021-01-27 15:00,6.2,,,2000
119,수원,2021-01-27 16:00,5.3,,,2000
119,수원,2021-01-27 17:00,3.4,,,2000
119,수원,2021-01-27 18:00,1.6,,,1996
119,수원,2021-01-27 19:00,.9,,,2000
119,수원,2021-01-27 20:00,.8,,,1950
119,수원,2021-01-27 21:00,.5,,,2000
119,수원,2021-01-27 22:00,0,,,2000
119,수원,2021-01-27 23:00,-.4,,,1996
119,수원,2021-01-28 00:00,-.3,,,2000
119,수원,2021-01-28 01:00,-.5,,,1999
119,수원,2021-01-28 02:00,-.6,,,1899
119,수원,2021-01-28 03:00,-.5,,,1710
119,수원,2021-01-28 04:00,-1.1,,,1864
119,수원,2021-01-28 05:00,-1.7,,,1750
119,수원,2021-01-28 06:00,-1.2,,,1770
119,수원,2021-01-28 07:00,-1.5,,,1920
119,수원,2021-01-28 08:00,-2,,,1443
119,수원,2021-01-28 09:00,-.6,,,1618
119,수원,2021-01-28 10:00,-.6,,0,519
119,수원,2021-01-28 11:00,-.3,,2.8,168
119,수원,2021-01-28 12:00,1.3,2.3,2.5,1510
119,수원,2021-01-28 13:00,.5,,1.8,1579
119,수원,2021-01-28 14:00,.6,,1,1860
119,수원,2021-01-28 15:00,-.4,0,.8,1989
119,수원,2021-01-28 16:00,-1.5,,.6,1979
119,수원,2021-01-28 17:00,-3,,.6,2000
119,수원,2021-01-28 18:00,-4.3,,.6,1851
119,수원,2021-01-28 19:00,-4.4,,.6,2000
119,수원,2021-01-28 20:00,-6,,.6,2000
119,수원,2021-01-28 21:00,-6.9,,.6,2000
119,수원,2021-01-28 22:00,-7.4,,.6,2000
119,수원,2021-01-28 23:00,-7.7,,.6,2000
119,수원,2021-01-29 00:00,-8.6,,.6,2000
119,수원,2021-01-29 01:00,-9.2,,.6,1950
119,수원,2021-01-29 02:00,-9.7,,.6,2000
119,수원,2021-01-29 03:00,-10.3,,.6,2000
119,수원,2021-01-29 04:00,-10.4,,.6,2000
119,수원,2021-01-29 05:00,-10.7,,.6,2000
119,수원,2021-01-29 06:00,-10.2,,.6,1953
119,수원,2021-01-29 07:00,-10.5,,.6,2000
119,수원,2021-01-29 08:00,-10.3,,.6,2000
119,수원,2021-01-29 09:00,-9.7,,.5,1995
119,수원,2021-01-29 10:00,-8.6,,.3,1994
119,수원,2021-01-29 11:00,-8,,.2,1992
119,수원,2021-01-29 12:00,-6.9,,.1,2000
119,수원,2021-01-29 13:00,-6.5,,.1,2000
119,수원,2021-01-29 14:00,-5.3,,,1994
119,수원,2021-01-29 15:00,-4.7,,,2000
119,수원,2021-01-29 16:00,-5,,,2000
119,수원,2021-01-29 17:00,-5.7,,,2000
119,수원,2021-01-29 18:00,-6.4,,,2000
119,수원,2021-01-29 19:00,-7.1,,,1963
119,수원,2021-01-29 20:00,-7.6,,,2000
119,수원,2021-01-29 21:00,-8.1,,,2000
119,수원,2021-01-29 22:00,-8.3,,,2000
119,수원,2021-01-29 23:00,-8.2,,,2000
119,수원,2021-01-30 00:00,-8.5,,,1947
119,수원,2021-01-30 01:00,-6.9,,,1999
119,수원,2021-01-30 02:00,-6.6,,,2000
119,수원,2021-01-30 03:00,-5.4,,,2000
119,수원,2021-01-30 04:00,-4.9,,,2000
119,수원,2021-01-30 05:00,-5.1,,,2000
119,수원,2021-01-30 06:00,-4.6,0,,1973
119,수원,2021-01-30 07:00,-4.8,,,1020
119,수원,2021-01-30 08:00,-4,,,1940
119,수원,2021-01-30 09:00,-3.1,0,,1962
119,수원,2021-01-30 10:00,-2.1,,,1694
119,수원,2021-01-30 11:00,-.3,,,1799
119,수원,2021-01-30 12:00,1.5,0,,1647
119,수원,2021-01-30 13:00,4.9,,,1222
119,수원,2021-01-30 14:00,6,,,1215
119,수원,2021-01-30 15:00,5.9,,,1908
119,수원,2021-01-30 16:00,5.6,,,1308
119,수원,2021-01-30 17:00,4.8,,,1705
119,수원,2021-01-30 18:00,3.2,,,1807
119,수원,2021-01-30 19:00,1.5,,,1240
119,수원,2021-01-30 20:00,-.2,,,760
119,수원,2021-01-30 21:00,-1,,,1693
119,수원,2021-01-30 22:00,-1.7,,,1032
119,수원,2021-01-30 23:00,-2.4,,,506
119,수원,2021-01-31 00:00,-3,,,786
119,수원,2021-01-31 01:00,-3.6,,,833
119,수원,2021-01-31 02:00,-4.3,,,550
119,수원,2021-01-31 03:00,-4.1,,,662
119,수원,2021-01-31 04:00,-4.2,,,672
119,수원,2021-01-31 05:00,-4.3,,,419
119,수원,2021-01-31 06:00,-5.4,,,459
119,수원,2021-01-31 07:00,-4.6,,,814
119,수원,2021-01-31 08:00,-4.3,,,817
119,수원,2021-01-31 09:00,-.5,,,1215
119,수원,2021-01-31 10:00,1.9,,,1832
119,수원,2021-01-31 11:00,3.8,,,1716
119,수원,2021-01-31 12:00,6.4,,,1902
119,수원,2021-01-31 13:00,7.5,,,1986
119,수원,2021-01-31 14:00,9,,,1995
119,수원,2021-01-31 15:00,10.1,,,1961
119,수원,2021-01-31 16:00,10,,,1906
119,수원,2021-01-31 17:00,9.5,,,1967
119,수원,2021-01-31 18:00,8.5,,,1753
119,수원,2021-01-31 19:00,7.6,,,1735
119,수원,2021-01-31 20:00,7.3,,,1766
119,수원,2021-01-31 21:00,6.7,,,1871
119,수원,2021-01-31 22:00,6.6,,,1863
119,수원,2021-01-31 23:00,6.4,,,2038
119,수원,2021-02-01 00:00,6.8,,,1972
119,수원,2021-02-01 01:00,6.6,,,1790
119,수원,2021-02-01 02:00,6.3,,,1918
119,수원,2021-02-01 03:00,5.9,.3,,1728
119,수원,2021-02-01 04:00,4.6,,,817
119,수원,2021-02-01 05:00,4.8,,,633
119,수원,2021-02-01 06:00,5.3,1.4,,241
119,수원,2021-02-01 07:00,5.3,,,150
119,수원,2021-02-01 08:00,5.6,,,122
119,수원,2021-02-01 09:00,5.8,,,218
119,수원,2021-02-01 10:00,7,,,263
119,수원,2021-02-01 11:00,8.2,,,633
119,수원,2021-02-01 12:00,8.7,,,522
119,수원,2021-02-01 13:00,9.3,,,509
119,수원,2021-02-01 14:00,9.2,,,579
119,수원,2021-02-01 15:00,8.3,,,503
119,수원,2021-02-01 16:00,6.3,,,384
119,수원,2021-02-01 17:00,5.5,,,404
119,수원,2021-02-01 18:00,4.3,,,313
119,수원,2021-02-01 19:00,4.2,,,308
119,수원,2021-02-01 20:00,3.3,,,349
119,수원,2021-02-01 21:00,3,,,380
119,수원,2021-02-01 22:00,1.7,,,743
119,수원,2021-02-01 23:00,.3,,,1288
119,수원,2021-02-02 00:00,-1.2,,,1074
119,수원,2021-02-02 01:00,-2.2,,,1741
119,수원,2021-02-02 02:00,-2.8,,,2000
119,수원,2021-02-02 03:00,-3.3,,,2000
119,수원,2021-02-02 04:00,-4.3,,,2000
119,수원,2021-02-02 05:00,-5.1,,,2000
119,수원,2021-02-02 06:00,-5.8,,,2000
119,수원,2021-02-02 07:00,-6.6,,,1996
119,수원,2021-02-02 08:00,-6.8,,,2000
119,수원,2021-02-02 09:00,-6.2,,,1974
119,수원,2021-02-02 10:00,-5.3,,,1948
119,수원,2021-02-02 11:00,-4.7,,,1990
119,수원,2021-02-02 12:00,-3.8,,,2000
119,수원,2021-02-02 13:00,-3,,,1991
119,수원,2021-02-02 14:00,-3,,,1995
119,수원,2021-02-02 15:00,-3.4,,,1987
119,수원,2021-02-02 16:00,-3.2,,,1971
119,수원,2021-02-02 17:00,-3.7,,,2000
119,수원,2021-02-02 18:00,-4.5,,,2000
119,수원,2021-02-02 19:00,-4.9,,,1950
119,수원,2021-02-02 20:00,-4.5,,,1999
119,수원,2021-02-02 21:00,-5.2,0,.1,884
119,수원,2021-02-02 22:00,-4.8,,.2,362
119,수원,2021-02-02 23:00,-5.8,,.5,1767
119,수원,2021-02-03 00:00,-6.5,.1,.5,1891
119,수원,2021-02-03 01:00,-7.4,,.5,2000
119,수원,2021-02-03 02:00,-8.2,,.5,2000
119,수원,2021-02-03 03:00,-8.9,0,.3,2000
119,수원,2021-02-03 04:00,-8.7,,.2,2000
119,수원,2021-02-03 05:00,-10,,.2,2000
119,수원,2021-02-03 06:00,-10.1,,.2,2028
119,수원,2021-02-03 07:00,-9.6,,.2,2003
119,수원,2021-02-03 08:00,-9.3,,.2,1846
119,수원,2021-02-03 09:00,-7,,.2,1589
119,수원,2021-02-03 10:00,-5.6,,.2,1700
119,수원,2021-02-03 11:00,-3.8,,.2,1976
119,수원,2021-02-03 12:00,-1.8,,,1933
119,수원,2021-02-03 13:00,-1,,,1910
119,수원,2021-02-03 14:00,.7,,,1955
119,수원,2021-02-03 15:00,1.5,,,2000
119,수원,2021-02-03 16:00,1.3,,,1996
119,수원,2021-02-03 17:00,1.3,,,1937
119,수원,2021-02-03 18:00,.8,,,1941
119,수원,2021-02-03 19:00,.4,,,1880
119,수원,2021-02-03 20:00,.2,,,1796
119,수원,2021-02-03 21:00,.1,0,,1557
119,수원,2021-02-03 22:00,-1.1,,1.5,73
119,수원,2021-02-03 23:00,-1.2,,6.5,431
119,수원,2021-02-04 00:00,-.3,3.8,6.2,935
119,수원,2021-02-04 01:00,.3,,7.3,304
119,수원,2021-02-04 02:00,.6,,7.2,2000
119,수원,2021-02-04 03:00,-2.6,1.6,6.4,1961
119,수원,2021-02-04 04:00,-4,,6.2,1998
119,수원,2021-02-04 05:00,-4.9,,6.1,2000
119,수원,2021-02-04 06:00,-5.7,,6.1,2000
119,수원,2021-02-04 07:00,-7.6,,6.1,2000
119,수원,2021-02-04 08:00,-7.8,,6.1,2000
119,수원,2021-02-04 09:00,-5.7,,6.1,2000
119,수원,2021-02-04 10:00,-5.2,,5.9,1949
119,수원,2021-02-04 11:00,-4.2,,5.7,1993
119,수원,2021-02-04 12:00,-3.3,,5.4,1965
119,수원,2021-02-04 13:00,-2.5,,4.8,1999
119,수원,2021-02-04 14:00,-1.7,,4.3,2000
119,수원,2021-02-04 15:00,-.7,,3.5,2000
119,수원,2021-02-04 16:00,-.3,,3.2,2000
119,수원,2021-02-04 17:00,-.3,,3.2,2000
119,수원,2021-02-04 18:00,-1.8,,3.2,2000
119,수원,2021-02-04 19:00,-2.7,,3.2,1996
119,수원,2021-02-04 20:00,-4.1,,3.2,2000
119,수원,2021-02-04 21:00,-4.4,,3.2,2000
119,수원,2021-02-04 22:00,-5.6,,3.2,2000
119,수원,2021-02-04 23:00,-5.7,,3.2,2000
119,수원,2021-02-05 00:00,-6.5,,3.2,2000
119,수원,2021-02-05 01:00,-6.3,,3.2,1971
119,수원,2021-02-05 02:00,-5.4,,3.2,1945
119,수원,2021-02-05 03:00,-5.2,,3.2,1853
119,수원,2021-02-05 04:00,-5.7,,3.2,1993
119,수원,2021-02-05 05:00,-5.6,,3.2,2000
119,수원,2021-02-05 06:00,-5.3,,3.2,2000
119,수원,2021-02-05 07:00,-5.7,,3.2,1972
119,수원,2021-02-05 08:00,-4.9,,3.2,1610
119,수원,2021-02-05 09:00,-3.2,,3.2,1618
119,수원,2021-02-05 10:00,-.8,,3,1948
119,수원,2021-02-05 11:00,.5,,2.8,1810
119,수원,2021-02-05 12:00,2.4,,2.6,1948
119,수원,2021-02-05 13:00,3.1,,2.2,1873
119,수원,2021-02-05 14:00,5.1,,1.3,1982
119,수원,2021-02-05 15:00,6,,.5,1977
119,수원,2021-02-05 16:00,6.6,,.2,1999
119,수원,2021-02-05 17:00,5.3,,,1996
119,수원,2021-02-05 18:00,4.2,,,1906
119,수원,2021-02-05 19:00,3.5,,,2038
119,수원,2021-02-05 20:00,2.2,,,1853
119,수원,2021-02-05 21:00,2.4,,,1909
119,수원,2021-02-05 22:00,3.3,,,2000
119,수원,2021-02-05 23:00,3.2,,,2000
119,수원,2021-02-06 00:00,2.5,,,2000
119,수원,2021-02-06 01:00,1.7,,,2000
119,수원,2021-02-06 02:00,1.4,,,2000
119,수원,2021-02-06 03:00,2.1,,,2000
119,수원,2021-02-06 04:00,1.9,,,2000
119,수원,2021-02-06 05:00,2,,,2000
119,수원,2021-02-06 06:00,2.5,,,1991
119,수원,2021-02-06 07:00,2.6,,,1928
119,수원,2021-02-06 08:00,3.4,,,1941
119,수원,2021-02-06 09:00,3.8,,,1833
119,수원,2021-02-06 10:00,5,,,1631
119,수원,2021-02-06 11:00,5.9,,,1592
119,수원,2021-02-06 12:00,8.4,,,842
119,수원,2021-02-06 13:00,9.2,,,749
119,수원,2021-02-06 14:00,9.6,,,711
119,수원,2021-02-06 15:00,9.8,,,718
119,수원,2021-02-06 16:00,9.6,,,695
119,수원,2021-02-06 17:00,8.6,,,524
119,수원,2021-02-06 18:00,7.7,,,596
119,수원,2021-02-06 19:00,7.9,,,528
119,수원,2021-02-06 20:00,7.6,,,466
119,수원,2021-02-06 21:00,7.3,,,463
119,수원,2021-02-06 22:00,7.8,,,423
119,수원,2021-02-06 23:00,7.5,,,369
119,수원,2021-02-07 00:00,7,,,390
119,수원,2021-02-07 01:00,7,,,384
119,수원,2021-02-07 02:00,6.5,,,332
119,수원,2021-02-07 03:00,5.8,,,242
119,수원,2021-02-07 04:00,5.4,,,354
119,수원,2021-02-07 05:00,5.1,,,274
119,수원,2021-02-07 06:00,4.1,,,182
119,수원,2021-02-07 07:00,3.8,,,183
119,수원,2021-02-07 08:00,2.6,,,71
119,수원,2021-02-07 09:00,2.5,,,56
119,수원,2021-02-07 10:00,2.5,,,90
119,수원,2021-02-07 11:00,3.1,,,211
119,수원,2021-02-07 12:00,4.8,,,487
119,수원,2021-02-07 13:00,5,,,339
119,수원,2021-02-07 14:00,5.3,,,659
119,수원,2021-02-07 15:00,5.8,,,746
119,수원,2021-02-07 16:00,5.8,,,817
119,수원,2021-02-07 17:00,5.4,,,1955
119,수원,2021-02-07 18:00,3.6,,,2000
119,수원,2021-02-07 19:00,2.3,,,2000
119,수원,2021-02-07 20:00,1.6,,,1965
119,수원,2021-02-07 21:00,.8,,,2000
119,수원,2021-02-07 22:00,-.2,,,1950
119,수원,2021-02-07 23:00,-1.5,,,1951
119,수원,2021-02-08 00:00,-2.2,,,1740
119,수원,2021-02-08 01:00,-2.4,,,1882
119,수원,2021-02-08 02:00,-2.8,,,1984
119,수원,2021-02-08 03:00,-3.1,,,1986
119,수원,2021-02-08 04:00,-3.3,,,1996
119,수원,2021-02-08 05:00,-3.7,,,1999
119,수원,2021-02-08 06:00,-4.5,,,1946
119,수원,2021-02-08 07:00,-4.3,,,2000
119,수원,2021-02-08 08:00,-4.4,,,2000
119,수원,2021-02-08 09:00,-4,,,1998
119,수원,2021-02-08 10:00,-3,,,2000
119,수원,2021-02-08 11:00,-1.8,,,2016
119,수원,2021-02-08 12:00,-1.3,,,2000
119,수원,2021-02-08 13:00,-.8,,,1995
119,수원,2021-02-08 14:00,-.7,,,2000
119,수원,2021-02-08 15:00,-.1,,,2000
119,수원,2021-02-08 16:00,.2,,,2000
119,수원,2021-02-08 17:00,-.3,,,2000
119,수원,2021-02-08 18:00,-1.1,,,2000
119,수원,2021-02-08 19:00,-1.7,,,2000
119,수원,2021-02-08 20:00,-2,,,2000
119,수원,2021-02-08 21:00,-2.6,,,2000
119,수원,2021-02-08 22:00,-3.1,,,2000
119,수원,2021-02-08 23:00,-3.6,,,2000
119,수원,2021-02-09 00:00,-4,,,2000
119,수원,2021-02-09 01:00,-4.5,,,1823
119,수원,2021-02-09 02:00,-5.1,,,2000
119,수원,2021-02-09 03:00,-5.6,,,2000
119,수원,2021-02-09 04:00,-6.3,,,2000
119,수원,2021-02-09 05:00,-6.7,,,2000
119,수원,2021-02-09 06:00,-6.9,,,2000
119,수원,2021-02-09 07:00,-7.3,,,1998
119,수원,2021-02-09 08:00,-5.9,,,1867
119,수원,2021-02-09 09:00,-3,,,1977
119,수원,2021-02-09 10:00,-1.3,,,1893
119,수원,2021-02-09 11:00,0,,,2005
119,수원,2021-02-09 12:00,1.7,,,1995
119,수원,2021-02-09 13:00,2.7,,,2000
119,수원,2021-02-09 14:00,3.3,,,2000
119,수원,2021-02-09 15:00,3.5,,,2000
119,수원,2021-02-09 16:00,3.6,,,2000
119,수원,2021-02-09 17:00,3.4,,,2000
119,수원,2021-02-09 18:00,2.5,,,2000
119,수원,2021-02-09 19:00,.8,,,2000
119,수원,2021-02-09 20:00,-.1,,,2000
119,수원,2021-02-09 21:00,-.3,,,2000
119,수원,2021-02-09 22:00,-.8,,,1949
119,수원,2021-02-09 23:00,-1.3,,,2000
119,수원,2021-02-10 00:00,-2,,,1994
119,수원,2021-02-10 01:00,-1.5,,,1994
119,수원,2021-02-10 02:00,-2.8,,,2001
119,수원,2021-02-10 03:00,-3.3,,,1998
119,수원,2021-02-10 04:00,-2.9,,,1976
119,수원,2021-02-10 05:00,-2.4,,,1840
119,수원,2021-02-10 06:00,-2.2,,,1993
119,수원,2021-02-10 07:00,-1.5,,,1986
119,수원,2021-02-10 08:00,-1.4,,,1957
119,수원,2021-02-10 09:00,.3,,,1917
119,수원,2021-02-10 10:00,1.4,,,1559
119,수원,2021-02-10 11:00,3.2,,,1474
119,수원,2021-02-10 12:00,4.7,,,1510
119,수원,2021-02-10 13:00,6.1,,,1830
119,수원,2021-02-10 14:00,6.6,,,1868
119,수원,2021-02-10 15:00,6.9,,,1613
119,수원,2021-02-10 16:00,7.3,,,1928
119,수원,2021-02-10 17:00,6.8,,,1772
119,수원,2021-02-10 18:00,5.7,,,2000
119,수원,2021-02-10 19:00,4.3,,,1385
119,수원,2021-02-10 20:00,3.7,,,896
119,수원,2021-02-10 21:00,3.5,,,774
119,수원,2021-02-10 22:00,2.6,,,750
119,수원,2021-02-10 23:00,2.7,,,745
119,수원,2021-02-11 00:00,2.6,,,653
119,수원,2021-02-11 01:00,2.4,,,564
119,수원,2021-02-11 02:00,2.7,,,823
119,수원,2021-02-11 03:00,1.5,,,610
119,수원,2021-02-11 04:00,.6,,,565
119,수원,2021-02-11 05:00,.3,,,185
119,수원,2021-02-11 06:00,-1,,,352
119,수원,2021-02-11 07:00,-1.1,,,345
119,수원,2021-02-11 08:00,-.4,,,392
119,수원,2021-02-11 09:00,.4,,,461
119,수원,2021-02-11 10:00,4.7,,,765
119,수원,2021-02-11 11:00,6.1,,,766
119,수원,2021-02-11 12:00,7.4,,,1759
119,수원,2021-02-11 13:00,8.6,,,1491
119,수원,2021-02-11 14:00,9.9,,,838
119,수원,2021-02-11 15:00,10.8,,,1025
119,수원,2021-02-11 16:00,10.9,,,1145
119,수원,2021-02-11 17:00,10.4,,,1059
119,수원,2021-02-11 18:00,7.6,,,616
119,수원,2021-02-11 19:00,6.4,,,647
119,수원,2021-02-11 20:00,4.9,,,734
119,수원,2021-02-11 21:00,4.1,,,564
119,수원,2021-02-11 22:00,3.1,,,435
119,수원,2021-02-11 23:00,1.7,,,314
119,수원,2021-02-12 00:00,.9,,,290
119,수원,2021-02-12 01:00,.2,,,295
119,수원,2021-02-12 02:00,.5,,,296
119,수원,2021-02-12 03:00,.4,,,344
119,수원,2021-02-12 04:00,-.2,,,318
119,수원,2021-02-12 05:00,-.9,,,191
119,수원,2021-02-12 06:00,-1,,,255
119,수원,2021-02-12 07:00,-1.1,,,318
119,수원,2021-02-12 08:00,-1.3,,,293
119,수원,2021-02-12 09:00,.9,,,384
119,수원,2021-02-12 10:00,5,,,593
119,수원,2021-02-12 11:00,9.2,,,585
119,수원,2021-02-12 12:00,10.9,,,677
119,수원,2021-02-12 13:00,11.7,,,1283
119,수원,2021-02-12 14:00,12.9,,,773
119,수원,2021-02-12 15:00,13.4,,,871
119,수원,2021-02-12 16:00,13.2,,,782
119,수원,2021-02-12 17:00,12.5,,,1085
119,수원,2021-02-12 18:00,9.3,,,1060
119,수원,2021-02-12 19:00,7.7,,,1114
119,수원,2021-02-12 20:00,5.8,,,1010
119,수원,2021-02-12 21:00,4.5,,,459
119,수원,2021-02-12 22:00,3,,,630
119,수원,2021-02-12 23:00,2,,,459
119,수원,2021-02-13 00:00,.7,,,361
119,수원,2021-02-13 01:00,1,,,295
119,수원,2021-02-13 02:00,-.1,,,216
119,수원,2021-02-13 03:00,-.9,,,291
119,수원,2021-02-13 04:00,-1.6,,,260
119,수원,2021-02-13 05:00,-1.6,,,178
119,수원,2021-02-13 06:00,-2.4,,,180
119,수원,2021-02-13 07:00,-2.8,,,180
119,수원,2021-02-13 08:00,-2.3,,,217
119,수원,2021-02-13 09:00,-.9,,,202
119,수원,2021-02-13 10:00,3.6,,,479
119,수원,2021-02-13 11:00,6.9,,,370
119,수원,2021-02-13 12:00,10.2,,,633
119,수원,2021-02-13 13:00,12.4,,,608
119,수원,2021-02-13 14:00,13.9,,,950
119,수원,2021-02-13 15:00,15.1,,,1116
119,수원,2021-02-13 16:00,14,,,728
119,수원,2021-02-13 17:00,11.8,,,813
119,수원,2021-02-13 18:00,9.7,,,627
119,수원,2021-02-13 19:00,8.2,,,545
119,수원,2021-02-13 20:00,6.3,,,716
119,수원,2021-02-13 21:00,5.2,,,634
119,수원,2021-02-13 22:00,4.3,,,571
119,수원,2021-02-13 23:00,3.5,,,508
119,수원,2021-02-14 00:00,3.3,,,471
119,수원,2021-02-14 01:00,2.7,,,382
119,수원,2021-02-14 02:00,3.3,,,404
119,수원,2021-02-14 03:00,2.8,,,416
119,수원,2021-02-14 04:00,3.8,,,511
119,수원,2021-02-14 05:00,4.1,,,433
119,수원,2021-02-14 06:00,4.6,0,,519
119,수원,2021-02-14 07:00,4,,,464
119,수원,2021-02-14 08:00,4.3,,,474
119,수원,2021-02-14 09:00,6.2,,,510
119,수원,2021-02-14 10:00,8.6,,,645
119,수원,2021-02-14 11:00,12.1,,,718
119,수원,2021-02-14 12:00,12.7,,,695
119,수원,2021-02-14 13:00,13.4,,,716
119,수원,2021-02-14 14:00,13.5,,,755
119,수원,2021-02-14 15:00,13.4,0,,1160
119,수원,2021-02-14 16:00,13.5,,,751
119,수원,2021-02-14 17:00,12.9,,,680
119,수원,2021-02-14 18:00,11.6,,,514
119,수원,2021-02-14 19:00,10,,,749
119,수원,2021-02-14 20:00,8.4,,,659
119,수원,2021-02-14 21:00,7.2,,,700
119,수원,2021-02-14 22:00,6,,,542
119,수원,2021-02-14 23:00,4.7,,,564
119,수원,2021-02-15 00:00,6.1,,,510
119,수원,2021-02-15 01:00,6.2,,,547
119,수원,2021-02-15 02:00,5.5,,,608
119,수원,2021-02-15 03:00,4.8,0,,703
119,수원,2021-02-15 04:00,4.7,,,378
119,수원,2021-02-15 05:00,4.4,,,373
119,수원,2021-02-15 06:00,4.5,.3,,300
119,수원,2021-02-15 07:00,4.6,,,256
119,수원,2021-02-15 08:00,4.1,,,557
119,수원,2021-02-15 09:00,3.1,.3,,560
119,수원,2021-02-15 10:00,2,,,695
119,수원,2021-02-15 11:00,1.5,,,1225
119,수원,2021-02-15 12:00,1.4,,,1929
119,수원,2021-02-15 13:00,1.9,,,1807
119,수원,2021-02-15 14:00,2,,,1955
119,수원,2021-02-15 15:00,2,,,1996
119,수원,2021-02-15 16:00,1.2,,,2000
119,수원,2021-02-15 17:00,.3,,,2000
119,수원,2021-02-15 18:00,-1.4,,,2000
119,수원,2021-02-15 19:00,-2.1,,,2000
119,수원,2021-02-15 20:00,-2.4,,,2000
119,수원,2021-02-15 21:00,-2.6,,,2000
119,수원,2021-02-15 22:00,-3.4,,,2000
119,수원,2021-02-15 23:00,-3.7,,,2000
119,수원,2021-02-16 00:00,-4.1,,,2000
119,수원,2021-02-16 01:00,-4.4,,,2000
119,수원,2021-02-16 02:00,-4.6,,,2000
119,수원,2021-02-16 03:00,-4.8,,,2000
119,수원,2021-02-16 04:00,-5.3,,,2000
119,수원,2021-02-16 05:00,-6.2,,,2000
119,수원,2021-02-16 06:00,-6.7,,,2000
119,수원,2021-02-16 07:00,-6.6,,,1995
119,수원,2021-02-16 08:00,-5.8,,,1987
119,수원,2021-02-16 09:00,-3.9,,,1992
119,수원,2021-02-16 10:00,-3.7,,,2000
119,수원,2021-02-16 11:00,-2.7,,,2000
119,수원,2021-02-16 12:00,-3.8,0,,709
119,수원,2021-02-16 13:00,-4.3,,,378
119,수원,2021-02-16 14:00,-4.8,,.7,924
119,수원,2021-02-16 15:00,-4.7,1.9,1.7,358
119,수원,2021-02-16 16:00,-3,,1.5,1893
119,수원,2021-02-16 17:00,-2.9,,1.4,1921
119,수원,2021-02-16 18:00,-2.8,0,1.4,2000
119,수원,2021-02-16 19:00,-3.6,,1.4,1967
119,수원,2021-02-16 20:00,-4.4,,1.3,2000
119,수원,2021-02-16 21:00,-5.2,,1.3,2000
119,수원,2021-02-16 22:00,-5.7,,1.2,2000
119,수원,2021-02-16 23:00,-5.5,,1.2,1997
119,수원,2021-02-17 00:00,-6.4,,1.1,1838
119,수원,2021-02-17 01:00,-6.9,,1,1969
119,수원,2021-02-17 02:00,-7.3,,1,2000
119,수원,2021-02-17 03:00,-7.7,,1,2000
119,수원,2021-02-17 04:00,-8.4,,1,2000
119,수원,2021-02-17 05:00,-9,,1,2000
119,수원,2021-02-17 06:00,-9.6,,1,2000
119,수원,2021-02-17 07:00,-9.5,,1,2000
119,수원,2021-02-17 08:00,-9.4,,1,2000
119,수원,2021-02-17 09:00,-9,,.9,2000
119,수원,2021-02-17 10:00,-8.6,,.8,1918
119,수원,2021-02-17 11:00,-7.9,,.8,1929
119,수원,2021-02-17 12:00,-7.3,,.7,2010
119,수원,2021-02-17 13:00,-6.7,,.6,2000
119,수원,2021-02-17 14:00,-5.7,,.4,1945
119,수원,2021-02-17 15:00,-5.5,,.3,1917
119,수원,2021-02-17 16:00,-5.3,,.2,1999
119,수원,2021-02-17 17:00,-6,,.2,1998
119,수원,2021-02-17 18:00,-6.9,,.2,2000
119,수원,2021-02-17 19:00,-7.4,,.2,2000
119,수원,2021-02-17 20:00,-8,,.2,2000
119,수원,2021-02-17 21:00,-8.5,,.2,2000
119,수원,2021-02-17 22:00,-8.8,,.2,2000
119,수원,2021-02-17 23:00,-8.5,,.2,2000
119,수원,2021-02-18 00:00,-8.7,,.2,2000
119,수원,2021-02-18 01:00,-8.9,,.2,2000
119,수원,2021-02-18 02:00,-9,,.2,2000
119,수원,2021-02-18 03:00,-9.3,,.2,2000
119,수원,2021-02-18 04:00,-9.7,,.2,2000
119,수원,2021-02-18 05:00,-9.9,,.2,2000
119,수원,2021-02-18 06:00,-9.8,,.2,2000
119,수원,2021-02-18 07:00,-9.8,,.2,2000
119,수원,2021-02-18 08:00,-9.4,,.2,2000
119,수원,2021-02-18 09:00,-7.6,,.2,1974
119,수원,2021-02-18 10:00,-6.7,,.1,1910
119,수원,2021-02-18 11:00,-5.2,,,1957
119,수원,2021-02-18 12:00,-4.5,,,1988
119,수원,2021-02-18 13:00,-3,,,1983
119,수원,2021-02-18 14:00,-1.9,,,2000
119,수원,2021-02-18 15:00,-1.3,,,1989
119,수원,2021-02-18 16:00,-1.2,,,1992
119,수원,2021-02-18 17:00,-1.2,,,2000
119,수원,2021-02-18 18:00,-2,,,2000
119,수원,2021-02-18 19:00,-2.6,,,2000
119,수원,2021-02-18 20:00,-3.5,,,1996
119,수원,2021-02-18 21:00,-3.9,,,2000
119,수원,2021-02-18 22:00,-4.2,,,2000
119,수원,2021-02-18 23:00,-4.9,,,2000
119,수원,2021-02-19 00:00,-5.7,,,2000
119,수원,2021-02-19 01:00,-6.2,,,1998
119,수원,2021-02-19 02:00,-6.6,,,1989
119,수원,2021-02-19 03:00,-6.9,,,1941
119,수원,2021-02-19 04:00,-7.2,,,1903
119,수원,2021-02-19 05:00,-7.3,,,1874
119,수원,2021-02-19 06:00,-7.2,,,1703
119,수원,2021-02-19 07:00,-7.1,,,1683
119,수원,2021-02-19 08:00,-5.8,,,1736
119,수원,2021-02-19 09:00,-3,,,1665
119,수원,2021-02-19 10:00,-1,,,1915
119,수원,2021-02-19 11:00,1.3,,,2000
119,수원,2021-02-19 12:00,3.5,,,1895
119,수원,2021-02-19 13:00,5.8,,,1941
119,수원,2021-02-19 14:00,8,,,1861
119,수원,2021-02-19 15:00,8.8,,,1758
119,수원,2021-02-19 16:00,9,,,1620
119,수원,2021-02-19 17:00,8.5,,,1576
119,수원,2021-02-19 18:00,7.6,,,1617
119,수원,2021-02-19 19:00,6.4,,,1239
119,수원,2021-02-19 20:00,5.8,,,1188
119,수원,2021-02-19 21:00,5.3,,,1104
119,수원,2021-02-19 22:00,3.9,,,1014
119,수원,2021-02-19 23:00,4.3,,,1045
119,수원,2021-02-20 00:00,3.1,,,900
119,수원,2021-02-20 01:00,2.7,,,787
119,수원,2021-02-20 02:00,2.3,,,619
119,수원,2021-02-20 03:00,1.4,,,621
119,수원,2021-02-20 04:00,.5,,,658
119,수원,2021-02-20 05:00,.9,,,365
119,수원,2021-02-20 06:00,.8,,,408
119,수원,2021-02-20 07:00,.8,,,347
119,수원,2021-02-20 08:00,1.4,,,633
119,수원,2021-02-20 09:00,3.7,,,556
119,수원,2021-02-20 10:00,6.4,,,659
119,수원,2021-02-20 11:00,8.8,,,497
119,수원,2021-02-20 12:00,11,,,970
119,수원,2021-02-20 13:00,13,,,1231
119,수원,2021-02-20 14:00,13.4,,,1744
119,수원,2021-02-20 15:00,14.2,,,1956
119,수원,2021-02-20 16:00,14,,,1981
119,수원,2021-02-20 17:00,13.9,,,1650
119,수원,2021-02-20 18:00,12.8,,,1968
119,수원,2021-02-20 19:00,10,,,2000
119,수원,2021-02-20 20:00,6.5,,,1906
119,수원,2021-02-20 21:00,6.4,,,2000
119,수원,2021-02-20 22:00,5.5,,,1673
119,수원,2021-02-20 23:00,5.6,,,1175
119,수원,2021-02-21 00:00,5.7,,,1731
119,수원,2021-02-21 01:00,6,,,797
119,수원,2021-02-21 02:00,6.1,,,629
119,수원,2021-02-21 03:00,6.1,,,844
119,수원,2021-02-21 04:00,4.6,,,670
119,수원,2021-02-21 05:00,3.7,,,562
119,수원,2021-02-21 06:00,3,,,583
119,수원,2021-02-21 07:00,2.2,,,445
119,수원,2021-02-21 08:00,2.9,,,454
119,수원,2021-02-21 09:00,6.9,,,674
119,수원,2021-02-21 10:00,10.4,,,540
119,수원,2021-02-21 11:00,13.3,,,912
119,수원,2021-02-21 12:00,16.3,,,910
119,수원,2021-02-21 13:00,17.1,,,1351
119,수원,2021-02-21 14:00,17.8,,,1404
119,수원,2021-02-21 15:00,17.9,,,1612
119,수원,2021-02-21 16:00,17.6,,,1718
119,수원,2021-02-21 17:00,17.1,,,1914
119,수원,2021-02-21 18:00,15.1,,,1871
119,수원,2021-02-21 19:00,13.2,,,1737
119,수원,2021-02-21 20:00,12.8,,,1681
119,수원,2021-02-21 21:00,11.5,,,1899
119,수원,2021-02-21 22:00,10.8,,,1610
119,수원,2021-02-21 23:00,10,,,1728
119,수원,2021-02-22 00:00,9.7,,,1489
119,수원,2021-02-22 01:00,7.6,,,1235
119,수원,2021-02-22 02:00,6.3,,,1227
119,수원,2021-02-22 03:00,6.1,,,1065
119,수원,2021-02-22 04:00,5.5,,,1141
119,수원,2021-02-22 05:00,4.5,,,1276
119,수원,2021-02-22 06:00,3.8,,,864
119,수원,2021-02-22 07:00,4.1,,,808
119,수원,2021-02-22 08:00,5.1,,,936
119,수원,2021-02-22 09:00,7.6,,,956
119,수원,2021-02-22 10:00,9.8,,,868
119,수원,2021-02-22 11:00,10.2,,,728
119,수원,2021-02-22 12:00,11.7,,,627
119,수원,2021-02-22 13:00,11.7,,,588
119,수원,2021-02-22 14:00,11.9,,,594
119,수원,2021-02-22 15:00,12,,,578
119,수원,2021-02-22 16:00,10.9,,,658
119,수원,2021-02-22 17:00,9.9,,,1260
119,수원,2021-02-22 18:00,7.2,,,1968
119,수원,2021-02-22 19:00,5.4,,,2000
119,수원,2021-02-22 20:00,5.1,,,2000
119,수원,2021-02-22 21:00,3.4,,,2000
119,수원,2021-02-22 22:00,2.2,,,2000
119,수원,2021-02-22 23:00,1.2,,,2000
119,수원,2021-02-23 00:00,.8,,,2000
119,수원,2021-02-23 01:00,.3,,,2000
119,수원,2021-02-23 02:00,-.4,,,2000
119,수원,2021-02-23 03:00,-.8,,,2000
119,수원,2021-02-23 04:00,-1.3,,,2000
119,수원,2021-02-23 05:00,-1.4,,,2000
119,수원,2021-02-23 06:00,-1.8,,,2000
119,수원,2021-02-23 07:00,-2.3,,,2000
119,수원,2021-02-23 08:00,-2,,,1978
119,수원,2021-02-23 09:00,-1,,,2000
119,수원,2021-02-23 10:00,-.3,,,1980
119,수원,2021-02-23 11:00,1.1,,,1963
119,수원,2021-02-23 12:00,2.1,,,1903
119,수원,2021-02-23 13:00,2.9,,,1948
119,수원,2021-02-23 14:00,3.3,,,1978
119,수원,2021-02-23 15:00,3.5,,,1969
119,수원,2021-02-23 16:00,3.2,,,1994
119,수원,2021-02-23 17:00,2.6,,,1999
119,수원,2021-02-23 18:00,1.2,,,2000
119,수원,2021-02-23 19:00,.5,,,2000
119,수원,2021-02-23 20:00,-.6,,,2000
119,수원,2021-02-23 21:00,-.8,,,2000
119,수원,2021-02-23 22:00,-.4,,,2000
119,수원,2021-02-23 23:00,-1.4,,,2000
119,수원,2021-02-24 00:00,-1.2,,,1935
119,수원,2021-02-24 01:00,-1.4,,,2000
119,수원,2021-02-24 02:00,-1.5,,,1962
119,수원,2021-02-24 03:00,-1.7,,,1933
119,수원,2021-02-24 04:00,-1.5,,,2000
119,수원,2021-02-24 05:00,-1.6,,,1977
119,수원,2021-02-24 06:00,-1.8,,,2000
119,수원,2021-02-24 07:00,-1.1,,,2000
119,수원,2021-02-24 08:00,-1.1,,,1878
119,수원,2021-02-24 09:00,1,,,1773
119,수원,2021-02-24 10:00,2.3,,,1919
119,수원,2021-02-24 11:00,4.1,,,1976
119,수원,2021-02-24 12:00,4.9,,,1978
119,수원,2021-02-24 13:00,5.7,,,1987
119,수원,2021-02-24 14:00,7.8,,,1792
119,수원,2021-02-24 15:00,8.7,,,1975
119,수원,2021-02-24 16:00,9,,,1993
119,수원,2021-02-24 17:00,7.7,,,1719
119,수원,2021-02-24 18:00,5.7,,,1803
119,수원,2021-02-24 19:00,3.6,,,1208
119,수원,2021-02-24 20:00,2,,,1872
119,수원,2021-02-24 21:00,1,,,1933
119,수원,2021-02-24 22:00,1.1,,,1882
119,수원,2021-02-24 23:00,.3,,,1692
119,수원,2021-02-25 00:00,-.7,,,1746
119,수원,2021-02-25 01:00,-1.4,,,1768
119,수원,2021-02-25 02:00,-1.8,,,1596
119,수원,2021-02-25 03:00,-2,,,1499
119,수원,2021-02-25 04:00,-1.4,,,1435
119,수원,2021-02-25 05:00,-1.3,,,1396
119,수원,2021-02-25 06:00,-1,,,1356
119,수원,2021-02-25 07:00,-.7,,,1252
119,수원,2021-02-25 08:00,-.3,,,1280
119,수원,2021-02-25 09:00,2.1,,,1485
119,수원,2021-02-25 10:00,4.2,,,1841
119,수원,2021-02-25 11:00,5.5,,,1643
119,수원,2021-02-25 12:00,6.7,,,1545
119,수원,2021-02-25 13:00,7.4,,,1902
119,수원,2021-02-25 14:00,8.1,,,1965
119,수원,2021-02-25 15:00,8.1,,,1948
119,수원,2021-02-25 16:00,8.2,,,1757
119,수원,2021-02-25 17:00,8.2,,,1575
119,수원,2021-02-25 18:00,7.8,,,1747
119,수원,2021-02-25 19:00,7.3,,,1708
119,수원,2021-02-25 20:00,5.4,,,1185
119,수원,2021-02-25 21:00,4.3,,,879
119,수원,2021-02-25 22:00,3.1,,,1395
119,수원,2021-02-25 23:00,2,,,1155
119,수원,2021-02-26 00:00,.9,,,1088
119,수원,2021-02-26 01:00,.2,,,1078
119,수원,2021-02-26 02:00,1.7,,,1788
119,수원,2021-02-26 03:00,.3,,,1466
119,수원,2021-02-26 04:00,-.2,,,1862
119,수원,2021-02-26 05:00,-.4,,,1687
119,수원,2021-02-26 06:00,-.4,,,1783
119,수원,2021-02-26 07:00,-.6,,,2000
119,수원,2021-02-26 08:00,-.3,,,1525
119,수원,2021-02-26 09:00,4,,,1655
119,수원,2021-02-26 10:00,9,,,1994
119,수원,2021-02-26 11:00,10.8,,,1982
119,수원,2021-02-26 12:00,13.1,,,2000
119,수원,2021-02-26 13:00,14.2,,,2000
119,수원,2021-02-26 14:00,14.8,,,2000
119,수원,2021-02-26 15:00,14.8,,,2000
119,수원,2021-02-26 16:00,15,,,2000
119,수원,2021-02-26 17:00,14.7,,,2000
119,수원,2021-02-26 18:00,13.6,,,2000
119,수원,2021-02-26 19:00,12.2,,,2000
119,수원,2021-02-26 20:00,11.4,,,2000
119,수원,2021-02-26 21:00,10.8,,,2000
119,수원,2021-02-26 22:00,10.2,,,2000
119,수원,2021-02-26 23:00,9.3,,,2000
119,수원,2021-02-27 00:00,8.2,,,2000
119,수원,2021-02-27 01:00,7.6,,,2000
119,수원,2021-02-27 02:00,6.9,,,2000
119,수원,2021-02-27 03:00,6.2,,,2000
119,수원,2021-02-27 04:00,5.4,,,2000
119,수원,2021-02-27 05:00,4.9,,,1949
119,수원,2021-02-27 06:00,4.1,,,2000
119,수원,2021-02-27 07:00,3.7,,,2000
119,수원,2021-02-27 08:00,4.9,,,2000
119,수원,2021-02-27 09:00,7.2,,,2000
119,수원,2021-02-27 10:00,9.3,,,2000
119,수원,2021-02-27 11:00,10.6,,,2000
119,수원,2021-02-27 12:00,11.8,,,2000
119,수원,2021-02-27 13:00,12.7,,,2000
119,수원,2021-02-27 14:00,13.5,,,2000
119,수원,2021-02-27 15:00,14.4,,,1994
119,수원,2021-02-27 16:00,14.3,,,1999
119,수원,2021-02-27 17:00,13.8,,,2000
119,수원,2021-02-27 18:00,12.5,,,2000
119,수원,2021-02-27 19:00,11.2,,,2000
119,수원,2021-02-27 20:00,9.9,,,2000
119,수원,2021-02-27 21:00,8.5,,,2000
119,수원,2021-02-27 22:00,7.7,,,2000
119,수원,2021-02-27 23:00,6,,,2000
119,수원,2021-02-28 00:00,5.8,,,2000
119,수원,2021-02-28 01:00,5.6,,,2000
119,수원,2021-02-28 02:00,5.4,,,2000
119,수원,2021-02-28 03:00,4.4,,,2000
119,수원,2021-02-28 04:00,3.9,,,2000
119,수원,2021-02-28 05:00,3.6,,,2000
119,수원,2021-02-28 06:00,2.7,,,2000
119,수원,2021-02-28 07:00,1.3,,,2000
119,수원,2021-02-28 08:00,3.8,,,2000
119,수원,2021-02-28 09:00,5.7,,,2000
119,수원,2021-02-28 10:00,7.2,,,2000
119,수원,2021-02-28 11:00,8.2,,,2000
119,수원,2021-02-28 12:00,8.4,,,2000
119,수원,2021-02-28 13:00,10.1,,,2000
119,수원,2021-02-28 14:00,10,,,2000
119,수원,2021-02-28 15:00,10,,,2000
119,수원,2021-02-28 16:00,10.6,,,2000
119,수원,2021-02-28 17:00,10.6,,,2000
119,수원,2021-02-28 18:00,10.4,,,2000
119,수원,2021-02-28 19:00,9.8,,,2000
119,수원,2021-02-28 20:00,9.3,,,1937
119,수원,2021-02-28 21:00,8.7,,,1827
119,수원,2021-02-28 22:00,8.3,,,1763
119,수원,2021-02-28 23:00,7.7,,,1746
119,수원,2021-03-01 00:00,7.9,,,1692
119,수원,2021-03-01 01:00,7.8,,,1783
119,수원,2021-03-01 02:00,6.6,,,1097
119,수원,2021-03-01 03:00,5.9,.8,,865
119,수원,2021-03-01 04:00,5.4,,,308
119,수원,2021-03-01 05:00,5.5,,,644
119,수원,2021-03-01 06:00,5.4,8.7,,868
119,수원,2021-03-01 07:00,5.7,,,650
119,수원,2021-03-01 08:00,5.7,,,883
119,수원,2021-03-01 09:00,6.2,10.1,,942
119,수원,2021-03-01 10:00,6.4,,,644
119,수원,2021-03-01 11:00,6.4,,,540
119,수원,2021-03-01 12:00,7,16,,540
119,수원,2021-03-01 13:00,7.1,,,750
119,수원,2021-03-01 14:00,7.6,,,847
119,수원,2021-03-01 15:00,7.8,17.8,,520
119,수원,2021-03-01 16:00,7.3,,,510
119,수원,2021-03-01 17:00,5.8,,,580
119,수원,2021-03-01 18:00,4.8,11.8,,650
119,수원,2021-03-01 19:00,3.7,,,1675
119,수원,2021-03-01 20:00,2.6,,,1986
119,수원,2021-03-01 21:00,2.1,3.3,,1597
119,수원,2021-03-01 22:00,1.2,,,475
119,수원,2021-03-01 23:00,.6,,.3,459
119,수원,2021-03-02 00:00,.5,2.2,.2,627
119,수원,2021-03-02 01:00,.7,,.1,1816
119,수원,2021-03-02 02:00,.8,,.1,1975
119,수원,2021-03-02 03:00,1,.2,0,2000
119,수원,2021-03-02 04:00,1,,,1980
119,수원,2021-03-02 05:00,1,,,2000
119,수원,2021-03-02 06:00,1,,,2000
119,수원,2021-03-02 07:00,.6,,,2000
119,수원,2021-03-02 08:00,.6,,,2000
119,수원,2021-03-02 09:00,1.6,,,2000
119,수원,2021-03-02 10:00,2.3,,,2000
119,수원,2021-03-02 11:00,3.4,,,1950
119,수원,2021-03-02 12:00,4,,,2000
119,수원,2021-03-02 13:00,4.4,,,1954
119,수원,2021-03-02 14:00,6.1,,,1997
119,수원,2021-03-02 15:00,6.1,,,2000
119,수원,2021-03-02 16:00,5.8,,,2000
119,수원,2021-03-02 17:00,6.3,,,2000
119,수원,2021-03-02 18:00,4.6,,,2000
119,수원,2021-03-02 19:00,2.9,,,2000
119,수원,2021-03-02 20:00,2.1,,,1743
119,수원,2021-03-02 21:00,1,,,1784
119,수원,2021-03-02 22:00,.6,,,1863
119,수원,2021-03-02 23:00,.1,,,1349
119,수원,2021-03-03 00:00,-.4,,,1213
119,수원,2021-03-03 01:00,-1,,,812
119,수원,2021-03-03 02:00,-1.4,,,610
119,수원,2021-03-03 03:00,-1.4,,,674
119,수원,2021-03-03 04:00,-1.8,,,741
119,수원,2021-03-03 05:00,-1.9,,,850
119,수원,2021-03-03 06:00,-1.7,,,754
119,수원,2021-03-03 07:00,-1.8,,,682
119,수원,2021-03-03 08:00,-.7,,,617
119,수원,2021-03-03 09:00,2.2,,,990
119,수원,2021-03-03 10:00,3.5,,,1311
119,수원,2021-03-03 11:00,5.2,,,1317
119,수원,2021-03-03 12:00,6.3,,,1429
119,수원,2021-03-03 13:00,7.2,,,1936
119,수원,2021-03-03 14:00,7.6,,,1844
119,수원,2021-03-03 15:00,8.2,,,2084
119,수원,2021-03-03 16:00,8.9,,,1910
119,수원,2021-03-03 17:00,8.9,,,1962
119,수원,2021-03-03 18:00,8,,,2023
119,수원,2021-03-03 19:00,5.8,,,1678
119,수원,2021-03-03 20:00,4.6,,,1436
119,수원,2021-03-03 21:00,3.5,,,1095
119,수원,2021-03-03 22:00,2.8,,,1138
119,수원,2021-03-03 23:00,2.5,,,929
119,수원,2021-03-04 00:00,2.1,,,846
119,수원,2021-03-04 01:00,1.1,,,910
119,수원,2021-03-04 02:00,.9,,,910
119,수원,2021-03-04 03:00,.8,,,1546
119,수원,2021-03-04 04:00,1.3,,,1200
119,수원,2021-03-04 05:00,1.9,,,768
119,수원,2021-03-04 06:00,2.6,,,1327
119,수원,2021-03-04 07:00,2.7,,,1143
119,수원,2021-03-04 08:00,3.7,,,1118
119,수원,2021-03-04 09:00,5.4,,,1152
119,수원,2021-03-04 10:00,6.7,,,1740
119,수원,2021-03-04 11:00,8.3,,,1807
119,수원,2021-03-04 12:00,9.3,,,1986
119,수원,2021-03-04 13:00,10.3,,,1856
119,수원,2021-03-04 14:00,11,,,1888
119,수원,2021-03-04 15:00,11.6,,,1842
119,수원,2021-03-04 16:00,11.9,,,1942
119,수원,2021-03-04 17:00,11.9,,,1986
119,수원,2021-03-04 18:00,11.6,,,2000
119,수원,2021-03-04 19:00,10.1,,,2029
119,수원,2021-03-04 20:00,9.3,,,1900
119,수원,2021-03-04 21:00,8.3,,,1777
119,수원,2021-03-04 22:00,6.7,,,1175
119,수원,2021-03-04 23:00,5.2,,,1290
119,수원,2021-03-05 00:00,4.2,,,1100
119,수원,2021-03-05 01:00,2.7,,,784
119,수원,2021-03-05 02:00,2.5,,,639
119,수원,2021-03-05 03:00,1.2,,,564
119,수원,2021-03-05 04:00,1.6,,,673
119,수원,2021-03-05 05:00,2.5,,,832
119,수원,2021-03-05 06:00,1.7,,,690
119,수원,2021-03-05 07:00,1.6,,,617
119,수원,2021-03-05 08:00,3,,,696
119,수원,2021-03-05 09:00,5.8,,,814
119,수원,2021-03-05 10:00,9.2,,,962
119,수원,2021-03-05 11:00,12.5,,,1164
119,수원,2021-03-05 12:00,12.8,,,1848
119,수원,2021-03-05 13:00,13.8,,,1968
119,수원,2021-03-05 14:00,14.8,,,1985
119,수원,2021-03-05 15:00,15,,,1372
119,수원,2021-03-05 16:00,14,,,1175
119,수원,2021-03-05 17:00,13,,,1560
119,수원,2021-03-05 18:00,11.2,,,1998
119,수원,2021-03-05 19:00,8.7,,,1916
119,수원,2021-03-05 20:00,8.2,,,1732
119,수원,2021-03-05 21:00,6.4,,,990
119,수원,2021-03-05 22:00,5,,,620
119,수원,2021-03-05 23:00,3.6,,,132
119,수원,2021-03-06 00:00,3.9,,,205
119,수원,2021-03-06 01:00,4.4,,,179
119,수원,2021-03-06 02:00,4.4,,,102
119,수원,2021-03-06 03:00,4.5,,,127
119,수원,2021-03-06 04:00,4.4,,,214
119,수원,2021-03-06 05:00,4.6,,,84
119,수원,2021-03-06 06:00,4.7,,,127
119,수원,2021-03-06 07:00,4.8,,,256
119,수원,2021-03-06 08:00,5,,,354
119,수원,2021-03-06 09:00,6.2,,,536
119,수원,2021-03-06 10:00,8.1,,,813
119,수원,2021-03-06 11:00,11,,,1390
119,수원,2021-03-06 12:00,11.6,,,1455
119,수원,2021-03-06 13:00,12.4,,,1998
119,수원,2021-03-06 14:00,12.1,,,1987
119,수원,2021-03-06 15:00,11,,,1932
119,수원,2021-03-06 16:00,9.8,,,1950
119,수원,2021-03-06 17:00,9.2,,,2000
119,수원,2021-03-06 18:00,8.1,,,2000
119,수원,2021-03-06 19:00,7,,,2000
119,수원,2021-03-06 20:00,6.4,,,2000
119,수원,2021-03-06 21:00,5.8,,,2000
119,수원,2021-03-06 22:00,5,,,2000
119,수원,2021-03-06 23:00,4.6,,,1983
119,수원,2021-03-07 00:00,4.3,,,2000
119,수원,2021-03-07 01:00,4.1,,,2000
119,수원,2021-03-07 02:00,3.8,,,2000
119,수원,2021-03-07 03:00,3.6,,,2000
119,수원,2021-03-07 04:00,3.3,,,2000
119,수원,2021-03-07 05:00,3.4,,,2000
119,수원,2021-03-07 06:00,3.3,,,2000
119,수원,2021-03-07 07:00,3.1,,,2000
119,수원,2021-03-07 08:00,3.4,,,2000
119,수원,2021-03-07 09:00,4.6,,,1993
119,수원,2021-03-07 10:00,5.6,,,1940
119,수원,2021-03-07 11:00,7.3,,,2000
119,수원,2021-03-07 12:00,9.1,,,1827
119,수원,2021-03-07 13:00,9.3,,,1892
119,수원,2021-03-07 14:00,9.5,,,1732
119,수원,2021-03-07 15:00,10.3,,,1583
119,수원,2021-03-07 16:00,10.2,,,1497
119,수원,2021-03-07 17:00,9.7,,,1172
119,수원,2021-03-07 18:00,8.2,,,1008
119,수원,2021-03-07 19:00,6,,,1208
119,수원,2021-03-07 20:00,4.8,,,1016
119,수원,2021-03-07 21:00,4.1,,,913
119,수원,2021-03-07 22:00,3.4,,,868
119,수원,2021-03-07 23:00,2.7,,,755
119,수원,2021-03-08 00:00,2.3,,,650
119,수원,2021-03-08 01:00,1.6,,,990
119,수원,2021-03-08 02:00,1.1,,,675
119,수원,2021-03-08 03:00,.7,,,677
119,수원,2021-03-08 04:00,.4,,,545
119,수원,2021-03-08 05:00,.1,,,509
119,수원,2021-03-08 06:00,.1,,,806
119,수원,2021-03-08 07:00,-.2,,,489
119,수원,2021-03-08 08:00,-1,,,23
119,수원,2021-03-08 09:00,-.2,,,19
119,수원,2021-03-08 10:00,2.8,,,598
119,수원,2021-03-08 11:00,7.2,,,950
119,수원,2021-03-08 12:00,9.3,,,1308
119,수원,2021-03-08 13:00,11,,,1333
119,수원,2021-03-08 14:00,11.7,,,1452
119,수원,2021-03-08 15:00,12.7,,,1870
119,수원,2021-03-08 16:00,11.1,,,1377
119,수원,2021-03-08 17:00,10.3,,,1131
119,수원,2021-03-08 18:00,9.1,,,1303
119,수원,2021-03-08 19:00,6.6,,,1734
119,수원,2021-03-08 20:00,5.8,,,1525
119,수원,2021-03-08 21:00,5.3,,,1400
119,수원,2021-03-08 22:00,3.9,,,866
119,수원,2021-03-08 23:00,3.3,,,1252
119,수원,2021-03-09 00:00,2.8,,,1415
119,수원,2021-03-09 01:00,2.7,,,1240
119,수원,2021-03-09 02:00,1,,,818
119,수원,2021-03-09 03:00,.8,,,834
119,수원,2021-03-09 04:00,-.1,,,631
119,수원,2021-03-09 05:00,-.2,,,546
119,수원,2021-03-09 06:00,-.3,,,587
119,수원,2021-03-09 07:00,-.1,,,524
119,수원,2021-03-09 08:00,1.5,,,547
119,수원,2021-03-09 09:00,4.4,,,703
119,수원,2021-03-09 10:00,5.8,,,840
119,수원,2021-03-09 11:00,8.5,,,1032
119,수원,2021-03-09 12:00,10,,,1740
119,수원,2021-03-09 13:00,10.7,,,1808
119,수원,2021-03-09 14:00,11.2,,,1874
119,수원,2021-03-09 15:00,11.1,,,1884
119,수원,2021-03-09 16:00,11.1,,,1927
119,수원,2021-03-09 17:00,9.2,,,1997
119,수원,2021-03-09 18:00,7.6,,,2000
119,수원,2021-03-09 19:00,6.4,,,1992
119,수원,2021-03-09 20:00,5.6,,,1405
119,수원,2021-03-09 21:00,4.7,,,964
119,수원,2021-03-09 22:00,4.2,,,737
119,수원,2021-03-09 23:00,3.7,,,742
119,수원,2021-03-10 00:00,3.9,,,669
119,수원,2021-03-10 01:00,2.5,,,589
119,수원,2021-03-10 02:00,1.8,,,649
119,수원,2021-03-10 03:00,.6,,,492
119,수원,2021-03-10 04:00,.3,,,402
119,수원,2021-03-10 05:00,0,,,352
119,수원,2021-03-10 06:00,.4,,,289
119,수원,2021-03-10 07:00,.6,,,407
119,수원,2021-03-10 08:00,1.8,,,385
119,수원,2021-03-10 09:00,5.3,,,652
119,수원,2021-03-10 10:00,8,,,1635
119,수원,2021-03-10 11:00,10.1,,,1022
119,수원,2021-03-10 12:00,11.7,,,1140
119,수원,2021-03-10 13:00,14.4,,,1091
119,수원,2021-03-10 14:00,14.2,,,1299
119,수원,2021-03-10 15:00,15.1,,,1112
119,수원,2021-03-10 16:00,15.9,,,1091
119,수원,2021-03-10 17:00,15.1,,,579
119,수원,2021-03-10 18:00,13,,,1790
119,수원,2021-03-10 19:00,11.3,,,1614
119,수원,2021-03-10 20:00,8.4,,,611
119,수원,2021-03-10 21:00,7.5,,,599
119,수원,2021-03-10 22:00,6.3,,,560
119,수원,2021-03-10 23:00,5.7,,,488
119,수원,2021-03-11 00:00,4.2,,,440
119,수원,2021-03-11 01:00,3.4,,,349
119,수원,2021-03-11 02:00,2.5,,,335
119,수원,2021-03-11 03:00,2,,,313
119,수원,2021-03-11 04:00,1.9,,,290
119,수원,2021-03-11 05:00,2.2,,,320
119,수원,2021-03-11 06:00,2.4,,,259
119,수원,2021-03-11 07:00,2.3,,,183
119,수원,2021-03-11 08:00,3.9,,,268
119,수원,2021-03-11 09:00,6.5,,,349
119,수원,2021-03-11 10:00,9,,,417
119,수원,2021-03-11 11:00,10.9,,,676
119,수원,2021-03-11 12:00,13.7,,,1352
119,수원,2021-03-11 13:00,14,,,1113
119,수원,2021-03-11 14:00,16,,,1041
119,수원,2021-03-11 15:00,16.2,,,1204
119,수원,2021-03-11 16:00,14.4,,,1764
119,수원,2021-03-11 17:00,13.1,,,855
119,수원,2021-03-11 18:00,12.7,,,1012
119,수원,2021-03-11 19:00,10.7,,,1119
119,수원,2021-03-11 20:00,8.8,,,1983
119,수원,2021-03-11 21:00,8.2,,,1543
119,수원,2021-03-11 22:00,8.1,,,1861
119,수원,2021-03-11 23:00,7.5,,,1511
119,수원,2021-03-12 00:00,7.2,,,707
119,수원,2021-03-12 01:00,7.2,,,727
119,수원,2021-03-12 02:00,7.1,,,620
119,수원,2021-03-12 03:00,6.9,,,554
119,수원,2021-03-12 04:00,7.5,,,551
119,수원,2021-03-12 05:00,7.5,,,699
119,수원,2021-03-12 06:00,7.1,0,,571
119,수원,2021-03-12 07:00,7.2,,,464
119,수원,2021-03-12 08:00,7.4,,,385
119,수원,2021-03-12 09:00,8.3,0,,494
119,수원,2021-03-12 10:00,9.8,,,557
119,수원,2021-03-12 11:00,10.9,,,530
119,수원,2021-03-12 12:00,12.2,0,,521
119,수원,2021-03-12 13:00,12.4,,,896
119,수원,2021-03-12 14:00,11,,,852
119,수원,2021-03-12 15:00,10,.2,,990
119,수원,2021-03-12 16:00,10.6,,,1958
119,수원,2021-03-12 17:00,11.6,,,1825
119,수원,2021-03-12 18:00,12,0,,1984
119,수원,2021-03-12 19:00,11.2,,,2000
119,수원,2021-03-12 20:00,10.7,,,2038
119,수원,2021-03-12 21:00,10.1,,,1998
119,수원,2021-03-12 22:00,9.6,,,2000
119,수원,2021-03-12 23:00,9,,,2000
119,수원,2021-03-13 00:00,8.3,,,2000
119,수원,2021-03-13 01:00,7.1,,,2000
119,수원,2021-03-13 02:00,5.5,,,1805
119,수원,2021-03-13 03:00,5.2,,,1744
119,수원,2021-03-13 04:00,4.4,,,1566
119,수원,2021-03-13 05:00,3.6,,,1172
119,수원,2021-03-13 06:00,3.3,,,816
119,수원,2021-03-13 07:00,3.3,,,640
119,수원,2021-03-13 08:00,4.1,,,608
119,수원,2021-03-13 09:00,7.9,,,956
119,수원,2021-03-13 10:00,9.7,,,1361
119,수원,2021-03-13 11:00,11.2,,,1373
119,수원,2021-03-13 12:00,12.2,,,1363
119,수원,2021-03-13 13:00,13.3,,,1579
119,수원,2021-03-13 14:00,14,,,1004
119,수원,2021-03-13 15:00,14,,,1063
119,수원,2021-03-13 16:00,13.2,,,1107
119,수원,2021-03-13 17:00,11.4,,,1213
119,수원,2021-03-13 18:00,10.3,,,1188
119,수원,2021-03-13 19:00,8.7,,,1084
119,수원,2021-03-13 20:00,7,,,1334
119,수원,2021-03-13 21:00,6.8,,,1158
119,수원,2021-03-13 22:00,5.9,,,733
119,수원,2021-03-13 23:00,5.3,,,1450
119,수원,2021-03-14 00:00,4.7,,,1744
119,수원,2021-03-14 01:00,4.8,,,1671
119,수원,2021-03-14 02:00,3.8,,,629
119,수원,2021-03-14 03:00,3.4,,,641
119,수원,2021-03-14 04:00,2.8,,,444
119,수원,2021-03-14 05:00,2.3,,,455
119,수원,2021-03-14 06:00,1.8,,,273
119,수원,2021-03-14 07:00,2.2,,,319
119,수원,2021-03-14 08:00,3.6,,,347
119,수원,2021-03-14 09:00,4.9,,,219
119,수원,2021-03-14 10:00,5.8,,,395
119,수원,2021-03-14 11:00,8.6,,,597
119,수원,2021-03-14 12:00,11.1,,,758
119,수원,2021-03-14 13:00,11.5,,,728
119,수원,2021-03-14 14:00,13,,,948
119,수원,2021-03-14 15:00,12.8,,,1187
119,수원,2021-03-14 16:00,12.6,,,1029
119,수원,2021-03-14 17:00,12,,,1106
119,수원,2021-03-14 18:00,10.5,,,1091
119,수원,2021-03-14 19:00,8.8,,,615
119,수원,2021-03-14 20:00,8.3,,,529
119,수원,2021-03-14 21:00,7.9,,,823
119,수원,2021-03-14 22:00,7.1,,,580
119,수원,2021-03-14 23:00,6.4,,,487
119,수원,2021-03-15 00:00,5.7,,,425
119,수원,2021-03-15 01:00,4.7,,,428
119,수원,2021-03-15 02:00,4.2,,,344
119,수원,2021-03-15 03:00,3.4,,,325
119,수원,2021-03-15 04:00,3.2,,,396
119,수원,2021-03-15 05:00,2.4,,,261
119,수원,2021-03-15 06:00,3.1,,,447
119,수원,2021-03-15 07:00,3.6,,,374
119,수원,2021-03-15 08:00,5.1,,,348
119,수원,2021-03-15 09:00,7.8,,,529
119,수원,2021-03-15 10:00,9.8,,,586
119,수원,2021-03-15 11:00,12.5,,,1148
119,수원,2021-03-15 12:00,13.6,,,1460
119,수원,2021-03-15 13:00,14.6,,,2000
119,수원,2021-03-15 14:00,15.3,,,770
119,수원,2021-03-15 15:00,15.4,,,1221
119,수원,2021-03-15 16:00,16,,,1119
119,수원,2021-03-15 17:00,14.7,,,1664
119,수원,2021-03-15 18:00,13.3,,,764
119,수원,2021-03-15 19:00,13,,,1060
119,수원,2021-03-15 20:00,12.8,,,1048
119,수원,2021-03-15 21:00,12.8,,,1055
119,수원,2021-03-15 22:00,11.7,,,910
119,수원,2021-03-15 23:00,10.5,,,605
119,수원,2021-03-16 00:00,10.4,.2,,224
119,수원,2021-03-16 01:00,9.9,,,312
119,수원,2021-03-16 02:00,9.2,,,282
119,수원,2021-03-16 03:00,8.4,2.4,,270
119,수원,2021-03-16 04:00,8,,,203
119,수원,2021-03-16 05:00,7.8,,,307
119,수원,2021-03-16 06:00,7.1,0,,1266
119,수원,2021-03-16 07:00,5.7,,,1988
119,수원,2021-03-16 08:00,6.3,,,1982
119,수원,2021-03-16 09:00,7.1,,,1911
119,수원,2021-03-16 10:00,8.3,,,1877
119,수원,2021-03-16 11:00,9.8,,,1913
119,수원,2021-03-16 12:00,10.2,,,2000
119,수원,2021-03-16 13:00,11.8,,,1941
119,수원,2021-03-16 14:00,11.7,,,1987
119,수원,2021-03-16 15:00,10,,,1908
119,수원,2021-03-16 16:00,9.7,,,2000
119,수원,2021-03-16 17:00,9.3,,,1995
119,수원,2021-03-16 18:00,8.1,,,1992
119,수원,2021-03-16 19:00,6.8,,,2000
119,수원,2021-03-16 20:00,5.6,,,1957
119,수원,2021-03-16 21:00,5.6,,,1890
119,수원,2021-03-16 22:00,5,,,2000
119,수원,2021-03-16 23:00,5.1,,,1883
119,수원,2021-03-17 00:00,4.6,,,1945
119,수원,2021-03-17 01:00,2.9,,,1887
119,수원,2021-03-17 02:00,2.1,,,1931
119,수원,2021-03-17 03:00,1.6,,,1761
119,수원,2021-03-17 04:00,1.2,,,1913
119,수원,2021-03-17 05:00,2.4,,,1875
119,수원,2021-03-17 06:00,1.7,,,1675
119,수원,2021-03-17 07:00,1,,,1676
119,수원,2021-03-17 08:00,3.5,,,1724
119,수원,2021-03-17 09:00,5.8,,,1598
119,수원,2021-03-17 10:00,7.9,,,1943
119,수원,2021-03-17 11:00,9.7,,,1797
119,수원,2021-03-17 12:00,11.9,,,1941
119,수원,2021-03-17 13:00,13.8,,,1901
119,수원,2021-03-17 14:00,14.9,,,1954
119,수원,2021-03-17 15:00,15.7,,,1761
119,수원,2021-03-17 16:00,13.7,,,1825
119,수원,2021-03-17 17:00,12.7,,,2086
119,수원,2021-03-17 18:00,10.8,,,1861
119,수원,2021-03-17 19:00,8.9,,,1911
119,수원,2021-03-17 20:00,6.2,,,1770
119,수원,2021-03-17 21:00,5.6,,,2000
119,수원,2021-03-17 22:00,4.8,,,1977
119,수원,2021-03-17 23:00,4.6,,,2000
119,수원,2021-03-18 00:00,3.9,,,1930
119,수원,2021-03-18 01:00,3.9,,,1744
119,수원,2021-03-18 02:00,3.3,,,2020
119,수원,2021-03-18 03:00,3.2,,,1691
119,수원,2021-03-18 04:00,2.9,,,1751
119,수원,2021-03-18 05:00,3,,,1772
119,수원,2021-03-18 06:00,2.4,,,1382
119,수원,2021-03-18 07:00,2.4,,,1381
119,수원,2021-03-18 08:00,4.9,,,1169
119,수원,2021-03-18 09:00,8.9,,,1912
119,수원,2021-03-18 10:00,10.7,,,1486
119,수원,2021-03-18 11:00,13.1,,,1610
119,수원,2021-03-18 12:00,14.1,,,1676
119,수원,2021-03-18 13:00,16,,,1735
119,수원,2021-03-18 14:00,17.4,,,1711
119,수원,2021-03-18 15:00,18.2,,,1911
119,수원,2021-03-18 16:00,17.7,,,1457
119,수원,2021-03-18 17:00,15,,,1305
119,수원,2021-03-18 18:00,13.7,,,1414
119,수원,2021-03-18 19:00,11.3,,,1162
119,수원,2021-03-18 20:00,10.2,,,1099
119,수원,2021-03-18 21:00,9.4,,,1204
119,수원,2021-03-18 22:00,9.1,,,1213
119,수원,2021-03-18 23:00,9.3,,,1163
119,수원,2021-03-19 00:00,9.5,,,1036
119,수원,2021-03-19 01:00,9.5,,,858
119,수원,2021-03-19 02:00,9.7,,,818
119,수원,2021-03-19 03:00,9.2,,,751
119,수원,2021-03-19 04:00,9.3,,,671
119,수원,2021-03-19 05:00,9.7,,,759
119,수원,2021-03-19 06:00,10.3,,,1291
119,수원,2021-03-19 07:00,10.8,,,1998
119,수원,2021-03-19 08:00,11.6,,,2000
119,수원,2021-03-19 09:00,12.4,,,2000
119,수원,2021-03-19 10:00,13.9,,,2000
119,수원,2021-03-19 11:00,14.6,,,1980
119,수원,2021-03-19 12:00,15.8,,,1996
119,수원,2021-03-19 13:00,16.8,,,2000
119,수원,2021-03-19 14:00,18.1,,,1965
119,수원,2021-03-19 15:00,18.2,,,1986
119,수원,2021-03-19 16:00,19.2,,,2000
119,수원,2021-03-19 17:00,19.1,,,2000
119,수원,2021-03-19 18:00,18.4,,,1983
119,수원,2021-03-19 19:00,14.6,,,1664
119,수원,2021-03-19 20:00,13.7,,,1838
119,수원,2021-03-19 21:00,13.5,,,1906
119,수원,2021-03-19 22:00,12.3,,,1611
119,수원,2021-03-19 23:00,14.6,,,2000
119,수원,2021-03-20 00:00,13.5,,,2000
119,수원,2021-03-20 01:00,13.2,,,2000
119,수원,2021-03-20 02:00,12.5,,,2000
119,수원,2021-03-20 03:00,12.1,,,2000
119,수원,2021-03-20 04:00,11.6,,,1995
119,수원,2021-03-20 05:00,11.3,,,2000
119,수원,2021-03-20 06:00,11.2,,,2000
119,수원,2021-03-20 07:00,10.6,,,1998
119,수원,2021-03-20 08:00,9.5,,,1957
119,수원,2021-03-20 09:00,9.7,.2,,2000
119,수원,2021-03-20 10:00,8.4,,,883
119,수원,2021-03-20 11:00,8.1,,,588
119,수원,2021-03-20 12:00,8.3,2.8,,813
119,수원,2021-03-20 13:00,8.8,,,691
119,수원,2021-03-20 14:00,8.8,,,661
119,수원,2021-03-20 15:00,8.8,.7,,768
119,수원,2021-03-20 16:00,9,,,819
119,수원,2021-03-20 17:00,9.2,,,525
119,수원,2021-03-20 18:00,7.8,0,,814
119,수원,2021-03-20 19:00,7.2,,,740
119,수원,2021-03-20 20:00,6.4,,,1193
119,수원,2021-03-20 21:00,6.3,,,555
119,수원,2021-03-20 22:00,6.2,,,495
119,수원,2021-03-20 23:00,6.1,,,426
119,수원,2021-03-21 00:00,6.1,,,531
119,수원,2021-03-21 01:00,5.8,,,590
119,수원,2021-03-21 02:00,5.8,,,643
119,수원,2021-03-21 03:00,5.6,,,681
119,수원,2021-03-21 04:00,5.1,,,719
119,수원,2021-03-21 05:00,4.6,,,681
119,수원,2021-03-21 06:00,4.7,,,685
119,수원,2021-03-21 07:00,4.9,,,678
119,수원,2021-03-21 08:00,5.4,,,711
119,수원,2021-03-21 09:00,5.8,,,523
119,수원,2021-03-21 10:00,6.6,,,726
119,수원,2021-03-21 11:00,6.4,,,625
119,수원,2021-03-21 12:00,8,,,908
119,수원,2021-03-21 13:00,8,,,1523
119,수원,2021-03-21 14:00,7.9,,,1987
119,수원,2021-03-21 15:00,7.2,,,1992
119,수원,2021-03-21 16:00,6.6,,,2000
119,수원,2021-03-21 17:00,7.2,,,2000
119,수원,2021-03-21 18:00,6.2,,,2000
119,수원,2021-03-21 19:00,5.5,,,2000
119,수원,2021-03-21 20:00,5.3,,,2000
119,수원,2021-03-21 21:00,4.9,,,2000
119,수원,2021-03-21 22:00,4.4,,,1998
119,수원,2021-03-21 23:00,3.8,,,1950
119,수원,2021-03-22 00:00,3.6,,,2000
119,수원,2021-03-22 01:00,3.2,,,2000
119,수원,2021-03-22 02:00,2.9,,,2000
119,수원,2021-03-22 03:00,2.3,,,1948
119,수원,2021-03-22 04:00,1.7,,,2000
119,수원,2021-03-22 05:00,1.1,,,2000
119,수원,2021-03-22 06:00,1.6,,,1930
119,수원,2021-03-22 07:00,1.4,,,1993
119,수원,2021-03-22 08:00,3.5,,,1903
119,수원,2021-03-22 09:00,6,,,1947
119,수원,2021-03-22 10:00,7.2,,,1998
119,수원,2021-03-22 11:00,8.3,,,2000
119,수원,2021-03-22 12:00,9.2,,,1996
119,수원,2021-03-22 13:00,9.8,,,1980
119,수원,2021-03-22 14:00,10.4,,,1995
119,수원,2021-03-22 15:00,10.5,,,1995
119,수원,2021-03-22 16:00,9.9,,,2000
119,수원,2021-03-22 17:00,9.2,,,2000
119,수원,2021-03-22 18:00,8.5,,,2000
119,수원,2021-03-22 19:00,6.5,,,1724
119,수원,2021-03-22 20:00,5.7,,,1299
119,수원,2021-03-22 21:00,5.1,,,1038
119,수원,2021-03-22 22:00,4.8,,,1259
119,수원,2021-03-22 23:00,3.7,,,753
119,수원,2021-03-23 00:00,3.4,,,755
119,수원,2021-03-23 01:00,2.6,,,1531
119,수원,2021-03-23 02:00,3,,,1192
119,수원,2021-03-23 03:00,2.8,,,731
119,수원,2021-03-23 04:00,2,,,561
119,수원,2021-03-23 05:00,2,,,626
119,수원,2021-03-23 06:00,1.8,,,838
119,수원,2021-03-23 07:00,1.8,,,977
119,수원,2021-03-23 08:00,3.5,,,621
119,수원,2021-03-23 09:00,6,,,856
119,수원,2021-03-23 10:00,8.2,,,781
119,수원,2021-03-23 11:00,10.6,,,1099
119,수원,2021-03-23 12:00,13.6,,,1194
119,수원,2021-03-23 13:00,16,,,1819
119,수원,2021-03-23 14:00,16.2,,,1789
119,수원,2021-03-23 15:00,15.2,,,1800
119,수원,2021-03-23 16:00,15.4,,,1821
119,수원,2021-03-23 17:00,14.2,,,1854
119,수원,2021-03-23 18:00,13.4,,,1932
119,수원,2021-03-23 19:00,11.7,,,1973
119,수원,2021-03-23 20:00,11.2,,,1963
119,수원,2021-03-23 21:00,10.1,,,2012
119,수원,2021-03-23 22:00,9.5,,,1772
119,수원,2021-03-23 23:00,7.8,,,1324
119,수원,2021-03-24 00:00,6.9,,,1344
119,수원,2021-03-24 01:00,6.7,,,695
119,수원,2021-03-24 02:00,5.8,,,1965
119,수원,2021-03-24 03:00,5.5,,,1578
119,수원,2021-03-24 04:00,5.2,,,859
119,수원,2021-03-24 05:00,5.2,,,1942
119,수원,2021-03-24 06:00,4.4,,,1042
119,수원,2021-03-24 07:00,4.9,,,556
119,수원,2021-03-24 08:00,6.6,,,867
119,수원,2021-03-24 09:00,8.6,,,1141
119,수원,2021-03-24 10:00,9.9,,,1442
119,수원,2021-03-24 11:00,11.7,,,1799
119,수원,2021-03-24 12:00,13.4,,,1763
119,수원,2021-03-24 13:00,15.1,,,1846
119,수원,2021-03-24 14:00,16.2,,,1948
119,수원,2021-03-24 15:00,17.3,,,1964
119,수원,2021-03-24 16:00,16.6,,,1988
119,수원,2021-03-24 17:00,16.1,,,2000
119,수원,2021-03-24 18:00,13.1,,,2000
119,수원,2021-03-24 19:00,11.2,,,2000
119,수원,2021-03-24 20:00,10.6,,,2000
119,수원,2021-03-24 21:00,9.9,,,2000
119,수원,2021-03-24 22:00,9.1,,,2000
119,수원,2021-03-24 23:00,8.2,,,2000
119,수원,2021-03-25 00:00,7.2,,,1996
119,수원,2021-03-25 01:00,7.1,,,2012
119,수원,2021-03-25 02:00,7.1,,,2000
119,수원,2021-03-25 03:00,7.7,,,1973
119,수원,2021-03-25 04:00,8.3,,,1965
119,수원,2021-03-25 05:00,8.1,,,1963
119,수원,2021-03-25 06:00,8.2,,,1172
119,수원,2021-03-25 07:00,8.5,,,704
119,수원,2021-03-25 08:00,9.5,,,640
119,수원,2021-03-25 09:00,11.2,,,968
119,수원,2021-03-25 10:00,12.5,,,1126
119,수원,2021-03-25 11:00,14.4,,,1038
119,수원,2021-03-25 12:00,15.7,,,1082
119,수원,2021-03-25 13:00,17.4,,,1100
119,수원,2021-03-25 14:00,18.3,,,1021
119,수원,2021-03-25 15:00,17.7,,,1248
119,수원,2021-03-25 16:00,17.2,,,1514
119,수원,2021-03-25 17:00,15.8,,,1685
119,수원,2021-03-25 18:00,12.1,,,1066
119,수원,2021-03-25 19:00,9.2,,,735
119,수원,2021-03-25 20:00,6.9,,,546
119,수원,2021-03-25 21:00,6,,,519
119,수원,2021-03-25 22:00,6,,,510
119,수원,2021-03-25 23:00,6.1,,,546
119,수원,2021-03-26 00:00,5.5,,,336
119,수원,2021-03-26 01:00,5.1,,,196
119,수원,2021-03-26 02:00,5.3,,,276
119,수원,2021-03-26 03:00,5.1,,,238
119,수원,2021-03-26 04:00,5.2,,,205
119,수원,2021-03-26 05:00,4.4,,,50
119,수원,2021-03-26 06:00,4.5,,,40
119,수원,2021-03-26 07:00,4.7,,,90
119,수원,2021-03-26 08:00,5.3,,,174
119,수원,2021-03-26 09:00,7,,,310
119,수원,2021-03-26 10:00,10,,,349
119,수원,2021-03-26 11:00,12.8,,,780
119,수원,2021-03-26 12:00,15.6,,,697
119,수원,2021-03-26 13:00,17,,,891
119,수원,2021-03-26 14:00,18.3,,,1527
119,수원,2021-03-26 15:00,19.7,,,1689
119,수원,2021-03-26 16:00,20.2,,,1971
119,수원,2021-03-26 17:00,20.2,,,1937
119,수원,2021-03-26 18:00,19.8,,,1780
119,수원,2021-03-26 19:00,16.2,,,647
119,수원,2021-03-26 20:00,14.8,,,571
119,수원,2021-03-26 21:00,13,,,549
119,수원,2021-03-26 22:00,12.2,,,543
119,수원,2021-03-26 23:00,11.6,,,547
119,수원,2021-03-27 00:00,10.3,,,523
119,수원,2021-03-27 01:00,10,,,715
119,수원,2021-03-27 02:00,8.6,,,689
119,수원,2021-03-27 03:00,7.6,,,745
119,수원,2021-03-27 04:00,8.6,,,766
119,수원,2021-03-27 05:00,6.7,,,702
119,수원,2021-03-27 06:00,7.3,,,701
119,수원,2021-03-27 07:00,8.2,,,656
119,수원,2021-03-27 08:00,10.5,,,651
119,수원,2021-03-27 09:00,12.3,,,727
119,수원,2021-03-27 10:00,14.6,,,2001
119,수원,2021-03-27 11:00,15.3,,,1993
119,수원,2021-03-27 12:00,14.9,0,,1776
119,수원,2021-03-27 13:00,13.1,,,1726
119,수원,2021-03-27 14:00,12.4,,,892
119,수원,2021-03-27 15:00,12.1,3.2,,900
119,수원,2021-03-27 16:00,11.8,,,924
119,수원,2021-03-27 17:00,11.7,,,660
119,수원,2021-03-27 18:00,11.8,8.2,,748
119,수원,2021-03-27 19:00,11.9,,,556
119,수원,2021-03-27 20:00,12.2,,,712
119,수원,2021-03-27 21:00,12.6,4,,769
119,수원,2021-03-27 22:00,12.7,,,479
119,수원,2021-03-27 23:00,13.1,,,449
119,수원,2021-03-28 00:00,13.3,4.7,,193
119,수원,2021-03-28 01:00,13.4,,,319
119,수원,2021-03-28 02:00,12.8,,,510
119,수원,2021-03-28 03:00,11.7,3.3,,665
119,수원,2021-03-28 04:00,10,,,518
119,수원,2021-03-28 05:00,9.2,,,950
119,수원,2021-03-28 06:00,8.7,.2,,820
119,수원,2021-03-28 07:00,8.1,,,457
119,수원,2021-03-28 08:00,8,,,413
119,수원,2021-03-28 09:00,8.2,1.1,,950
119,수원,2021-03-28 10:00,7.7,,,327
119,수원,2021-03-28 11:00,7.7,,,278
119,수원,2021-03-28 12:00,8.2,.1,,829
119,수원,2021-03-28 13:00,8.7,,,605
119,수원,2021-03-28 14:00,8.8,,,652
119,수원,2021-03-28 15:00,9.1,0,,581
119,수원,2021-03-28 16:00,9.7,,,959
119,수원,2021-03-28 17:00,9.7,,,1775
119,수원,2021-03-28 18:00,9.9,,,1807
119,수원,2021-03-28 19:00,10,,,1836
119,수원,2021-03-28 20:00,9.8,,,1795
119,수원,2021-03-28 21:00,9.8,,,1605
119,수원,2021-03-28 22:00,9.7,,,1084
119,수원,2021-03-28 23:00,8.9,,,228
119,수원,2021-03-29 00:00,9.3,.5,,371
119,수원,2021-03-29 01:00,9.4,,,300
119,수원,2021-03-29 02:00,9.4,,,295
119,수원,2021-03-29 03:00,8.3,.1,,374
119,수원,2021-03-29 04:00,8.1,,,340
119,수원,2021-03-29 05:00,7.8,,,264
119,수원,2021-03-29 06:00,7.7,,,227
119,수원,2021-03-29 07:00,7.7,,,310
119,수원,2021-03-29 08:00,8.5,,,292
119,수원,2021-03-29 09:00,9.6,,,401
119,수원,2021-03-29 10:00,11,,,517
119,수원,2021-03-29 11:00,12.3,,,618
119,수원,2021-03-29 12:00,13.5,,,1022
119,수원,2021-03-29 13:00,14.6,,,1139
119,수원,2021-03-29 14:00,14.7,,,1719
119,수원,2021-03-29 15:00,14.1,,,1288
119,수원,2021-03-29 16:00,13.6,,,1049
119,수원,2021-03-29 17:00,12.8,,,974
119,수원,2021-03-29 18:00,11.7,,,1898
119,수원,2021-03-29 19:00,10.4,,,913
119,수원,2021-03-29 20:00,8.9,,,749
119,수원,2021-03-29 21:00,8.1,,,654
119,수원,2021-03-29 22:00,7.3,,,592
119,수원,2021-03-29 23:00,6.8,,,739
119,수원,2021-03-30 00:00,5.7,,,564
119,수원,2021-03-30 01:00,4.4,,,667
119,수원,2021-03-30 02:00,4.7,,,672
119,수원,2021-03-30 03:00,3.8,,,671
119,수원,2021-03-30 04:00,2.7,,,518
119,수원,2021-03-30 05:00,2.5,,,578
119,수원,2021-03-30 06:00,1.9,,,488
119,수원,2021-03-30 07:00,2.6,,,577
119,수원,2021-03-30 08:00,6,,,585
119,수원,2021-03-30 09:00,9.1,,,692
119,수원,2021-03-30 10:00,11.3,,,1392
119,수원,2021-03-30 11:00,13.5,,,1830
119,수원,2021-03-30 12:00,15.4,,,1969
119,수원,2021-03-30 13:00,16.9,,,1993
119,수원,2021-03-30 14:00,17.3,,,2000
119,수원,2021-03-30 15:00,17.8,,,2000
119,수원,2021-03-30 16:00,16.8,,,1925
119,수원,2021-03-30 17:00,16,,,2000
119,수원,2021-03-30 18:00,13.8,,,2000
119,수원,2021-03-30 19:00,11.1,,,2000
119,수원,2021-03-30 20:00,10.5,,,2000
119,수원,2021-03-30 21:00,8.9,,,1780
119,수원,2021-03-30 22:00,8.1,,,1907
119,수원,2021-03-30 23:00,7.3,,,1967
119,수원,2021-03-31 00:00,6.4,,,1989
119,수원,2021-03-31 01:00,5.5,,,1899
119,수원,2021-03-31 02:00,5,,,1942
119,수원,2021-03-31 03:00,3.7,,,1836
119,수원,2021-03-31 04:00,3.7,,,1870
119,수원,2021-03-31 05:00,4.3,,,1786
119,수원,2021-03-31 06:00,3.6,,,1618
119,수원,2021-03-31 07:00,3.8,,,1739
119,수원,2021-03-31 08:00,7.4,,,1695
119,수원,2021-03-31 09:00,10.9,,,1750
119,수원,2021-03-31 10:00,14.3,,,1889
119,수원,2021-03-31 11:00,16.7,,,1930
119,수원,2021-03-31 12:00,18.1,,,1999
119,수원,2021-03-31 13:00,20,,,1989
119,수원,2021-03-31 14:00,21,,,1997
119,수원,2021-03-31 15:00,21.7,,,1988
119,수원,2021-03-31 16:00,21.8,,,1491
119,수원,2021-03-31 17:00,21,,,974
119,수원,2021-03-31 18:00,19,,,1176
119,수원,2021-03-31 19:00,15.7,,,1492
119,수원,2021-03-31 20:00,14.4,,,1456
119,수원,2021-03-31 21:00,13.3,,,1233
119,수원,2021-03-31 22:00,12.1,,,1383
119,수원,2021-03-31 23:00,11.1,,,1384
119,수원,2021-04-01 00:00,10.3,,,1367
119,수원,2021-04-01 01:00,10.1,,,1518
119,수원,2021-04-01 02:00,9,,,1318
119,수원,2021-04-01 03:00,8.1,,,1282
119,수원,2021-04-01 04:00,8.8,,,1161
119,수원,2021-04-01 05:00,10.5,,,1447
119,수원,2021-04-01 06:00,11.1,,,1999
119,수원,2021-04-01 07:00,11.7,,,1989
119,수원,2021-04-01 08:00,14.6,,,1987
119,수원,2021-04-01 09:00,16.3,,,2000
119,수원,2021-04-01 10:00,18.1,,,1923
119,수원,2021-04-01 11:00,20,,,1978
119,수원,2021-04-01 12:00,20.8,,,1990
119,수원,2021-04-01 13:00,21.7,,,1995
119,수원,2021-04-01 14:00,22.2,,,1970
119,수원,2021-04-01 15:00,23.7,,,1958
119,수원,2021-04-01 16:00,22.8,,,2000
119,수원,2021-04-01 17:00,22.5,,,2000
119,수원,2021-04-01 18:00,21.2,,,2000
119,수원,2021-04-01 19:00,19.8,,,2000
119,수원,2021-04-01 20:00,18.1,,,1996
119,수원,2021-04-01 21:00,17.6,,,2000
119,수원,2021-04-01 22:00,16.8,,,2000
119,수원,2021-04-01 23:00,16.3,,,2000
119,수원,2021-04-02 00:00,15.6,,,2000
119,수원,2021-04-02 01:00,15,,,2000
119,수원,2021-04-02 02:00,14.8,,,2000
119,수원,2021-04-02 03:00,13.9,,,2000
119,수원,2021-04-02 04:00,13.7,,,2000
119,수원,2021-04-02 05:00,13.5,,,2000
119,수원,2021-04-02 06:00,13,,,2000
119,수원,2021-04-02 07:00,13.6,,,2000
119,수원,2021-04-02 08:00,14.5,,,2000
119,수원,2021-04-02 09:00,15.3,,,2000
119,수원,2021-04-02 10:00,17.3,,,1945
119,수원,2021-04-02 11:00,18.1,,,1984
119,수원,2021-04-02 12:00,19.1,,,2000
119,수원,2021-04-02 13:00,20.1,,,1999
119,수원,2021-04-02 14:00,20.9,,,1966
119,수원,2021-04-02 15:00,21.5,,,1983
119,수원,2021-04-02 16:00,21.9,,,2000
119,수원,2021-04-02 17:00,21.6,,,2000
119,수원,2021-04-02 18:00,21.1,,,1946
119,수원,2021-04-02 19:00,19.9,,,2000
119,수원,2021-04-02 20:00,19.1,,,1969
119,수원,2021-04-02 21:00,18.1,,,1941
119,수원,2021-04-02 22:00,17.6,,,1630
119,수원,2021-04-02 23:00,18,,,2043
119,수원,2021-04-03 00:00,17.9,,,1979
119,수원,2021-04-03 01:00,18.5,,,2009
119,수원,2021-04-03 02:00,18.1,,,1994
119,수원,2021-04-03 03:00,17.8,,,1999
119,수원,2021-04-03 04:00,17.8,,,1989
119,수원,2021-04-03 05:00,17.7,,,1995
119,수원,2021-04-03 06:00,17.5,,,1539
119,수원,2021-04-03 07:00,17.6,,,1957
119,수원,2021-04-03 08:00,17.7,,,1927
119,수원,2021-04-03 09:00,17.7,0,,1875
119,수원,2021-04-03 10:00,14.8,1.4,,967
119,수원,2021-04-03 11:00,14.8,.7,,1170
119,수원,2021-04-03 12:00,14.6,3.2,,732
119,수원,2021-04-03 13:00,14.6,1.8,,550
119,수원,2021-04-03 14:00,14.4,8.7,,244
119,수원,2021-04-03 15:00,14.7,5.7,,886
119,수원,2021-04-03 16:00,14.7,1.4,,800
119,수원,2021-04-03 17:00,14.6,2.4,,317
119,수원,2021-04-03 18:00,14.5,6.4,,493
119,수원,2021-04-03 19:00,14.6,3.7,,710
119,수원,2021-04-03 20:00,14.6,2.4,,950
119,수원,2021-04-03 21:00,14.2,.8,,556
119,수원,2021-04-03 22:00,12.8,6.6,,939
119,수원,2021-04-03 23:00,12.4,1.5,,2000
119,수원,2021-04-04 00:00,11.8,0,,2000
119,수원,2021-04-04 01:00,10.8,.1,,1650
119,수원,2021-04-04 02:00,10.8,0,,2000
119,수원,2021-04-04 03:00,10.5,,,1547
119,수원,2021-04-04 04:00,10.3,0,,1348
119,수원,2021-04-04 05:00,10,.3,,790
119,수원,2021-04-04 06:00,10,.1,,2000
119,수원,2021-04-04 07:00,10.3,0,,2000
119,수원,2021-04-04 08:00,10.4,,,2000
119,수원,2021-04-04 09:00,10.7,,,2000
119,수원,2021-04-04 10:00,11.7,,,2000
119,수원,2021-04-04 11:00,12.2,,,2000
119,수원,2021-04-04 12:00,13.2,,,1995
119,수원,2021-04-04 13:00,14.1,,,1997
119,수원,2021-04-04 14:00,15.4,,,2000
119,수원,2021-04-04 15:00,15.1,,,2000
119,수원,2021-04-04 16:00,15.2,,,2000
119,수원,2021-04-04 17:00,14.9,,,2000
119,수원,2021-04-04 18:00,14.7,,,2000
119,수원,2021-04-04 19:00,14.1,,,2000
119,수원,2021-04-04 20:00,13.4,,,2000
119,수원,2021-04-04 21:00,13,,,2000
119,수원,2021-04-04 22:00,11.9,,,2000
119,수원,2021-04-04 23:00,10.9,,,2001
119,수원,2021-04-05 00:00,10.2,,,2000
119,수원,2021-04-05 01:00,8.8,,,2000
119,수원,2021-04-05 02:00,8.7,,,2000
119,수원,2021-04-05 03:00,7.7,,,2000
119,수원,2021-04-05 04:00,7.5,,,2000
119,수원,2021-04-05 05:00,6.3,,,2000
119,수원,2021-04-05 06:00,6.4,,,2000
119,수원,2021-04-05 07:00,6.7,,,1948
119,수원,2021-04-05 08:00,9.3,,,2000
119,수원,2021-04-05 09:00,11.1,,,1950
119,수원,2021-04-05 10:00,12.4,,,2000
119,수원,2021-04-05 11:00,14.2,,,2000
119,수원,2021-04-05 12:00,14.8,,,2000
119,수원,2021-04-05 13:00,17,,,2000
119,수원,2021-04-05 14:00,17,,,2000
119,수원,2021-04-05 15:00,17.4,,,2000
119,수원,2021-04-05 16:00,16.3,,,1958
119,수원,2021-04-05 17:00,14.9,,,1966
119,수원,2021-04-05 18:00,14.2,,,1999
119,수원,2021-04-05 19:00,12.8,,,2000
119,수원,2021-04-05 20:00,10.7,,,2000
119,수원,2021-04-05 21:00,9.9,,,2000
119,수원,2021-04-05 22:00,9.6,,,1997
119,수원,2021-04-05 23:00,8.7,,,1999
119,수원,2021-04-06 00:00,8.5,,,1891
119,수원,2021-04-06 01:00,9,,,1700
119,수원,2021-04-06 02:00,8.1,,,1829
119,수원,2021-04-06 03:00,6.6,,,1622
119,수원,2021-04-06 04:00,6.7,,,1847
119,수원,2021-04-06 05:00,6.6,,,1654
119,수원,2021-04-06 06:00,7.3,,,1573
119,수원,2021-04-06 07:00,7.7,,,1253
119,수원,2021-04-06 08:00,9.5,,,741
119,수원,2021-04-06 09:00,11.3,,,953
119,수원,2021-04-06 10:00,14.1,,,1374
119,수원,2021-04-06 11:00,15.7,,,1941
119,수원,2021-04-06 12:00,16.7,,,1845
119,수원,2021-04-06 13:00,18.2,,,1873
119,수원,2021-04-06 14:00,18.4,,,1865
119,수원,2021-04-06 15:00,17.3,,,1904
119,수원,2021-04-06 16:00,16.4,,,1029
119,수원,2021-04-06 17:00,16.4,,,1085
119,수원,2021-04-06 18:00,15.1,,,1159
119,수원,2021-04-06 19:00,13.2,,,1084
119,수원,2021-04-06 20:00,12.3,,,1201
119,수원,2021-04-06 21:00,12.1,,,1168
119,수원,2021-04-06 22:00,10.7,,,832
119,수원,2021-04-06 23:00,9.8,,,697
119,수원,2021-04-07 00:00,10,,,746
119,수원,2021-04-07 01:00,8.4,,,513
119,수원,2021-04-07 02:00,8,,,921
119,수원,2021-04-07 03:00,6.8,,,611
119,수원,2021-04-07 04:00,6.7,,,488
119,수원,2021-04-07 05:00,5.4,,,319
119,수원,2021-04-07 06:00,5.1,,,336
119,수원,2021-04-07 07:00,6.1,,,302
119,수원,2021-04-07 08:00,9.1,,,436
119,수원,2021-04-07 09:00,11.1,,,777
119,수원,2021-04-07 10:00,13.5,,,571
119,수원,2021-04-07 11:00,15.8,,,692
119,수원,2021-04-07 12:00,18.1,,,883
119,수원,2021-04-07 13:00,19.5,,,1275
119,수원,2021-04-07 14:00,19.6,,,1586
119,수원,2021-04-07 15:00,19.5,,,1926
119,수원,2021-04-07 16:00,18.7,,,1987
119,수원,2021-04-07 17:00,17.8,,,2000
119,수원,2021-04-07 18:00,16.7,,,2000
119,수원,2021-04-07 19:00,15,,,2000
119,수원,2021-04-07 20:00,13.1,,,2000
119,수원,2021-04-07 21:00,12,,,2000
119,수원,2021-04-07 22:00,11.4,,,1944
119,수원,2021-04-07 23:00,10.9,,,1829
119,수원,2021-04-08 00:00,9.6,,,1543
119,수원,2021-04-08 01:00,9,,,1429
119,수원,2021-04-08 02:00,8.2,,,1532
119,수원,2021-04-08 03:00,7.8,,,1861
119,수원,2021-04-08 04:00,6.7,,,1676
119,수원,2021-04-08 05:00,6.2,,,1952
119,수원,2021-04-08 06:00,5.5,,,915
119,수원,2021-04-08 07:00,6.6,,,867
119,수원,2021-04-08 08:00,9.5,,,858
119,수원,2021-04-08 09:00,11.4,,,1095
119,수원,2021-04-08 10:00,13.6,,,1832
119,수원,2021-04-08 11:00,14.7,,,1641
119,수원,2021-04-08 12:00,15.5,,,1990
119,수원,2021-04-08 13:00,16.5,,,2000
119,수원,2021-04-08 14:00,17.2,,,1971
119,수원,2021-04-08 15:00,16.4,,,2000
119,수원,2021-04-08 16:00,16.2,,,1986
119,수원,2021-04-08 17:00,15.3,,,1980
119,수원,2021-04-08 18:00,15,,,1996
119,수원,2021-04-08 19:00,12.8,,,2000
119,수원,2021-04-08 20:00,13.1,,,2000
119,수원,2021-04-08 21:00,11.4,,,2000
119,수원,2021-04-08 22:00,10.9,,,2000
119,수원,2021-04-08 23:00,10.5,,,2000
119,수원,2021-04-09 00:00,8.7,,,1952
119,수원,2021-04-09 01:00,8.5,,,2000
119,수원,2021-04-09 02:00,7.3,,,1950
119,수원,2021-04-09 03:00,6.6,,,2000
119,수원,2021-04-09 04:00,6.6,,,2000
119,수원,2021-04-09 05:00,4.9,,,1997
119,수원,2021-04-09 06:00,4.8,,,1876
119,수원,2021-04-09 07:00,5.8,,,1458
119,수원,2021-04-09 08:00,11,,,2000
119,수원,2021-04-09 09:00,12.9,,,2000
119,수원,2021-04-09 10:00,14.1,,,1990
119,수원,2021-04-09 11:00,15.4,,,1991
119,수원,2021-04-09 12:00,16,,,1999
119,수원,2021-04-09 13:00,16.6,,,2000
119,수원,2021-04-09 14:00,17.7,,,1949
119,수원,2021-04-09 15:00,17.9,,,1999
119,수원,2021-04-09 16:00,18.5,,,2000
119,수원,2021-04-09 17:00,17.4,,,1942
119,수원,2021-04-09 18:00,16.4,,,1993
119,수원,2021-04-09 19:00,15,,,1999
119,수원,2021-04-09 20:00,14,,,1983
119,수원,2021-04-09 21:00,13.6,,,2000
119,수원,2021-04-09 22:00,12.9,,,2000
119,수원,2021-04-09 23:00,11.7,,,2000
119,수원,2021-04-10 00:00,10.7,,,2000
119,수원,2021-04-10 01:00,10,,,2001
119,수원,2021-04-10 02:00,8.9,,,2000
119,수원,2021-04-10 03:00,8.8,,,2000
119,수원,2021-04-10 04:00,8.3,,,2000
119,수원,2021-04-10 05:00,8,,,2000
119,수원,2021-04-10 06:00,7.7,,,1987
119,수원,2021-04-10 07:00,8.2,,,2000
119,수원,2021-04-10 08:00,9.7,,,2000
119,수원,2021-04-10 09:00,11.1,,,2000
119,수원,2021-04-10 10:00,12.8,,,1996
119,수원,2021-04-10 11:00,14.7,,,2000
119,수원,2021-04-10 12:00,15.2,,,1870
119,수원,2021-04-10 13:00,16.2,,,2000
119,수원,2021-04-10 14:00,17.6,,,1927
119,수원,2021-04-10 15:00,17.1,,,1960
119,수원,2021-04-10 16:00,16.2,,,2000
119,수원,2021-04-10 17:00,15.9,,,2000
119,수원,2021-04-10 18:00,14.5,,,2000
119,수원,2021-04-10 19:00,12.6,,,2000
119,수원,2021-04-10 20:00,11,,,1979
119,수원,2021-04-10 21:00,10.6,,,1895
119,수원,2021-04-10 22:00,9.9,,,1893
119,수원,2021-04-10 23:00,8.7,,,1251
119,수원,2021-04-11 00:00,8.3,,,1257
119,수원,2021-04-11 01:00,7.6,,,1415
119,수원,2021-04-11 02:00,6.6,,,1025
119,수원,2021-04-11 03:00,5.9,,,666
119,수원,2021-04-11 04:00,5.5,,,927
119,수원,2021-04-11 05:00,4.9,,,1173
119,수원,2021-04-11 06:00,4.8,,,741
119,수원,2021-04-11 07:00,6.1,,,935
119,수원,2021-04-11 08:00,9.2,,,1168
119,수원,2021-04-11 09:00,13.1,,,1673
119,수원,2021-04-11 10:00,14.6,,,1880
119,수원,2021-04-11 11:00,16.9,,,1760
119,수원,2021-04-11 12:00,18.4,,,1657
119,수원,2021-04-11 13:00,20.1,,,1828
119,수원,2021-04-11 14:00,20.3,,,1775
119,수원,2021-04-11 15:00,21,,,1611
119,수원,2021-04-11 16:00,21.2,,,1807
119,수원,2021-04-11 17:00,20.5,,,1638
119,수원,2021-04-11 18:00,19.3,,,1797
119,수원,2021-04-11 19:00,17.7,,,1772
119,수원,2021-04-11 20:00,15.8,,,1832
119,수원,2021-04-11 21:00,15,,,1662
119,수원,2021-04-11 22:00,14.6,,,1470
119,수원,2021-04-11 23:00,14,,,1713
119,수원,2021-04-12 00:00,13.5,,,1591
119,수원,2021-04-12 01:00,12.8,,,2002
119,수원,2021-04-12 02:00,13.2,,,1259
119,수원,2021-04-12 03:00,13.1,,,1174
119,수원,2021-04-12 04:00,13,,,1127
119,수원,2021-04-12 05:00,12.4,,,1020
119,수원,2021-04-12 06:00,12.6,,,1168
119,수원,2021-04-12 07:00,12.7,,,1403
119,수원,2021-04-12 08:00,14.1,,,1161
119,수원,2021-04-12 09:00,15.3,,,1604
119,수원,2021-04-12 10:00,17,0,,1918
119,수원,2021-04-12 11:00,17.1,0,,1985
119,수원,2021-04-12 12:00,17.3,0,,1986
119,수원,2021-04-12 13:00,14.8,0,,1999
119,수원,2021-04-12 14:00,12.7,.9,,1659
119,수원,2021-04-12 15:00,12.2,1.1,,1111
119,수원,2021-04-12 16:00,12,1,,1019
119,수원,2021-04-12 17:00,11.8,2.2,,873
119,수원,2021-04-12 18:00,11.9,2.1,,1146
119,수원,2021-04-12 19:00,12.2,2.5,,792
119,수원,2021-04-12 20:00,12.2,2.6,,582
119,수원,2021-04-12 21:00,12.4,1.6,,521
119,수원,2021-04-12 22:00,12.4,1.6,,545
119,수원,2021-04-12 23:00,12.6,1.9,,340
119,수원,2021-04-13 00:00,13,2.6,,824
119,수원,2021-04-13 01:00,12.9,2.2,,274
119,수원,2021-04-13 02:00,11.9,1.5,,215
119,수원,2021-04-13 03:00,11.3,2.7,,499
119,수원,2021-04-13 04:00,10.7,.7,,621
119,수원,2021-04-13 05:00,10.1,.7,,908
119,수원,2021-04-13 06:00,10,0,,805
119,수원,2021-04-13 07:00,10.4,,,392
119,수원,2021-04-13 08:00,11.6,,,1999
119,수원,2021-04-13 09:00,11.6,,,1460
119,수원,2021-04-13 10:00,12.6,,,1691
119,수원,2021-04-13 11:00,11,,,1923
119,수원,2021-04-13 12:00,10.4,,,1971
119,수원,2021-04-13 13:00,10.8,,,1970
119,수원,2021-04-13 14:00,11.5,,,2000
119,수원,2021-04-13 15:00,10.9,,,1997
119,수원,2021-04-13 16:00,10.3,,,2000
119,수원,2021-04-13 17:00,9.7,,,1998
119,수원,2021-04-13 18:00,8.5,,,1994
119,수원,2021-04-13 19:00,7.6,,,2000
119,수원,2021-04-13 20:00,6.9,,,1996
119,수원,2021-04-13 21:00,6.8,,,2000
119,수원,2021-04-13 22:00,7.2,,,2000
119,수원,2021-04-13 23:00,6.8,,,2000
119,수원,2021-04-14 00:00,6,,,2000
119,수원,2021-04-14 01:00,5.7,,,2000
119,수원,2021-04-14 02:00,4.9,,,2000
119,수원,2021-04-14 03:00,4.3,,,2058
119,수원,2021-04-14 04:00,3.6,,,1995
119,수원,2021-04-14 05:00,3.2,,,1998
119,수원,2021-04-14 06:00,3.3,,,1751
119,수원,2021-04-14 07:00,4.4,,,1902
119,수원,2021-04-14 08:00,6.4,,,2000
119,수원,2021-04-14 09:00,8.1,,,1998
119,수원,2021-04-14 10:00,9.6,,,1987
119,수원,2021-04-14 11:00,11.1,,,1997
119,수원,2021-04-14 12:00,12.7,,,1944
119,수원,2021-04-14 13:00,12.7,,,1998
119,수원,2021-04-14 14:00,12.1,,,2000
119,수원,2021-04-14 15:00,11.9,,,2000
119,수원,2021-04-14 16:00,11.8,,,2000
119,수원,2021-04-14 17:00,11.1,,,2000
119,수원,2021-04-14 18:00,9.8,,,1988
119,수원,2021-04-14 19:00,8.5,,,2000
119,수원,2021-04-14 20:00,7.4,,,1993
119,수원,2021-04-14 21:00,7,,,1957
119,수원,2021-04-14 22:00,7,,,1779
119,수원,2021-04-14 23:00,6.4,,,1513
119,수원,2021-04-15 00:00,5.9,,,1079
119,수원,2021-04-15 01:00,5.6,,,1165
119,수원,2021-04-15 02:00,5.8,,,936
119,수원,2021-04-15 03:00,5.5,,,1117
119,수원,2021-04-15 04:00,4.9,,,871
119,수원,2021-04-15 05:00,4.9,,,863
119,수원,2021-04-15 06:00,4.4,,,775
119,수원,2021-04-15 07:00,5.2,,,784
119,수원,2021-04-15 08:00,7.6,,,1417
119,수원,2021-04-15 09:00,9.2,,,1432
119,수원,2021-04-15 10:00,10.3,,,1694
119,수원,2021-04-15 11:00,11.7,,,1582
119,수원,2021-04-15 12:00,13.6,,,1816
119,수원,2021-04-15 13:00,15.3,,,1762
119,수원,2021-04-15 14:00,16.6,,,1666
119,수원,2021-04-15 15:00,17.8,,,1859
119,수원,2021-04-15 16:00,16.7,,,1976
119,수원,2021-04-15 17:00,16.9,,,1984
119,수원,2021-04-15 18:00,16.1,,,1998
119,수원,2021-04-15 19:00,13.2,,,2000
119,수원,2021-04-15 20:00,10.6,,,1955
119,수원,2021-04-15 21:00,9.5,,,1588
119,수원,2021-04-15 22:00,8.8,,,1162
119,수원,2021-04-15 23:00,8.8,,,1641
119,수원,2021-04-16 00:00,8.3,,,1604
119,수원,2021-04-16 01:00,8.9,,,1062
119,수원,2021-04-16 02:00,8,,,802
119,수원,2021-04-16 03:00,8.1,0,,1301
119,수원,2021-04-16 04:00,8.8,0,,1100
119,수원,2021-04-16 05:00,9.6,0,,1068
119,수원,2021-04-16 06:00,9.7,0,,1302
119,수원,2021-04-16 07:00,10.4,0,,1787
119,수원,2021-04-16 08:00,11.3,,,1923
119,수원,2021-04-16 09:00,12,,,2000
119,수원,2021-04-16 10:00,12.4,,,1991
119,수원,2021-04-16 11:00,12.2,,,1548
119,수원,2021-04-16 12:00,10.9,.1,,397
119,수원,2021-04-16 13:00,11.1,.2,,465
119,수원,2021-04-16 14:00,11.2,.1,,677
119,수원,2021-04-16 15:00,12.6,,,1332
119,수원,2021-04-16 16:00,14.8,,,1163
119,수원,2021-04-16 17:00,14.2,,,803
119,수원,2021-04-16 18:00,13.6,,,797
119,수원,2021-04-16 19:00,11.8,,,1262
119,수원,2021-04-16 20:00,10.7,,,1018
119,수원,2021-04-16 21:00,8.7,,,1122
119,수원,2021-04-16 22:00,7.7,,,1106
119,수원,2021-04-16 23:00,7.4,,,1029
119,수원,2021-04-17 00:00,6.3,,,1069
119,수원,2021-04-17 01:00,6.2,,,1082
119,수원,2021-04-17 02:00,4.7,,,1251
119,수원,2021-04-17 03:00,5.1,,,1141
119,수원,2021-04-17 04:00,4.3,,,1270
119,수원,2021-04-17 05:00,3.8,,,1093
119,수원,2021-04-17 06:00,3.8,,,1293
119,수원,2021-04-17 07:00,5.3,,,1491
119,수원,2021-04-17 08:00,8,,,1190
119,수원,2021-04-17 09:00,10.7,,,1509
119,수원,2021-04-17 10:00,11.6,,,1641
119,수원,2021-04-17 11:00,11.2,,,1260
119,수원,2021-04-17 12:00,12.6,,,1562
119,수원,2021-04-17 13:00,13,,,1244
119,수원,2021-04-17 14:00,12.9,,,1977
119,수원,2021-04-17 15:00,13.2,,,1804
119,수원,2021-04-17 16:00,13.2,,,1971
119,수원,2021-04-17 17:00,11.6,,,1962
119,수원,2021-04-17 18:00,10.7,,,2000
119,수원,2021-04-17 19:00,9.5,,,2000
119,수원,2021-04-17 20:00,8.9,,,2000
119,수원,2021-04-17 21:00,8.4,,,2000
119,수원,2021-04-17 22:00,7.8,,,2000
119,수원,2021-04-17 23:00,8,,,2000
119,수원,2021-04-18 00:00,7.2,,,2000
119,수원,2021-04-18 01:00,7.8,,,2000
119,수원,2021-04-18 02:00,7.4,,,2000
119,수원,2021-04-18 03:00,7.2,,,2000
119,수원,2021-04-18 04:00,6.8,,,2000
119,수원,2021-04-18 05:00,6.8,,,2000
119,수원,2021-04-18 06:00,6,,,2000
119,수원,2021-04-18 07:00,6.9,,,1838
119,수원,2021-04-18 08:00,8.1,,,2000
119,수원,2021-04-18 09:00,9.1,,,2000
119,수원,2021-04-18 10:00,10.2,,,1997
119,수원,2021-04-18 11:00,11.1,,,2000
119,수원,2021-04-18 12:00,12,,,1946
119,수원,2021-04-18 13:00,12.6,,,2000
119,수원,2021-04-18 14:00,13.2,,,2000
119,수원,2021-04-18 15:00,13.4,,,1889
119,수원,2021-04-18 16:00,14,,,1979
119,수원,2021-04-18 17:00,13.1,,,1992
119,수원,2021-04-18 18:00,11.7,,,2000
119,수원,2021-04-18 19:00,10.3,,,1996
119,수원,2021-04-18 20:00,9.1,,,1741
119,수원,2021-04-18 21:00,8.1,,,1674
119,수원,2021-04-18 22:00,8.1,,,1801
119,수원,2021-04-18 23:00,7.3,,,1785
119,수원,2021-04-19 00:00,6.8,,,1625
119,수원,2021-04-19 01:00,6.3,,,1279
119,수원,2021-04-19 02:00,6,,,1209
119,수원,2021-04-19 03:00,5.4,,,1024
119,수원,2021-04-19 04:00,5.3,,,1345
119,수원,2021-04-19 05:00,4.9,,,1102
119,수원,2021-04-19 06:00,4.8,,,1019
119,수원,2021-04-19 07:00,5.8,,,776
119,수원,2021-04-19 08:00,8.1,,,1149
119,수원,2021-04-19 09:00,10.9,,,1336
119,수원,2021-04-19 10:00,13.1,,,1784
119,수원,2021-04-19 11:00,15.4,,,1841
119,수원,2021-04-19 12:00,16.6,,,1908
119,수원,2021-04-19 13:00,17.5,,,1867
119,수원,2021-04-19 14:00,17.7,,,1899
119,수원,2021-04-19 15:00,17.5,,,1946
119,수원,2021-04-19 16:00,18,,,1928
119,수원,2021-04-19 17:00,17.4,,,1621
119,수원,2021-04-19 18:00,15.7,,,1804
119,수원,2021-04-19 19:00,13.3,,,1992
119,수원,2021-04-19 20:00,12.3,,,1760
119,수원,2021-04-19 21:00,11.9,,,1644
119,수원,2021-04-19 22:00,10.6,,,1870
119,수원,2021-04-19 23:00,9.6,,,1598
119,수원,2021-04-20 00:00,9.3,,,1229
119,수원,2021-04-20 01:00,8.1,,,957
119,수원,2021-04-20 02:00,8.4,,,745
119,수원,2021-04-20 03:00,7.4,,,556
119,수원,2021-04-20 04:00,6.9,,,569
119,수원,2021-04-20 05:00,6.5,,,546
119,수원,2021-04-20 06:00,6.3,,,566
119,수원,2021-04-20 07:00,7.6,,,722
119,수원,2021-04-20 08:00,11.9,,,1206
119,수원,2021-04-20 09:00,13.7,,,941
119,수원,2021-04-20 10:00,15.4,,,1168
119,수원,2021-04-20 11:00,17.4,,,1337
119,수원,2021-04-20 12:00,19.3,,,1316
119,수원,2021-04-20 13:00,20.6,,,1176
119,수원,2021-04-20 14:00,20.7,,,1182
119,수원,2021-04-20 15:00,20.6,,,1919
119,수원,2021-04-20 16:00,20.5,,,1952
119,수원,2021-04-20 17:00,18.1,,,2000
119,수원,2021-04-20 18:00,16.4,,,2000
119,수원,2021-04-20 19:00,15.3,,,2000
119,수원,2021-04-20 20:00,13.3,,,2000
119,수원,2021-04-20 21:00,12,,,2000
119,수원,2021-04-20 22:00,12,,,2000
119,수원,2021-04-20 23:00,11.6,,,1924
119,수원,2021-04-21 00:00,10.6,,,1985
119,수원,2021-04-21 01:00,10,,,2137
119,수원,2021-04-21 02:00,9.2,,,1671
119,수원,2021-04-21 03:00,9.5,,,1840
119,수원,2021-04-21 04:00,8.3,,,1436
119,수원,2021-04-21 05:00,7.8,,,1443
119,수원,2021-04-21 06:00,7.7,,,1275
119,수원,2021-04-21 07:00,9.8,,,1254
119,수원,2021-04-21 08:00,12.5,,,1915
119,수원,2021-04-21 09:00,16.1,,,1485
119,수원,2021-04-21 10:00,18.9,,,1025
119,수원,2021-04-21 11:00,21.5,,,936
119,수원,2021-04-21 12:00,23.1,,,1249
119,수원,2021-04-21 13:00,25.8,,,1878
119,수원,2021-04-21 14:00,26.6,,,1692
119,수원,2021-04-21 15:00,27.3,,,1784
119,수원,2021-04-21 16:00,27.7,,,1643
119,수원,2021-04-21 17:00,28,,,1757
119,수원,2021-04-21 18:00,25.1,,,1390
119,수원,2021-04-21 19:00,21.1,,,860
119,수원,2021-04-21 20:00,20.3,,,1162
119,수원,2021-04-21 21:00,17.7,,,1372
119,수원,2021-04-21 22:00,16.5,,,1407
119,수원,2021-04-21 23:00,16.2,,,1529
119,수원,2021-04-22 00:00,15.7,,,1605
119,수원,2021-04-22 01:00,14.7,,,1383
119,수원,2021-04-22 02:00,14.9,,,1583
119,수원,2021-04-22 03:00,14.8,,,1338
119,수원,2021-04-22 04:00,14.5,,,1311
119,수원,2021-04-22 05:00,15.6,0,,1296
119,수원,2021-04-22 06:00,15.4,,,1199
119,수원,2021-04-22 07:00,15.7,,,1079
119,수원,2021-04-22 08:00,17.2,,,1249
119,수원,2021-04-22 09:00,19.7,,,1187
119,수원,2021-04-22 10:00,20.5,,,1014
119,수원,2021-04-22 11:00,22.1,,,1042
119,수원,2021-04-22 12:00,24.3,,,1152
119,수원,2021-04-22 13:00,26,,,1238
119,수원,2021-04-22 14:00,26.8,,,1652
119,수원,2021-04-22 15:00,26.7,,,1739
119,수원,2021-04-22 16:00,27,,,1724
119,수원,2021-04-22 17:00,24.7,,,1761
119,수원,2021-04-22 18:00,23,,,1215
119,수원,2021-04-22 19:00,21.4,,,1517
119,수원,2021-04-22 20:00,21.2,,,1767
119,수원,2021-04-22 21:00,20.4,,,1643
119,수원,2021-04-22 22:00,17.6,,,1596
119,수원,2021-04-22 23:00,17.1,,,1455
119,수원,2021-04-23 00:00,17.2,,,1633
119,수원,2021-04-23 01:00,17.6,,,1676
119,수원,2021-04-23 02:00,17.6,,,1731
119,수원,2021-04-23 03:00,16.7,,,1703
119,수원,2021-04-23 04:00,17.8,0,,1431
119,수원,2021-04-23 05:00,18.5,0,,2000
119,수원,2021-04-23 06:00,18.9,0,,1903
119,수원,2021-04-23 07:00,19.8,,,2000
119,수원,2021-04-23 08:00,20.1,,,2000
119,수원,2021-04-23 09:00,20.5,,,2000
119,수원,2021-04-23 10:00,20.5,,,2000
119,수원,2021-04-23 11:00,21.6,,,2000
119,수원,2021-04-23 12:00,22.5,,,2000
119,수원,2021-04-23 13:00,22.1,,,2000
119,수원,2021-04-23 14:00,22.6,,,2000
119,수원,2021-04-23 15:00,22.8,,,2000
119,수원,2021-04-23 16:00,22.1,,,2000
119,수원,2021-04-23 17:00,21.4,,,2000
119,수원,2021-04-23 18:00,21.3,,,2000
119,수원,2021-04-23 19:00,21,,,1950
119,수원,2021-04-23 20:00,20.1,,,2000
119,수원,2021-04-23 21:00,19.8,,,2000
119,수원,2021-04-23 22:00,19.6,,,2000
119,수원,2021-04-23 23:00,18.7,,,2000
119,수원,2021-04-24 00:00,18.2,,,2000
119,수원,2021-04-24 01:00,17.8,,,2000
119,수원,2021-04-24 02:00,17.5,,,1992
119,수원,2021-04-24 03:00,17.1,,,2000
119,수원,2021-04-24 04:00,16.5,,,2000
119,수원,2021-04-24 05:00,16.2,,,2000
119,수원,2021-04-24 06:00,15.7,,,2000
119,수원,2021-04-24 07:00,16,,,1961
119,수원,2021-04-24 08:00,16.4,,,2000
119,수원,2021-04-24 09:00,17.6,,,2000
119,수원,2021-04-24 10:00,18.2,,,2000
119,수원,2021-04-24 11:00,19.2,,,2000
119,수원,2021-04-24 12:00,20.1,,,2000
119,수원,2021-04-24 13:00,20.4,,,2000
119,수원,2021-04-24 14:00,20.6,,,2000
119,수원,2021-04-24 15:00,20.7,,,2000
119,수원,2021-04-24 16:00,21.7,,,2000
119,수원,2021-04-24 17:00,22.8,,,1946
119,수원,2021-04-24 18:00,21.4,,,1984
119,수원,2021-04-24 19:00,17.6,,,1996
119,수원,2021-04-24 20:00,15.3,,,2000
119,수원,2021-04-24 21:00,14.7,,,2000
119,수원,2021-04-24 22:00,13.4,,,1976
119,수원,2021-04-24 23:00,13.5,,,1692
119,수원,2021-04-25 00:00,12.1,,,1100
119,수원,2021-04-25 01:00,11.5,,,1581
119,수원,2021-04-25 02:00,10.9,,,1040
119,수원,2021-04-25 03:00,10.5,,,1092
119,수원,2021-04-25 04:00,9.8,,,1650
119,수원,2021-04-25 05:00,9.5,,,599
119,수원,2021-04-25 06:00,10,,,737
119,수원,2021-04-25 07:00,12.3,,,866
119,수원,2021-04-25 08:00,16,,,1999
119,수원,2021-04-25 09:00,17.3,,,1991
119,수원,2021-04-25 10:00,18.7,,,1995
119,수원,2021-04-25 11:00,19.5,,,2000
119,수원,2021-04-25 12:00,20.8,,,1985
119,수원,2021-04-25 13:00,21.2,,,1794
119,수원,2021-04-25 14:00,22.5,,,2000
119,수원,2021-04-25 15:00,22.7,,,2000
119,수원,2021-04-25 16:00,23.3,,,1992
119,수원,2021-04-25 17:00,23.1,,,2000
119,수원,2021-04-25 18:00,22.3,,,2000
119,수원,2021-04-25 19:00,20.7,,,2000
119,수원,2021-04-25 20:00,18.3,,,2000
119,수원,2021-04-25 21:00,17.9,,,2000
119,수원,2021-04-25 22:00,16.4,,,2000
119,수원,2021-04-25 23:00,15.6,,,2000
119,수원,2021-04-26 00:00,17,,,2000
119,수원,2021-04-26 01:00,15.6,,,2000
119,수원,2021-04-26 02:00,15,,,2000
119,수원,2021-04-26 03:00,14,,,2000
119,수원,2021-04-26 04:00,13,,,2000
119,수원,2021-04-26 05:00,12.2,,,2000
119,수원,2021-04-26 06:00,11.7,,,2000
119,수원,2021-04-26 07:00,13.1,,,1982
119,수원,2021-04-26 08:00,14.8,,,2000
119,수원,2021-04-26 09:00,16,,,1996
119,수원,2021-04-26 10:00,16.7,,,2000
119,수원,2021-04-26 11:00,17.2,,,1891
119,수원,2021-04-26 12:00,17.5,,,1882
119,수원,2021-04-26 13:00,19.1,,,1896
119,수원,2021-04-26 14:00,19,,,1951
119,수원,2021-04-26 15:00,19.7,,,1821
119,수원,2021-04-26 16:00,20.1,,,1879
119,수원,2021-04-26 17:00,19.7,,,1964
119,수원,2021-04-26 18:00,19,,,2000
119,수원,2021-04-26 19:00,17.2,,,1985
119,수원,2021-04-26 20:00,15.1,,,1794
119,수원,2021-04-26 21:00,13.7,,,1422
119,수원,2021-04-26 22:00,12.8,,,1522
119,수원,2021-04-26 23:00,13.9,,,1578
119,수원,2021-04-27 00:00,12.7,,,1834
119,수원,2021-04-27 01:00,12.2,,,1584
119,수원,2021-04-27 02:00,11.7,,,1311
119,수원,2021-04-27 03:00,11.1,,,1716
119,수원,2021-04-27 04:00,10.5,,,1032
119,수원,2021-04-27 05:00,9.9,,,1130
119,수원,2021-04-27 06:00,10.5,,,1026
119,수원,2021-04-27 07:00,12.3,,,1149
119,수원,2021-04-27 08:00,13.2,0,,828
119,수원,2021-04-27 09:00,14.4,,,1058
119,수원,2021-04-27 10:00,16,,,1650
119,수원,2021-04-27 11:00,16.8,,,1856
119,수원,2021-04-27 12:00,16.9,,,1810
119,수원,2021-04-27 13:00,18,,,1981
119,수원,2021-04-27 14:00,19.3,,,1801
119,수원,2021-04-27 15:00,19.2,,,1904
119,수원,2021-04-27 16:00,18.6,,,1920
119,수원,2021-04-27 17:00,16.9,,,2024
119,수원,2021-04-27 18:00,16.6,,,2000
119,수원,2021-04-27 19:00,15.4,0,,2000
119,수원,2021-04-27 20:00,15.4,0,,2000
119,수원,2021-04-27 21:00,15.7,,,2000
119,수원,2021-04-27 22:00,15.2,0,,2000
119,수원,2021-04-27 23:00,15.2,,,2000
119,수원,2021-04-28 00:00,15.2,0,,1952
119,수원,2021-04-28 01:00,13.7,1.6,,573
119,수원,2021-04-28 02:00,13.6,.2,,587
119,수원,2021-04-28 03:00,13.2,,,701
119,수원,2021-04-28 04:00,12.2,,,530
119,수원,2021-04-28 05:00,11.4,,,654
119,수원,2021-04-28 06:00,11.4,,,705
119,수원,2021-04-28 07:00,11.7,,,458
119,수원,2021-04-28 08:00,12.5,,,598
119,수원,2021-04-28 09:00,13.4,,,809
119,수원,2021-04-28 10:00,14.4,,,606
119,수원,2021-04-28 11:00,15.6,,,712
119,수원,2021-04-28 12:00,17.4,,,800
119,수원,2021-04-28 13:00,18.5,,,1275
119,수원,2021-04-28 14:00,18.8,,,1735
119,수원,2021-04-28 15:00,17.4,,,1584
119,수원,2021-04-28 16:00,16.8,,,1536
119,수원,2021-04-28 17:00,16.5,,,1492
119,수원,2021-04-28 18:00,16.5,,,1726
119,수원,2021-04-28 19:00,15.6,,,1860
119,수원,2021-04-28 20:00,14.2,,,1869
119,수원,2021-04-28 21:00,14.2,,,2000
119,수원,2021-04-28 22:00,13.6,,,1763
119,수원,2021-04-28 23:00,12.8,,,1619
119,수원,2021-04-29 00:00,11.7,,,1945
119,수원,2021-04-29 01:00,11.2,,,1541
119,수원,2021-04-29 02:00,10.2,,,1705
119,수원,2021-04-29 03:00,10.5,,,1422
119,수원,2021-04-29 04:00,10.3,,,1664
119,수원,2021-04-29 05:00,10.3,,,1420
119,수원,2021-04-29 06:00,10.9,,,1502
119,수원,2021-04-29 07:00,12.4,,,1903
119,수원,2021-04-29 08:00,14.5,,,1764
119,수원,2021-04-29 09:00,16.2,,,1728
119,수원,2021-04-29 10:00,16.9,,,1874
119,수원,2021-04-29 11:00,16.1,,,1759
119,수원,2021-04-29 12:00,15.4,0,,1977
119,수원,2021-04-29 13:00,17.1,0,,1480
119,수원,2021-04-29 14:00,17.8,,,1853
119,수원,2021-04-29 15:00,19.5,,,1583
119,수원,2021-04-29 16:00,19.7,,,1874
119,수원,2021-04-29 17:00,18.9,,,1503
119,수원,2021-04-29 18:00,18.1,,,2039
119,수원,2021-04-29 19:00,16.5,,,1118
119,수원,2021-04-29 20:00,15.4,,,1227
119,수원,2021-04-29 21:00,15.9,,,1961
119,수원,2021-04-29 22:00,12.3,.7,,1098
119,수원,2021-04-29 23:00,10.9,4.4,,832
119,수원,2021-04-30 00:00,11.3,1.2,,787
119,수원,2021-04-30 01:00,10.4,2.2,,788
119,수원,2021-04-30 02:00,9.5,4.7,,994
119,수원,2021-04-30 03:00,9.5,6,,1051
119,수원,2021-04-30 04:00,8.2,8.4,,1287
119,수원,2021-04-30 05:00,8.1,.8,,2000
119,수원,2021-04-30 06:00,8.1,.3,,1698
119,수원,2021-04-30 07:00,8.7,0,,1560
119,수원,2021-04-30 08:00,9.6,,,1776
119,수원,2021-04-30 09:00,10.1,,,1909
119,수원,2021-04-30 10:00,9.8,.4,,1998
119,수원,2021-04-30 11:00,11.1,0,,1997
119,수원,2021-04-30 12:00,11,,,1297
119,수원,2021-04-30 13:00,11.2,,,1094
119,수원,2021-04-30 14:00,13.3,,,1243
119,수원,2021-04-30 15:00,14.1,,,1397
119,수원,2021-04-30 16:00,13.9,,,1368
119,수원,2021-04-30 17:00,12.1,,,774
119,수원,2021-04-30 18:00,12,,,592
119,수원,2021-04-30 19:00,11.3,,,672
119,수원,2021-04-30 20:00,11.1,,,870
119,수원,2021-04-30 21:00,10.5,,,1046
119,수원,2021-04-30 22:00,10.2,,,1393
119,수원,2021-04-30 23:00,9.9,,,1081
119,수원,2021-05-01 00:00,10,,,882
119,수원,2021-05-01 01:00,10,,,900
119,수원,2021-05-01 02:00,9.8,,,776
119,수원,2021-05-01 03:00,9.4,,,638
119,수원,2021-05-01 04:00,9.5,,,621
119,수원,2021-05-01 05:00,9.2,1.6,,316
119,수원,2021-05-01 06:00,9.1,5.3,,575
119,수원,2021-05-01 07:00,9.3,.2,,792
119,수원,2021-05-01 08:00,10,.1,,971
119,수원,2021-05-01 09:00,10.4,.1,,1744
119,수원,2021-05-01 10:00,11.4,0,,1893
119,수원,2021-05-01 11:00,13.3,,,1981
119,수원,2021-05-01 12:00,13.9,,,1955
119,수원,2021-05-01 13:00,12.6,0,,1788
119,수원,2021-05-01 14:00,12.4,1.4,,1644
119,수원,2021-05-01 15:00,12.6,,,1980
119,수원,2021-05-01 16:00,10.9,.1,,1890
119,수원,2021-05-01 17:00,10.5,0,,2000
119,수원,2021-05-01 18:00,10.1,0,,1435
119,수원,2021-05-01 19:00,9.9,.3,,1994
119,수원,2021-05-01 20:00,9.5,,,1993
119,수원,2021-05-01 21:00,10.3,,,2000
119,수원,2021-05-01 22:00,9.4,,,2113
119,수원,2021-05-01 23:00,9.1,,,1724
119,수원,2021-05-02 00:00,8.7,0,,1992
119,수원,2021-05-02 01:00,8.5,.2,,1664
119,수원,2021-05-02 02:00,8,1.4,,2010
119,수원,2021-05-02 03:00,8.1,.6,,2000
119,수원,2021-05-02 04:00,8.3,,,2000
119,수원,2021-05-02 05:00,8.3,,,2000
119,수원,2021-05-02 06:00,7.9,,,2000
119,수원,2021-05-02 07:00,8.2,,,2000
119,수원,2021-05-02 08:00,9,,,2000
119,수원,2021-05-02 09:00,10.7,,,2000
119,수원,2021-05-02 10:00,12.7,,,1999
119,수원,2021-05-02 11:00,14,,,2000
119,수원,2021-05-02 12:00,15.5,,,2000
119,수원,2021-05-02 13:00,17,,,1988
119,수원,2021-05-02 14:00,17.3,,,1925
119,수원,2021-05-02 15:00,16.9,,,1997
119,수원,2021-05-02 16:00,16.5,,,2000
119,수원,2021-05-02 17:00,16,,,2000
119,수원,2021-05-02 18:00,15.1,,,2000
119,수원,2021-05-02 19:00,13.9,,,2000
119,수원,2021-05-02 20:00,12.2,,,1952
119,수원,2021-05-02 21:00,11.1,,,2000
119,수원,2021-05-02 22:00,10,,,2000
119,수원,2021-05-02 23:00,8.8,,,1805
119,수원,2021-05-03 00:00,8.6,,,1841
119,수원,2021-05-03 01:00,8.9,,,1785
119,수원,2021-05-03 02:00,8.3,,,1461
119,수원,2021-05-03 03:00,7.5,,,1453
119,수원,2021-05-03 04:00,6.4,,,947
119,수원,2021-05-03 05:00,6.8,,,937
119,수원,2021-05-03 06:00,7.2,,,748
119,수원,2021-05-03 07:00,9.3,,,1013
119,수원,2021-05-03 08:00,10.8,,,1511
119,수원,2021-05-03 09:00,13.1,,,1667
119,수원,2021-05-03 10:00,14.3,,,1782
119,수원,2021-05-03 11:00,16.2,,,1783
119,수원,2021-05-03 12:00,17.2,,,2000
119,수원,2021-05-03 13:00,18.3,,,1766
119,수원,2021-05-03 14:00,19.1,,,2000
119,수원,2021-05-03 15:00,19.8,,,1964
119,수원,2021-05-03 16:00,19.4,,,1981
119,수원,2021-05-03 17:00,17.7,,,1979
119,수원,2021-05-03 18:00,16.2,,,2000
119,수원,2021-05-03 19:00,14.9,,,2000
119,수원,2021-05-03 20:00,13.7,,,2000
119,수원,2021-05-03 21:00,12.5,,,2000
119,수원,2021-05-03 22:00,11.8,,,2000
119,수원,2021-05-03 23:00,11.1,,,1986
119,수원,2021-05-04 00:00,11.1,,,1999
119,수원,2021-05-04 01:00,10.6,,,2064
119,수원,2021-05-04 02:00,10.3,,,1674
119,수원,2021-05-04 03:00,11.3,,,2000
119,수원,2021-05-04 04:00,11.7,,,1982
119,수원,2021-05-04 05:00,11.9,,,1997
119,수원,2021-05-04 06:00,13.3,,,2000
119,수원,2021-05-04 07:00,13.5,0,,1613
119,수원,2021-05-04 08:00,14.3,0,,2000
119,수원,2021-05-04 09:00,14.9,,,1842
119,수원,2021-05-04 10:00,14.2,.3,,1924
119,수원,2021-05-04 11:00,14.5,.9,,1061
119,수원,2021-05-04 12:00,15.5,,,1359
119,수원,2021-05-04 13:00,17.1,,,1374
119,수원,2021-05-04 14:00,17.9,,,1247
119,수원,2021-05-04 15:00,16.9,3.2,,521
119,수원,2021-05-04 16:00,17.4,1.3,,780
119,수원,2021-05-04 17:00,17.8,.3,,726
119,수원,2021-05-04 18:00,18,.2,,1170
119,수원,2021-05-04 19:00,17.6,.5,,849
119,수원,2021-05-04 20:00,16.6,1.9,,393
119,수원,2021-05-04 21:00,16.4,2.2,,179
119,수원,2021-05-04 22:00,16.2,3.1,,214
119,수원,2021-05-04 23:00,15.1,3.5,,247
119,수원,2021-05-05 00:00,14.3,1.4,,576
119,수원,2021-05-05 01:00,14,.1,,1950
119,수원,2021-05-05 02:00,13.7,,,1168
119,수원,2021-05-05 03:00,13.4,,,1951
119,수원,2021-05-05 04:00,12.4,,,2000
119,수원,2021-05-05 05:00,11.3,,,1110
119,수원,2021-05-05 06:00,10.9,,,1665
119,수원,2021-05-05 07:00,11,,,2000
119,수원,2021-05-05 08:00,11.7,,,1771
119,수원,2021-05-05 09:00,13.1,,,1345
119,수원,2021-05-05 10:00,13.6,,,1650
119,수원,2021-05-05 11:00,14.5,,,1500
119,수원,2021-05-05 12:00,16.3,,,1859
119,수원,2021-05-05 13:00,16.8,,,1852
119,수원,2021-05-05 14:00,17.2,,,1792
119,수원,2021-05-05 15:00,17.9,,,1913
119,수원,2021-05-05 16:00,17.8,,,1961
119,수원,2021-05-05 17:00,17,,,1948
119,수원,2021-05-05 18:00,15.9,,,2000
119,수원,2021-05-05 19:00,14,,,1995
119,수원,2021-05-05 20:00,12.1,,,2000
119,수원,2021-05-05 21:00,11.5,,,2000
119,수원,2021-05-05 22:00,10.2,,,1999
119,수원,2021-05-05 23:00,10.4,,,1946
119,수원,2021-05-06 00:00,10.2,,,1993
119,수원,2021-05-06 01:00,9.2,,,1833
119,수원,2021-05-06 02:00,7.9,,,1821
119,수원,2021-05-06 03:00,7.6,,,1686
119,수원,2021-05-06 04:00,7.2,,,1871
119,수원,2021-05-06 05:00,6.4,,,1678
119,수원,2021-05-06 06:00,7.3,,,1678
119,수원,2021-05-06 07:00,10.2,,,1893
119,수원,2021-05-06 08:00,13.1,,,1931
119,수원,2021-05-06 09:00,15.5,,,1973
119,수원,2021-05-06 10:00,17.9,,,1903
119,수원,2021-05-06 11:00,18.8,,,1985
119,수원,2021-05-06 12:00,19.9,,,1967
119,수원,2021-05-06 13:00,21.7,,,2005
119,수원,2021-05-06 14:00,22.4,,,1679
119,수원,2021-05-06 15:00,22.2,,,1823
119,수원,2021-05-06 16:00,21.7,,,1653
119,수원,2021-05-06 17:00,20.1,,,1915
119,수원,2021-05-06 18:00,19.8,,,1964
119,수원,2021-05-06 19:00,18.7,,,1950
119,수원,2021-05-06 20:00,17.3,,,2000
119,수원,2021-05-06 21:00,17.3,,,2000
119,수원,2021-05-06 22:00,16.6,,,2000
119,수원,2021-05-06 23:00,15,,,2000
119,수원,2021-05-07 00:00,13,,,2000
119,수원,2021-05-07 01:00,12.3,,,2000
119,수원,2021-05-07 02:00,11.2,,,2000
119,수원,2021-05-07 03:00,12.1,,,2000
119,수원,2021-05-07 04:00,13.5,,,1994
119,수원,2021-05-07 05:00,12.9,,,1990
119,수원,2021-05-07 06:00,12.6,,,1989
119,수원,2021-05-07 07:00,15.6,,,2000
119,수원,2021-05-07 08:00,16.5,,,1993
119,수원,2021-05-07 09:00,16.7,,,1995
119,수원,2021-05-07 10:00,15.8,.2,,779
119,수원,2021-05-07 11:00,14.5,8.7,,945
119,수원,2021-05-07 12:00,14.5,0,,562
119,수원,2021-05-07 13:00,15.9,,,717
119,수원,2021-05-07 14:00,15.7,,,541
119,수원,2021-05-07 15:00,15.2,,,478
119,수원,2021-05-07 16:00,15.2,,,533
119,수원,2021-05-07 17:00,15.2,,,511
119,수원,2021-05-07 18:00,14.1,,,487
119,수원,2021-05-07 19:00,12.7,,,515
119,수원,2021-05-07 20:00,11.6,,,409
119,수원,2021-05-07 21:00,10.9,,,405
119,수원,2021-05-07 22:00,10.5,,,372
119,수원,2021-05-07 23:00,10.2,,,372
119,수원,2021-05-08 00:00,10.2,,,383
119,수원,2021-05-08 01:00,10.1,,,282
119,수원,2021-05-08 02:00,9.5,,,388
119,수원,2021-05-08 03:00,9,,,404
119,수원,2021-05-08 04:00,8.3,,,439
119,수원,2021-05-08 05:00,8.6,,,361
119,수원,2021-05-08 06:00,8,,,418
119,수원,2021-05-08 07:00,10,,,518
119,수원,2021-05-08 08:00,11.5,,,549
119,수원,2021-05-08 09:00,13.7,,,569
119,수원,2021-05-08 10:00,15.5,,,903
119,수원,2021-05-08 11:00,17.8,,,615
119,수원,2021-05-08 12:00,18.4,,,717
119,수원,2021-05-08 13:00,19.3,,,779
119,수원,2021-05-08 14:00,20.8,,,1121
119,수원,2021-05-08 15:00,20.8,,,1208
119,수원,2021-05-08 16:00,20.2,,,1158
119,수원,2021-05-08 17:00,18.9,,,939
119,수원,2021-05-08 18:00,17.1,,,821
119,수원,2021-05-08 19:00,15.1,,,727
119,수원,2021-05-08 20:00,13.7,,,644
119,수원,2021-05-08 21:00,12.7,,,618
119,수원,2021-05-08 22:00,12.2,,,586
119,수원,2021-05-08 23:00,11.6,,,582
119,수원,2021-05-09 00:00,10.6,,,768
119,수원,2021-05-09 01:00,10.7,,,957
119,수원,2021-05-09 02:00,10.5,,,1023
119,수원,2021-05-09 03:00,10.2,,,1082
119,수원,2021-05-09 04:00,9.3,,,1606
119,수원,2021-05-09 05:00,8.9,,,1510
119,수원,2021-05-09 06:00,8,,,1230
119,수원,2021-05-09 07:00,11.7,,,1218
119,수원,2021-05-09 08:00,12.8,,,1985
119,수원,2021-05-09 09:00,15.4,,,1961
119,수원,2021-05-09 10:00,17.3,,,1990
119,수원,2021-05-09 11:00,19.2,,,1997
119,수원,2021-05-09 12:00,19.7,,,1975
119,수원,2021-05-09 13:00,20.3,,,1997
119,수원,2021-05-09 14:00,20.1,,,2000
119,수원,2021-05-09 15:00,20.4,,,1991
119,수원,2021-05-09 16:00,20.8,,,2000
119,수원,2021-05-09 17:00,19.9,,,2000
119,수원,2021-05-09 18:00,17.8,,,2000
119,수원,2021-05-09 19:00,16.4,,,2000
119,수원,2021-05-09 20:00,14.3,,,2000
119,수원,2021-05-09 21:00,12.8,,,2000
119,수원,2021-05-09 22:00,12,,,2000
119,수원,2021-05-09 23:00,11,,,1954
119,수원,2021-05-10 00:00,10.2,,,2000
119,수원,2021-05-10 01:00,9.7,,,2000
119,수원,2021-05-10 02:00,9.3,,,2000
119,수원,2021-05-10 03:00,9.3,,,2000
119,수원,2021-05-10 04:00,10.1,,,2000
119,수원,2021-05-10 05:00,13.7,.8,,1484
119,수원,2021-05-10 06:00,10.7,1.9,,1100
119,수원,2021-05-10 07:00,10.6,4,,1720
119,수원,2021-05-10 08:00,10.5,2.4,,1183
119,수원,2021-05-10 09:00,10.6,6.1,,1247
119,수원,2021-05-10 10:00,10.5,1.6,,1652
119,수원,2021-05-10 11:00,11.3,.7,,1183
119,수원,2021-05-10 12:00,11.6,.1,,2000
119,수원,2021-05-10 13:00,12,.6,,1956
119,수원,2021-05-10 14:00,12.5,.3,,1978
119,수원,2021-05-10 15:00,12.9,0,,2000
119,수원,2021-05-10 16:00,13.3,,,2000
119,수원,2021-05-10 17:00,13.2,,,2000
119,수원,2021-05-10 18:00,13.4,,,2000
119,수원,2021-05-10 19:00,13.2,,,2000
119,수원,2021-05-10 20:00,13.1,,,1993
119,수원,2021-05-10 21:00,13,,,1766
119,수원,2021-05-10 22:00,13,,,1994
119,수원,2021-05-10 23:00,13.1,,,2000
119,수원,2021-05-11 00:00,12.8,,,2000
119,수원,2021-05-11 01:00,12.9,,,2000
119,수원,2021-05-11 02:00,12.5,,,2010
119,수원,2021-05-11 03:00,12.3,,,2000
119,수원,2021-05-11 04:00,11.2,,,1946
119,수원,2021-05-11 05:00,9.8,,,1980
119,수원,2021-05-11 06:00,11.3,,,1950
119,수원,2021-05-11 07:00,13,,,2000
119,수원,2021-05-11 08:00,14,,,2000
119,수원,2021-05-11 09:00,16.3,,,1950
119,수원,2021-05-11 10:00,18.7,,,1999
119,수원,2021-05-11 11:00,20.3,,,2000
119,수원,2021-05-11 12:00,21.7,,,1991
119,수원,2021-05-11 13:00,22.7,,,2000
119,수원,2021-05-11 14:00,23.3,,,1925
119,수원,2021-05-11 15:00,24,,,1998
119,수원,2021-05-11 16:00,23.8,,,1947
119,수원,2021-05-11 17:00,23.4,,,2000
119,수원,2021-05-11 18:00,22.8,,,2000
119,수원,2021-05-11 19:00,21.5,,,2000
119,수원,2021-05-11 20:00,20.8,,,2000
119,수원,2021-05-11 21:00,19.8,,,2000
119,수원,2021-05-11 22:00,18.5,,,2000
119,수원,2021-05-11 23:00,17.8,,,2000
119,수원,2021-05-12 00:00,17.6,,,1955
119,수원,2021-05-12 01:00,16.4,,,2000
119,수원,2021-05-12 02:00,16.3,,,2000
119,수원,2021-05-12 03:00,16.6,,,2000
119,수원,2021-05-12 04:00,16.3,,,2000
119,수원,2021-05-12 05:00,15.8,,,2000
119,수원,2021-05-12 06:00,16,,,2000
119,수원,2021-05-12 07:00,17,,,1954
119,수원,2021-05-12 08:00,18.4,,,1996
119,수원,2021-05-12 09:00,19.7,,,2000
119,수원,2021-05-12 10:00,21.2,,,2000
119,수원,2021-05-12 11:00,22.2,,,2000
119,수원,2021-05-12 12:00,22.4,,,1949
119,수원,2021-05-12 13:00,23.3,,,1980
119,수원,2021-05-12 14:00,24.7,,,2000
119,수원,2021-05-12 15:00,25.7,,,1949
119,수원,2021-05-12 16:00,26.7,,,1984
119,수원,2021-05-12 17:00,26.4,,,1955
119,수원,2021-05-12 18:00,26.3,,,2000
119,수원,2021-05-12 19:00,25.4,,,2000
119,수원,2021-05-12 20:00,21.5,,,1923
119,수원,2021-05-12 21:00,20,,,1811
119,수원,2021-05-12 22:00,18.3,,,1706
119,수원,2021-05-12 23:00,17.8,,,1390
119,수원,2021-05-13 00:00,17.1,,,1257
119,수원,2021-05-13 01:00,16.2,,,1207
119,수원,2021-05-13 02:00,15,,,1158
119,수원,2021-05-13 03:00,14.6,,,1164
119,수원,2021-05-13 04:00,13.9,,,1047
119,수원,2021-05-13 05:00,14.3,,,1416
119,수원,2021-05-13 06:00,14.5,,,777
119,수원,2021-05-13 07:00,16.8,,,1273
119,수원,2021-05-13 08:00,20.4,,,1864
119,수원,2021-05-13 09:00,22.7,,,1962
119,수원,2021-05-13 10:00,24.3,,,2000
119,수원,2021-05-13 11:00,25,,,1986
119,수원,2021-05-13 12:00,26.1,,,1779
119,수원,2021-05-13 13:00,27.1,,,1933
119,수원,2021-05-13 14:00,27.7,,,1746
119,수원,2021-05-13 15:00,28.3,,,1515
119,수원,2021-05-13 16:00,26.9,,,1460
119,수원,2021-05-13 17:00,26.5,,,1657
119,수원,2021-05-13 18:00,25.3,,,1996
119,수원,2021-05-13 19:00,23.2,,,1584
119,수원,2021-05-13 20:00,20.7,,,1200
119,수원,2021-05-13 21:00,19,,,1131
119,수원,2021-05-13 22:00,18.4,,,1389
119,수원,2021-05-13 23:00,17.7,,,1611
119,수원,2021-05-14 00:00,16.9,,,1031
119,수원,2021-05-14 01:00,16.3,,,1315
119,수원,2021-05-14 02:00,15.8,,,1050
119,수원,2021-05-14 03:00,15.4,,,875
119,수원,2021-05-14 04:00,16.2,,,1487
119,수원,2021-05-14 05:00,15.5,,,1250
119,수원,2021-05-14 06:00,16.4,,,720
119,수원,2021-05-14 07:00,18,,,653
119,수원,2021-05-14 08:00,19.5,,,575
119,수원,2021-05-14 09:00,22.2,,,599
119,수원,2021-05-14 10:00,24.2,,,831
119,수원,2021-05-14 11:00,25.7,,,1199
119,수원,2021-05-14 12:00,27.6,,,2105
119,수원,2021-05-14 13:00,28.9,,,1983
119,수원,2021-05-14 14:00,28.8,,,1940
119,수원,2021-05-14 15:00,29.6,,,1949
119,수원,2021-05-14 16:00,29.7,,,1948
119,수원,2021-05-14 17:00,29.8,,,1992
119,수원,2021-05-14 18:00,25.3,,,1422
119,수원,2021-05-14 19:00,21.2,,,1694
119,수원,2021-05-14 20:00,20,,,1184
119,수원,2021-05-14 21:00,19.5,,,1186
119,수원,2021-05-14 22:00,19.5,,,1001
119,수원,2021-05-14 23:00,18.9,,,1105
119,수원,2021-05-15 00:00,18.7,,,1172
119,수원,2021-05-15 01:00,19.2,,,1023
119,수원,2021-05-15 02:00,19.2,,,734
119,수원,2021-05-15 03:00,19.2,,,1741
119,수원,2021-05-15 04:00,18.9,,,1698
119,수원,2021-05-15 05:00,18.5,.1,,631
119,수원,2021-05-15 06:00,18.8,.1,,422
119,수원,2021-05-15 07:00,19.8,0,,528
119,수원,2021-05-15 08:00,21.4,,,805
119,수원,2021-05-15 09:00,21.8,,,703
119,수원,2021-05-15 10:00,20.8,0,,866
119,수원,2021-05-15 11:00,22.6,.2,,1881
119,수원,2021-05-15 12:00,22.2,0,,1307
119,수원,2021-05-15 13:00,21.5,.3,,1137
119,수원,2021-05-15 14:00,21.8,0,,1113
119,수원,2021-05-15 15:00,21.7,.3,,768
119,수원,2021-05-15 16:00,22,0,,909
119,수원,2021-05-15 17:00,21.6,0,,1354
119,수원,2021-05-15 18:00,21.6,.2,,1169
119,수원,2021-05-15 19:00,21,1.1,,655
119,수원,2021-05-15 20:00,20.9,.1,,855
119,수원,2021-05-15 21:00,20.9,.2,,146
119,수원,2021-05-15 22:00,20.8,2.1,,454
119,수원,2021-05-15 23:00,20.8,.3,,312
119,수원,2021-05-16 00:00,20.8,.2,,159
119,수원,2021-05-16 01:00,20.8,.3,,175
119,수원,2021-05-16 02:00,20.9,.1,,240
119,수원,2021-05-16 03:00,21,.5,,444
119,수원,2021-05-16 04:00,21.1,3.1,,842
119,수원,2021-05-16 05:00,21.1,.3,,953
119,수원,2021-05-16 06:00,21.1,2.4,,448
119,수원,2021-05-16 07:00,20.6,1.8,,504
119,수원,2021-05-16 08:00,20.2,.9,,615
119,수원,2021-05-16 09:00,19.9,.5,,477
119,수원,2021-05-16 10:00,19.9,.4,,950
119,수원,2021-05-16 11:00,20.2,.6,,346
119,수원,2021-05-16 12:00,20.2,4.4,,557
119,수원,2021-05-16 13:00,19.9,3,,795
119,수원,2021-05-16 14:00,19.7,2,,441
119,수원,2021-05-16 15:00,19.7,.8,,1111
119,수원,2021-05-16 16:00,19.6,.8,,296
119,수원,2021-05-16 17:00,19.5,1.5,,552
119,수원,2021-05-16 18:00,18.3,2.8,,585
119,수원,2021-05-16 19:00,17.4,3,,367
119,수원,2021-05-16 20:00,16.8,1.5,,779
119,수원,2021-05-16 21:00,16.9,1.5,,406
119,수원,2021-05-16 22:00,16.4,.4,,1423
119,수원,2021-05-16 23:00,16.2,0,,2000
119,수원,2021-05-17 00:00,15.9,0,,1794
119,수원,2021-05-17 01:00,15.5,0,,2000
119,수원,2021-05-17 02:00,15.3,,,2000
119,수원,2021-05-17 03:00,15,,,1568
119,수원,2021-05-17 04:00,14.5,,,1139
119,수원,2021-05-17 05:00,14.6,.3,,676
119,수원,2021-05-17 06:00,14.7,.1,,1224
119,수원,2021-05-17 07:00,14.6,.2,,279
119,수원,2021-05-17 08:00,15.2,.2,,1786
119,수원,2021-05-17 09:00,15.6,0,,964
119,수원,2021-05-17 10:00,15.9,,,1855
119,수원,2021-05-17 11:00,15.8,.1,,459
119,수원,2021-05-17 12:00,16.2,.6,,914
119,수원,2021-05-17 13:00,15.8,.8,,696
119,수원,2021-05-17 14:00,15.6,1.5,,480
119,수원,2021-05-17 15:00,15.5,0,,1402
119,수원,2021-05-17 16:00,15.6,,,1017
119,수원,2021-05-17 17:00,15.9,,,893
119,수원,2021-05-17 18:00,15.9,,,727
119,수원,2021-05-17 19:00,15.7,,,870
119,수원,2021-05-17 20:00,15.5,0,,1635
119,수원,2021-05-17 21:00,15.2,0,,1333
119,수원,2021-05-17 22:00,15.1,,,1490
119,수원,2021-05-17 23:00,14.1,,,753
119,수원,2021-05-18 00:00,13.5,,,833
119,수원,2021-05-18 01:00,13.1,,,409
119,수원,2021-05-18 02:00,13.2,,,686
119,수원,2021-05-18 03:00,12.9,,,334
119,수원,2021-05-18 04:00,12.9,,,519
119,수원,2021-05-18 05:00,12.9,,,557
119,수원,2021-05-18 06:00,12.9,,,462
119,수원,2021-05-18 07:00,13.9,,,509
119,수원,2021-05-18 08:00,15,,,650
119,수원,2021-05-18 09:00,16.6,,,869
119,수원,2021-05-18 10:00,17.2,,,1728
119,수원,2021-05-18 11:00,18.4,,,1365
119,수원,2021-05-18 12:00,20.3,,,1416
119,수원,2021-05-18 13:00,21.1,,,1501
119,수원,2021-05-18 14:00,22.4,,,1774
119,수원,2021-05-18 15:00,22.3,,,1492
119,수원,2021-05-18 16:00,23.2,,,1999
119,수원,2021-05-18 17:00,23.2,,,2000
119,수원,2021-05-18 18:00,21.6,,,2000
119,수원,2021-05-18 19:00,20,,,2000
119,수원,2021-05-18 20:00,17.6,,,2000
119,수원,2021-05-18 21:00,15.8,,,2000
119,수원,2021-05-18 22:00,14.5,,,1999
119,수원,2021-05-18 23:00,13.9,,,2000
119,수원,2021-05-19 00:00,13.1,,,1867
119,수원,2021-05-19 01:00,12.6,,,1950
119,수원,2021-05-19 02:00,12,,,1725
119,수원,2021-05-19 03:00,11.6,,,1007
119,수원,2021-05-19 04:00,11.2,,,891
119,수원,2021-05-19 05:00,10.9,,,1112
119,수원,2021-05-19 06:00,11.2,,,1148
119,수원,2021-05-19 07:00,14.6,,,1521
119,수원,2021-05-19 08:00,16.7,,,1178
119,수원,2021-05-19 09:00,18.6,,,1400
119,수원,2021-05-19 10:00,20.5,,,1443
119,수원,2021-05-19 11:00,22.5,,,1768
119,수원,2021-05-19 12:00,23.7,,,1761
119,수원,2021-05-19 13:00,25.2,,,1843
119,수원,2021-05-19 14:00,25.8,,,1899
119,수원,2021-05-19 15:00,25.6,,,1983
119,수원,2021-05-19 16:00,25.6,,,1995
119,수원,2021-05-19 17:00,25.1,,,2000
119,수원,2021-05-19 18:00,24.5,,,1997
119,수원,2021-05-19 19:00,22.3,,,1982
119,수원,2021-05-19 20:00,19.8,,,1821
119,수원,2021-05-19 21:00,19.2,,,1634
119,수원,2021-05-19 22:00,18.6,,,1285
119,수원,2021-05-19 23:00,17.7,,,1258
119,수원,2021-05-20 00:00,16.9,,,1163
119,수원,2021-05-20 01:00,16.8,,,1566
119,수원,2021-05-20 02:00,16.3,,,1657
119,수원,2021-05-20 03:00,15.7,,,1751
119,수원,2021-05-20 04:00,16.1,,,1678
119,수원,2021-05-20 05:00,15.7,,,1947
119,수원,2021-05-20 06:00,16.4,,,1809
119,수원,2021-05-20 07:00,17.4,,,2000
119,수원,2021-05-20 08:00,18.2,0,,2000
119,수원,2021-05-20 09:00,19.3,0,,2000
119,수원,2021-05-20 10:00,20.8,0,,2000
119,수원,2021-05-20 11:00,22.6,0,,1997
119,수원,2021-05-20 12:00,22.8,0,,2000
119,수원,2021-05-20 13:00,22.8,0,,2000
119,수원,2021-05-20 14:00,22.9,,,2000
119,수원,2021-05-20 15:00,21.7,0,,2000
119,수원,2021-05-20 16:00,20.8,0,,2000
119,수원,2021-05-20 17:00,18.8,0,,2000
119,수원,2021-05-20 18:00,19.1,0,,2000
119,수원,2021-05-20 19:00,19.5,,,2000
119,수원,2021-05-20 20:00,16.7,1,,1063
119,수원,2021-05-20 21:00,15.3,1.2,,714
119,수원,2021-05-20 22:00,15,3.2,,211
119,수원,2021-05-20 23:00,14.6,4.7,,587
119,수원,2021-05-21 00:00,14.6,1.5,,1003
119,수원,2021-05-21 01:00,14.7,1.2,,1018
119,수원,2021-05-21 02:00,14.5,1.3,,755
119,수원,2021-05-21 03:00,14.5,1.1,,559
119,수원,2021-05-21 04:00,14.4,1,,274
119,수원,2021-05-21 05:00,14.4,1.2,,506
119,수원,2021-05-21 06:00,14.5,.9,,383
119,수원,2021-05-21 07:00,14.4,1.9,,329
119,수원,2021-05-21 08:00,14.8,1,,1190
119,수원,2021-05-21 09:00,14.9,0,,1783
119,수원,2021-05-21 10:00,15.2,.2,,1433
119,수원,2021-05-21 11:00,15.8,0,,2001
119,수원,2021-05-21 12:00,15.8,0,,1174
119,수원,2021-05-21 13:00,16.4,0,,1998
119,수원,2021-05-21 14:00,16.6,,,2000
119,수원,2021-05-21 15:00,16.7,,,1901
119,수원,2021-05-21 16:00,15.7,1.1,,632
119,수원,2021-05-21 17:00,15.6,.7,,487
119,수원,2021-05-21 18:00,16,0,,1864
119,수원,2021-05-21 19:00,16.2,,,1857
119,수원,2021-05-21 20:00,15.4,,,1972
119,수원,2021-05-21 21:00,14.8,,,1905
119,수원,2021-05-21 22:00,14.2,,,1045
119,수원,2021-05-21 23:00,13.7,,,1997
119,수원,2021-05-22 00:00,13.4,,,1877
119,수원,2021-05-22 01:00,13.3,,,1100
119,수원,2021-05-22 02:00,13.4,,,1480
119,수원,2021-05-22 03:00,13.2,,,557
119,수원,2021-05-22 04:00,12.7,,,562
119,수원,2021-05-22 05:00,12.8,,,558
119,수원,2021-05-22 06:00,12.3,,,428
119,수원,2021-05-22 07:00,13.4,,,444
119,수원,2021-05-22 08:00,15.5,,,553
119,수원,2021-05-22 09:00,17.9,,,1818
119,수원,2021-05-22 10:00,18.9,,,1885
119,수원,2021-05-22 11:00,20.2,,,1959
119,수원,2021-05-22 12:00,22.1,,,1999
119,수원,2021-05-22 13:00,22.3,,,2000
119,수원,2021-05-22 14:00,22.4,,,1997
119,수원,2021-05-22 15:00,22.8,,,2000
119,수원,2021-05-22 16:00,22.8,,,2000
119,수원,2021-05-22 17:00,22.4,,,2000
119,수원,2021-05-22 18:00,20.6,,,2000
119,수원,2021-05-22 19:00,18.9,,,2000
119,수원,2021-05-22 20:00,17.4,,,1908
119,수원,2021-05-22 21:00,16.5,,,1806
119,수원,2021-05-22 22:00,15.9,,,1541
119,수원,2021-05-22 23:00,15.3,,,1522
119,수원,2021-05-23 00:00,14.3,,,1133
119,수원,2021-05-23 01:00,13.7,,,752
119,수원,2021-05-23 02:00,13.2,,,530
119,수원,2021-05-23 03:00,12.7,,,720
119,수원,2021-05-23 04:00,12.5,,,530
119,수원,2021-05-23 05:00,12.2,,,550
119,수원,2021-05-23 06:00,12.2,,,402
119,수원,2021-05-23 07:00,14.5,,,544
119,수원,2021-05-23 08:00,17.3,,,786
119,수원,2021-05-23 09:00,18.8,,,944
119,수원,2021-05-23 10:00,20.2,,,1298
119,수원,2021-05-23 11:00,22,,,1923
119,수원,2021-05-23 12:00,23.8,,,1943
119,수원,2021-05-23 13:00,24.6,,,1972
119,수원,2021-05-23 14:00,24.6,,,1996
119,수원,2021-05-23 15:00,24.4,,,2013
119,수원,2021-05-23 16:00,23.4,,,1817
119,수원,2021-05-23 17:00,22.4,,,2000
119,수원,2021-05-23 18:00,21.3,,,1983
119,수원,2021-05-23 19:00,20.8,,,1936
119,수원,2021-05-23 20:00,18.9,,,1128
119,수원,2021-05-23 21:00,18.8,,,1391
119,수원,2021-05-23 22:00,17.4,,,1069
119,수원,2021-05-23 23:00,17.1,,,1168
119,수원,2021-05-24 00:00,17.3,,,1469
119,수원,2021-05-24 01:00,17.1,,,1972
119,수원,2021-05-24 02:00,16.5,,,1186
119,수원,2021-05-24 03:00,15.5,,,1061
119,수원,2021-05-24 04:00,15.7,,,638
119,수원,2021-05-24 05:00,15.2,,,546
119,수원,2021-05-24 06:00,15.2,,,617
119,수원,2021-05-24 07:00,15.1,,,500
119,수원,2021-05-24 08:00,15.7,,,729
119,수원,2021-05-24 09:00,16.8,,,856
119,수원,2021-05-24 10:00,18.4,,,759
119,수원,2021-05-24 11:00,20.1,,,987
119,수원,2021-05-24 12:00,21.9,,,967
119,수원,2021-05-24 13:00,22.6,,,1802
119,수원,2021-05-24 14:00,23.3,,,1846
119,수원,2021-05-24 15:00,23.5,,,1042
119,수원,2021-05-24 16:00,23.3,,,1127
119,수원,2021-05-24 17:00,22.2,,,978
119,수원,2021-05-24 18:00,19.1,,,1201
119,수원,2021-05-24 19:00,17.5,,,943
119,수원,2021-05-24 20:00,16.9,,,891
119,수원,2021-05-24 21:00,16.5,,,846
119,수원,2021-05-24 22:00,15.5,,,818
119,수원,2021-05-24 23:00,15.1,,,747
119,수원,2021-05-25 00:00,13.7,,,747
119,수원,2021-05-25 01:00,14.2,,,569
119,수원,2021-05-25 02:00,14.1,,,521
119,수원,2021-05-25 03:00,13.4,,,533
119,수원,2021-05-25 04:00,13.6,,,562
119,수원,2021-05-25 05:00,14.3,0,,691
119,수원,2021-05-25 06:00,13.5,2.9,,1166
119,수원,2021-05-25 07:00,12.8,1.8,,1121
119,수원,2021-05-25 08:00,12.7,.6,,966
119,수원,2021-05-25 09:00,12.5,.1,,1233
119,수원,2021-05-25 10:00,13.8,0,,1152
119,수원,2021-05-25 11:00,15.8,,,1589
119,수원,2021-05-25 12:00,17.1,,,1855
119,수원,2021-05-25 13:00,16.9,,,1957
119,수원,2021-05-25 14:00,16.8,,,1990
119,수원,2021-05-25 15:00,17.8,,,1968
119,수원,2021-05-25 16:00,17.7,,,1929
119,수원,2021-05-25 17:00,17.5,,,1970
119,수원,2021-05-25 18:00,17.9,,,2000
119,수원,2021-05-25 19:00,16.6,,,2000
119,수원,2021-05-25 20:00,14.9,,,1977
119,수원,2021-05-25 21:00,14,,,1693
119,수원,2021-05-25 22:00,13,,,1628
119,수원,2021-05-25 23:00,13,,,1453
119,수원,2021-05-26 00:00,11.9,,,1100
119,수원,2021-05-26 01:00,12,,,1165
119,수원,2021-05-26 02:00,12.1,,,1260
119,수원,2021-05-26 03:00,11.5,,,652
119,수원,2021-05-26 04:00,11.4,,,634
119,수원,2021-05-26 05:00,11.3,,,709
119,수원,2021-05-26 06:00,12.2,,,855
119,수원,2021-05-26 07:00,13.5,,,1412
119,수원,2021-05-26 08:00,14.5,,,1892
119,수원,2021-05-26 09:00,16.1,,,1399
119,수원,2021-05-26 10:00,17.6,,,1797
119,수원,2021-05-26 11:00,19.5,,,1929
119,수원,2021-05-26 12:00,21.1,,,2000
119,수원,2021-05-26 13:00,22.2,,,2000
119,수원,2021-05-26 14:00,23.3,,,1999
119,수원,2021-05-26 15:00,23.2,0,,2000
119,수원,2021-05-26 16:00,22.7,,,2000
119,수원,2021-05-26 17:00,22,0,,2000
119,수원,2021-05-26 18:00,21.9,0,,2000
119,수원,2021-05-26 19:00,20.9,,,2000
119,수원,2021-05-26 20:00,19.5,,,2011
119,수원,2021-05-26 21:00,18.1,,,2000
119,수원,2021-05-26 22:00,19.3,,,2016
119,수원,2021-05-26 23:00,19.2,,,2000
119,수원,2021-05-27 00:00,17.6,,,2000
119,수원,2021-05-27 01:00,16.6,,,2000
119,수원,2021-05-27 02:00,16.1,,,2000
119,수원,2021-05-27 03:00,15.9,,,2000
119,수원,2021-05-27 04:00,15.8,,,2000
119,수원,2021-05-27 05:00,15.9,,,2000
119,수원,2021-05-27 06:00,16,,,1991
119,수원,2021-05-27 07:00,15.6,.4,,1531
119,수원,2021-05-27 08:00,14.2,4.4,,931
119,수원,2021-05-27 09:00,14.3,1,,323
119,수원,2021-05-27 10:00,14.9,.4,,658
119,수원,2021-05-27 11:00,15.6,.1,,674
119,수원,2021-05-27 12:00,15.8,.2,,686
119,수원,2021-05-27 13:00,15.9,0,,541
119,수원,2021-05-27 14:00,15.4,,,1114
119,수원,2021-05-27 15:00,16.5,,,1428
119,수원,2021-05-27 16:00,17.5,,,1384
119,수원,2021-05-27 17:00,16.7,,,797
119,수원,2021-05-27 18:00,16.9,,,955
119,수원,2021-05-27 19:00,16.7,,,1352
119,수원,2021-05-27 20:00,15.3,,,606
119,수원,2021-05-27 21:00,13.9,,,975
119,수원,2021-05-27 22:00,13.7,,,565
119,수원,2021-05-27 23:00,13.4,,,472
119,수원,2021-05-28 00:00,13.3,,,450
119,수원,2021-05-28 01:00,12.8,,,237
119,수원,2021-05-28 02:00,12.6,,,327
119,수원,2021-05-28 03:00,13.2,,,409
119,수원,2021-05-28 04:00,13.6,,,538
119,수원,2021-05-28 05:00,13.7,0,,670
119,수원,2021-05-28 06:00,13.4,1.5,,504
119,수원,2021-05-28 07:00,13.3,1.7,,481
119,수원,2021-05-28 08:00,12.8,.2,,853
119,수원,2021-05-28 09:00,11.8,14,,365
119,수원,2021-05-28 10:00,12.3,4.1,,758
119,수원,2021-05-28 11:00,13.4,.2,,1946
119,수원,2021-05-28 12:00,14,0,,1993
119,수원,2021-05-28 13:00,15.3,0,,1901
119,수원,2021-05-28 14:00,17.8,,,1931
119,수원,2021-05-28 15:00,18.5,,,1856
119,수원,2021-05-28 16:00,18.7,,,1545
119,수원,2021-05-28 17:00,19.4,,,1913
119,수원,2021-05-28 18:00,17.4,,,1251
119,수원,2021-05-28 19:00,16.4,,,1143
119,수원,2021-05-28 20:00,15.7,,,825
119,수원,2021-05-28 21:00,15.1,,,774
119,수원,2021-05-28 22:00,14.9,,,919
119,수원,2021-05-28 23:00,14.7,,,1086
119,수원,2021-05-29 00:00,14.7,,,1908
119,수원,2021-05-29 01:00,14.3,,,1539
119,수원,2021-05-29 02:00,14,,,1843
119,수원,2021-05-29 03:00,13.9,,,1979
119,수원,2021-05-29 04:00,13.4,,,1869
119,수원,2021-05-29 05:00,12.4,,,1617
119,수원,2021-05-29 06:00,12.5,,,1100
119,수원,2021-05-29 07:00,14.5,,,1481
119,수원,2021-05-29 08:00,16.3,,,1774
119,수원,2021-05-29 09:00,17.5,,,2032
119,수원,2021-05-29 10:00,18.7,,,1948
119,수원,2021-05-29 11:00,19.7,,,1981
119,수원,2021-05-29 12:00,20.5,,,2000
119,수원,2021-05-29 13:00,19.9,,,2030
119,수원,2021-05-29 14:00,18.8,0,,1993
119,수원,2021-05-29 15:00,19.5,0,,2000
119,수원,2021-05-29 16:00,19.3,,,2000
119,수원,2021-05-29 17:00,17.9,0,,1996
119,수원,2021-05-29 18:00,16.7,,,2000
119,수원,2021-05-29 19:00,16.5,0,,2000
119,수원,2021-05-29 20:00,16,,,1955
119,수원,2021-05-29 21:00,15.7,,,2000
119,수원,2021-05-29 22:00,14.5,,,2000
119,수원,2021-05-29 23:00,13.5,,,1820
119,수원,2021-05-30 00:00,13.3,,,1888
119,수원,2021-05-30 01:00,12.8,,,1784
119,수원,2021-05-30 02:00,12.2,,,1841
119,수원,2021-05-30 03:00,11.4,,,1407
119,수원,2021-05-30 04:00,10.7,,,1120
119,수원,2021-05-30 05:00,10.7,,,876
119,수원,2021-05-30 06:00,12.1,,,1357
119,수원,2021-05-30 07:00,14.1,,,1972
119,수원,2021-05-30 08:00,15.6,,,1945
119,수원,2021-05-30 09:00,17.5,,,1995
119,수원,2021-05-30 10:00,19.1,,,1982
119,수원,2021-05-30 11:00,21.1,,,1990
119,수원,2021-05-30 12:00,22.8,,,2000
119,수원,2021-05-30 13:00,23.7,,,2000
119,수원,2021-05-30 14:00,25.3,,,2000
119,수원,2021-05-30 15:00,26,,,1978
119,수원,2021-05-30 16:00,26.4,,,2000
119,수원,2021-05-30 17:00,26.1,,,2000
119,수원,2021-05-30 18:00,25.6,,,2000
119,수원,2021-05-30 19:00,24.6,,,2001
119,수원,2021-05-30 20:00,16.6,5.7,,863
119,수원,2021-05-30 21:00,17.2,0,,680
119,수원,2021-05-30 22:00,17.2,,,720
119,수원,2021-05-30 23:00,17.2,1.2,,811
119,수원,2021-05-31 00:00,16.8,11.8,,400
119,수원,2021-05-31 01:00,17,3.8,,970
119,수원,2021-05-31 02:00,17.1,.6,,1080
119,수원,2021-05-31 03:00,17.5,.1,,840
119,수원,2021-05-31 04:00,17.3,0,,550
119,수원,2021-05-31 05:00,17.5,,,1500
119,수원,2021-05-31 06:00,17.7,,,1800
119,수원,2021-05-31 07:00,17.7,,,1500
119,수원,2021-05-31 08:00,18.3,,,2000
119,수원,2021-05-31 09:00,18.5,,,2000
119,수원,2021-05-31 10:00,19.3,,,1700
119,수원,2021-05-31 11:00,20.8,,,2000
119,수원,2021-05-31 12:00,21.7,,,2000
119,수원,2021-05-31 13:00,22.6,,,2000
119,수원,2021-05-31 14:00,23.4,,,1500
119,수원,2021-05-31 15:00,24.4,,,1634
119,수원,2021-05-31 16:00,23.8,,,1799
119,수원,2021-05-31 17:00,23.2,,,2009
119,수원,2021-05-31 18:00,23,,,2006
119,수원,2021-05-31 19:00,22.8,,,2000
119,수원,2021-05-31 20:00,22.6,,,2000
119,수원,2021-05-31 21:00,21.8,,,1933
119,수원,2021-05-31 22:00,20.4,,,1940
119,수원,2021-05-31 23:00,18.8,,,1988
119,수원,2021-06-01 00:00,18.6,,,1851
119,수원,2021-06-01 01:00,17.6,,,1817
119,수원,2021-06-01 02:00,17.4,,,1386
119,수원,2021-06-01 03:00,18,,,1877
119,수원,2021-06-01 04:00,18.2,,,1210
119,수원,2021-06-01 05:00,18.4,,,1221
119,수원,2021-06-01 06:00,18.5,.3,,1188
119,수원,2021-06-01 07:00,18,.3,,1989
119,수원,2021-06-01 08:00,19.9,,,2000
119,수원,2021-06-01 09:00,20.6,0,,1910
119,수원,2021-06-01 10:00,22,,,1880
119,수원,2021-06-01 11:00,24,,,1926
119,수원,2021-06-01 12:00,24.6,,,1553
119,수원,2021-06-01 13:00,25.1,,,1950
119,수원,2021-06-01 14:00,24.6,,,1997
119,수원,2021-06-01 15:00,24.6,,,2000
119,수원,2021-06-01 16:00,24.5,,,2000
119,수원,2021-06-01 17:00,24.1,,,1991
119,수원,2021-06-01 18:00,24.5,,,2000
119,수원,2021-06-01 19:00,24,,,2000
119,수원,2021-06-01 20:00,22.5,,,2000
119,수원,2021-06-01 21:00,21.6,,,1959
119,수원,2021-06-01 22:00,20.5,,,1576
119,수원,2021-06-01 23:00,20.2,,,1884
119,수원,2021-06-02 00:00,19.2,,,1122
119,수원,2021-06-02 01:00,18.4,,,771
119,수원,2021-06-02 02:00,17.7,,,869
119,수원,2021-06-02 03:00,17.2,,,656
119,수원,2021-06-02 04:00,16.8,,,756
119,수원,2021-06-02 05:00,16.4,,,667
119,수원,2021-06-02 06:00,16.8,,,651
119,수원,2021-06-02 07:00,18.5,,,911
119,수원,2021-06-02 08:00,22.1,,,1061
119,수원,2021-06-02 09:00,24.4,,,1423
119,수원,2021-06-02 10:00,25.6,,,1946
119,수원,2021-06-02 11:00,27.3,,,1997
119,수원,2021-06-02 12:00,27.8,,,1977
119,수원,2021-06-02 13:00,28.4,,,1976
119,수원,2021-06-02 14:00,28.9,,,1940
119,수원,2021-06-02 15:00,29.6,,,1999
119,수원,2021-06-02 16:00,29.3,,,2000
119,수원,2021-06-02 17:00,28.8,,,1977
119,수원,2021-06-02 18:00,27.6,,,2000
119,수원,2021-06-02 19:00,25.6,,,2000
119,수원,2021-06-02 20:00,23.6,,,2000
119,수원,2021-06-02 21:00,21.7,,,2000
119,수원,2021-06-02 22:00,20.7,,,2000
119,수원,2021-06-02 23:00,20.6,,,2000
119,수원,2021-06-03 00:00,19.8,,,1986
119,수원,2021-06-03 01:00,19.2,,,1792
119,수원,2021-06-03 02:00,18.7,,,1932
119,수원,2021-06-03 03:00,18.2,,,1331
119,수원,2021-06-03 04:00,18.4,,,1310
119,수원,2021-06-03 05:00,18.3,,,1068
119,수원,2021-06-03 06:00,18.3,,,1071
119,수원,2021-06-03 07:00,20.8,,,1042
119,수원,2021-06-03 08:00,21.8,,,2000
119,수원,2021-06-03 09:00,22,,,1998
119,수원,2021-06-03 10:00,21.9,,,1978
119,수원,2021-06-03 11:00,22.4,0,,1907
119,수원,2021-06-03 12:00,21.7,0,,1606
119,수원,2021-06-03 13:00,19.1,.4,,998
119,수원,2021-06-03 14:00,18.5,.4,,802
119,수원,2021-06-03 15:00,18.5,.5,,532
119,수원,2021-06-03 16:00,18.6,2.9,,578
119,수원,2021-06-03 17:00,18.5,3.3,,353
119,수원,2021-06-03 18:00,18.5,2.6,,386
119,수원,2021-06-03 19:00,18.3,1.7,,497
119,수원,2021-06-03 20:00,18.3,1.2,,563
119,수원,2021-06-03 21:00,18.1,.7,,337
119,수원,2021-06-03 22:00,14.8,2.7,,1714
119,수원,2021-06-03 23:00,14.4,.5,,1946
119,수원,2021-06-04 00:00,14.9,.3,,2000
119,수원,2021-06-04 01:00,14.3,0,,2000
119,수원,2021-06-04 02:00,13.8,,,1971
119,수원,2021-06-04 03:00,13.3,,,1636
119,수원,2021-06-04 04:00,13.3,,,1161
119,수원,2021-06-04 05:00,12.7,,,1068
119,수원,2021-06-04 06:00,13.3,,,734
119,수원,2021-06-04 07:00,15.2,,,801
119,수원,2021-06-04 08:00,15.6,,,1870
119,수원,2021-06-04 09:00,15.8,,,1621
119,수원,2021-06-04 10:00,18.1,,,1532
119,수원,2021-06-04 11:00,19.3,,,1220
119,수원,2021-06-04 12:00,20.4,,,1667
119,수원,2021-06-04 13:00,21.9,,,2000
119,수원,2021-06-04 14:00,23.3,,,1859
119,수원,2021-06-04 15:00,23.4,,,2000
119,수원,2021-06-04 16:00,23.7,,,1996
119,수원,2021-06-04 17:00,23.2,,,2000
119,수원,2021-06-04 18:00,22.4,,,1997
119,수원,2021-06-04 19:00,21.3,,,2000
119,수원,2021-06-04 20:00,20.1,,,2000
119,수원,2021-06-04 21:00,19,,,1985
119,수원,2021-06-04 22:00,18.2,,,1880
119,수원,2021-06-04 23:00,17.4,,,1316
119,수원,2021-06-05 00:00,17,,,1071
119,수원,2021-06-05 01:00,16.4,,,976
119,수원,2021-06-05 02:00,15.8,,,1077
119,수원,2021-06-05 03:00,16.4,,,1958
119,수원,2021-06-05 04:00,16.4,,,1894
119,수원,2021-06-05 05:00,16,,,1908
119,수원,2021-06-05 06:00,16.2,,,1985
119,수원,2021-06-05 07:00,17.5,,,1833
119,수원,2021-06-05 08:00,17.4,,,1804
119,수원,2021-06-05 09:00,17.7,,,1522
119,수원,2021-06-05 10:00,18.6,,,1360
119,수원,2021-06-05 11:00,21.4,,,1004
119,수원,2021-06-05 12:00,22.8,,,691
119,수원,2021-06-05 13:00,24,,,779
119,수원,2021-06-05 14:00,24.8,,,1005
119,수원,2021-06-05 15:00,25.4,,,1404
119,수원,2021-06-05 16:00,25.4,,,1716
119,수원,2021-06-05 17:00,24.7,,,1734
119,수원,2021-06-05 18:00,24.1,,,1800
119,수원,2021-06-05 19:00,22.8,,,1493
119,수원,2021-06-05 20:00,21.4,,,1454
119,수원,2021-06-05 21:00,19.9,,,708
119,수원,2021-06-05 22:00,19.2,,,683
119,수원,2021-06-05 23:00,19.1,,,432
119,수원,2021-06-06 00:00,18.5,,,393
119,수원,2021-06-06 01:00,18.3,,,408
119,수원,2021-06-06 02:00,18.6,,,443
119,수원,2021-06-06 03:00,18.9,,,415
119,수원,2021-06-06 04:00,18.9,,,398
119,수원,2021-06-06 05:00,19.1,,,440
119,수원,2021-06-06 06:00,19.1,,,537
119,수원,2021-06-06 07:00,19.9,,,720
119,수원,2021-06-06 08:00,20.7,,,603
119,수원,2021-06-06 09:00,22.1,,,776
119,수원,2021-06-06 10:00,22.9,,,1336
119,수원,2021-06-06 11:00,23.7,,,1800
119,수원,2021-06-06 12:00,24.2,,,1762
119,수원,2021-06-06 13:00,25.5,,,2005
119,수원,2021-06-06 14:00,26,,,1844
119,수원,2021-06-06 15:00,26.6,,,1862
119,수원,2021-06-06 16:00,27,,,1851
119,수원,2021-06-06 17:00,26.7,,,1916
119,수원,2021-06-06 18:00,26.3,,,1936
119,수원,2021-06-06 19:00,25.6,,,1994
119,수원,2021-06-06 20:00,23.6,,,1728
119,수원,2021-06-06 21:00,21.9,,,1874
119,수원,2021-06-06 22:00,21.1,,,1670
119,수원,2021-06-06 23:00,19.9,,,1636
119,수원,2021-06-07 00:00,19,,,1399
119,수원,2021-06-07 01:00,19.4,,,1762
119,수원,2021-06-07 02:00,18.7,,,1639
119,수원,2021-06-07 03:00,17.7,,,1544
119,수원,2021-06-07 04:00,17.8,,,1530
119,수원,2021-06-07 05:00,16.9,,,1527
119,수원,2021-06-07 06:00,17.7,,,1166
119,수원,2021-06-07 07:00,20.5,,,1960
119,수원,2021-06-07 08:00,21.2,,,1991
119,수원,2021-06-07 09:00,21.2,,,1917
119,수원,2021-06-07 10:00,22,,,1986
119,수원,2021-06-07 11:00,21.8,,,1998
119,수원,2021-06-07 12:00,21.8,,,2000
119,수원,2021-06-07 13:00,21.5,0,,1970
119,수원,2021-06-07 14:00,24.3,0,,1969
119,수원,2021-06-07 15:00,24.7,,,1914
119,수원,2021-06-07 16:00,25.2,,,1967
119,수원,2021-06-07 17:00,25.6,,,1983
119,수원,2021-06-07 18:00,25.5,,,1978
119,수원,2021-06-07 19:00,23.9,,,1957
119,수원,2021-06-07 20:00,22.4,,,1999
119,수원,2021-06-07 21:00,21.8,,,1929
119,수원,2021-06-07 22:00,20.3,,,1471
119,수원,2021-06-07 23:00,19.8,,,1405
119,수원,2021-06-08 00:00,20.1,,,1412
119,수원,2021-06-08 01:00,19.5,,,1079
119,수원,2021-06-08 02:00,19.3,0,,956
119,수원,2021-06-08 03:00,18.8,,,1259
119,수원,2021-06-08 04:00,19,0,,1020
119,수원,2021-06-08 05:00,18.9,,,713
119,수원,2021-06-08 06:00,19.6,,,873
119,수원,2021-06-08 07:00,19.9,.1,,773
119,수원,2021-06-08 08:00,22.2,,,767
119,수원,2021-06-08 09:00,24.7,,,1054
119,수원,2021-06-08 10:00,25.7,,,1751
119,수원,2021-06-08 11:00,26.6,,,1906
119,수원,2021-06-08 12:00,27.2,,,1574
119,수원,2021-06-08 13:00,27.9,,,1771
119,수원,2021-06-08 14:00,28.1,,,1740
119,수원,2021-06-08 15:00,27.9,,,1462
119,수원,2021-06-08 16:00,28.2,,,1342
119,수원,2021-06-08 17:00,27,,,1415
119,수원,2021-06-08 18:00,24.9,,,1262
119,수원,2021-06-08 19:00,24.2,,,1170
119,수원,2021-06-08 20:00,22.5,,,1936
119,수원,2021-06-08 21:00,21.5,,,1950
119,수원,2021-06-08 22:00,20.9,,,2000
119,수원,2021-06-08 23:00,20.4,,,1998
119,수원,2021-06-09 00:00,20.1,,,1742
119,수원,2021-06-09 01:00,20.3,,,1606
119,수원,2021-06-09 02:00,19.8,,,1127
119,수원,2021-06-09 03:00,19.7,,,1020
119,수원,2021-06-09 04:00,19.9,,,911
119,수원,2021-06-09 05:00,19.9,,,755
119,수원,2021-06-09 06:00,20.6,,,796
119,수원,2021-06-09 07:00,21.7,,,749
119,수원,2021-06-09 08:00,23.8,,,2000
119,수원,2021-06-09 09:00,25.4,,,1836
119,수원,2021-06-09 10:00,26.2,,,1626
119,수원,2021-06-09 11:00,27.3,,,1749
119,수원,2021-06-09 12:00,29.2,,,1387
119,수원,2021-06-09 13:00,30.3,,,1808
119,수원,2021-06-09 14:00,31.6,,,1789
119,수원,2021-06-09 15:00,32.1,,,1934
119,수원,2021-06-09 16:00,31.7,,,1881
119,수원,2021-06-09 17:00,31.8,,,1811
119,수원,2021-06-09 18:00,30.4,,,1532
119,수원,2021-06-09 19:00,28.3,,,1375
119,수원,2021-06-09 20:00,26.8,,,1048
119,수원,2021-06-09 21:00,25.6,,,899
119,수원,2021-06-09 22:00,24.6,,,732
119,수원,2021-06-09 23:00,23.5,,,541
119,수원,2021-06-10 00:00,22.5,,,571
119,수원,2021-06-10 01:00,22.4,,,790
119,수원,2021-06-10 02:00,21.6,,,695
119,수원,2021-06-10 03:00,21.3,,,558
119,수원,2021-06-10 04:00,21.2,,,350
119,수원,2021-06-10 05:00,21.6,,,327
119,수원,2021-06-10 06:00,21.8,,,377
119,수원,2021-06-10 07:00,22.9,,,633
119,수원,2021-06-10 08:00,24.8,,,802
119,수원,2021-06-10 09:00,26.4,,,1373
119,수원,2021-06-10 10:00,27.8,,,1953
119,수원,2021-06-10 11:00,29.3,,,1917
119,수원,2021-06-10 12:00,29,,,1967
119,수원,2021-06-10 13:00,29.8,,,1982
119,수원,2021-06-10 14:00,30.2,,,1940
119,수원,2021-06-10 15:00,30.2,,,1923
119,수원,2021-06-10 16:00,29.2,,,1989
119,수원,2021-06-10 17:00,28,,,1993
119,수원,2021-06-10 18:00,26.5,0,,1855
119,수원,2021-06-10 19:00,24.5,0,,1008
119,수원,2021-06-10 20:00,24.8,.1,,1109
119,수원,2021-06-10 21:00,24.3,.3,,1509
119,수원,2021-06-10 22:00,24.2,.1,,1832
119,수원,2021-06-10 23:00,21.2,.9,,858
119,수원,2021-06-11 00:00,19.9,6.9,,701
119,수원,2021-06-11 01:00,20,1.7,,721
119,수원,2021-06-11 02:00,20.8,.2,,1938
119,수원,2021-06-11 03:00,20.7,1.1,,959
119,수원,2021-06-11 04:00,20.9,4.3,,1871
119,수원,2021-06-11 05:00,20.9,0,,2000
119,수원,2021-06-11 06:00,21,,,1950
119,수원,2021-06-11 07:00,20.3,,,1138
119,수원,2021-06-11 08:00,20.4,,,1957
119,수원,2021-06-11 09:00,20.9,,,1515
119,수원,2021-06-11 10:00,20.9,0,,671
119,수원,2021-06-11 11:00,21.9,0,,746
119,수원,2021-06-11 12:00,22.2,,,1970
119,수원,2021-06-11 13:00,24.4,,,1947
119,수원,2021-06-11 14:00,24.9,,,1987
119,수원,2021-06-11 15:00,23,,,1749
119,수원,2021-06-11 16:00,24.9,,,1840
119,수원,2021-06-11 17:00,24.9,,,1933
119,수원,2021-06-11 18:00,24.6,,,1867
119,수원,2021-06-11 19:00,23.4,,,1655
119,수원,2021-06-11 20:00,22.2,,,1885
119,수원,2021-06-11 21:00,20.6,,,1096
119,수원,2021-06-11 22:00,19.8,,,649
119,수원,2021-06-11 23:00,19.1,,,656
119,수원,2021-06-12 00:00,18.8,,,514
119,수원,2021-06-12 01:00,18.4,,,402
119,수원,2021-06-12 02:00,17.7,,,33
119,수원,2021-06-12 03:00,17.7,,,41
119,수원,2021-06-12 04:00,17.4,,,32
119,수원,2021-06-12 05:00,17.3,,,20
119,수원,2021-06-12 06:00,17.2,,,110
119,수원,2021-06-12 07:00,18.8,,,498
119,수원,2021-06-12 08:00,21.6,,,872
119,수원,2021-06-12 09:00,23.5,,,1603
119,수원,2021-06-12 10:00,25.3,,,1811
119,수원,2021-06-12 11:00,26.7,,,1992
119,수원,2021-06-12 12:00,27.8,,,1966
119,수원,2021-06-12 13:00,28.3,,,1983
119,수원,2021-06-12 14:00,28.6,,,1414
119,수원,2021-06-12 15:00,27.9,,,1373
119,수원,2021-06-12 16:00,27.3,,,1634
119,수원,2021-06-12 17:00,27.2,,,1924
119,수원,2021-06-12 18:00,26.1,,,1997
119,수원,2021-06-12 19:00,25.1,,,2000
119,수원,2021-06-12 20:00,22.8,,,2003
119,수원,2021-06-12 21:00,21.6,,,1868
119,수원,2021-06-12 22:00,20.8,,,1343
119,수원,2021-06-12 23:00,20.2,,,1481
119,수원,2021-06-13 00:00,20,,,678
119,수원,2021-06-13 01:00,19.4,,,691
119,수원,2021-06-13 02:00,19.7,,,678
119,수원,2021-06-13 03:00,19.6,,,529
119,수원,2021-06-13 04:00,19.5,,,525
119,수원,2021-06-13 05:00,18.9,,,739
119,수원,2021-06-13 06:00,18.7,,,575
119,수원,2021-06-13 07:00,19.9,,,584
119,수원,2021-06-13 08:00,20.4,,,555
119,수원,2021-06-13 09:00,21.3,,,982
119,수원,2021-06-13 10:00,22.6,,,845
119,수원,2021-06-13 11:00,24.7,,,1455
119,수원,2021-06-13 12:00,26.4,,,1221
119,수원,2021-06-13 13:00,27.8,,,1579
119,수원,2021-06-13 14:00,28.1,,,1528
119,수원,2021-06-13 15:00,28.6,,,1492
119,수원,2021-06-13 16:00,28.3,,,1929
119,수원,2021-06-13 17:00,26.2,,,1912
119,수원,2021-06-13 18:00,24.6,,,2000
119,수원,2021-06-13 19:00,23.5,,,2000
119,수원,2021-06-13 20:00,21.1,,,2065
119,수원,2021-06-13 21:00,19.7,,,2000
119,수원,2021-06-13 22:00,18.5,,,621
119,수원,2021-06-13 23:00,17.6,,,235
119,수원,2021-06-14 00:00,17.9,,,734
119,수원,2021-06-14 01:00,17.6,,,242
119,수원,2021-06-14 02:00,17.3,,,157
119,수원,2021-06-14 03:00,17.2,,,215
119,수원,2021-06-14 04:00,17.1,,,66
119,수원,2021-06-14 05:00,16.9,,,152
119,수원,2021-06-14 06:00,17.3,,,406
119,수원,2021-06-14 07:00,17.6,,,372
119,수원,2021-06-14 08:00,20,,,873
119,수원,2021-06-14 09:00,21.8,,,1797
119,수원,2021-06-14 10:00,23.6,,,1300
119,수원,2021-06-14 11:00,25.4,,,1320
119,수원,2021-06-14 12:00,27.2,,,1200
119,수원,2021-06-14 13:00,27.9,,,1050
119,수원,2021-06-14 14:00,28.7,,,750
119,수원,2021-06-14 15:00,28.3,,,613
119,수원,2021-06-14 16:00,27.3,,,725
119,수원,2021-06-14 17:00,27,,,719
119,수원,2021-06-14 18:00,24.2,,,1194
119,수원,2021-06-14 19:00,23.6,,,1484
119,수원,2021-06-14 20:00,22,,,1309
119,수원,2021-06-14 21:00,21.2,,,1922
119,수원,2021-06-14 22:00,20.7,,,1452
119,수원,2021-06-14 23:00,20.9,,,1705
119,수원,2021-06-15 00:00,20.7,,,1113
119,수원,2021-06-15 01:00,20.9,,,749
119,수원,2021-06-15 02:00,20.5,,,594
119,수원,2021-06-15 03:00,20.7,,,580
119,수원,2021-06-15 04:00,21,,,563
119,수원,2021-06-15 05:00,20.8,,,769
119,수원,2021-06-15 06:00,21.1,,,618
119,수원,2021-06-15 07:00,21.6,0,,1731
119,수원,2021-06-15 08:00,22.8,0,,1124
119,수원,2021-06-15 09:00,22.4,.3,,682
119,수원,2021-06-15 10:00,23.2,0,,1418
119,수원,2021-06-15 11:00,23.5,0,,1537
119,수원,2021-06-15 12:00,22.6,.3,,1215
119,수원,2021-06-15 13:00,22.5,.1,,1304
119,수원,2021-06-15 14:00,22.8,0,,1545
119,수원,2021-06-15 15:00,24,,,1712
119,수원,2021-06-15 16:00,25.2,,,1739
119,수원,2021-06-15 17:00,25.8,,,1920
119,수원,2021-06-15 18:00,25.9,,,1874
119,수원,2021-06-15 19:00,25.1,,,1889
119,수원,2021-06-15 20:00,24.3,,,2000
119,수원,2021-06-15 21:00,23.6,,,1958
119,수원,2021-06-15 22:00,23.1,,,1991
119,수원,2021-06-15 23:00,23.1,,,2000
119,수원,2021-06-16 00:00,22.4,,,2000
119,수원,2021-06-16 01:00,21.7,,,2000
119,수원,2021-06-16 02:00,21.1,,,2000
119,수원,2021-06-16 03:00,21.2,,,2000
119,수원,2021-06-16 04:00,20.5,,,2000
119,수원,2021-06-16 05:00,20.8,,,2000
119,수원,2021-06-16 06:00,21.3,,,2000
119,수원,2021-06-16 07:00,23,,,2000
119,수원,2021-06-16 08:00,24.4,,,2000
119,수원,2021-06-16 09:00,25.6,,,2000
119,수원,2021-06-16 10:00,26.2,,,2000
119,수원,2021-06-16 11:00,26.6,,,2000
119,수원,2021-06-16 12:00,27.2,,,2000
119,수원,2021-06-16 13:00,27.9,,,2000
119,수원,2021-06-16 14:00,27.5,,,2000
119,수원,2021-06-16 15:00,28.8,,,2000
119,수원,2021-06-16 16:00,29.5,,,2000
119,수원,2021-06-16 17:00,28.4,,,2000
119,수원,2021-06-16 18:00,28,,,2000
119,수원,2021-06-16 19:00,26.8,,,2000
119,수원,2021-06-16 20:00,25.6,,,2026
119,수원,2021-06-16 21:00,24.6,,,2000
119,수원,2021-06-16 22:00,23.5,,,1995
119,수원,2021-06-16 23:00,22.6,,,2000
119,수원,2021-06-17 00:00,22,,,2000
119,수원,2021-06-17 01:00,21.5,,,1996
119,수원,2021-06-17 02:00,21,,,2000
119,수원,2021-06-17 03:00,20.5,,,2000
119,수원,2021-06-17 04:00,20.2,,,2000
119,수원,2021-06-17 05:00,20.2,,,2000
119,수원,2021-06-17 06:00,20.2,,,2000
119,수원,2021-06-17 07:00,20.4,,,2000
119,수원,2021-06-17 08:00,21,,,2000
119,수원,2021-06-17 09:00,21.2,,,1998
119,수원,2021-06-17 10:00,21.9,,,2000
119,수원,2021-06-17 11:00,23.2,,,1993
119,수원,2021-06-17 12:00,23.4,,,1995
119,수원,2021-06-17 13:00,23.6,,,1930
119,수원,2021-06-17 14:00,23.9,,,1706
119,수원,2021-06-17 15:00,23.9,,,1870
119,수원,2021-06-17 16:00,23.2,0,,1998
119,수원,2021-06-17 17:00,23,.1,,1906
119,수원,2021-06-17 18:00,22.6,0,,1763
119,수원,2021-06-17 19:00,22.3,,,1949
119,수원,2021-06-17 20:00,21.5,,,1536
119,수원,2021-06-17 21:00,21.3,,,1039
119,수원,2021-06-17 22:00,20.8,,,1328
119,수원,2021-06-17 23:00,20.7,,,1685
119,수원,2021-06-18 00:00,20.3,0,,751
119,수원,2021-06-18 01:00,20,,,572
119,수원,2021-06-18 02:00,20,,,465
119,수원,2021-06-18 03:00,19.8,0,,739
119,수원,2021-06-18 04:00,19.3,.5,,315
119,수원,2021-06-18 05:00,19.2,1.1,,358
119,수원,2021-06-18 06:00,19,1.1,,443
119,수원,2021-06-18 07:00,19,1.2,,422
119,수원,2021-06-18 08:00,19.4,.3,,1029
119,수원,2021-06-18 09:00,19.7,.1,,734
119,수원,2021-06-18 10:00,19.9,.9,,280
119,수원,2021-06-18 11:00,20.2,.5,,341
119,수원,2021-06-18 12:00,20.3,.4,,329
119,수원,2021-06-18 13:00,20.7,.1,,1813
119,수원,2021-06-18 14:00,21.2,,,1514
119,수원,2021-06-18 15:00,20.8,0,,694
119,수원,2021-06-18 16:00,20.5,0,,793
119,수원,2021-06-18 17:00,20.6,,,852
119,수원,2021-06-18 18:00,20.6,,,1088
119,수원,2021-06-18 19:00,20.6,,,1234
119,수원,2021-06-18 20:00,20.1,,,1227
119,수원,2021-06-18 21:00,19.5,,,1113
119,수원,2021-06-18 22:00,19.3,,,758
119,수원,2021-06-18 23:00,18.9,,,557
119,수원,2021-06-19 00:00,18.7,0,,304
119,수원,2021-06-19 01:00,18.8,,,332
119,수원,2021-06-19 02:00,19,,,348
119,수원,2021-06-19 03:00,18.4,,,332
119,수원,2021-06-19 04:00,18.1,,,280
119,수원,2021-06-19 05:00,17.8,,,214
119,수원,2021-06-19 06:00,18,,,366
119,수원,2021-06-19 07:00,19,,,381
119,수원,2021-06-19 08:00,20.1,,,585
119,수원,2021-06-19 09:00,22.3,,,516
119,수원,2021-06-19 10:00,22.8,,,602
119,수원,2021-06-19 11:00,23.9,,,603
119,수원,2021-06-19 12:00,25.3,,,791
119,수원,2021-06-19 13:00,25.9,,,774
119,수원,2021-06-19 14:00,26.4,,,551
119,수원,2021-06-19 15:00,26.5,,,673
119,수원,2021-06-19 16:00,26.9,,,928
119,수원,2021-06-19 17:00,25.5,,,862
119,수원,2021-06-19 18:00,24.4,,,859
119,수원,2021-06-19 19:00,23.7,,,809
119,수원,2021-06-19 20:00,22.4,,,725
119,수원,2021-06-19 21:00,21.4,,,597
119,수원,2021-06-19 22:00,20.2,,,651
119,수원,2021-06-19 23:00,19.8,,,574
119,수원,2021-06-20 00:00,18.9,,,456
119,수원,2021-06-20 01:00,18.1,,,501
119,수원,2021-06-20 02:00,17.5,,,379
119,수원,2021-06-20 03:00,17.1,,,286
119,수원,2021-06-20 04:00,17.4,,,235
119,수원,2021-06-20 05:00,17.1,,,280
119,수원,2021-06-20 06:00,17.5,,,331
119,수원,2021-06-20 07:00,20.4,,,303
119,수원,2021-06-20 08:00,21.7,,,948
119,수원,2021-06-20 09:00,23.6,,,932
119,수원,2021-06-20 10:00,24.6,,,1294
119,수원,2021-06-20 11:00,26.6,,,1020
119,수원,2021-06-20 12:00,26.9,,,1543
119,수원,2021-06-20 13:00,28.8,,,1512
119,수원,2021-06-20 14:00,29.3,,,1974
119,수원,2021-06-20 15:00,28.6,,,1660
119,수원,2021-06-20 16:00,27.5,,,870
119,수원,2021-06-20 17:00,26.7,,,848
119,수원,2021-06-20 18:00,25.9,,,836
119,수원,2021-06-20 19:00,24.6,,,707
119,수원,2021-06-20 20:00,23.1,,,520
119,수원,2021-06-20 21:00,22.1,,,564
119,수원,2021-06-20 22:00,21.5,,,390
119,수원,2021-06-20 23:00,21.1,,,309
119,수원,2021-06-21 00:00,21,,,408
119,수원,2021-06-21 01:00,20.4,,,318
119,수원,2021-06-21 02:00,19.5,,,340
119,수원,2021-06-21 03:00,19.3,,,298
119,수원,2021-06-21 04:00,19,,,380
119,수원,2021-06-21 05:00,18.5,,,295
119,수원,2021-06-21 06:00,18.7,,,450
119,수원,2021-06-21 07:00,20.1,,,609
119,수원,2021-06-21 08:00,21.5,,,704
119,수원,2021-06-21 09:00,22.6,,,544
119,수원,2021-06-21 10:00,24,,,1006
119,수원,2021-06-21 11:00,25.3,,,870
119,수원,2021-06-21 12:00,27,,,1010
119,수원,2021-06-21 13:00,27.8,,,1227
119,수원,2021-06-21 14:00,27.9,,,1468
119,수원,2021-06-21 15:00,28,,,2000
119,수원,2021-06-21 16:00,27.7,,,1991
119,수원,2021-06-21 17:00,27.1,,,2000
119,수원,2021-06-21 18:00,26.3,,,2000
119,수원,2021-06-21 19:00,25.2,,,2000
119,수원,2021-06-21 20:00,23.8,,,1950
119,수원,2021-06-21 21:00,22,,,2000
119,수원,2021-06-21 22:00,20.7,,,1001
119,수원,2021-06-21 23:00,20.5,,,1322
119,수원,2021-06-22 00:00,19.8,,,1477
119,수원,2021-06-22 01:00,19.1,,,784
119,수원,2021-06-22 02:00,18.6,,,535
119,수원,2021-06-22 03:00,19.3,,,1626
119,수원,2021-06-22 04:00,19.7,,,874
119,수원,2021-06-22 05:00,19.3,,,798
119,수원,2021-06-22 06:00,20.1,0,,839
119,수원,2021-06-22 07:00,20.7,0,,1706
119,수원,2021-06-22 08:00,21.8,0,,1945
119,수원,2021-06-22 09:00,23.1,,,1949
119,수원,2021-06-22 10:00,24.1,,,1945
119,수원,2021-06-22 11:00,26.1,,,1955
119,수원,2021-06-22 12:00,26.1,,,1877
119,수원,2021-06-22 13:00,26.4,,,1867
119,수원,2021-06-22 14:00,26.6,0,,1997
119,수원,2021-06-22 15:00,27.9,,,1930
119,수원,2021-06-22 16:00,27.7,,,2026
119,수원,2021-06-22 17:00,26.9,,,1983
119,수원,2021-06-22 18:00,26.5,,,1997
119,수원,2021-06-22 19:00,25.1,,,1999
119,수원,2021-06-22 20:00,24,,,2000
119,수원,2021-06-22 21:00,22.3,,,2000
119,수원,2021-06-22 22:00,21.9,,,2000
119,수원,2021-06-22 23:00,22.8,,,2000
119,수원,2021-06-23 00:00,21.7,,,2000
119,수원,2021-06-23 01:00,21.2,,,2000
119,수원,2021-06-23 02:00,20.6,,,2000
119,수원,2021-06-23 03:00,20.2,,,2000
119,수원,2021-06-23 04:00,19.9,,,2000
119,수원,2021-06-23 05:00,19.8,,,2000
119,수원,2021-06-23 06:00,19.7,,,2000
119,수원,2021-06-23 07:00,20.6,,,2000
119,수원,2021-06-23 08:00,21.2,,,2000
119,수원,2021-06-23 09:00,22.1,,,2068
119,수원,2021-06-23 10:00,22.9,,,1995
119,수원,2021-06-23 11:00,23.7,,,1939
119,수원,2021-06-23 12:00,24.4,,,1850
119,수원,2021-06-23 13:00,25.3,,,1943
119,수원,2021-06-23 14:00,25.4,,,1744
119,수원,2021-06-23 15:00,25.4,,,1483
119,수원,2021-06-23 16:00,25,,,1810
119,수원,2021-06-23 17:00,24.4,0,,890
119,수원,2021-06-23 18:00,24,.2,,1042
119,수원,2021-06-23 19:00,23,0,,1438
119,수원,2021-06-23 20:00,22.3,,,1648
119,수원,2021-06-23 21:00,21.3,,,1787
119,수원,2021-06-23 22:00,21.5,,,1809
119,수원,2021-06-23 23:00,21,,,1997
119,수원,2021-06-24 00:00,20.4,,,1344
119,수원,2021-06-24 01:00,19.5,,,1120
119,수원,2021-06-24 02:00,19.1,,,1038
119,수원,2021-06-24 03:00,18.9,,,888
119,수원,2021-06-24 04:00,19.2,,,950
119,수원,2021-06-24 05:00,19.4,,,1012
119,수원,2021-06-24 06:00,19.5,,,1132
119,수원,2021-06-24 07:00,20.8,,,1084
119,수원,2021-06-24 08:00,22,,,1344
119,수원,2021-06-24 09:00,23.3,,,1037
119,수원,2021-06-24 10:00,24.2,,,1083
119,수원,2021-06-24 11:00,24.7,,,1378
119,수원,2021-06-24 12:00,26.3,,,1472
119,수원,2021-06-24 13:00,27.1,,,1577
119,수원,2021-06-24 14:00,26.9,,,1798
119,수원,2021-06-24 15:00,26.7,,,1744
119,수원,2021-06-24 16:00,27.3,,,1100
119,수원,2021-06-24 17:00,25.7,,,653
119,수원,2021-06-24 18:00,24.5,,,627
119,수원,2021-06-24 19:00,23.8,,,612
119,수원,2021-06-24 20:00,22.7,,,684
119,수원,2021-06-24 21:00,21.5,,,717
119,수원,2021-06-24 22:00,21.1,,,683
119,수원,2021-06-24 23:00,20,,,446
119,수원,2021-06-25 00:00,19.9,,,524
119,수원,2021-06-25 01:00,19.4,,,419
119,수원,2021-06-25 02:00,18.8,,,391
119,수원,2021-06-25 03:00,18.6,,,383
119,수원,2021-06-25 04:00,18.3,,,393
119,수원,2021-06-25 05:00,18.1,,,375
119,수원,2021-06-25 06:00,18.9,,,388
119,수원,2021-06-25 07:00,21,,,302
119,수원,2021-06-25 08:00,22.2,,,293
119,수원,2021-06-25 09:00,23.7,,,346
119,수원,2021-06-25 10:00,25.5,,,668
119,수원,2021-06-25 11:00,25.6,,,669
119,수원,2021-06-25 12:00,27,,,1161
119,수원,2021-06-25 13:00,27.5,,,1673
119,수원,2021-06-25 14:00,28.3,,,1960
119,수원,2021-06-25 15:00,28.1,,,1785
119,수원,2021-06-25 16:00,28.2,,,1819
119,수원,2021-06-25 17:00,27.8,,,1907
119,수원,2021-06-25 18:00,26.2,,,1931
119,수원,2021-06-25 19:00,24.7,,,1984
119,수원,2021-06-25 20:00,23.9,,,1978
119,수원,2021-06-25 21:00,22.5,,,1538
119,수원,2021-06-25 22:00,21.5,,,1375
119,수원,2021-06-25 23:00,21.5,,,1243
119,수원,2021-06-26 00:00,21.4,,,1118
119,수원,2021-06-26 01:00,21.7,0,,909
119,수원,2021-06-26 02:00,21.6,.1,,883
119,수원,2021-06-26 03:00,20.9,3.5,,596
119,수원,2021-06-26 04:00,20.5,1.6,,391
119,수원,2021-06-26 05:00,20.7,1,,366
119,수원,2021-06-26 06:00,20.5,.5,,867
119,수원,2021-06-26 07:00,20.5,.4,,556
119,수원,2021-06-26 08:00,21,.2,,1013
119,수원,2021-06-26 09:00,21.2,0,,1506
119,수원,2021-06-26 10:00,22.1,.1,,1552
119,수원,2021-06-26 11:00,23.1,0,,2000
119,수원,2021-06-26 12:00,24.2,0,,2000
119,수원,2021-06-26 13:00,24.5,0,,1958
119,수원,2021-06-26 14:00,25.4,,,1885
119,수원,2021-06-26 15:00,25.7,,,1898
119,수원,2021-06-26 16:00,27.2,,,1942
119,수원,2021-06-26 17:00,26.4,,,1996
119,수원,2021-06-26 18:00,26.4,,,2000
119,수원,2021-06-26 19:00,25.6,,,2000
119,수원,2021-06-26 20:00,24.3,,,2000
119,수원,2021-06-26 21:00,23.8,,,2000
119,수원,2021-06-26 22:00,23.2,,,2000
119,수원,2021-06-26 23:00,22.4,,,1996
119,수원,2021-06-27 00:00,21.6,,,2026
119,수원,2021-06-27 01:00,21.3,,,2000
119,수원,2021-06-27 02:00,20.8,,,1999
119,수원,2021-06-27 03:00,20.3,,,1984
119,수원,2021-06-27 04:00,20.8,,,2000
119,수원,2021-06-27 05:00,20.2,,,1937
119,수원,2021-06-27 06:00,20.9,,,1862
119,수원,2021-06-27 07:00,22.3,,,1885
119,수원,2021-06-27 08:00,23.4,,,1856
119,수원,2021-06-27 09:00,25.5,,,1828
119,수원,2021-06-27 10:00,26.4,,,1831
119,수원,2021-06-27 11:00,27.2,,,1854
119,수원,2021-06-27 12:00,27.7,,,1967
119,수원,2021-06-27 13:00,27.8,,,1998
119,수원,2021-06-27 14:00,29.5,,,1954
119,수원,2021-06-27 15:00,29.7,,,1957
119,수원,2021-06-27 16:00,30.2,,,1997
119,수원,2021-06-27 17:00,29.3,,,2000
119,수원,2021-06-27 18:00,27.6,,,1741
119,수원,2021-06-27 19:00,24.5,0,,1554
119,수원,2021-06-27 20:00,23.7,.2,,1672
119,수원,2021-06-27 21:00,24.5,,,1900
119,수원,2021-06-27 22:00,24.1,,,1996
119,수원,2021-06-27 23:00,24.1,,,1822
119,수원,2021-06-28 00:00,24.5,,,1983
119,수원,2021-06-28 01:00,24.3,,,2000
119,수원,2021-06-28 02:00,23.7,,,1989
119,수원,2021-06-28 03:00,23.3,,,2005
119,수원,2021-06-28 04:00,22.4,,,1727
119,수원,2021-06-28 05:00,22.4,,,1775
119,수원,2021-06-28 06:00,22.5,,,1619
119,수원,2021-06-28 07:00,22.2,0,,1743
119,수원,2021-06-28 08:00,21.6,.9,,1071
119,수원,2021-06-28 09:00,22.3,0,,1327
119,수원,2021-06-28 10:00,22.6,,,1115
119,수원,2021-06-28 11:00,22.9,0,,1153
119,수원,2021-06-28 12:00,23.3,0,,1105
119,수원,2021-06-28 13:00,25,,,1644
119,수원,2021-06-28 14:00,27.5,,,1787
119,수원,2021-06-28 15:00,28.4,,,2055
119,수원,2021-06-28 16:00,28.7,,,1877
119,수원,2021-06-28 17:00,25.4,,,1892
119,수원,2021-06-28 18:00,24.5,0,,2000
119,수원,2021-06-28 19:00,24.4,,,1961
119,수원,2021-06-28 20:00,24,,,1917
119,수원,2021-06-28 21:00,23.4,,,1261
119,수원,2021-06-28 22:00,22.7,,,1149
119,수원,2021-06-28 23:00,22.4,,,1190
119,수원,2021-06-29 00:00,21.6,,,1001
119,수원,2021-06-29 01:00,21.5,,,1000
119,수원,2021-06-29 02:00,21.5,,,966
119,수원,2021-06-29 03:00,21.7,,,921
119,수원,2021-06-29 04:00,21.3,,,930
119,수원,2021-06-29 05:00,21.2,,,852
119,수원,2021-06-29 06:00,21.6,,,944
119,수원,2021-06-29 07:00,22.8,,,1114
119,수원,2021-06-29 08:00,24,,,1354
119,수원,2021-06-29 09:00,25.5,,,1710
119,수원,2021-06-29 10:00,25.9,,,1505
119,수원,2021-06-29 11:00,26.6,,,1193
119,수원,2021-06-29 12:00,28,,,1117
119,수원,2021-06-29 13:00,28.1,,,1112
119,수원,2021-06-29 14:00,27.4,0,,1213
119,수원,2021-06-29 15:00,23.2,.9,,536
119,수원,2021-06-29 16:00,26,0,,506
119,수원,2021-06-29 17:00,26.4,,,563
119,수원,2021-06-29 18:00,25.6,,,673
119,수원,2021-06-29 19:00,24.1,,,632
119,수원,2021-06-29 20:00,23.1,,,637
119,수원,2021-06-29 21:00,22,,,535
119,수원,2021-06-29 22:00,21.4,,,723
119,수원,2021-06-29 23:00,21.1,,,713
119,수원,2021-06-30 00:00,20.7,,,612
119,수원,2021-06-30 01:00,20.6,,,846
119,수원,2021-06-30 02:00,20.3,,,475
119,수원,2021-06-30 03:00,20.4,,,513
119,수원,2021-06-30 04:00,20.8,,,552
119,수원,2021-06-30 05:00,21,,,649
119,수원,2021-06-30 06:00,20.7,,,552
119,수원,2021-06-30 07:00,21.8,,,562
119,수원,2021-06-30 08:00,23.5,,,700
119,수원,2021-06-30 09:00,24.1,,,678
119,수원,2021-06-30 10:00,25.3,,,618
119,수원,2021-06-30 11:00,26.7,,,923
119,수원,2021-06-30 12:00,27.6,,,506
119,수원,2021-06-30 13:00,28.1,,,834
119,수원,2021-06-30 14:00,27.7,0,,790
119,수원,2021-06-30 15:00,25.5,0,,825
119,수원,2021-06-30 16:00,28.3,,,708
119,수원,2021-06-30 17:00,27.8,,,765
119,수원,2021-06-30 18:00,28.2,,,741
119,수원,2021-06-30 19:00,27.5,,,850
119,수원,2021-06-30 20:00,25.8,,,1191
119,수원,2021-06-30 21:00,23.7,,,1045
119,수원,2021-06-30 22:00,22.9,,,1223
119,수원,2021-06-30 23:00,22.3,,,563
119,수원,2021-07-01 00:00,22,,,595
119,수원,2021-07-01 01:00,21.5,,,594
119,수원,2021-07-01 02:00,21,,,470
119,수원,2021-07-01 03:00,20.9,,,548
119,수원,2021-07-01 04:00,20.5,,,280
119,수원,2021-07-01 05:00,20.9,,,380
119,수원,2021-07-01 06:00,21.3,,,382
119,수원,2021-07-01 07:00,23.5,,,534
119,수원,2021-07-01 08:00,24.7,,,779
119,수원,2021-07-01 09:00,26.3,,,899
119,수원,2021-07-01 10:00,28.2,,,910
119,수원,2021-07-01 11:00,28.8,,,877
119,수원,2021-07-01 12:00,29.8,,,914
119,수원,2021-07-01 13:00,30.6,,,1853
119,수원,2021-07-01 14:00,30.7,,,1585
119,수원,2021-07-01 15:00,30.4,,,1673
119,수원,2021-07-01 16:00,30.5,,,2033
119,수원,2021-07-01 17:00,30.5,,,998
119,수원,2021-07-01 18:00,29.7,,,1705
119,수원,2021-07-01 19:00,29.1,,,1259
119,수원,2021-07-01 20:00,28,,,969
119,수원,2021-07-01 21:00,26.4,,,707
119,수원,2021-07-01 22:00,26.4,,,896
119,수원,2021-07-01 23:00,25.1,,,666
119,수원,2021-07-02 00:00,24.5,,,607
119,수원,2021-07-02 01:00,23.4,,,821
119,수원,2021-07-02 02:00,23.6,,,790
119,수원,2021-07-02 03:00,24,,,1118
119,수원,2021-07-02 04:00,23.8,,,1658
119,수원,2021-07-02 05:00,24.4,,,1844
119,수원,2021-07-02 06:00,24.5,,,1645
119,수원,2021-07-02 07:00,24.9,,,1811
119,수원,2021-07-02 08:00,25.1,,,1819
119,수원,2021-07-02 09:00,25.4,,,1583
119,수원,2021-07-02 10:00,25.9,,,1742
119,수원,2021-07-02 11:00,26.9,,,1816
119,수원,2021-07-02 12:00,28.9,,,1868
119,수원,2021-07-02 13:00,29.9,,,1999
119,수원,2021-07-02 14:00,30.6,,,1985
119,수원,2021-07-02 15:00,30.9,,,1947
119,수원,2021-07-02 16:00,31.4,,,1895
119,수원,2021-07-02 17:00,31.2,,,1737
119,수원,2021-07-02 18:00,30.5,,,1795
119,수원,2021-07-02 19:00,29.8,,,2000
119,수원,2021-07-02 20:00,29,,,2000
119,수원,2021-07-02 21:00,28.4,,,2000
119,수원,2021-07-02 22:00,27.6,,,2000
119,수원,2021-07-02 23:00,26.9,,,2000
119,수원,2021-07-03 00:00,26.2,,,2000
119,수원,2021-07-03 01:00,25.5,,,1996
119,수원,2021-07-03 02:00,24.9,,,2000
119,수원,2021-07-03 03:00,24.1,,,1950
119,수원,2021-07-03 04:00,23.7,,,2000
119,수원,2021-07-03 05:00,23.2,,,2000
119,수원,2021-07-03 06:00,23.1,,,2000
119,수원,2021-07-03 07:00,23.2,,,2000
119,수원,2021-07-03 08:00,23.7,,,1993
119,수원,2021-07-03 09:00,24.7,,,2000
119,수원,2021-07-03 10:00,25.4,,,1985
119,수원,2021-07-03 11:00,25.7,,,2000
119,수원,2021-07-03 12:00,26,,,1990
119,수원,2021-07-03 13:00,26.5,0,,2000
119,수원,2021-07-03 14:00,26.7,0,,2000
119,수원,2021-07-03 15:00,25.2,.1,,1181
119,수원,2021-07-03 16:00,22.9,1.6,,628
119,수원,2021-07-03 17:00,21.6,9.2,,558
119,수원,2021-07-03 18:00,22,2.3,,1873
119,수원,2021-07-03 19:00,21.5,2.8,,1339
119,수원,2021-07-03 20:00,21.6,1.9,,1768
119,수원,2021-07-03 21:00,20.9,5.5,,1100
119,수원,2021-07-03 22:00,21,.6,,1491
119,수원,2021-07-03 23:00,20.8,5.6,,1026
119,수원,2021-07-04 00:00,20.8,3.7,,980
119,수원,2021-07-04 01:00,20.7,5.6,,866
119,수원,2021-07-04 02:00,20.9,2.7,,980
119,수원,2021-07-04 03:00,22.1,.1,,2000
119,수원,2021-07-04 04:00,23.3,.2,,1979
119,수원,2021-07-04 05:00,22.6,.4,,333
119,수원,2021-07-04 06:00,22.6,1.3,,543
119,수원,2021-07-04 07:00,22.2,1,,635
119,수원,2021-07-04 08:00,22.2,.3,,1242
119,수원,2021-07-04 09:00,22.1,.6,,752
119,수원,2021-07-04 10:00,22.6,.1,,2000
119,수원,2021-07-04 11:00,23.2,,,2000
119,수원,2021-07-04 12:00,23.5,,,2000
119,수원,2021-07-04 13:00,23.7,,,2000
119,수원,2021-07-04 14:00,24.4,,,2000
119,수원,2021-07-04 15:00,23.3,0,,861
119,수원,2021-07-04 16:00,21.8,.3,,617
119,수원,2021-07-04 17:00,21.1,0,,327
119,수원,2021-07-04 18:00,21.3,0,,667
119,수원,2021-07-04 19:00,21.3,,,545
119,수원,2021-07-04 20:00,20.5,0,,747
119,수원,2021-07-04 21:00,20.6,0,,1446
119,수원,2021-07-04 22:00,20.7,,,2000
119,수원,2021-07-04 23:00,20.8,,,2000
119,수원,2021-07-05 00:00,20.8,,,2000
119,수원,2021-07-05 01:00,20.8,,,2000
119,수원,2021-07-05 02:00,20.6,,,2000
119,수원,2021-07-05 03:00,20.6,,,2010
119,수원,2021-07-05 04:00,20.4,,,2010
119,수원,2021-07-05 05:00,20.4,,,2000
119,수원,2021-07-05 06:00,20.6,,,1989
119,수원,2021-07-05 07:00,21.2,,,2000
119,수원,2021-07-05 08:00,22.5,,,2000
119,수원,2021-07-05 09:00,23,,,2000
119,수원,2021-07-05 10:00,24.1,,,1646
119,수원,2021-07-05 11:00,24.8,,,1657
119,수원,2021-07-05 12:00,26.3,,,1646
119,수원,2021-07-05 13:00,26.5,,,1651
119,수원,2021-07-05 14:00,26.6,,,1278
119,수원,2021-07-05 15:00,27.1,,,1156
119,수원,2021-07-05 16:00,27,,,1199
119,수원,2021-07-05 17:00,26.4,,,1172
119,수원,2021-07-05 18:00,26.1,,,1089
119,수원,2021-07-05 19:00,24.1,,,1080
119,수원,2021-07-05 20:00,24.2,,,915
119,수원,2021-07-05 21:00,23.6,,,734
119,수원,2021-07-05 22:00,23.2,,,673
119,수원,2021-07-05 23:00,23.1,,,622
119,수원,2021-07-06 00:00,22.9,,,703
119,수원,2021-07-06 01:00,22.3,,,661
119,수원,2021-07-06 02:00,22.1,,,697
119,수원,2021-07-06 03:00,21.6,,,726
119,수원,2021-07-06 04:00,21.3,,,758
119,수원,2021-07-06 05:00,21.3,,,699
119,수원,2021-07-06 06:00,21.7,,,696
119,수원,2021-07-06 07:00,22.6,,,672
119,수원,2021-07-06 08:00,23.8,,,1600
119,수원,2021-07-06 09:00,24.9,,,669
119,수원,2021-07-06 10:00,26.7,,,672
119,수원,2021-07-06 11:00,27.1,,,819
119,수원,2021-07-06 12:00,27.4,,,671
119,수원,2021-07-06 13:00,28.8,,,637
119,수원,2021-07-06 14:00,28.7,,,840
119,수원,2021-07-06 15:00,28.9,,,745
119,수원,2021-07-06 16:00,29.2,,,694
119,수원,2021-07-06 17:00,28.7,,,893
119,수원,2021-07-06 18:00,28,,,996
119,수원,2021-07-06 19:00,26.1,,,538
119,수원,2021-07-06 20:00,25.2,,,524
119,수원,2021-07-06 21:00,24.8,,,504
119,수원,2021-07-06 22:00,24.6,,,713
119,수원,2021-07-06 23:00,24.5,0,,711
119,수원,2021-07-07 00:00,24.1,.3,,277
119,수원,2021-07-07 01:00,23.6,1.3,,158
119,수원,2021-07-07 02:00,23.5,2.1,,588
119,수원,2021-07-07 03:00,23.4,2.7,,879
119,수원,2021-07-07 04:00,23.1,.9,,520
119,수원,2021-07-07 05:00,23.1,1.1,,565
119,수원,2021-07-07 06:00,23.3,.6,,1108
119,수원,2021-07-07 07:00,23.8,0,,1944
119,수원,2021-07-07 08:00,24.6,0,,2000
119,수원,2021-07-07 09:00,26.3,,,2000
119,수원,2021-07-07 10:00,27.3,,,2000
119,수원,2021-07-07 11:00,27.4,,,2000
119,수원,2021-07-07 12:00,27,,,2000
119,수원,2021-07-07 13:00,27.1,,,1992
119,수원,2021-07-07 14:00,28.1,,,1961
119,수원,2021-07-07 15:00,28.6,,,2000
119,수원,2021-07-07 16:00,28.9,,,2000
119,수원,2021-07-07 17:00,28.3,,,2000
119,수원,2021-07-07 18:00,28.2,,,2004
119,수원,2021-07-07 19:00,27.8,,,1979
119,수원,2021-07-07 20:00,27,,,2140
119,수원,2021-07-07 21:00,24.8,5.7,,833
119,수원,2021-07-07 22:00,24.1,6.2,,402
119,수원,2021-07-07 23:00,24.1,2.1,,996
119,수원,2021-07-08 00:00,24,.3,,352
119,수원,2021-07-08 01:00,23.5,3.5,,547
119,수원,2021-07-08 02:00,23.2,.7,,2000
119,수원,2021-07-08 03:00,23.1,,,1709
119,수원,2021-07-08 04:00,23.2,,,497
119,수원,2021-07-08 05:00,23,,,414
119,수원,2021-07-08 06:00,23,,,468
119,수원,2021-07-08 07:00,23.1,,,510
119,수원,2021-07-08 08:00,23.5,,,561
119,수원,2021-07-08 09:00,24.2,,,691
119,수원,2021-07-08 10:00,25.4,,,995
119,수원,2021-07-08 11:00,26.9,,,1057
119,수원,2021-07-08 12:00,28.4,,,1202
119,수원,2021-07-08 13:00,29.5,,,1897
119,수원,2021-07-08 14:00,30,,,1610
119,수원,2021-07-08 15:00,30.3,,,1449
119,수원,2021-07-08 16:00,29.9,,,1513
119,수원,2021-07-08 17:00,28.9,,,1981
119,수원,2021-07-08 18:00,26.8,,,1950
119,수원,2021-07-08 19:00,25.3,,,2000
119,수원,2021-07-08 20:00,24.2,,,2000
119,수원,2021-07-08 21:00,23.4,,,1994
119,수원,2021-07-08 22:00,23.3,,,2000
119,수원,2021-07-08 23:00,22.5,,,2000
119,수원,2021-07-09 00:00,22.8,,,2000
119,수원,2021-07-09 01:00,22.7,,,1646
119,수원,2021-07-09 02:00,23,,,1865
119,수원,2021-07-09 03:00,23.1,,,2000
119,수원,2021-07-09 04:00,23,,,2000
119,수원,2021-07-09 05:00,22.6,,,1887
119,수원,2021-07-09 06:00,22.8,,,1798
119,수원,2021-07-09 07:00,23.4,,,1920
119,수원,2021-07-09 08:00,24.8,,,1934
119,수원,2021-07-09 09:00,25.1,,,1993
119,수원,2021-07-09 10:00,26.5,,,1668
119,수원,2021-07-09 11:00,26.9,,,1517
119,수원,2021-07-09 12:00,27.3,,,1523
119,수원,2021-07-09 13:00,27.9,,,1916
119,수원,2021-07-09 14:00,29.4,,,1925
119,수원,2021-07-09 15:00,28.5,,,1980
119,수원,2021-07-09 16:00,28.7,,,1937
119,수원,2021-07-09 17:00,28,,,1998
119,수원,2021-07-09 18:00,27,,,2000
119,수원,2021-07-09 19:00,25.5,,,2000
119,수원,2021-07-09 20:00,24.7,,,2000
119,수원,2021-07-09 21:00,23.7,,,2000
119,수원,2021-07-09 22:00,23.4,,,1995
119,수원,2021-07-09 23:00,23,,,2000
119,수원,2021-07-10 00:00,23,,,2000
119,수원,2021-07-10 01:00,22.5,,,2000
119,수원,2021-07-10 02:00,23.1,,,2000
119,수원,2021-07-10 03:00,23.7,,,1930
119,수원,2021-07-10 04:00,23.4,,,1610
119,수원,2021-07-10 05:00,23.6,.1,,1075
119,수원,2021-07-10 06:00,23.5,0,,1162
119,수원,2021-07-10 07:00,24,0,,768
119,수원,2021-07-10 08:00,24.4,1.8,,830
119,수원,2021-07-10 09:00,25.4,,,691
119,수원,2021-07-10 10:00,26.4,,,531
119,수원,2021-07-10 11:00,27.3,,,670
119,수원,2021-07-10 12:00,27.7,,,882
119,수원,2021-07-10 13:00,28.9,,,777
119,수원,2021-07-10 14:00,29.3,,,1272
119,수원,2021-07-10 15:00,29.3,,,1573
119,수원,2021-07-10 16:00,29.3,,,1682
119,수원,2021-07-10 17:00,29,,,1959
119,수원,2021-07-10 18:00,28.2,,,1931
119,수원,2021-07-10 19:00,27,,,1300
119,수원,2021-07-10 20:00,26.3,,,1067
119,수원,2021-07-10 21:00,25.6,,,955
119,수원,2021-07-10 22:00,24.9,0,,620
119,수원,2021-07-10 23:00,24.9,.2,,857
119,수원,2021-07-11 00:00,25.1,,,575
119,수원,2021-07-11 01:00,24.9,,,507
119,수원,2021-07-11 02:00,24.6,,,523
119,수원,2021-07-11 03:00,24.5,0,,518
119,수원,2021-07-11 04:00,24.2,0,,499
119,수원,2021-07-11 05:00,24.4,,,976
119,수원,2021-07-11 06:00,24.5,0,,2249
119,수원,2021-07-11 07:00,24.6,0,,878
119,수원,2021-07-11 08:00,24.9,,,993
119,수원,2021-07-11 09:00,25.3,,,1018
119,수원,2021-07-11 10:00,25.6,0,,1178
119,수원,2021-07-11 11:00,26,0,,1645
119,수원,2021-07-11 12:00,27.1,0,,824
119,수원,2021-07-11 13:00,27.9,0,,1801
119,수원,2021-07-11 14:00,28.6,,,1715
119,수원,2021-07-11 15:00,29,,,1880
119,수원,2021-07-11 16:00,28.9,,,1747
119,수원,2021-07-11 17:00,28,,,1890
119,수원,2021-07-11 18:00,27.9,,,1874
119,수원,2021-07-11 19:00,27.2,,,1490
119,수원,2021-07-11 20:00,26.8,0,,1268
119,수원,2021-07-11 21:00,26.3,,,1841
119,수원,2021-07-11 22:00,25.2,,,1996
119,수원,2021-07-11 23:00,24.5,,,2000
119,수원,2021-07-12 00:00,24,,,1764
119,수원,2021-07-12 01:00,23.9,,,1599
119,수원,2021-07-12 02:00,23.8,,,1724
119,수원,2021-07-12 03:00,23.7,,,1498
119,수원,2021-07-12 04:00,23.8,,,1407
119,수원,2021-07-12 05:00,24.1,0,,1114
119,수원,2021-07-12 06:00,24.2,,,1165
119,수원,2021-07-12 07:00,24.7,0,,1179
119,수원,2021-07-12 08:00,25.8,0,,1114
119,수원,2021-07-12 09:00,25.8,,,765
119,수원,2021-07-12 10:00,26.8,,,651
119,수원,2021-07-12 11:00,27.3,,,766
119,수원,2021-07-12 12:00,28.7,,,846
119,수원,2021-07-12 13:00,29.5,,,1103
119,수원,2021-07-12 14:00,30.8,,,1940
119,수원,2021-07-12 15:00,32.5,,,1713
119,수원,2021-07-12 16:00,31.7,,,1876
119,수원,2021-07-12 17:00,32.2,,,1936
119,수원,2021-07-12 18:00,32,,,1891
119,수원,2021-07-12 19:00,30.9,,,1830
119,수원,2021-07-12 20:00,30,,,1807
119,수원,2021-07-12 21:00,27.2,,,736
119,수원,2021-07-12 22:00,26.8,,,906
119,수원,2021-07-12 23:00,26.4,,,1655
119,수원,2021-07-13 00:00,25.8,,,210
119,수원,2021-07-13 01:00,25.4,,,580
119,수원,2021-07-13 02:00,25.8,,,821
119,수원,2021-07-13 03:00,26.1,,,366
119,수원,2021-07-13 04:00,25.7,,,351
119,수원,2021-07-13 05:00,25.3,,,507
119,수원,2021-07-13 06:00,25.6,,,483
119,수원,2021-07-13 07:00,27.3,,,513
119,수원,2021-07-13 08:00,28.9,,,1253
119,수원,2021-07-13 09:00,29.6,,,1983
119,수원,2021-07-13 10:00,30,,,1942
119,수원,2021-07-13 11:00,31.1,,,1991
119,수원,2021-07-13 12:00,31.8,,,1983
119,수원,2021-07-13 13:00,31.8,,,1991
119,수원,2021-07-13 14:00,32,,,1967
119,수원,2021-07-13 15:00,31.6,,,1994
119,수원,2021-07-13 16:00,31,,,1998
119,수원,2021-07-13 17:00,31.6,,,2000
119,수원,2021-07-13 18:00,31.2,,,2000
119,수원,2021-07-13 19:00,30.5,,,2000
119,수원,2021-07-13 20:00,29.3,,,2000
119,수원,2021-07-13 21:00,28.3,,,1993
119,수원,2021-07-13 22:00,27.4,,,1999
119,수원,2021-07-13 23:00,26.8,,,1935
119,수원,2021-07-14 00:00,26.5,,,1970
119,수원,2021-07-14 01:00,25.9,,,1749
119,수원,2021-07-14 02:00,25.4,,,1698
119,수원,2021-07-14 03:00,25,,,1773
119,수원,2021-07-14 04:00,25.6,,,1777
119,수원,2021-07-14 05:00,25.5,,,1524
119,수원,2021-07-14 06:00,26.2,,,1475
119,수원,2021-07-14 07:00,27.5,,,2000
119,수원,2021-07-14 08:00,28.7,,,2000
119,수원,2021-07-14 09:00,29.9,,,1950
119,수원,2021-07-14 10:00,31.1,,,1864
119,수원,2021-07-14 11:00,31.1,,,2000
119,수원,2021-07-14 12:00,31.4,,,2000
119,수원,2021-07-14 13:00,31.8,,,2000
119,수원,2021-07-14 14:00,31.8,,,2000
119,수원,2021-07-14 15:00,32.7,,,2000
119,수원,2021-07-14 16:00,32.6,,,2000
119,수원,2021-07-14 17:00,32.1,,,2000
119,수원,2021-07-14 18:00,32.3,,,1953
119,수원,2021-07-14 19:00,31.2,,,2000
119,수원,2021-07-14 20:00,30.1,,,2000
119,수원,2021-07-14 21:00,29.2,,,2000
119,수원,2021-07-14 22:00,28.2,,,2000
119,수원,2021-07-14 23:00,27.6,,,2000
119,수원,2021-07-15 00:00,27.5,,,2000
119,수원,2021-07-15 01:00,27,,,2000
119,수원,2021-07-15 02:00,26.6,,,2000
119,수원,2021-07-15 03:00,26,,,2000
119,수원,2021-07-15 04:00,25.7,,,2000
119,수원,2021-07-15 05:00,25.7,,,1729
119,수원,2021-07-15 06:00,25.5,,,2000
119,수원,2021-07-15 07:00,28.9,,,1980
119,수원,2021-07-15 08:00,29.7,,,1968
119,수원,2021-07-15 09:00,30.9,,,1759
119,수원,2021-07-15 10:00,30.8,,,1942
119,수원,2021-07-15 11:00,32.4,,,1995
119,수원,2021-07-15 12:00,32.3,,,2000
119,수원,2021-07-15 13:00,33.2,,,2000
119,수원,2021-07-15 14:00,34.2,,,2000
119,수원,2021-07-15 15:00,33,,,1977
119,수원,2021-07-15 16:00,31,,,2000
119,수원,2021-07-15 17:00,29.6,,,2000
119,수원,2021-07-15 18:00,29.1,,,2000
119,수원,2021-07-15 19:00,28.7,0,,2000
119,수원,2021-07-15 20:00,28.5,,,2000
119,수원,2021-07-15 21:00,26.6,0,,2000
119,수원,2021-07-15 22:00,26.7,,,2000
119,수원,2021-07-15 23:00,26.5,,,2000
119,수원,2021-07-16 00:00,26,,,1996
119,수원,2021-07-16 01:00,26.1,,,2000
119,수원,2021-07-16 02:00,25.7,,,2000
119,수원,2021-07-16 03:00,25.5,,,2000
119,수원,2021-07-16 04:00,24.9,,,2000
119,수원,2021-07-16 05:00,24.7,,,2000
119,수원,2021-07-16 06:00,25.1,,,2000
119,수원,2021-07-16 07:00,26.7,,,2000
119,수원,2021-07-16 08:00,27,,,2024
119,수원,2021-07-16 09:00,28.5,,,1994
119,수원,2021-07-16 10:00,29.6,,,1998
119,수원,2021-07-16 11:00,30.8,,,1871
119,수원,2021-07-16 12:00,31.5,,,1973
119,수원,2021-07-16 13:00,32.9,,,1998
119,수원,2021-07-16 14:00,33.9,,,1983
119,수원,2021-07-16 15:00,34.4,,,2000
119,수원,2021-07-16 16:00,33.7,,,1943
119,수원,2021-07-16 17:00,33.1,,,1764
119,수원,2021-07-16 18:00,31.2,0,,2000
119,수원,2021-07-16 19:00,28.5,7.2,,1092
119,수원,2021-07-16 20:00,27.5,,,1238
119,수원,2021-07-16 21:00,25.2,1.5,,1927
119,수원,2021-07-16 22:00,24,12.7,,1020
119,수원,2021-07-16 23:00,23.9,.4,,1008
119,수원,2021-07-17 00:00,24.2,,,624
119,수원,2021-07-17 01:00,23.7,,,345
119,수원,2021-07-17 02:00,23.7,,,224
119,수원,2021-07-17 03:00,23.6,,,195
119,수원,2021-07-17 04:00,23.8,,,1755
119,수원,2021-07-17 05:00,23.8,,,1997
119,수원,2021-07-17 06:00,23.4,,,1742
119,수원,2021-07-17 07:00,26.3,,,1997
119,수원,2021-07-17 08:00,27.4,,,2097
119,수원,2021-07-17 09:00,28.4,,,1999
119,수원,2021-07-17 10:00,29.5,,,2000
119,수원,2021-07-17 11:00,30.4,,,1990
119,수원,2021-07-17 12:00,30.2,,,2000
119,수원,2021-07-17 13:00,31.5,,,2000
119,수원,2021-07-17 14:00,31.5,,,2000
119,수원,2021-07-17 15:00,32.4,,,2000
119,수원,2021-07-17 16:00,30.9,0,,1992
119,수원,2021-07-17 17:00,30.7,,,2000
119,수원,2021-07-17 18:00,30.7,,,2000
119,수원,2021-07-17 19:00,30.2,,,2000
119,수원,2021-07-17 20:00,29.7,,,1955
119,수원,2021-07-17 21:00,29.3,,,2000
119,수원,2021-07-17 22:00,28.6,,,2000
119,수원,2021-07-17 23:00,27,,,1959
119,수원,2021-07-18 00:00,26.8,,,2000
119,수원,2021-07-18 01:00,27.3,,,2000
119,수원,2021-07-18 02:00,26.7,,,2000
119,수원,2021-07-18 03:00,26.3,,,2000
119,수원,2021-07-18 04:00,26,,,1991
119,수원,2021-07-18 05:00,25.9,,,2000
119,수원,2021-07-18 06:00,25.9,,,2000
119,수원,2021-07-18 07:00,27.3,,,2000
119,수원,2021-07-18 08:00,28,,,2000
119,수원,2021-07-18 09:00,29.3,,,1994
119,수원,2021-07-18 10:00,29.1,,,2000
119,수원,2021-07-18 11:00,31.2,,,2015
119,수원,2021-07-18 12:00,31.1,,,2000
119,수원,2021-07-18 13:00,30.8,,,2000
119,수원,2021-07-18 14:00,31.5,,,2000
119,수원,2021-07-18 15:00,32,,,2000
119,수원,2021-07-18 16:00,32.9,,,2000
119,수원,2021-07-18 17:00,32.1,,,1865
119,수원,2021-07-18 18:00,31.8,,,2000
119,수원,2021-07-18 19:00,29.9,,,1949
119,수원,2021-07-18 20:00,28.6,,,2000
119,수원,2021-07-18 21:00,27.7,,,1995
119,수원,2021-07-18 22:00,23.7,20.1,,2000
119,수원,2021-07-18 23:00,23.8,,,1995
119,수원,2021-07-19 00:00,23.9,,,1997
119,수원,2021-07-19 01:00,24,,,1775
119,수원,2021-07-19 02:00,24.4,,,1928
119,수원,2021-07-19 03:00,24.5,,,2000
119,수원,2021-07-19 04:00,23.8,,,1926
119,수원,2021-07-19 05:00,24.1,,,2000
119,수원,2021-07-19 06:00,24.7,,,2000
119,수원,2021-07-19 07:00,26,,,2000
119,수원,2021-07-19 08:00,27.3,,,2100
119,수원,2021-07-19 09:00,27.9,,,2000
119,수원,2021-07-19 10:00,29.1,,,2000
119,수원,2021-07-19 11:00,29.4,,,2000
119,수원,2021-07-19 12:00,30.7,,,2000
119,수원,2021-07-19 13:00,30.2,,,2000
119,수원,2021-07-19 14:00,31.2,,,2000
119,수원,2021-07-19 15:00,31.5,,,2000
119,수원,2021-07-19 16:00,28.7,,,2000
119,수원,2021-07-19 17:00,27.7,0,,2000
119,수원,2021-07-19 18:00,25.9,5.1,,1960
119,수원,2021-07-19 19:00,26.2,1,,1570
119,수원,2021-07-19 20:00,25.1,.2,,1871
119,수원,2021-07-19 21:00,24.7,,,1804
119,수원,2021-07-19 22:00,24.6,,,1697
119,수원,2021-07-19 23:00,24.7,,,1571
119,수원,2021-07-20 00:00,24.5,,,1346
119,수원,2021-07-20 01:00,24.2,,,1845
119,수원,2021-07-20 02:00,24.5,,,2000
119,수원,2021-07-20 03:00,23.9,,,1982
119,수원,2021-07-20 04:00,23.4,,,1731
119,수원,2021-07-20 05:00,23.7,,,2000
119,수원,2021-07-20 06:00,24.3,,,2000
119,수원,2021-07-20 07:00,26,,,2000
119,수원,2021-07-20 08:00,27.7,,,2000
119,수원,2021-07-20 09:00,29.8,,,1989
119,수원,2021-07-20 10:00,29.8,,,1977
119,수원,2021-07-20 11:00,30.8,,,1997
119,수원,2021-07-20 12:00,31.5,,,1987
119,수원,2021-07-20 13:00,32.3,,,1990
119,수원,2021-07-20 14:00,31.6,,,2000
119,수원,2021-07-20 15:00,32.3,,,1999
119,수원,2021-07-20 16:00,32.1,,,2000
119,수원,2021-07-20 17:00,31.8,,,2000
119,수원,2021-07-20 18:00,31.6,,,2000
119,수원,2021-07-20 19:00,30.6,,,2056
119,수원,2021-07-20 20:00,29.6,,,2000
119,수원,2021-07-20 21:00,28.6,,,1964
119,수원,2021-07-20 22:00,27.7,,,1398
119,수원,2021-07-20 23:00,26.9,,,1249
119,수원,2021-07-21 00:00,26.5,,,751
119,수원,2021-07-21 01:00,26.4,,,848
119,수원,2021-07-21 02:00,25.8,,,847
119,수원,2021-07-21 03:00,25.1,,,769
119,수원,2021-07-21 04:00,24.9,,,612
119,수원,2021-07-21 05:00,25.1,,,1133
119,수원,2021-07-21 06:00,25.3,,,1921
119,수원,2021-07-21 07:00,27.9,,,2011
119,수원,2021-07-21 08:00,28.8,,,1993
119,수원,2021-07-21 09:00,30.4,,,2000
119,수원,2021-07-21 10:00,31.4,,,2000
119,수원,2021-07-21 11:00,31.9,,,1961
119,수원,2021-07-21 12:00,33,,,1977
119,수원,2021-07-21 13:00,33.6,,,1973
119,수원,2021-07-21 14:00,34.4,,,2000
119,수원,2021-07-21 15:00,34.6,,,2000
119,수원,2021-07-21 16:00,35.1,,,1998
119,수원,2021-07-21 17:00,35,,,2000
119,수원,2021-07-21 18:00,34.8,,,2000
119,수원,2021-07-21 19:00,33.6,,,2000
119,수원,2021-07-21 20:00,32.7,,,2000
119,수원,2021-07-21 21:00,30.2,,,2000
119,수원,2021-07-21 22:00,28.2,,,2000
119,수원,2021-07-21 23:00,29.5,,,2000
119,수원,2021-07-22 00:00,27.1,,,2000
119,수원,2021-07-22 01:00,26.6,,,2000
119,수원,2021-07-22 02:00,28.1,,,2000
119,수원,2021-07-22 03:00,26.1,,,2000
119,수원,2021-07-22 04:00,27.5,,,2000
119,수원,2021-07-22 05:00,27.1,,,2000
119,수원,2021-07-22 06:00,26.3,,,2000
119,수원,2021-07-22 07:00,27.6,,,2000
119,수원,2021-07-22 08:00,28.2,,,2000
119,수원,2021-07-22 09:00,29.7,,,1992
119,수원,2021-07-22 10:00,31.5,,,1991
119,수원,2021-07-22 11:00,32.5,,,2000
119,수원,2021-07-22 12:00,33.2,,,1950
119,수원,2021-07-22 13:00,34,,,2000
119,수원,2021-07-22 14:00,34.2,,,1970
119,수원,2021-07-22 15:00,34.5,,,1998
119,수원,2021-07-22 16:00,34.8,,,2000
119,수원,2021-07-22 17:00,35.2,,,1921
119,수원,2021-07-22 18:00,34.8,,,2000
119,수원,2021-07-22 19:00,32.1,,,2000
119,수원,2021-07-22 20:00,29.8,,,1999
119,수원,2021-07-22 21:00,29.5,,,2000
119,수원,2021-07-22 22:00,28.8,,,1696
119,수원,2021-07-22 23:00,29.7,,,2018
119,수원,2021-07-23 00:00,29.1,,,2000
119,수원,2021-07-23 01:00,29.1,,,2000
119,수원,2021-07-23 02:00,27.8,,,2000
119,수원,2021-07-23 03:00,27.7,,,2000
119,수원,2021-07-23 04:00,27.2,,,2000
119,수원,2021-07-23 05:00,26.8,,,2000
119,수원,2021-07-23 06:00,26.6,,,2000
119,수원,2021-07-23 07:00,27.9,,,2000
119,수원,2021-07-23 08:00,28.9,,,2000
119,수원,2021-07-23 09:00,30,,,1908
119,수원,2021-07-23 10:00,30.8,,,1991
119,수원,2021-07-23 11:00,31.8,,,1991
119,수원,2021-07-23 12:00,32.3,,,1999
119,수원,2021-07-23 13:00,33.8,,,1969
119,수원,2021-07-23 14:00,34.2,,,1969
119,수원,2021-07-23 15:00,34.9,,,2003
119,수원,2021-07-23 16:00,35.4,,,1997
119,수원,2021-07-23 17:00,35.2,,,2000
119,수원,2021-07-23 18:00,34.6,,,2000
119,수원,2021-07-23 19:00,32.6,,,1991
119,수원,2021-07-23 20:00,31.3,,,1766
119,수원,2021-07-23 21:00,30,,,1537
119,수원,2021-07-23 22:00,29.4,,,1192
119,수원,2021-07-23 23:00,28,,,914
119,수원,2021-07-24 00:00,27.4,,,799
119,수원,2021-07-24 01:00,26.6,,,1017
119,수원,2021-07-24 02:00,26.3,,,940
119,수원,2021-07-24 03:00,25.7,,,1179
119,수원,2021-07-24 04:00,25.8,,,1114
119,수원,2021-07-24 05:00,25.6,,,728
119,수원,2021-07-24 06:00,25.7,,,852
119,수원,2021-07-24 07:00,28,,,1301
119,수원,2021-07-24 08:00,29.1,,,2000
119,수원,2021-07-24 09:00,30.9,,,1878
119,수원,2021-07-24 10:00,31.9,,,1875
119,수원,2021-07-24 11:00,33.1,,,1943
119,수원,2021-07-24 12:00,33.7,,,1989
119,수원,2021-07-24 13:00,34.2,,,1994
119,수원,2021-07-24 14:00,35,,,2000
119,수원,2021-07-24 15:00,35.2,,,1950
119,수원,2021-07-24 16:00,36.3,,,2000
119,수원,2021-07-24 17:00,35.3,,,2000
119,수원,2021-07-24 18:00,35,,,1903
119,수원,2021-07-24 19:00,34.1,,,2000
119,수원,2021-07-24 20:00,32.7,,,2000
119,수원,2021-07-24 21:00,30.1,,,1891
119,수원,2021-07-24 22:00,28.3,,,1551
119,수원,2021-07-24 23:00,27.9,,,1075
119,수원,2021-07-25 00:00,27,,,982
119,수원,2021-07-25 01:00,26.6,,,1067
119,수원,2021-07-25 02:00,26.3,,,1046
119,수원,2021-07-25 03:00,27.4,,,2086
119,수원,2021-07-25 04:00,27.8,,,2000
119,수원,2021-07-25 05:00,27,,,1955
119,수원,2021-07-25 06:00,27.3,,,2000
119,수원,2021-07-25 07:00,28.3,,,2000
119,수원,2021-07-25 08:00,29.4,,,1821
119,수원,2021-07-25 09:00,30.5,,,1737
119,수원,2021-07-25 10:00,31.7,,,1996
119,수원,2021-07-25 11:00,32.2,,,1976
119,수원,2021-07-25 12:00,33.2,,,1973
119,수원,2021-07-25 13:00,33.5,,,2000
119,수원,2021-07-25 14:00,34.3,,,2000
119,수원,2021-07-25 15:00,34.4,,,2000
119,수원,2021-07-25 16:00,35.1,,,2089
119,수원,2021-07-25 17:00,34.8,,,2000
119,수원,2021-07-25 18:00,33.8,,,2000
119,수원,2021-07-25 19:00,32.9,,,2000
119,수원,2021-07-25 20:00,32,,,2000
119,수원,2021-07-25 21:00,31,,,2000
119,수원,2021-07-25 22:00,30.7,,,2000
119,수원,2021-07-25 23:00,29.9,,,2000
119,수원,2021-07-26 00:00,29.5,,,1960
119,수원,2021-07-26 01:00,28.7,,,2000
119,수원,2021-07-26 02:00,28.3,,,2000
119,수원,2021-07-26 03:00,27.8,,,2000
119,수원,2021-07-26 04:00,27.4,,,2000
119,수원,2021-07-26 05:00,27.2,,,1996
119,수원,2021-07-26 06:00,27,,,2000
119,수원,2021-07-26 07:00,27.9,,,1995
119,수원,2021-07-26 08:00,28.8,,,1972
119,수원,2021-07-26 09:00,30.2,,,2000
119,수원,2021-07-26 10:00,30.9,,,1993
119,수원,2021-07-26 11:00,31.7,,,1993
119,수원,2021-07-26 12:00,32.4,,,1992
119,수원,2021-07-26 13:00,33.5,,,1993
119,수원,2021-07-26 14:00,34.1,,,2000
119,수원,2021-07-26 15:00,34.4,,,2000
119,수원,2021-07-26 16:00,34.7,,,2000
119,수원,2021-07-26 17:00,34.7,,,2000
119,수원,2021-07-26 18:00,34.2,,,2000
119,수원,2021-07-26 19:00,33.5,,,2000
119,수원,2021-07-26 20:00,30.1,,,2042
119,수원,2021-07-26 21:00,29.2,,,2000
119,수원,2021-07-26 22:00,28.3,,,2000
119,수원,2021-07-26 23:00,28.1,,,2000
119,수원,2021-07-27 00:00,27.4,,,2000
119,수원,2021-07-27 01:00,26.9,,,2000
119,수원,2021-07-27 02:00,26.4,,,2000
119,수원,2021-07-27 03:00,26.4,,,2000
119,수원,2021-07-27 04:00,27.5,,,2000
119,수원,2021-07-27 05:00,27.4,,,2000
119,수원,2021-07-27 06:00,27.1,,,2000
119,수원,2021-07-27 07:00,28.9,,,1981
119,수원,2021-07-27 08:00,29.8,,,1811
119,수원,2021-07-27 09:00,31.2,,,2000
119,수원,2021-07-27 10:00,31.6,,,2000
119,수원,2021-07-27 11:00,32.8,,,1994
119,수원,2021-07-27 12:00,33.8,,,1964
119,수원,2021-07-27 13:00,34.5,,,2082
119,수원,2021-07-27 14:00,34.4,,,1930
119,수원,2021-07-27 15:00,34.2,,,1994
119,수원,2021-07-27 16:00,34.4,,,2000
119,수원,2021-07-27 17:00,33.3,,,1986
119,수원,2021-07-27 18:00,32.5,,,1988
119,수원,2021-07-27 19:00,30.6,,,1894
119,수원,2021-07-27 20:00,28.7,,,2000
119,수원,2021-07-27 21:00,27.6,,,2000
119,수원,2021-07-27 22:00,27.9,,,1998
119,수원,2021-07-27 23:00,27.8,,,1997
119,수원,2021-07-28 00:00,29.2,,,2000
119,수원,2021-07-28 01:00,28.8,,,1996
119,수원,2021-07-28 02:00,28.5,,,1977
119,수원,2021-07-28 03:00,27.8,,,2000
119,수원,2021-07-28 04:00,27.5,,,1973
119,수원,2021-07-28 05:00,27.3,,,2026
119,수원,2021-07-28 06:00,27.2,,,1999
119,수원,2021-07-28 07:00,28,,,1966
119,수원,2021-07-28 08:00,29.3,,,2033
119,수원,2021-07-28 09:00,30.5,,,1996
119,수원,2021-07-28 10:00,31,,,1980
119,수원,2021-07-28 11:00,32.7,,,1965
119,수원,2021-07-28 12:00,33.4,,,1919
119,수원,2021-07-28 13:00,33.3,,,1897
119,수원,2021-07-28 14:00,33.7,,,1917
119,수원,2021-07-28 15:00,33,,,2072
119,수원,2021-07-28 16:00,32.9,0,,1913
119,수원,2021-07-28 17:00,27.5,7.5,,859
119,수원,2021-07-28 18:00,28.5,0,,616
119,수원,2021-07-28 19:00,29.3,,,733
119,수원,2021-07-28 20:00,28.6,,,1336
119,수원,2021-07-28 21:00,28,,,1461
119,수원,2021-07-28 22:00,26.9,,,889
119,수원,2021-07-28 23:00,26.3,,,604
119,수원,2021-07-29 00:00,26.1,,,692
119,수원,2021-07-29 01:00,25.6,,,713
119,수원,2021-07-29 02:00,26.7,,,1867
119,수원,2021-07-29 03:00,25.7,,,953
119,수원,2021-07-29 04:00,25.6,,,673
119,수원,2021-07-29 05:00,25.2,,,624
119,수원,2021-07-29 06:00,25.6,,,525
119,수원,2021-07-29 07:00,27.2,,,557
119,수원,2021-07-29 08:00,27.5,,,654
119,수원,2021-07-29 09:00,28.3,,,607
119,수원,2021-07-29 10:00,29.7,,,725
119,수원,2021-07-29 11:00,31,,,586
119,수원,2021-07-29 12:00,31.9,,,672
119,수원,2021-07-29 13:00,33.1,,,788
119,수원,2021-07-29 14:00,32.9,,,859
119,수원,2021-07-29 15:00,32.2,,,1494
119,수원,2021-07-29 16:00,32.1,,,1761
119,수원,2021-07-29 17:00,31.5,,,2006
119,수원,2021-07-29 18:00,30.6,,,2000
119,수원,2021-07-29 19:00,29.8,,,2000
119,수원,2021-07-29 20:00,28.7,,,1961
119,수원,2021-07-29 21:00,27.1,,,1875
119,수원,2021-07-29 22:00,26.4,,,1972
119,수원,2021-07-29 23:00,26.1,,,1960
119,수원,2021-07-30 00:00,25.8,,,1653
119,수원,2021-07-30 01:00,25.2,,,983
119,수원,2021-07-30 02:00,25.3,,,1131
119,수원,2021-07-30 03:00,25.2,,,1251
119,수원,2021-07-30 04:00,24.7,,,1146
119,수원,2021-07-30 05:00,24.6,,,1227
119,수원,2021-07-30 06:00,25.3,,,1860
119,수원,2021-07-30 07:00,26.4,,,1566
119,수원,2021-07-30 08:00,28.2,,,1482
119,수원,2021-07-30 09:00,29.9,,,1941
119,수원,2021-07-30 10:00,31.1,,,1912
119,수원,2021-07-30 11:00,31.7,,,1983
119,수원,2021-07-30 12:00,32.4,,,1990
119,수원,2021-07-30 13:00,33.7,,,1938
119,수원,2021-07-30 14:00,34.1,,,2000
119,수원,2021-07-30 15:00,34.8,,,1998
119,수원,2021-07-30 16:00,34.2,,,1959
119,수원,2021-07-30 17:00,33,,,2000
119,수원,2021-07-30 18:00,32,,,2000
119,수원,2021-07-30 19:00,30.9,,,2000
119,수원,2021-07-30 20:00,30.4,,,1993
119,수원,2021-07-30 21:00,29.7,,,2000
119,수원,2021-07-30 22:00,29.3,,,2000
119,수원,2021-07-30 23:00,28.8,,,2000
119,수원,2021-07-31 00:00,28.5,,,2000
119,수원,2021-07-31 01:00,26.7,1,,542
119,수원,2021-07-31 02:00,26.5,2.1,,1600
119,수원,2021-07-31 03:00,26.7,.1,,1614
119,수원,2021-07-31 04:00,26.8,,,1409
119,수원,2021-07-31 05:00,26.9,,,1645
119,수원,2021-07-31 06:00,26.8,,,1542
119,수원,2021-07-31 07:00,27.8,,,1700
119,수원,2021-07-31 08:00,28.1,,,1737
119,수원,2021-07-31 09:00,28.7,,,1927
119,수원,2021-07-31 10:00,30,,,1887
119,수원,2021-07-31 11:00,30.6,,,1775
119,수원,2021-07-31 12:00,31,,,1820
119,수원,2021-07-31 13:00,31.6,,,1904
119,수원,2021-07-31 14:00,32.7,,,1948
119,수원,2021-07-31 15:00,33.4,,,1886
119,수원,2021-07-31 16:00,33.4,,,1784
119,수원,2021-07-31 17:00,32.2,,,1975
119,수원,2021-07-31 18:00,31.2,,,1993
119,수원,2021-07-31 19:00,29.1,,,2000
119,수원,2021-07-31 20:00,28.2,,,2000
119,수원,2021-07-31 21:00,27.6,,,1976
119,수원,2021-07-31 22:00,27,,,1982
119,수원,2021-07-31 23:00,26.8,,,1333
