지점,지점명,일시,기온(°C),강수량(mm),적설(cm),시정(10m)
119,수원,2020-01-01 00:00,-6,,,2000
119,수원,2020-01-01 01:00,-6.3,,,1919
119,수원,2020-01-01 02:00,-6.2,,,1955
119,수원,2020-01-01 03:00,-5.8,0,,2000
119,수원,2020-01-01 04:00,-5.4,,,2000
119,수원,2020-01-01 05:00,-5.1,,,1880
119,수원,2020-01-01 06:00,-4.9,0,,2000
119,수원,2020-01-01 07:00,-4.7,,,2000
119,수원,2020-01-01 08:00,-4.5,,,2000
119,수원,2020-01-01 09:00,-3.9,,,2129
119,수원,2020-01-01 10:00,-3.5,,,1890
119,수원,2020-01-01 11:00,-3,,,1713
119,수원,2020-01-01 12:00,-2.5,,,1979
119,수원,2020-01-01 13:00,-1.5,,,1724
119,수원,2020-01-01 14:00,-.5,,,1385
119,수원,2020-01-01 15:00,0,,,1491
119,수원,2020-01-01 16:00,.2,,,1651
119,수원,2020-01-01 17:00,.1,,,1130
119,수원,2020-01-01 18:00,0,,,1121
119,수원,2020-01-01 19:00,-.1,,,730
119,수원,2020-01-01 20:00,-.3,,,933
119,수원,2020-01-01 21:00,0,,,1422
119,수원,2020-01-01 22:00,-.1,,,977
119,수원,2020-01-01 23:00,0,,,940
119,수원,2020-01-02 00:00,-.2,,,1127
119,수원,2020-01-02 01:00,-.2,,,1447
119,수원,2020-01-02 02:00,0,,,1335
119,수원,2020-01-02 03:00,0,,,1021
119,수원,2020-01-02 04:00,-.3,,,961
119,수원,2020-01-02 05:00,-.3,,,880
119,수원,2020-01-02 06:00,.1,,,962
119,수원,2020-01-02 07:00,.3,,,918
119,수원,2020-01-02 08:00,.1,,,877
119,수원,2020-01-02 09:00,.8,,,820
119,수원,2020-01-02 10:00,1.6,,,838
119,수원,2020-01-02 11:00,2.1,,,836
119,수원,2020-01-02 12:00,2.4,,,776
119,수원,2020-01-02 13:00,2.4,,,667
119,수원,2020-01-02 14:00,2.6,,,659
119,수원,2020-01-02 15:00,3,,,622
119,수원,2020-01-02 16:00,3.2,,,605
119,수원,2020-01-02 17:00,2.8,,,588
119,수원,2020-01-02 18:00,2.2,,,554
119,수원,2020-01-02 19:00,1,,,736
119,수원,2020-01-02 20:00,.8,,,664
119,수원,2020-01-02 21:00,.8,,,588
119,수원,2020-01-02 22:00,1.5,,,788
119,수원,2020-01-02 23:00,.8,,,628
119,수원,2020-01-03 00:00,1.1,,,862
119,수원,2020-01-03 01:00,.5,,,574
119,수원,2020-01-03 02:00,-.4,,,522
119,수원,2020-01-03 03:00,-1,,,492
119,수원,2020-01-03 04:00,-1.6,,,793
119,수원,2020-01-03 05:00,-2.3,,,799
119,수원,2020-01-03 06:00,-3.5,,,597
119,수원,2020-01-03 07:00,-3,,,802
119,수원,2020-01-03 08:00,-3.9,,,424
119,수원,2020-01-03 09:00,-2.5,,,566
119,수원,2020-01-03 10:00,.1,,,814
119,수원,2020-01-03 11:00,1.5,,,640
119,수원,2020-01-03 12:00,3.2,,,771
119,수원,2020-01-03 13:00,3.4,,,795
119,수원,2020-01-03 14:00,4.5,,,959
119,수원,2020-01-03 15:00,5.2,,,1410
119,수원,2020-01-03 16:00,4.4,,,1114
119,수원,2020-01-03 17:00,3.1,,,1241
119,수원,2020-01-03 18:00,1.5,,,1387
119,수원,2020-01-03 19:00,.8,,,1153
119,수원,2020-01-03 20:00,0,,,1239
119,수원,2020-01-03 21:00,-.7,,,775
119,수원,2020-01-03 22:00,-2.1,,,736
119,수원,2020-01-03 23:00,-2.1,,,711
119,수원,2020-01-04 00:00,-3.2,,,584
119,수원,2020-01-04 01:00,-3,,,597
119,수원,2020-01-04 02:00,-3.2,,,537
119,수원,2020-01-04 03:00,-2.9,,,622
119,수원,2020-01-04 04:00,-3.9,,,716
119,수원,2020-01-04 05:00,-4.3,,,896
119,수원,2020-01-04 06:00,-2.8,,,762
119,수원,2020-01-04 07:00,-1.7,,,763
119,수원,2020-01-04 08:00,-1.1,,,825
119,수원,2020-01-04 09:00,-.7,,,648
119,수원,2020-01-04 10:00,.8,,,748
119,수원,2020-01-04 11:00,2.8,,,938
119,수원,2020-01-04 12:00,4.8,,,1769
119,수원,2020-01-04 13:00,6.2,,,985
119,수원,2020-01-04 14:00,6.9,,,1095
119,수원,2020-01-04 15:00,7.4,,,1743
119,수원,2020-01-04 16:00,6.9,,,1219
119,수원,2020-01-04 17:00,5.3,,,1120
119,수원,2020-01-04 18:00,3.1,,,1399
119,수원,2020-01-04 19:00,2.3,,,1118
119,수원,2020-01-04 20:00,1,,,1131
119,수원,2020-01-04 21:00,1.7,,,1390
119,수원,2020-01-04 22:00,1.4,,,1825
119,수원,2020-01-04 23:00,1,,,1973
119,수원,2020-01-05 00:00,-.3,,,1707
119,수원,2020-01-05 01:00,-1.6,,,1536
119,수원,2020-01-05 02:00,-2.6,,,1376
119,수원,2020-01-05 03:00,-4.2,,,1121
119,수원,2020-01-05 04:00,-3.6,,,1168
119,수원,2020-01-05 05:00,-4.9,,,925
119,수원,2020-01-05 06:00,-4.7,,,934
119,수원,2020-01-05 07:00,-4.4,,,851
119,수원,2020-01-05 08:00,-5.5,,,783
119,수원,2020-01-05 09:00,-3.1,,,850
119,수원,2020-01-05 10:00,.5,,,784
119,수원,2020-01-05 11:00,2,,,844
119,수원,2020-01-05 12:00,4,,,1489
119,수원,2020-01-05 13:00,5.2,,,1489
119,수원,2020-01-05 14:00,5.7,,,1631
119,수원,2020-01-05 15:00,5.9,,,1685
119,수원,2020-01-05 16:00,6.2,,,1762
119,수원,2020-01-05 17:00,5.6,,,1670
119,수원,2020-01-05 18:00,3.3,,,1061
119,수원,2020-01-05 19:00,2.8,,,971
119,수원,2020-01-05 20:00,2.1,,,1209
119,수원,2020-01-05 21:00,.7,,,1029
119,수원,2020-01-05 22:00,-1,,,820
119,수원,2020-01-05 23:00,-1.3,,,756
119,수원,2020-01-06 00:00,-1.5,,,689
119,수원,2020-01-06 01:00,-.3,,,933
119,수원,2020-01-06 02:00,-.6,,,1050
119,수원,2020-01-06 03:00,1.8,,,1526
119,수원,2020-01-06 04:00,2.1,,,1445
119,수원,2020-01-06 05:00,2,,,1266
119,수원,2020-01-06 06:00,2,,,1149
119,수원,2020-01-06 07:00,2.3,,,1154
119,수원,2020-01-06 08:00,3.1,,,1161
119,수원,2020-01-06 09:00,3.3,0,,1042
119,수원,2020-01-06 10:00,4.1,,,1654
119,수원,2020-01-06 11:00,4.7,,,2048
119,수원,2020-01-06 12:00,4.3,.1,,1126
119,수원,2020-01-06 13:00,4.5,,,1635
119,수원,2020-01-06 14:00,4.1,,,1097
119,수원,2020-01-06 15:00,3.9,.4,,1050
119,수원,2020-01-06 16:00,3.9,,,1120
119,수원,2020-01-06 17:00,3.6,,,1010
119,수원,2020-01-06 18:00,3.8,.3,,1006
119,수원,2020-01-06 19:00,3.7,,,727
119,수원,2020-01-06 20:00,3.8,,,524
119,수원,2020-01-06 21:00,4.2,1,,516
119,수원,2020-01-06 22:00,4.3,,,403
119,수원,2020-01-06 23:00,4.6,,,488
119,수원,2020-01-07 00:00,4.9,2.1,,556
119,수원,2020-01-07 01:00,5.2,,,743
119,수원,2020-01-07 02:00,5.4,,,750
119,수원,2020-01-07 03:00,5.7,5.5,,738
119,수원,2020-01-07 04:00,5.7,,,825
119,수원,2020-01-07 05:00,5.8,,,728
119,수원,2020-01-07 06:00,6,9.3,,950
119,수원,2020-01-07 07:00,6.2,,,668
119,수원,2020-01-07 08:00,6.2,,,743
119,수원,2020-01-07 09:00,6.5,7.1,,742
119,수원,2020-01-07 10:00,6.7,,,794
119,수원,2020-01-07 11:00,7,,,967
119,수원,2020-01-07 12:00,7.3,3.8,,389
119,수원,2020-01-07 13:00,7.5,,,741
119,수원,2020-01-07 14:00,7.6,,,1124
119,수원,2020-01-07 15:00,7.7,3.4,,928
119,수원,2020-01-07 16:00,7.8,,,612
119,수원,2020-01-07 17:00,8,,,953
119,수원,2020-01-07 18:00,8.4,6.7,,934
119,수원,2020-01-07 19:00,8.6,,,901
119,수원,2020-01-07 20:00,8.6,,,380
119,수원,2020-01-07 21:00,8.5,12.5,,383
119,수원,2020-01-07 22:00,9.1,,,1576
119,수원,2020-01-07 23:00,12.1,,,1283
119,수원,2020-01-08 00:00,11.7,2.5,,1150
119,수원,2020-01-08 01:00,7.4,,,1609
119,수원,2020-01-08 02:00,5.4,,,502
119,수원,2020-01-08 03:00,4.5,1,,1145
119,수원,2020-01-08 04:00,3.9,,,915
119,수원,2020-01-08 05:00,2.9,,,839
119,수원,2020-01-08 06:00,2.8,3.3,,640
119,수원,2020-01-08 07:00,2.8,,,1602
119,수원,2020-01-08 08:00,3.1,,,923
119,수원,2020-01-08 09:00,3.3,.1,,1214
119,수원,2020-01-08 10:00,3.6,,,1682
119,수원,2020-01-08 11:00,3.7,,,1254
119,수원,2020-01-08 12:00,3.4,,,991
119,수원,2020-01-08 13:00,4.1,,,1831
119,수원,2020-01-08 14:00,4,,,523
119,수원,2020-01-08 15:00,4.2,,,592
119,수원,2020-01-08 16:00,3.8,,,580
119,수원,2020-01-08 17:00,3.3,,,550
119,수원,2020-01-08 18:00,3.2,,,729
119,수원,2020-01-08 19:00,2.7,,,458
119,수원,2020-01-08 20:00,2.6,,,890
119,수원,2020-01-08 21:00,1.7,0,,1574
119,수원,2020-01-08 22:00,1,,,808
119,수원,2020-01-08 23:00,.5,,,1509
119,수원,2020-01-09 00:00,.2,,,1170
119,수원,2020-01-09 01:00,.2,,,1162
119,수원,2020-01-09 02:00,0,,,837
119,수원,2020-01-09 03:00,-.1,,,904
119,수원,2020-01-09 04:00,0,,,1368
119,수원,2020-01-09 05:00,-.6,,,657
119,수원,2020-01-09 06:00,-.6,,,742
119,수원,2020-01-09 07:00,-.6,,,835
119,수원,2020-01-09 08:00,-1,,,713
119,수원,2020-01-09 09:00,-.7,,,636
119,수원,2020-01-09 10:00,-.2,,,642
119,수원,2020-01-09 11:00,0,,,674
119,수원,2020-01-09 12:00,.7,,,777
119,수원,2020-01-09 13:00,1.8,,,949
119,수원,2020-01-09 14:00,2.5,,,1063
119,수원,2020-01-09 15:00,2.7,,,1151
119,수원,2020-01-09 16:00,2.2,,,1000
119,수원,2020-01-09 17:00,1,,,966
119,수원,2020-01-09 18:00,0,,,872
119,수원,2020-01-09 19:00,-.4,,,847
119,수원,2020-01-09 20:00,-1.3,,,729
119,수원,2020-01-09 21:00,-1.6,,,717
119,수원,2020-01-09 22:00,-2.2,,,616
119,수원,2020-01-09 23:00,-2.6,,,650
119,수원,2020-01-10 00:00,-3,,,660
119,수원,2020-01-10 01:00,-3.3,,,667
119,수원,2020-01-10 02:00,-3.6,,,560
119,수원,2020-01-10 03:00,-4.4,,,515
119,수원,2020-01-10 04:00,-4.4,,,956
119,수원,2020-01-10 05:00,-4.5,,,773
119,수원,2020-01-10 06:00,-4.1,,,752
119,수원,2020-01-10 07:00,-4,,,601
119,수원,2020-01-10 08:00,-3.6,,,699
119,수원,2020-01-10 09:00,-2.4,,,683
119,수원,2020-01-10 10:00,-.7,,,796
119,수원,2020-01-10 11:00,.7,,,647
119,수원,2020-01-10 12:00,2,,,592
119,수원,2020-01-10 13:00,2.9,,,627
119,수원,2020-01-10 14:00,3.4,,,731
119,수원,2020-01-10 15:00,4.1,,,552
119,수원,2020-01-10 16:00,4.2,,,707
119,수원,2020-01-10 17:00,3.3,,,535
119,수원,2020-01-10 18:00,1.5,,,964
119,수원,2020-01-10 19:00,.4,,,766
119,수원,2020-01-10 20:00,-.1,,,746
119,수원,2020-01-10 21:00,-.5,,,653
119,수원,2020-01-10 22:00,-1.1,,,577
119,수원,2020-01-10 23:00,-1.6,,,555
119,수원,2020-01-11 00:00,-1.9,,,557
119,수원,2020-01-11 01:00,-2.5,,,686
119,수원,2020-01-11 02:00,-3,,,673
119,수원,2020-01-11 03:00,-2.8,,,753
119,수원,2020-01-11 04:00,-3.1,,,998
119,수원,2020-01-11 05:00,-3.4,,,674
119,수원,2020-01-11 06:00,-3,,,800
119,수원,2020-01-11 07:00,-3.1,,,665
119,수원,2020-01-11 08:00,-3.4,,,709
119,수원,2020-01-11 09:00,-2.4,,,604
119,수원,2020-01-11 10:00,.3,,,753
119,수원,2020-01-11 11:00,2,,,643
119,수원,2020-01-11 12:00,3.2,,,904
119,수원,2020-01-11 13:00,3.7,,,932
119,수원,2020-01-11 14:00,4.1,,,889
119,수원,2020-01-11 15:00,3.9,,,1300
119,수원,2020-01-11 16:00,3.4,,,1719
119,수원,2020-01-11 17:00,1.8,,,1208
119,수원,2020-01-11 18:00,.5,,,766
119,수원,2020-01-11 19:00,-.1,,,758
119,수원,2020-01-11 20:00,0,,,702
119,수원,2020-01-11 21:00,.1,,,892
119,수원,2020-01-11 22:00,-.4,,,833
119,수원,2020-01-11 23:00,-.3,,,930
119,수원,2020-01-12 00:00,-.9,,,716
119,수원,2020-01-12 01:00,-.8,,,797
119,수원,2020-01-12 02:00,-1.2,,,884
119,수원,2020-01-12 03:00,-1.7,,,785
119,수원,2020-01-12 04:00,-1.8,,,752
119,수원,2020-01-12 05:00,-2.2,,,738
119,수원,2020-01-12 06:00,-2.3,,,664
119,수원,2020-01-12 07:00,-3.2,,,585
119,수원,2020-01-12 08:00,-3.8,,,497
119,수원,2020-01-12 09:00,-1.7,,,770
119,수원,2020-01-12 10:00,-1.1,,,984
119,수원,2020-01-12 11:00,0,,,1638
119,수원,2020-01-12 12:00,1.3,,,1495
119,수원,2020-01-12 13:00,1.3,,,1859
119,수원,2020-01-12 14:00,1.9,,,1952
119,수원,2020-01-12 15:00,2.1,,,1915
119,수원,2020-01-12 16:00,1.3,,,2000
119,수원,2020-01-12 17:00,.8,,,2000
119,수원,2020-01-12 18:00,.4,,,1863
119,수원,2020-01-12 19:00,-.3,,,1884
119,수원,2020-01-12 20:00,-.9,,,1619
119,수원,2020-01-12 21:00,-.8,,,2000
119,수원,2020-01-12 22:00,-.4,,,2000
119,수원,2020-01-12 23:00,-.9,,,2000
119,수원,2020-01-13 00:00,-1.2,,,2000
119,수원,2020-01-13 01:00,-2,,,1943
119,수원,2020-01-13 02:00,-2.6,,,1787
119,수원,2020-01-13 03:00,-2.3,,,1817
119,수원,2020-01-13 04:00,-2.8,,,1988
119,수원,2020-01-13 05:00,-2.9,,,1693
119,수원,2020-01-13 06:00,-2.6,,,1849
119,수원,2020-01-13 07:00,-3,,,1990
119,수원,2020-01-13 08:00,-2.5,,,1465
119,수원,2020-01-13 09:00,-1.7,,,1281
119,수원,2020-01-13 10:00,-1.6,,,1866
119,수원,2020-01-13 11:00,-.3,,,1995
119,수원,2020-01-13 12:00,-.4,,,1998
119,수원,2020-01-13 13:00,-.1,,,1988
119,수원,2020-01-13 14:00,.3,,,1989
119,수원,2020-01-13 15:00,.4,,,2000
119,수원,2020-01-13 16:00,0,,,2000
119,수원,2020-01-13 17:00,-.5,,,2000
119,수원,2020-01-13 18:00,-1.8,,,2000
119,수원,2020-01-13 19:00,-2,,,1950
119,수원,2020-01-13 20:00,-2.9,,,2000
119,수원,2020-01-13 21:00,-3.3,,,2000
119,수원,2020-01-13 22:00,-3.5,,,2000
119,수원,2020-01-13 23:00,-4.3,,,1997
119,수원,2020-01-14 00:00,-4.6,,,1950
119,수원,2020-01-14 01:00,-5.2,,,1902
119,수원,2020-01-14 02:00,-5.2,,,1761
119,수원,2020-01-14 03:00,-5.4,,,1986
119,수원,2020-01-14 04:00,-5.2,,,1974
119,수원,2020-01-14 05:00,-5.6,,,1747
119,수원,2020-01-14 06:00,-5.6,,,1738
119,수원,2020-01-14 07:00,-5.6,,,1361
119,수원,2020-01-14 08:00,-4.4,,,1312
119,수원,2020-01-14 09:00,-2.8,,,1933
119,수원,2020-01-14 10:00,-1.2,,,1777
119,수원,2020-01-14 11:00,-.3,,,1884
119,수원,2020-01-14 12:00,.8,,,1933
119,수원,2020-01-14 13:00,1.8,,,1910
119,수원,2020-01-14 14:00,2.6,,,1795
119,수원,2020-01-14 15:00,2.8,,,1747
119,수원,2020-01-14 16:00,2.3,,,1559
119,수원,2020-01-14 17:00,1.1,,,1792
119,수원,2020-01-14 18:00,-.2,,,1949
119,수원,2020-01-14 19:00,-1.4,,,2000
119,수원,2020-01-14 20:00,-2,,,2000
119,수원,2020-01-14 21:00,-2.1,,,1955
119,수원,2020-01-14 22:00,-2.5,,,2000
119,수원,2020-01-14 23:00,-3.3,,,2000
119,수원,2020-01-15 00:00,-3.4,,,1941
119,수원,2020-01-15 01:00,-4.2,,,1957
119,수원,2020-01-15 02:00,-4.8,,,1812
119,수원,2020-01-15 03:00,-5.4,,,1879
119,수원,2020-01-15 04:00,-5.7,,,1865
119,수원,2020-01-15 05:00,-6.9,,,1920
119,수원,2020-01-15 06:00,-6.7,,,1403
119,수원,2020-01-15 07:00,-6.6,,,1460
119,수원,2020-01-15 08:00,-6.5,,,1043
119,수원,2020-01-15 09:00,-4.3,,,1068
119,수원,2020-01-15 10:00,-2.2,,,1715
119,수원,2020-01-15 11:00,-1.4,,,1766
119,수원,2020-01-15 12:00,,,,1996
119,수원,2020-01-15 13:00,.9,,,1974
119,수원,2020-01-15 14:00,1.6,,,1924
119,수원,2020-01-15 15:00,2,,,2000
119,수원,2020-01-15 16:00,1.9,,,1975
119,수원,2020-01-15 17:00,1.1,,,1760
119,수원,2020-01-15 18:00,-.4,,,1921
119,수원,2020-01-15 19:00,-1.2,,,1870
119,수원,2020-01-15 20:00,-2.2,,,1593
119,수원,2020-01-15 21:00,-2.3,,,1611
119,수원,2020-01-15 22:00,-2.4,,,1937
119,수원,2020-01-15 23:00,-3.5,,,1336
119,수원,2020-01-16 00:00,-4,,,1205
119,수원,2020-01-16 01:00,-3.9,,,1260
119,수원,2020-01-16 02:00,-5.8,,,1012
119,수원,2020-01-16 03:00,-5.8,,,883
119,수원,2020-01-16 04:00,-6.7,,,823
119,수원,2020-01-16 05:00,-6.3,,,989
119,수원,2020-01-16 06:00,-6.2,,,1053
119,수원,2020-01-16 07:00,-5.8,,,1032
119,수원,2020-01-16 08:00,-5,,,1064
119,수원,2020-01-16 09:00,-4.3,,,959
119,수원,2020-01-16 10:00,-2,,,1686
119,수원,2020-01-16 11:00,0,,,1668
119,수원,2020-01-16 12:00,.7,,,1675
119,수원,2020-01-16 13:00,2.1,,,2000
119,수원,2020-01-16 14:00,3.3,,,1986
119,수원,2020-01-16 15:00,4,,,2000
119,수원,2020-01-16 16:00,3.1,,,1891
119,수원,2020-01-16 17:00,.8,,,1991
119,수원,2020-01-16 18:00,-.2,,,2000
119,수원,2020-01-16 19:00,-.8,,,1831
119,수원,2020-01-16 20:00,-.5,,,1615
119,수원,2020-01-16 21:00,-1.3,,,1631
119,수원,2020-01-16 22:00,-1.9,,,1730
119,수원,2020-01-16 23:00,-2,,,1617
119,수원,2020-01-17 00:00,-2.8,,,1427
119,수원,2020-01-17 01:00,-2.8,,,1756
119,수원,2020-01-17 02:00,-3.8,,,1302
119,수원,2020-01-17 03:00,-4.1,,,1422
119,수원,2020-01-17 04:00,-4.5,,,1290
119,수원,2020-01-17 05:00,-5.3,,,1092
119,수원,2020-01-17 06:00,-5.4,,,1148
119,수원,2020-01-17 07:00,-5.3,,,915
119,수원,2020-01-17 08:00,-4.8,,,835
119,수원,2020-01-17 09:00,-3.5,,,795
119,수원,2020-01-17 10:00,-1.5,,,1233
119,수원,2020-01-17 11:00,.1,,,1601
119,수원,2020-01-17 12:00,1.9,,,1690
119,수원,2020-01-17 13:00,2.9,,,1860
119,수원,2020-01-17 14:00,3.8,,,1833
119,수원,2020-01-17 15:00,4.4,,,1942
119,수원,2020-01-17 16:00,3.8,,,1080
119,수원,2020-01-17 17:00,2.1,,,1141
119,수원,2020-01-17 18:00,.9,,,1212
119,수원,2020-01-17 19:00,-.4,,,1446
119,수원,2020-01-17 20:00,-.6,,,1208
119,수원,2020-01-17 21:00,-1.2,,,1054
119,수원,2020-01-17 22:00,-1.3,,,983
119,수원,2020-01-17 23:00,-1.5,,,1368
119,수원,2020-01-18 00:00,-2.2,,,1095
119,수원,2020-01-18 01:00,-2.5,,,1124
119,수원,2020-01-18 02:00,-3.4,,,947
119,수원,2020-01-18 03:00,-3.9,,,783
119,수원,2020-01-18 04:00,-4.2,,,855
119,수원,2020-01-18 05:00,-4.6,,,649
119,수원,2020-01-18 06:00,-4.7,,,1975
119,수원,2020-01-18 07:00,-4.7,,,1254
119,수원,2020-01-18 08:00,-5,,,850
119,수원,2020-01-18 09:00,-2.5,,,585
119,수원,2020-01-18 10:00,-.4,,,641
119,수원,2020-01-18 11:00,1,,,669
119,수원,2020-01-18 12:00,2.6,,,715
119,수원,2020-01-18 13:00,3.9,,,945
119,수원,2020-01-18 14:00,5.1,,,1238
119,수원,2020-01-18 15:00,5.4,,,1705
119,수원,2020-01-18 16:00,5.1,,,1988
119,수원,2020-01-18 17:00,3.9,,,2000
119,수원,2020-01-18 18:00,2.1,,,2000
119,수원,2020-01-18 19:00,.7,,,2000
119,수원,2020-01-18 20:00,-.7,,,2000
119,수원,2020-01-18 21:00,-.9,,,1861
119,수원,2020-01-18 22:00,-2.1,,,1916
119,수원,2020-01-18 23:00,-1.8,,,1775
119,수원,2020-01-19 00:00,-2,,,1525
119,수원,2020-01-19 01:00,-1.3,,,1751
119,수원,2020-01-19 02:00,-1.5,,,1477
119,수원,2020-01-19 03:00,-1.7,,,1611
119,수원,2020-01-19 04:00,-1.5,,,1109
119,수원,2020-01-19 05:00,-1.3,,,1192
119,수원,2020-01-19 06:00,-.8,,,1123
119,수원,2020-01-19 07:00,-1.2,,,953
119,수원,2020-01-19 08:00,-1.2,,,836
119,수원,2020-01-19 09:00,-.1,0,,756
119,수원,2020-01-19 10:00,.3,,,576
119,수원,2020-01-19 11:00,3,,,1238
119,수원,2020-01-19 12:00,5.2,.2,,1832
119,수원,2020-01-19 13:00,5.8,,,479
119,수원,2020-01-19 14:00,3.7,,,494
119,수원,2020-01-19 15:00,5.2,.2,,706
119,수원,2020-01-19 16:00,5.3,,,1555
119,수원,2020-01-19 17:00,4.6,,,765
119,수원,2020-01-19 18:00,3.6,,,774
119,수원,2020-01-19 19:00,2.6,,,768
119,수원,2020-01-19 20:00,1.6,,,812
119,수원,2020-01-19 21:00,1.5,,,1539
119,수원,2020-01-19 22:00,.2,,,828
119,수원,2020-01-19 23:00,.7,,,900
119,수원,2020-01-20 00:00,1,,,518
119,수원,2020-01-20 01:00,.9,,,570
119,수원,2020-01-20 02:00,-.1,,,563
119,수원,2020-01-20 03:00,.4,,,637
119,수원,2020-01-20 04:00,.3,,,577
119,수원,2020-01-20 05:00,0,,,622
119,수원,2020-01-20 06:00,.3,0,,900
119,수원,2020-01-20 07:00,-.3,,,685
119,수원,2020-01-20 08:00,-1.1,,,579
119,수원,2020-01-20 09:00,-.1,0,,582
119,수원,2020-01-20 10:00,2.3,,,1496
119,수원,2020-01-20 11:00,3.3,,,1942
119,수원,2020-01-20 12:00,4.4,,,2042
119,수원,2020-01-20 13:00,5,,,1906
119,수원,2020-01-20 14:00,5.3,,,1549
119,수원,2020-01-20 15:00,5,,,1501
119,수원,2020-01-20 16:00,4,,,1066
119,수원,2020-01-20 17:00,4.2,,,1390
119,수원,2020-01-20 18:00,3,0,,2000
119,수원,2020-01-20 19:00,1.8,,,2027
119,수원,2020-01-20 20:00,.9,,,2000
119,수원,2020-01-20 21:00,-.6,,,2000
119,수원,2020-01-20 22:00,-1.4,,,2000
119,수원,2020-01-20 23:00,-1.9,,,2000
119,수원,2020-01-21 00:00,-2.5,,,2000
119,수원,2020-01-21 01:00,-2.9,,,2000
119,수원,2020-01-21 02:00,-3.5,,,1977
119,수원,2020-01-21 03:00,-3.3,,,1977
119,수원,2020-01-21 04:00,-4.8,,,1722
119,수원,2020-01-21 05:00,-5.1,,,1849
119,수원,2020-01-21 06:00,-5.6,,,1765
119,수원,2020-01-21 07:00,-5.3,,,1470
119,수원,2020-01-21 08:00,-5.3,,,795
119,수원,2020-01-21 09:00,-2.4,,,1277
119,수원,2020-01-21 10:00,-1.1,,,1533
119,수원,2020-01-21 11:00,.4,,,1830
119,수원,2020-01-21 12:00,1.1,,,1847
119,수원,2020-01-21 13:00,2,,,1906
119,수원,2020-01-21 14:00,2.7,,,2000
119,수원,2020-01-21 15:00,4.3,,,1990
119,수원,2020-01-21 16:00,4.9,,,1948
119,수원,2020-01-21 17:00,4.6,,,1974
119,수원,2020-01-21 18:00,2.1,,,2000
119,수원,2020-01-21 19:00,.5,,,1705
119,수원,2020-01-21 20:00,.4,,,1371
119,수원,2020-01-21 21:00,-.5,,,1116
119,수원,2020-01-21 22:00,-1.1,,,1074
119,수원,2020-01-21 23:00,-1.1,,,1010
119,수원,2020-01-22 00:00,-1,,,1016
119,수원,2020-01-22 01:00,-.8,,,963
119,수원,2020-01-22 02:00,-.9,,,955
119,수원,2020-01-22 03:00,-.4,,,967
119,수원,2020-01-22 04:00,-.5,,,934
119,수원,2020-01-22 05:00,-.5,,,925
119,수원,2020-01-22 06:00,.2,,,1182
119,수원,2020-01-22 07:00,.5,,,1268
119,수원,2020-01-22 08:00,.9,,,1659
119,수원,2020-01-22 09:00,2.1,,,1956
119,수원,2020-01-22 10:00,2.7,,,1956
119,수원,2020-01-22 11:00,3.5,,,1938
119,수원,2020-01-22 12:00,3.8,0,,1855
119,수원,2020-01-22 13:00,3.2,,,1941
119,수원,2020-01-22 14:00,3.3,,,1998
119,수원,2020-01-22 15:00,4.3,0,,1875
119,수원,2020-01-22 16:00,4.8,,,1764
119,수원,2020-01-22 17:00,4.7,,,1962
119,수원,2020-01-22 18:00,3.8,,,1682
119,수원,2020-01-22 19:00,3.9,,,1459
119,수원,2020-01-22 20:00,3,,,1503
119,수원,2020-01-22 21:00,2.4,,,1198
119,수원,2020-01-22 22:00,2.5,,,1465
119,수원,2020-01-22 23:00,2.4,,,1669
119,수원,2020-01-23 00:00,.8,,,1069
119,수원,2020-01-23 01:00,.8,,,1299
119,수원,2020-01-23 02:00,.7,,,1356
119,수원,2020-01-23 03:00,.9,,,1687
119,수원,2020-01-23 04:00,1.4,,,1711
119,수원,2020-01-23 05:00,2.1,,,1761
119,수원,2020-01-23 06:00,-.4,,,1518
119,수원,2020-01-23 07:00,-.4,,,1425
119,수원,2020-01-23 08:00,-1.2,,,808
119,수원,2020-01-23 09:00,-.1,,,867
119,수원,2020-01-23 10:00,3.3,,,1263
119,수원,2020-01-23 11:00,6.3,,,1004
119,수원,2020-01-23 12:00,8.1,,,1290
119,수원,2020-01-23 13:00,9.8,,,1013
119,수원,2020-01-23 14:00,10.4,,,1000
119,수원,2020-01-23 15:00,10.5,,,896
119,수원,2020-01-23 16:00,9.8,,,951
119,수원,2020-01-23 17:00,8.1,,,857
119,수원,2020-01-23 18:00,6.1,,,770
119,수원,2020-01-23 19:00,4.3,,,606
119,수원,2020-01-23 20:00,4.3,,,611
119,수원,2020-01-23 21:00,4.4,,,759
119,수원,2020-01-23 22:00,4.5,,,827
119,수원,2020-01-23 23:00,3.8,,,754
119,수원,2020-01-24 00:00,3.6,,,709
119,수원,2020-01-24 01:00,2.6,,,678
119,수원,2020-01-24 02:00,1.4,,,601
119,수원,2020-01-24 03:00,.2,,,517
119,수원,2020-01-24 04:00,0,,,798
119,수원,2020-01-24 05:00,-.6,,,673
119,수원,2020-01-24 06:00,-.4,,,696
119,수원,2020-01-24 07:00,-1.6,,,562
119,수원,2020-01-24 08:00,-1.7,,,827
119,수원,2020-01-24 09:00,.2,,,778
119,수원,2020-01-24 10:00,2.5,,,688
119,수원,2020-01-24 11:00,3.9,,,507
119,수원,2020-01-24 12:00,5.7,,,625
119,수원,2020-01-24 13:00,6.4,,,584
119,수원,2020-01-24 14:00,7.5,,,683
119,수원,2020-01-24 15:00,8.6,,,617
119,수원,2020-01-24 16:00,7.8,,,719
119,수원,2020-01-24 17:00,6.1,,,574
119,수원,2020-01-24 18:00,3.6,,,664
119,수원,2020-01-24 19:00,3.1,,,521
119,수원,2020-01-24 20:00,2.3,,,599
119,수원,2020-01-24 21:00,1.7,,,900
119,수원,2020-01-24 22:00,1.1,,,500
119,수원,2020-01-24 23:00,-.2,,,679
119,수원,2020-01-25 00:00,-.1,,,593
119,수원,2020-01-25 01:00,-.5,,,526
119,수원,2020-01-25 02:00,-1.9,,,464
119,수원,2020-01-25 03:00,-1.7,,,558
119,수원,2020-01-25 04:00,-2.2,,,461
119,수원,2020-01-25 05:00,-1.5,,,488
119,수원,2020-01-25 06:00,-1.7,,,452
119,수원,2020-01-25 07:00,-1,,,635
119,수원,2020-01-25 08:00,-1.3,,,594
119,수원,2020-01-25 09:00,.2,,,670
119,수원,2020-01-25 10:00,3.6,,,779
119,수원,2020-01-25 11:00,7.4,,,1842
119,수원,2020-01-25 12:00,7.7,,,1756
119,수원,2020-01-25 13:00,8.1,,,1817
119,수원,2020-01-25 14:00,8.5,,,1749
119,수원,2020-01-25 15:00,8.5,,,1569
119,수원,2020-01-25 16:00,8.6,,,1765
119,수원,2020-01-25 17:00,7.3,,,824
119,수원,2020-01-25 18:00,5.8,,,950
119,수원,2020-01-25 19:00,4.6,,,805
119,수원,2020-01-25 20:00,3.6,,,704
119,수원,2020-01-25 21:00,2.8,,,602
119,수원,2020-01-25 22:00,2.4,,,728
119,수원,2020-01-25 23:00,1.7,,,600
119,수원,2020-01-26 00:00,1,,,551
119,수원,2020-01-26 01:00,-.1,,,511
119,수원,2020-01-26 02:00,-.4,,,1068
119,수원,2020-01-26 03:00,-.3,,,665
119,수원,2020-01-26 04:00,-1.2,,,501
119,수원,2020-01-26 05:00,-1.4,,,762
119,수원,2020-01-26 06:00,-1.3,,,661
119,수원,2020-01-26 07:00,-2.5,,,562
119,수원,2020-01-26 08:00,-1.7,,,801
119,수원,2020-01-26 09:00,-.7,,,575
119,수원,2020-01-26 10:00,3.2,,,879
119,수원,2020-01-26 11:00,6.9,,,1560
119,수원,2020-01-26 12:00,8.2,,,1435
119,수원,2020-01-26 13:00,10,,,1617
119,수원,2020-01-26 14:00,10.8,,,1979
119,수원,2020-01-26 15:00,11.5,,,1990
119,수원,2020-01-26 16:00,11.6,,,2000
119,수원,2020-01-26 17:00,11,,,1988
119,수원,2020-01-26 18:00,9.9,,,2000
119,수원,2020-01-26 19:00,10,,,2000
119,수원,2020-01-26 20:00,8.9,,,2000
119,수원,2020-01-26 21:00,8.3,,,2000
119,수원,2020-01-26 22:00,7.5,,,2000
119,수원,2020-01-26 23:00,7.2,,,2000
119,수원,2020-01-27 00:00,6.8,,,2000
119,수원,2020-01-27 01:00,6.8,,,2000
119,수원,2020-01-27 02:00,6.5,,,2000
119,수원,2020-01-27 03:00,6.5,,,2000
119,수원,2020-01-27 04:00,6.2,,,2000
119,수원,2020-01-27 05:00,6.4,,,2000
119,수원,2020-01-27 06:00,6.4,,,2000
119,수원,2020-01-27 07:00,6.4,,,2000
119,수원,2020-01-27 08:00,6.3,,,2000
119,수원,2020-01-27 09:00,6.6,,,1973
119,수원,2020-01-27 10:00,7.1,,,2000
119,수원,2020-01-27 11:00,7.3,,,2000
119,수원,2020-01-27 12:00,7.4,,,2000
119,수원,2020-01-27 13:00,7.7,,,2000
119,수원,2020-01-27 14:00,8,,,2000
119,수원,2020-01-27 15:00,7.4,0,,2000
119,수원,2020-01-27 16:00,6.8,,,1836
119,수원,2020-01-27 17:00,6.6,,,1953
119,수원,2020-01-27 18:00,5.7,0,,2000
119,수원,2020-01-27 19:00,4.3,,,1957
119,수원,2020-01-27 20:00,3.7,,,1226
119,수원,2020-01-27 21:00,3.6,1.2,,1915
119,수원,2020-01-27 22:00,3.9,,,1993
119,수원,2020-01-27 23:00,4.1,,,1997
119,수원,2020-01-28 00:00,3.9,.2,,1968
119,수원,2020-01-28 01:00,4.2,,,2000
119,수원,2020-01-28 02:00,4.4,,,1953
119,수원,2020-01-28 03:00,4.5,.1,,2000
119,수원,2020-01-28 04:00,4.8,,,2000
119,수원,2020-01-28 05:00,4,,,1961
119,수원,2020-01-28 06:00,4.5,,,2000
119,수원,2020-01-28 07:00,4.6,,,2000
119,수원,2020-01-28 08:00,6.5,,,2000
119,수원,2020-01-28 09:00,7.2,,,2000
119,수원,2020-01-28 10:00,8,,,2000
119,수원,2020-01-28 11:00,9.1,,,2000
119,수원,2020-01-28 12:00,9.7,,,1952
119,수원,2020-01-28 13:00,10.1,,,2000
119,수원,2020-01-28 14:00,10.5,,,2000
119,수원,2020-01-28 15:00,10.6,,,2000
119,수원,2020-01-28 16:00,10.6,,,2000
119,수원,2020-01-28 17:00,10.1,,,2000
119,수원,2020-01-28 18:00,9.8,,,2000
119,수원,2020-01-28 19:00,9.4,,,2000
119,수원,2020-01-28 20:00,8.7,,,2000
119,수원,2020-01-28 21:00,7.8,,,2000
119,수원,2020-01-28 22:00,7,,,2000
119,수원,2020-01-28 23:00,6.7,,,2000
119,수원,2020-01-29 00:00,4.9,,,1974
119,수원,2020-01-29 01:00,4.4,,,2000
119,수원,2020-01-29 02:00,4.5,,,2000
119,수원,2020-01-29 03:00,4.2,,,2000
119,수원,2020-01-29 04:00,3.8,,,2000
119,수원,2020-01-29 05:00,1.6,,,2000
119,수원,2020-01-29 06:00,1.4,,,2000
119,수원,2020-01-29 07:00,1.5,,,2000
119,수원,2020-01-29 08:00,1.9,,,2000
119,수원,2020-01-29 09:00,3.9,,,2000
119,수원,2020-01-29 10:00,5.9,,,2000
119,수원,2020-01-29 11:00,7.8,,,1984
119,수원,2020-01-29 12:00,8.6,,,2000
119,수원,2020-01-29 13:00,10,,,1994
119,수원,2020-01-29 14:00,10.3,,,1997
119,수원,2020-01-29 15:00,10,,,2000
119,수원,2020-01-29 16:00,10.9,,,2000
119,수원,2020-01-29 17:00,10.4,,,2000
119,수원,2020-01-29 18:00,9.3,,,2000
119,수원,2020-01-29 19:00,7.6,,,2000
119,수원,2020-01-29 20:00,7,,,2000
119,수원,2020-01-29 21:00,6.4,,,2000
119,수원,2020-01-29 22:00,5.7,,,2000
119,수원,2020-01-29 23:00,3.7,,,2000
119,수원,2020-01-30 00:00,5.6,,,2000
119,수원,2020-01-30 01:00,5.5,,,2000
119,수원,2020-01-30 02:00,5.3,,,2000
119,수원,2020-01-30 03:00,4.8,,,2000
119,수원,2020-01-30 04:00,4,,,2000
119,수원,2020-01-30 05:00,1.9,,,2000
119,수원,2020-01-30 06:00,1.5,,,2000
119,수원,2020-01-30 07:00,1.3,,,2000
119,수원,2020-01-30 08:00,.9,,,2000
119,수원,2020-01-30 09:00,3.6,,,1939
119,수원,2020-01-30 10:00,6,,,1913
119,수원,2020-01-30 11:00,8,,,2000
119,수원,2020-01-30 12:00,9.3,,,1967
119,수원,2020-01-30 13:00,9.8,,,1991
119,수원,2020-01-30 14:00,10.5,,,2000
119,수원,2020-01-30 15:00,8.9,,,2000
119,수원,2020-01-30 16:00,9,,,2000
119,수원,2020-01-30 17:00,8.1,,,1992
119,수원,2020-01-30 18:00,6.3,,,2000
119,수원,2020-01-30 19:00,5.6,,,2000
119,수원,2020-01-30 20:00,4.6,,,2000
119,수원,2020-01-30 21:00,4.3,,,2000
119,수원,2020-01-30 22:00,4,,,2000
119,수원,2020-01-30 23:00,4.1,,,2000
119,수원,2020-01-31 00:00,3.9,,,1841
119,수원,2020-01-31 01:00,2.6,,,1776
119,수원,2020-01-31 02:00,2.6,,,1440
119,수원,2020-01-31 03:00,2.1,,,1349
119,수원,2020-01-31 04:00,2.4,,,1029
119,수원,2020-01-31 05:00,2.3,,,936
119,수원,2020-01-31 06:00,2,,,836
119,수원,2020-01-31 07:00,2.7,,,788
119,수원,2020-01-31 08:00,2.7,,,624
119,수원,2020-01-31 09:00,2.8,,,562
119,수원,2020-01-31 10:00,3.7,,,727
119,수원,2020-01-31 11:00,4.5,,,738
119,수원,2020-01-31 12:00,5.3,,,638
119,수원,2020-01-31 13:00,6.8,,,1140
119,수원,2020-01-31 14:00,6.3,,,1160
119,수원,2020-01-31 15:00,6.2,,,1215
119,수원,2020-01-31 16:00,6.4,,,1291
119,수원,2020-01-31 17:00,5.2,,,1276
119,수원,2020-01-31 18:00,4,,,1038
119,수원,2020-01-31 19:00,2.9,,,947
119,수원,2020-01-31 20:00,1.9,,,961
119,수원,2020-01-31 21:00,.9,,,872
119,수원,2020-01-31 22:00,.5,,,730
119,수원,2020-01-31 23:00,0,,,645
119,수원,2020-02-01 00:00,-.5,,,611
119,수원,2020-02-01 01:00,-.5,,,535
119,수원,2020-02-01 02:00,-1.1,,,611
119,수원,2020-02-01 03:00,-1.2,,,615
119,수원,2020-02-01 04:00,-1.2,,,639
119,수원,2020-02-01 05:00,-1.6,,,542
119,수원,2020-02-01 06:00,-1.9,,,613
119,수원,2020-02-01 07:00,-1,,,607
119,수원,2020-02-01 08:00,-.9,,,671
119,수원,2020-02-01 09:00,.2,,,510
119,수원,2020-02-01 10:00,1.2,,,743
119,수원,2020-02-01 11:00,2,,,829
119,수원,2020-02-01 12:00,4.2,,,673
119,수원,2020-02-01 13:00,5,,,564
119,수원,2020-02-01 14:00,5.6,,,530
119,수원,2020-02-01 15:00,7.4,,,779
119,수원,2020-02-01 16:00,7.3,,,530
119,수원,2020-02-01 17:00,6.2,,,691
119,수원,2020-02-01 18:00,4.8,,,492
119,수원,2020-02-01 19:00,4.1,,,639
119,수원,2020-02-01 20:00,2.9,,,708
119,수원,2020-02-01 21:00,1.9,,,667
119,수원,2020-02-01 22:00,1.8,,,898
119,수원,2020-02-01 23:00,.3,,,472
119,수원,2020-02-02 00:00,-.4,,,652
119,수원,2020-02-02 01:00,-1.4,,,379
119,수원,2020-02-02 02:00,-1.8,,,478
119,수원,2020-02-02 03:00,-2.3,,,629
119,수원,2020-02-02 04:00,-2.6,,,455
119,수원,2020-02-02 05:00,-2.6,,,678
119,수원,2020-02-02 06:00,-2.9,,,801
119,수원,2020-02-02 07:00,-3.1,,,508
119,수원,2020-02-02 08:00,-3.3,,,465
119,수원,2020-02-02 09:00,-1.7,,,626
119,수원,2020-02-02 10:00,1.2,,,627
119,수원,2020-02-02 11:00,2.1,,,566
119,수원,2020-02-02 12:00,3.5,,,838
119,수원,2020-02-02 13:00,4.8,,,1157
119,수원,2020-02-02 14:00,5.2,,,1409
119,수원,2020-02-02 15:00,5.8,,,1035
119,수원,2020-02-02 16:00,5.6,,,960
119,수원,2020-02-02 17:00,4.4,,,1099
119,수원,2020-02-02 18:00,2.9,,,1423
119,수원,2020-02-02 19:00,1.4,,,1404
119,수원,2020-02-02 20:00,.6,,,1699
119,수원,2020-02-02 21:00,.2,,,1650
119,수원,2020-02-02 22:00,.8,,,1914
119,수원,2020-02-02 23:00,1,,,1888
119,수원,2020-02-03 00:00,2.2,0,,1797
119,수원,2020-02-03 01:00,1.3,,,1509
119,수원,2020-02-03 02:00,.5,,.4,1361
119,수원,2020-02-03 03:00,.8,.1,.3,1678
119,수원,2020-02-03 04:00,.7,,.3,1929
119,수원,2020-02-03 05:00,0,,.3,2000
119,수원,2020-02-03 06:00,-.8,0,.1,2000
119,수원,2020-02-03 07:00,-1.6,,0,1937
119,수원,2020-02-03 08:00,-1.5,,,2000
119,수원,2020-02-03 09:00,-.5,,,1994
119,수원,2020-02-03 10:00,.6,,,1983
119,수원,2020-02-03 11:00,1.8,,,1731
119,수원,2020-02-03 12:00,2.3,,,1802
119,수원,2020-02-03 13:00,2.5,,,2000
119,수원,2020-02-03 14:00,2.4,,,2000
119,수원,2020-02-03 15:00,1.8,,,2000
119,수원,2020-02-03 16:00,2.1,,,1999
119,수원,2020-02-03 17:00,1.1,,,2000
119,수원,2020-02-03 18:00,-.1,,,2000
119,수원,2020-02-03 19:00,-1.2,,,2000
119,수원,2020-02-03 20:00,-1.9,,,2000
119,수원,2020-02-03 21:00,-1.9,,,2000
119,수원,2020-02-03 22:00,-2.6,,,2000
119,수원,2020-02-03 23:00,-2.3,,,2000
119,수원,2020-02-04 00:00,-2.8,,,1999
119,수원,2020-02-04 01:00,-3.3,,,2000
119,수원,2020-02-04 02:00,-4.2,,,2000
119,수원,2020-02-04 03:00,-5,,,2000
119,수원,2020-02-04 04:00,-6,,,2007
119,수원,2020-02-04 05:00,-5.9,,,1910
119,수원,2020-02-04 06:00,-6.8,,,1900
119,수원,2020-02-04 07:00,-6.9,,,1974
119,수원,2020-02-04 08:00,-6.1,,,1841
119,수원,2020-02-04 09:00,-3,,,1802
119,수원,2020-02-04 10:00,-1.2,,,1909
119,수원,2020-02-04 11:00,.3,,,1825
119,수원,2020-02-04 12:00,2.3,,,1711
119,수원,2020-02-04 13:00,3.7,,,1912
119,수원,2020-02-04 14:00,3.8,,,2000
119,수원,2020-02-04 15:00,4.6,,,1924
119,수원,2020-02-04 16:00,3.9,,,2000
119,수원,2020-02-04 17:00,3.5,,,1616
119,수원,2020-02-04 18:00,2.1,0,,830
119,수원,2020-02-04 19:00,.8,,,618
119,수원,2020-02-04 20:00,.6,,.3,489
119,수원,2020-02-04 21:00,.4,.9,.3,462
119,수원,2020-02-04 22:00,-1.1,,.6,911
119,수원,2020-02-04 23:00,-1.6,,.6,1643
119,수원,2020-02-05 00:00,-2.4,.2,.6,1680
119,수원,2020-02-05 01:00,-5,,.6,1993
119,수원,2020-02-05 02:00,-6.3,,.6,2000
119,수원,2020-02-05 03:00,-7,,.6,2000
119,수원,2020-02-05 04:00,-7.7,,.5,2000
119,수원,2020-02-05 05:00,-8.3,,.5,2000
119,수원,2020-02-05 06:00,-9,,.5,2000
119,수원,2020-02-05 07:00,-9.5,,.5,2000
119,수원,2020-02-05 08:00,-9.8,,.4,1949
119,수원,2020-02-05 09:00,-9.1,,.4,2000
119,수원,2020-02-05 10:00,-8.4,,.4,1949
119,수원,2020-02-05 11:00,-7.1,,.3,1985
119,수원,2020-02-05 12:00,-6.4,,,1950
119,수원,2020-02-05 13:00,-5.3,,,2000
119,수원,2020-02-05 14:00,-4.5,,,2000
119,수원,2020-02-05 15:00,-3.9,,,2000
119,수원,2020-02-05 16:00,-4,,,2000
119,수원,2020-02-05 17:00,-4.5,,,2000
119,수원,2020-02-05 18:00,-5.3,,,2000
119,수원,2020-02-05 19:00,-6,,,2000
119,수원,2020-02-05 20:00,-6.7,,,2000
119,수원,2020-02-05 21:00,-7.4,,,2000
119,수원,2020-02-05 22:00,-8.2,,,2000
119,수원,2020-02-05 23:00,-9.1,,,2000
119,수원,2020-02-06 00:00,-9.3,,,2000
119,수원,2020-02-06 01:00,-9.6,,,2000
119,수원,2020-02-06 02:00,-9.9,,,2000
119,수원,2020-02-06 03:00,-10.3,,,2000
119,수원,2020-02-06 04:00,-10.8,,,2000
119,수원,2020-02-06 05:00,-11.2,,,1996
119,수원,2020-02-06 06:00,-11.2,,,2000
119,수원,2020-02-06 07:00,-10.1,,,2000
119,수원,2020-02-06 08:00,-9.7,,,1998
119,수원,2020-02-06 09:00,-8.1,,,1946
119,수원,2020-02-06 10:00,-6.7,,,1981
119,수원,2020-02-06 11:00,-5.8,,,1978
119,수원,2020-02-06 12:00,-4.7,,,1883
119,수원,2020-02-06 13:00,-3,,,1994
119,수원,2020-02-06 14:00,-1.6,,,1997
119,수원,2020-02-06 15:00,-1.1,,,1996
119,수원,2020-02-06 16:00,-.1,,,2000
119,수원,2020-02-06 17:00,-1.2,,,2000
119,수원,2020-02-06 18:00,-3.1,,,1841
119,수원,2020-02-06 19:00,-4.3,,,2072
119,수원,2020-02-06 20:00,-5,,,1752
119,수원,2020-02-06 21:00,-5.3,,,1980
119,수원,2020-02-06 22:00,-5.7,,,1755
119,수원,2020-02-06 23:00,-6.3,,,1668
119,수원,2020-02-07 00:00,-7,,,1823
119,수원,2020-02-07 01:00,-7.7,,,1601
119,수원,2020-02-07 02:00,-7.7,,,2000
119,수원,2020-02-07 03:00,-6.5,,,1958
119,수원,2020-02-07 04:00,-5.6,,,1740
119,수원,2020-02-07 05:00,-5,,,1573
119,수원,2020-02-07 06:00,-5.1,,,1823
119,수원,2020-02-07 07:00,-5,,,1781
119,수원,2020-02-07 08:00,-4.8,,,2000
119,수원,2020-02-07 09:00,-3.9,,,1593
119,수원,2020-02-07 10:00,-2.1,,,1972
119,수원,2020-02-07 11:00,-.6,,,1958
119,수원,2020-02-07 12:00,1,,,1907
119,수원,2020-02-07 13:00,1.7,,,1960
119,수원,2020-02-07 14:00,2.4,,,1863
119,수원,2020-02-07 15:00,2.5,,,2000
119,수원,2020-02-07 16:00,1.5,,,1574
119,수원,2020-02-07 17:00,1.3,,,1902
119,수원,2020-02-07 18:00,.3,,,1776
119,수원,2020-02-07 19:00,0,,,1843
119,수원,2020-02-07 20:00,-.2,,,1684
119,수원,2020-02-07 21:00,-.5,,,1640
119,수원,2020-02-07 22:00,-.2,,,1801
119,수원,2020-02-07 23:00,0,,,1822
119,수원,2020-02-08 00:00,-.1,0,,1749
119,수원,2020-02-08 01:00,-.4,,,1186
119,수원,2020-02-08 02:00,-.4,,,950
119,수원,2020-02-08 03:00,-.3,,,966
119,수원,2020-02-08 04:00,.4,,,1050
119,수원,2020-02-08 05:00,.2,,,1374
119,수원,2020-02-08 06:00,-.4,,,1077
119,수원,2020-02-08 07:00,-.7,,,1142
119,수원,2020-02-08 08:00,-1.3,,,1158
119,수원,2020-02-08 09:00,-1.2,,,1136
119,수원,2020-02-08 10:00,-.1,,,1056
119,수원,2020-02-08 11:00,.5,,,1126
119,수원,2020-02-08 12:00,1.9,,,1314
119,수원,2020-02-08 13:00,3.2,,,1604
119,수원,2020-02-08 14:00,3.5,,,1689
119,수원,2020-02-08 15:00,4.2,,,1999
119,수원,2020-02-08 16:00,3,,,1904
119,수원,2020-02-08 17:00,2.6,,,1961
119,수원,2020-02-08 18:00,2,,,2098
119,수원,2020-02-08 19:00,1.5,,,2000
119,수원,2020-02-08 20:00,.5,,,2000
119,수원,2020-02-08 21:00,-.8,,,2000
119,수원,2020-02-08 22:00,-.4,,,2000
119,수원,2020-02-08 23:00,-1.2,,,2105
119,수원,2020-02-09 00:00,-2,,,2000
119,수원,2020-02-09 01:00,-2.6,,,1955
119,수원,2020-02-09 02:00,-3.6,,,2000
119,수원,2020-02-09 03:00,-4.6,,,2000
119,수원,2020-02-09 04:00,-5.7,,,2000
119,수원,2020-02-09 05:00,-6.1,,,1885
119,수원,2020-02-09 06:00,-5.9,,,1742
119,수원,2020-02-09 07:00,-6.6,,,1859
119,수원,2020-02-09 08:00,-6,,,1505
119,수원,2020-02-09 09:00,-3.5,,,1484
119,수원,2020-02-09 10:00,-.6,,,1639
119,수원,2020-02-09 11:00,1.2,,,2040
119,수원,2020-02-09 12:00,1.9,,,1961
119,수원,2020-02-09 13:00,3,,,1976
119,수원,2020-02-09 14:00,3.1,,,2024
119,수원,2020-02-09 15:00,3.5,,,1725
119,수원,2020-02-09 16:00,3.2,,,1791
119,수원,2020-02-09 17:00,3.6,,,1884
119,수원,2020-02-09 18:00,2,,,1598
119,수원,2020-02-09 19:00,1.2,,,1966
119,수원,2020-02-09 20:00,-.4,,,1650
119,수원,2020-02-09 21:00,-.1,,,1464
119,수원,2020-02-09 22:00,-.3,,,1401
119,수원,2020-02-09 23:00,-.4,,,1317
119,수원,2020-02-10 00:00,-.3,,,1024
119,수원,2020-02-10 01:00,.2,,,1074
119,수원,2020-02-10 02:00,.7,,,1010
119,수원,2020-02-10 03:00,.4,,,1476
119,수원,2020-02-10 04:00,.4,,,1304
119,수원,2020-02-10 05:00,.4,,,1276
119,수원,2020-02-10 06:00,-.4,,,1093
119,수원,2020-02-10 07:00,-.8,,,753
119,수원,2020-02-10 08:00,-1.3,,,900
119,수원,2020-02-10 09:00,.8,,,950
119,수원,2020-02-10 10:00,4.1,,,829
119,수원,2020-02-10 11:00,5.7,,,1099
119,수원,2020-02-10 12:00,7.6,,,1545
119,수원,2020-02-10 13:00,8.9,,,1974
119,수원,2020-02-10 14:00,9.8,,,1798
119,수원,2020-02-10 15:00,9.6,,,1591
119,수원,2020-02-10 16:00,9.3,,,1394
119,수원,2020-02-10 17:00,8.6,,,1598
119,수원,2020-02-10 18:00,6.3,,,1672
119,수원,2020-02-10 19:00,4.1,,,1894
119,수원,2020-02-10 20:00,3.7,,,1609
119,수원,2020-02-10 21:00,1.5,,,1631
119,수원,2020-02-10 22:00,1.2,,,1566
119,수원,2020-02-10 23:00,.7,,,1628
119,수원,2020-02-11 00:00,-.5,,,1396
119,수원,2020-02-11 01:00,-1,,,1448
119,수원,2020-02-11 02:00,-1.3,,,1194
119,수원,2020-02-11 03:00,-2,,,1018
119,수원,2020-02-11 04:00,-2.5,,,927
119,수원,2020-02-11 05:00,-2.4,,,902
119,수원,2020-02-11 06:00,-2.3,,,869
119,수원,2020-02-11 07:00,-1.9,,,811
119,수원,2020-02-11 08:00,-2,,,812
119,수원,2020-02-11 09:00,2.1,,,782
119,수원,2020-02-11 10:00,6.1,,,1220
119,수원,2020-02-11 11:00,8.1,,,1268
119,수원,2020-02-11 12:00,10.5,,,1401
119,수원,2020-02-11 13:00,11.9,,,1424
119,수원,2020-02-11 14:00,12.9,,,1873
119,수원,2020-02-11 15:00,13.8,,,2000
119,수원,2020-02-11 16:00,13.9,,,1878
119,수원,2020-02-11 17:00,13.7,,,1997
119,수원,2020-02-11 18:00,11.1,,,1594
119,수원,2020-02-11 19:00,8.6,,,1521
119,수원,2020-02-11 20:00,8.3,,,1108
119,수원,2020-02-11 21:00,8.1,,,1238
119,수원,2020-02-11 22:00,7.5,,,1207
119,수원,2020-02-11 23:00,6.6,,,1180
119,수원,2020-02-12 00:00,6.1,,,1215
119,수원,2020-02-12 01:00,6.4,,,1177
119,수원,2020-02-12 02:00,5.8,,,1013
119,수원,2020-02-12 03:00,5.5,0,,1009
119,수원,2020-02-12 04:00,5.5,,,1478
119,수원,2020-02-12 05:00,7.2,,,1304
119,수원,2020-02-12 06:00,7.5,0,,2000
119,수원,2020-02-12 07:00,7.7,,,1079
119,수원,2020-02-12 08:00,7.1,,,1132
119,수원,2020-02-12 09:00,7.1,.3,,676
119,수원,2020-02-12 10:00,7,,,872
119,수원,2020-02-12 11:00,5.9,,,296
119,수원,2020-02-12 12:00,6.6,2.8,,338
119,수원,2020-02-12 13:00,7.1,,,396
119,수원,2020-02-12 14:00,7.7,,,300
119,수원,2020-02-12 15:00,7.8,2.5,,200
119,수원,2020-02-12 16:00,8.1,,,214
119,수원,2020-02-12 17:00,8.1,,,420
119,수원,2020-02-12 18:00,8,3.3,,354
119,수원,2020-02-12 19:00,8,,,270
119,수원,2020-02-12 20:00,8,,,806
119,수원,2020-02-12 21:00,8,1,,379
119,수원,2020-02-12 22:00,7.6,,,198
119,수원,2020-02-12 23:00,7.4,,,137
119,수원,2020-02-13 00:00,7.5,.6,,348
119,수원,2020-02-13 01:00,7.1,,,213
119,수원,2020-02-13 02:00,6.4,,,161
119,수원,2020-02-13 03:00,6.3,,,192
119,수원,2020-02-13 04:00,6.2,,,301
119,수원,2020-02-13 05:00,5.8,,,435
119,수원,2020-02-13 06:00,5.6,,,319
119,수원,2020-02-13 07:00,5.5,,,271
119,수원,2020-02-13 08:00,5.6,,,190
119,수원,2020-02-13 09:00,5.6,,,190
119,수원,2020-02-13 10:00,5.5,,,180
119,수원,2020-02-13 11:00,5.7,,,210
119,수원,2020-02-13 12:00,6.5,,,246
119,수원,2020-02-13 13:00,6.8,,,220
119,수원,2020-02-13 14:00,7,,,330
119,수원,2020-02-13 15:00,7,,,350
119,수원,2020-02-13 16:00,7.3,,,420
119,수원,2020-02-13 17:00,7.3,,,500
119,수원,2020-02-13 18:00,7.2,,,950
119,수원,2020-02-13 19:00,6.8,,,450
119,수원,2020-02-13 20:00,6.7,,,695
119,수원,2020-02-13 21:00,5.4,,,510
119,수원,2020-02-13 22:00,5.2,,,559
119,수원,2020-02-13 23:00,4.7,,,431
119,수원,2020-02-14 00:00,3.6,,,323
119,수원,2020-02-14 01:00,3.6,,,344
119,수원,2020-02-14 02:00,3,,,324
119,수원,2020-02-14 03:00,2.6,,,274
119,수원,2020-02-14 04:00,3,,,313
119,수원,2020-02-14 05:00,3.3,,,249
119,수원,2020-02-14 06:00,2.7,,,328
119,수원,2020-02-14 07:00,2.3,,,261
119,수원,2020-02-14 08:00,2.6,,,174
119,수원,2020-02-14 09:00,3.4,,,312
119,수원,2020-02-14 10:00,5.9,,,387
119,수원,2020-02-14 11:00,7.2,,,466
119,수원,2020-02-14 12:00,9,,,559
119,수원,2020-02-14 13:00,10.6,,,712
119,수원,2020-02-14 14:00,12,,,725
119,수원,2020-02-14 15:00,12.7,,,820
119,수원,2020-02-14 16:00,13,,,851
119,수원,2020-02-14 17:00,13.1,,,649
119,수원,2020-02-14 18:00,11.2,,,616
119,수원,2020-02-14 19:00,9.4,,,470
119,수원,2020-02-14 20:00,7.8,,,586
119,수원,2020-02-14 21:00,6.4,,,474
119,수원,2020-02-14 22:00,5.5,,,403
119,수원,2020-02-14 23:00,5,,,295
119,수원,2020-02-15 00:00,3.6,,,204
119,수원,2020-02-15 01:00,4.3,,,209
119,수원,2020-02-15 02:00,4.6,,,357
119,수원,2020-02-15 03:00,3.4,,,279
119,수원,2020-02-15 04:00,3.7,,,424
119,수원,2020-02-15 05:00,5.1,,,605
119,수원,2020-02-15 06:00,5,,,668
119,수원,2020-02-15 07:00,5.3,,,751
119,수원,2020-02-15 08:00,6.6,,,536
119,수원,2020-02-15 09:00,8.7,,,658
119,수원,2020-02-15 10:00,10.7,,,825
119,수원,2020-02-15 11:00,12.7,,,1008
119,수원,2020-02-15 12:00,14.2,,,1101
119,수원,2020-02-15 13:00,15.1,,,1171
119,수원,2020-02-15 14:00,15,,,1070
119,수원,2020-02-15 15:00,14.6,,,1041
119,수원,2020-02-15 16:00,14.5,,,1010
119,수원,2020-02-15 17:00,14.2,,,1235
119,수원,2020-02-15 18:00,11.8,,,1263
119,수원,2020-02-15 19:00,9.9,,,1752
119,수원,2020-02-15 20:00,9.4,,,711
119,수원,2020-02-15 21:00,6.8,.1,,171
119,수원,2020-02-15 22:00,7.1,,,168
119,수원,2020-02-15 23:00,7.1,,,203
119,수원,2020-02-16 00:00,5,1.6,,555
119,수원,2020-02-16 01:00,4.2,,,765
119,수원,2020-02-16 02:00,3.2,,,1596
119,수원,2020-02-16 03:00,1.7,4.1,,1072
119,수원,2020-02-16 04:00,1,,,791
119,수원,2020-02-16 05:00,.8,,.3,369
119,수원,2020-02-16 06:00,.5,2,.6,652
119,수원,2020-02-16 07:00,.3,,1.1,455
119,수원,2020-02-16 08:00,.5,,1,950
119,수원,2020-02-16 09:00,-.2,.7,1.1,652
119,수원,2020-02-16 10:00,-.6,,1.3,494
119,수원,2020-02-16 11:00,-.4,,1.3,1955
119,수원,2020-02-16 12:00,-.5,.5,1.3,1355
119,수원,2020-02-16 13:00,-.4,,1.2,2208
119,수원,2020-02-16 14:00,-1.6,,1.2,398
119,수원,2020-02-16 15:00,-1.2,.4,1.2,1097
119,수원,2020-02-16 16:00,-1.5,,1.3,739
119,수원,2020-02-16 17:00,-2.1,,1.5,873
119,수원,2020-02-16 18:00,-2,.3,1.3,2000
119,수원,2020-02-16 19:00,-2.2,,1.1,2000
119,수원,2020-02-16 20:00,-3,,1.5,729
119,수원,2020-02-16 21:00,-3.6,0,2.5,1368
119,수원,2020-02-16 22:00,-3.3,,2.1,1998
119,수원,2020-02-16 23:00,-3.3,,2,1980
119,수원,2020-02-17 00:00,-3.3,0,1.8,1924
119,수원,2020-02-17 01:00,-3.3,,1.8,1291
119,수원,2020-02-17 02:00,-3.7,,2.4,649
119,수원,2020-02-17 03:00,-3.4,.3,3.2,608
119,수원,2020-02-17 04:00,-4.1,,3.7,785
119,수원,2020-02-17 05:00,-4.1,,3.6,1759
119,수원,2020-02-17 06:00,-4.7,.1,3.4,1866
119,수원,2020-02-17 07:00,-5.1,,3,1513
119,수원,2020-02-17 08:00,-5.1,,2.8,1980
119,수원,2020-02-17 09:00,-5.1,0,2.7,1845
119,수원,2020-02-17 10:00,-5,,2.5,1472
119,수원,2020-02-17 11:00,-4.7,,2.2,1920
119,수원,2020-02-17 12:00,-4.2,0,2,1092
119,수원,2020-02-17 13:00,-4.3,,1.7,1456
119,수원,2020-02-17 14:00,-3.6,,1.5,1970
119,수원,2020-02-17 15:00,-3.9,0,1.3,1994
119,수원,2020-02-17 16:00,-3.9,,1.2,1995
119,수원,2020-02-17 17:00,-4.6,,.9,1352
119,수원,2020-02-17 18:00,-5.2,0,.7,1750
119,수원,2020-02-17 19:00,-5.5,,.7,1999
119,수원,2020-02-17 20:00,-5.7,,.7,2000
119,수원,2020-02-17 21:00,-6,0,.7,2000
119,수원,2020-02-17 22:00,-6.2,,.7,2000
119,수원,2020-02-17 23:00,-6.4,,.7,2000
119,수원,2020-02-18 00:00,-6,,.7,2000
119,수원,2020-02-18 01:00,-6.6,,.7,2000
119,수원,2020-02-18 02:00,-6.2,,.7,2000
119,수원,2020-02-18 03:00,-6.4,,.7,2000
119,수원,2020-02-18 04:00,-6.3,,.7,2000
119,수원,2020-02-18 05:00,-7.1,,.7,2000
119,수원,2020-02-18 06:00,-7.7,,.7,2000
119,수원,2020-02-18 07:00,-7.3,,.7,2000
119,수원,2020-02-18 08:00,-6.8,,.7,2000
119,수원,2020-02-18 09:00,-5.2,,.7,1995
119,수원,2020-02-18 10:00,-4.3,,.7,2000
119,수원,2020-02-18 11:00,-3.2,,.6,2000
119,수원,2020-02-18 12:00,-2.2,,.5,1921
119,수원,2020-02-18 13:00,-.3,,.4,1959
119,수원,2020-02-18 14:00,-.2,,.3,1992
119,수원,2020-02-18 15:00,.7,,,1978
119,수원,2020-02-18 16:00,1.2,,,2000
119,수원,2020-02-18 17:00,.5,,,1976
119,수원,2020-02-18 18:00,-1,,,2000
119,수원,2020-02-18 19:00,-1.7,,,2000
119,수원,2020-02-18 20:00,-2.2,,,2000
119,수원,2020-02-18 21:00,-2.4,,,2000
119,수원,2020-02-18 22:00,-3.6,,,2000
119,수원,2020-02-18 23:00,-3.5,,,2000
119,수원,2020-02-19 00:00,-4.3,,,1957
119,수원,2020-02-19 01:00,-4.5,,,1996
119,수원,2020-02-19 02:00,-4.6,,,1913
119,수원,2020-02-19 03:00,-4,,,1703
119,수원,2020-02-19 04:00,-4.2,,,2020
119,수원,2020-02-19 05:00,-4.5,,,1742
119,수원,2020-02-19 06:00,-3.5,,,1846
119,수원,2020-02-19 07:00,-2.6,,,1625
119,수원,2020-02-19 08:00,-1.6,,,2000
119,수원,2020-02-19 09:00,-.7,,,1945
119,수원,2020-02-19 10:00,.3,,,1991
119,수원,2020-02-19 11:00,1.4,,,2000
119,수원,2020-02-19 12:00,2.8,,,2000
119,수원,2020-02-19 13:00,4.2,,,1956
119,수원,2020-02-19 14:00,4.6,,,2000
119,수원,2020-02-19 15:00,5.5,,,2000
119,수원,2020-02-19 16:00,6.3,,,1950
119,수원,2020-02-19 17:00,5.8,,,1858
119,수원,2020-02-19 18:00,5.3,,,1719
119,수원,2020-02-19 19:00,4.9,,,1871
119,수원,2020-02-19 20:00,3.6,,,1061
119,수원,2020-02-19 21:00,1.8,,,1244
119,수원,2020-02-19 22:00,1.5,,,1201
119,수원,2020-02-19 23:00,1.1,,,971
119,수원,2020-02-20 00:00,1.2,,,1277
119,수원,2020-02-20 01:00,.6,,,920
119,수원,2020-02-20 02:00,.9,,,819
119,수원,2020-02-20 03:00,1.1,,,865
119,수원,2020-02-20 04:00,.3,,,803
119,수원,2020-02-20 05:00,-.1,,,674
119,수원,2020-02-20 06:00,0,,,611
119,수원,2020-02-20 07:00,0,,,568
119,수원,2020-02-20 08:00,-.1,,,501
119,수원,2020-02-20 09:00,2.4,,,641
119,수원,2020-02-20 10:00,5.6,,,663
119,수원,2020-02-20 11:00,6.8,,,729
119,수원,2020-02-20 12:00,7.9,,,846
119,수원,2020-02-20 13:00,9.9,,,1194
119,수원,2020-02-20 14:00,10.6,,,1712
119,수원,2020-02-20 15:00,11.3,,,1738
119,수원,2020-02-20 16:00,10.8,,,1166
119,수원,2020-02-20 17:00,9.3,,,1622
119,수원,2020-02-20 18:00,7.5,,,1239
119,수원,2020-02-20 19:00,5.6,,,1002
119,수원,2020-02-20 20:00,5.1,,,854
119,수원,2020-02-20 21:00,3.9,,,910
119,수원,2020-02-20 22:00,3,,,795
119,수원,2020-02-20 23:00,2.2,,,642
119,수원,2020-02-21 00:00,1.4,,,576
119,수원,2020-02-21 01:00,1.1,,,578
119,수원,2020-02-21 02:00,1.6,,,867
119,수원,2020-02-21 03:00,1.4,,,755
119,수원,2020-02-21 04:00,1.6,,,895
119,수원,2020-02-21 05:00,.5,,,595
119,수원,2020-02-21 06:00,1.1,,,933
119,수원,2020-02-21 07:00,1.3,,,601
119,수원,2020-02-21 08:00,1.9,,,644
119,수원,2020-02-21 09:00,3.3,,,653
119,수원,2020-02-21 10:00,6.3,,,678
119,수원,2020-02-21 11:00,7.7,,,1585
119,수원,2020-02-21 12:00,9,,,785
119,수원,2020-02-21 13:00,11,,,1128
119,수원,2020-02-21 14:00,11.8,,,1387
119,수원,2020-02-21 15:00,11.6,,,1581
119,수원,2020-02-21 16:00,11.6,,,1687
119,수원,2020-02-21 17:00,11.1,,,1811
119,수원,2020-02-21 18:00,10.5,,,1752
119,수원,2020-02-21 19:00,10.1,,,1719
119,수원,2020-02-21 20:00,9.6,,,1436
119,수원,2020-02-21 21:00,7.7,1.1,,957
119,수원,2020-02-21 22:00,7.7,,,900
119,수원,2020-02-21 23:00,7.1,,,400
119,수원,2020-02-22 00:00,7.1,4,,738
119,수원,2020-02-22 01:00,7.2,,,940
119,수원,2020-02-22 02:00,7.2,,,1265
119,수원,2020-02-22 03:00,5.6,4.5,,1050
119,수원,2020-02-22 04:00,5.3,,,504
119,수원,2020-02-22 05:00,4.6,,,606
119,수원,2020-02-22 06:00,4.1,,,453
119,수원,2020-02-22 07:00,4.1,,,499
119,수원,2020-02-22 08:00,4.1,,,445
119,수원,2020-02-22 09:00,4.6,,,427
119,수원,2020-02-22 10:00,5.6,,,474
119,수원,2020-02-22 11:00,7,,,540
119,수원,2020-02-22 12:00,7.7,,,793
119,수원,2020-02-22 13:00,7.8,,,1139
119,수원,2020-02-22 14:00,7.5,,,688
119,수원,2020-02-22 15:00,6.4,,,678
119,수원,2020-02-22 16:00,5.9,,,1183
119,수원,2020-02-22 17:00,5.3,,,1476
119,수원,2020-02-22 18:00,3.7,,,1803
119,수원,2020-02-22 19:00,3.2,,,2000
119,수원,2020-02-22 20:00,2.7,,,2000
119,수원,2020-02-22 21:00,2.5,,,2000
119,수원,2020-02-22 22:00,1.9,,,2000
119,수원,2020-02-22 23:00,1.1,,,2000
119,수원,2020-02-23 00:00,.6,,,2000
119,수원,2020-02-23 01:00,-.5,,,2000
119,수원,2020-02-23 02:00,-.9,,,2000
119,수원,2020-02-23 03:00,-1.4,,,2000
119,수원,2020-02-23 04:00,-1.5,,,2000
119,수원,2020-02-23 05:00,-2,,,2000
119,수원,2020-02-23 06:00,-2.4,,,1998
119,수원,2020-02-23 07:00,-2.3,,,1985
119,수원,2020-02-23 08:00,-2.8,,,1940
119,수원,2020-02-23 09:00,1,,,1625
119,수원,2020-02-23 10:00,3,,,1923
119,수원,2020-02-23 11:00,5.1,,,2000
119,수원,2020-02-23 12:00,5.7,,,1967
119,수원,2020-02-23 13:00,6.1,,,2000
119,수원,2020-02-23 14:00,6.9,,,1969
119,수원,2020-02-23 15:00,7.2,,,1998
119,수원,2020-02-23 16:00,7.2,,,2000
119,수원,2020-02-23 17:00,6.9,,,1990
119,수원,2020-02-23 18:00,5.4,,,2000
119,수원,2020-02-23 19:00,3.7,,,2000
119,수원,2020-02-23 20:00,2.9,,,2000
119,수원,2020-02-23 21:00,1.8,,,2000
119,수원,2020-02-23 22:00,1.8,,,2000
119,수원,2020-02-23 23:00,1.3,,,2000
119,수원,2020-02-24 00:00,0,,,2000
119,수원,2020-02-24 01:00,.2,,,1906
119,수원,2020-02-24 02:00,.7,,,1890
119,수원,2020-02-24 03:00,1.5,,,1995
119,수원,2020-02-24 04:00,.4,,,1996
119,수원,2020-02-24 05:00,-.1,,,1685
119,수원,2020-02-24 06:00,-.5,,,1690
119,수원,2020-02-24 07:00,-.5,,,1710
119,수원,2020-02-24 08:00,.4,,,1429
119,수원,2020-02-24 09:00,3.5,,,1795
119,수원,2020-02-24 10:00,5.6,,,1967
119,수원,2020-02-24 11:00,7.9,,,2000
119,수원,2020-02-24 12:00,9.7,,,1986
119,수원,2020-02-24 13:00,10.4,,,1995
119,수원,2020-02-24 14:00,11.1,,,1999
119,수원,2020-02-24 15:00,13.6,,,2000
119,수원,2020-02-24 16:00,12.9,,,2000
119,수원,2020-02-24 17:00,12.6,,,2000
119,수원,2020-02-24 18:00,12.1,,,1994
119,수원,2020-02-24 19:00,9.9,,,2000
119,수원,2020-02-24 20:00,8.3,,,2022
119,수원,2020-02-24 21:00,7.8,,,1808
119,수원,2020-02-24 22:00,7.7,,,1657
119,수원,2020-02-24 23:00,7.7,,,1735
119,수원,2020-02-25 00:00,8,,,1806
119,수원,2020-02-25 01:00,7.1,,,828
119,수원,2020-02-25 02:00,6.1,,,806
119,수원,2020-02-25 03:00,6.2,2.7,,800
119,수원,2020-02-25 04:00,5.8,,,858
119,수원,2020-02-25 05:00,5.7,,,620
119,수원,2020-02-25 06:00,5.9,2.6,,1579
119,수원,2020-02-25 07:00,6,,,637
119,수원,2020-02-25 08:00,6,,,944
119,수원,2020-02-25 09:00,5.8,5.7,,722
119,수원,2020-02-25 10:00,6.2,,,814
119,수원,2020-02-25 11:00,6.3,,,650
119,수원,2020-02-25 12:00,6.6,8.4,,1353
119,수원,2020-02-25 13:00,6.6,,,1572
119,수원,2020-02-25 14:00,7,,,1590
119,수원,2020-02-25 15:00,7.4,3.2,,2000
119,수원,2020-02-25 16:00,7.7,,,2000
119,수원,2020-02-25 17:00,8,,,2000
119,수원,2020-02-25 18:00,8.1,,,2000
119,수원,2020-02-25 19:00,8.2,,,2000
119,수원,2020-02-25 20:00,8.1,,,2000
119,수원,2020-02-25 21:00,8,,,2000
119,수원,2020-02-25 22:00,7.7,,,2000
119,수원,2020-02-25 23:00,7,,,2000
119,수원,2020-02-26 00:00,6.2,,,2000
119,수원,2020-02-26 01:00,5.4,,,2000
119,수원,2020-02-26 02:00,3.9,,,2000
119,수원,2020-02-26 03:00,2.3,,,2000
119,수원,2020-02-26 04:00,1.6,,,2000
119,수원,2020-02-26 05:00,1.7,,,2000
119,수원,2020-02-26 06:00,1.6,,,2000
119,수원,2020-02-26 07:00,1.8,,,2000
119,수원,2020-02-26 08:00,2.5,,,2000
119,수원,2020-02-26 09:00,5,,,1999
119,수원,2020-02-26 10:00,8.5,,,2000
119,수원,2020-02-26 11:00,9.7,,,2000
119,수원,2020-02-26 12:00,10.7,,,2000
119,수원,2020-02-26 13:00,10.9,,,1962
119,수원,2020-02-26 14:00,10.6,,,2000
119,수원,2020-02-26 15:00,10.8,,,2000
119,수원,2020-02-26 16:00,10.4,,,1996
119,수원,2020-02-26 17:00,8.9,,,2000
119,수원,2020-02-26 18:00,7.2,,,2000
119,수원,2020-02-26 19:00,5.7,,,2000
119,수원,2020-02-26 20:00,5.5,,,1462
119,수원,2020-02-26 21:00,4.6,,,1341
119,수원,2020-02-26 22:00,4.2,,,1108
119,수원,2020-02-26 23:00,3.4,,,1248
119,수원,2020-02-27 00:00,2.6,,,780
119,수원,2020-02-27 01:00,2.4,,,1230
119,수원,2020-02-27 02:00,1.8,,,740
119,수원,2020-02-27 03:00,1.2,,,565
119,수원,2020-02-27 04:00,.7,,,642
119,수원,2020-02-27 05:00,1,,,702
119,수원,2020-02-27 06:00,.6,,,589
119,수원,2020-02-27 07:00,.6,,,601
119,수원,2020-02-27 08:00,2.2,,,2000
119,수원,2020-02-27 09:00,5.6,,,2000
119,수원,2020-02-27 10:00,6.9,,,2000
119,수원,2020-02-27 11:00,8.3,,,2000
119,수원,2020-02-27 12:00,9.2,,,2000
119,수원,2020-02-27 13:00,9.4,,,1986
119,수원,2020-02-27 14:00,9.6,,,2000
119,수원,2020-02-27 15:00,10.6,,,1999
119,수원,2020-02-27 16:00,10.9,,,2000
119,수원,2020-02-27 17:00,10.6,,,2000
119,수원,2020-02-27 18:00,8.5,,,2000
119,수원,2020-02-27 19:00,6.6,,,1999
119,수원,2020-02-27 20:00,5.7,,,1851
119,수원,2020-02-27 21:00,4.6,,,1995
119,수원,2020-02-27 22:00,4.2,,,2021
119,수원,2020-02-27 23:00,3.7,,,1901
119,수원,2020-02-28 00:00,3.4,,,1482
119,수원,2020-02-28 01:00,3.2,,,1390
119,수원,2020-02-28 02:00,3.2,,,1215
119,수원,2020-02-28 03:00,3.5,,,1280
119,수원,2020-02-28 04:00,3.2,,,1041
119,수원,2020-02-28 05:00,3.8,,,1078
119,수원,2020-02-28 06:00,4.1,,,1185
119,수원,2020-02-28 07:00,4.1,,,1137
119,수원,2020-02-28 08:00,5,,,1897
119,수원,2020-02-28 09:00,5.4,0,,1653
119,수원,2020-02-28 10:00,4.8,,,1558
119,수원,2020-02-28 11:00,3.7,,,758
119,수원,2020-02-28 12:00,3,2.4,,935
119,수원,2020-02-28 13:00,3.6,,,829
119,수원,2020-02-28 14:00,4.1,,,679
119,수원,2020-02-28 15:00,4.8,2.6,,1253
119,수원,2020-02-28 16:00,5.3,,,967
119,수원,2020-02-28 17:00,5.5,,,812
119,수원,2020-02-28 18:00,5.4,.2,,876
119,수원,2020-02-28 19:00,5.4,,,908
119,수원,2020-02-28 20:00,5.5,,,718
119,수원,2020-02-28 21:00,5.7,0,,667
119,수원,2020-02-28 22:00,5.6,,,532
119,수원,2020-02-28 23:00,5.6,,,582
119,수원,2020-02-29 00:00,5.2,0,,534
119,수원,2020-02-29 01:00,5.4,,,690
119,수원,2020-02-29 02:00,5.2,,,515
119,수원,2020-02-29 03:00,5.3,,,769
119,수원,2020-02-29 04:00,5.1,,,626
119,수원,2020-02-29 05:00,4.9,,,411
119,수원,2020-02-29 06:00,5.3,,,542
119,수원,2020-02-29 07:00,5.4,,,800
119,수원,2020-02-29 08:00,5.4,,,846
119,수원,2020-02-29 09:00,5.8,,,746
119,수원,2020-02-29 10:00,6.9,,,845
119,수원,2020-02-29 11:00,7.1,,,1138
119,수원,2020-02-29 12:00,9.4,,,1778
119,수원,2020-02-29 13:00,11.4,,,1800
119,수원,2020-02-29 14:00,12,,,1915
119,수원,2020-02-29 15:00,12.4,,,1876
119,수원,2020-02-29 16:00,11.7,,,1786
119,수원,2020-02-29 17:00,11.1,,,1887
119,수원,2020-02-29 18:00,9.3,,,1886
119,수원,2020-02-29 19:00,7.1,,,1783
119,수원,2020-02-29 20:00,6,,,1242
119,수원,2020-02-29 21:00,5.4,,,883
119,수원,2020-02-29 22:00,4.6,,,714
119,수원,2020-02-29 23:00,3.9,,,545
119,수원,2020-03-01 00:00,3.4,,,637
119,수원,2020-03-01 01:00,3.1,,,561
119,수원,2020-03-01 02:00,1.5,,,316
119,수원,2020-03-01 03:00,1.5,,,359
119,수원,2020-03-01 04:00,1.6,,,359
119,수원,2020-03-01 05:00,.5,,,271
119,수원,2020-03-01 06:00,1.4,,,140
119,수원,2020-03-01 07:00,2.6,,,27
119,수원,2020-03-01 08:00,2.9,,,90
119,수원,2020-03-01 09:00,3.3,,,414
119,수원,2020-03-01 10:00,4.1,,,581
119,수원,2020-03-01 11:00,6.2,,,693
119,수원,2020-03-01 12:00,8.6,,,889
119,수원,2020-03-01 13:00,9.6,,,784
119,수원,2020-03-01 14:00,9.7,,,740
119,수원,2020-03-01 15:00,7.9,,,900
119,수원,2020-03-01 16:00,6.4,,,1202
119,수원,2020-03-01 17:00,6.2,,,1155
119,수원,2020-03-01 18:00,5.9,,,960
119,수원,2020-03-01 19:00,5.5,,,789
119,수원,2020-03-01 20:00,5.1,,,797
119,수원,2020-03-01 21:00,5.1,,,742
119,수원,2020-03-01 22:00,5.2,,,592
119,수원,2020-03-01 23:00,4.9,,,585
119,수원,2020-03-02 00:00,4.9,0,,670
119,수원,2020-03-02 01:00,4.6,,,1149
119,수원,2020-03-02 02:00,3.6,,,1074
119,수원,2020-03-02 03:00,2.8,0,,813
119,수원,2020-03-02 04:00,3.1,,,648
119,수원,2020-03-02 05:00,1.9,,,833
119,수원,2020-03-02 06:00,1.4,,,1131
119,수원,2020-03-02 07:00,.8,,,1241
119,수원,2020-03-02 08:00,1.4,,,1097
119,수원,2020-03-02 09:00,2.3,,,1411
119,수원,2020-03-02 10:00,3.3,,,1771
119,수원,2020-03-02 11:00,4,,,1879
119,수원,2020-03-02 12:00,4.9,,,1815
119,수원,2020-03-02 13:00,6,,,1816
119,수원,2020-03-02 14:00,5.9,,,1841
119,수원,2020-03-02 15:00,5.6,,,2000
119,수원,2020-03-02 16:00,6.4,,,1872
119,수원,2020-03-02 17:00,5.5,,,1989
119,수원,2020-03-02 18:00,4.5,,,2000
119,수원,2020-03-02 19:00,3.8,,,2000
119,수원,2020-03-02 20:00,3,,,1996
119,수원,2020-03-02 21:00,2.5,,,1961
119,수원,2020-03-02 22:00,1.9,,,1969
119,수원,2020-03-02 23:00,1.7,,,1811
119,수원,2020-03-03 00:00,.6,,,1480
119,수원,2020-03-03 01:00,.1,,,1283
119,수원,2020-03-03 02:00,-.5,,,1022
119,수원,2020-03-03 03:00,.3,,,1056
119,수원,2020-03-03 04:00,-.2,,,900
119,수원,2020-03-03 05:00,-.3,,,823
119,수원,2020-03-03 06:00,-.1,,,851
119,수원,2020-03-03 07:00,-.6,,,744
119,수원,2020-03-03 08:00,1.9,,,754
119,수원,2020-03-03 09:00,4.3,,,1006
119,수원,2020-03-03 10:00,6.7,,,1259
119,수원,2020-03-03 11:00,7.8,,,1448
119,수원,2020-03-03 12:00,8.9,,,1568
119,수원,2020-03-03 13:00,10,,,1458
119,수원,2020-03-03 14:00,10.3,,,1445
119,수원,2020-03-03 15:00,10.4,,,1437
119,수원,2020-03-03 16:00,9.7,,,1190
119,수원,2020-03-03 17:00,8.6,,,1079
119,수원,2020-03-03 18:00,6.4,,,1096
119,수원,2020-03-03 19:00,5.1,,,838
119,수원,2020-03-03 20:00,4.5,,,950
119,수원,2020-03-03 21:00,3.8,,,1118
119,수원,2020-03-03 22:00,3.2,,,1610
119,수원,2020-03-03 23:00,3,,,1621
119,수원,2020-03-04 00:00,2.9,,,1517
119,수원,2020-03-04 01:00,3.2,,,1689
119,수원,2020-03-04 02:00,3.6,,,1561
119,수원,2020-03-04 03:00,3.5,,,1105
119,수원,2020-03-04 04:00,3.7,,,1167
119,수원,2020-03-04 05:00,3.3,,,773
119,수원,2020-03-04 06:00,3.2,.2,,923
119,수원,2020-03-04 07:00,2.9,,,942
119,수원,2020-03-04 08:00,3.3,,,1001
119,수원,2020-03-04 09:00,4.3,,,1475
119,수원,2020-03-04 10:00,4.3,,,1386
119,수원,2020-03-04 11:00,4.4,,,1309
119,수원,2020-03-04 12:00,4.4,,,1294
119,수원,2020-03-04 13:00,5,,,1665
119,수원,2020-03-04 14:00,4.2,,,1375
119,수원,2020-03-04 15:00,3.2,,,1425
119,수원,2020-03-04 16:00,3.2,,,1412
119,수원,2020-03-04 17:00,2.2,,,1062
119,수원,2020-03-04 18:00,1.8,0,,1105
119,수원,2020-03-04 19:00,1.2,,,1421
119,수원,2020-03-04 20:00,.7,,,1485
119,수원,2020-03-04 21:00,.3,,,1282
119,수원,2020-03-04 22:00,0,,,1315
119,수원,2020-03-04 23:00,-.1,,,1235
119,수원,2020-03-05 00:00,-.8,,,1162
119,수원,2020-03-05 01:00,-1.3,,,1198
119,수원,2020-03-05 02:00,-1.2,,,1102
119,수원,2020-03-05 03:00,-1.2,,,1264
119,수원,2020-03-05 04:00,-1.4,,,1280
119,수원,2020-03-05 05:00,-1.6,,,1658
119,수원,2020-03-05 06:00,-2.2,,,1538
119,수원,2020-03-05 07:00,-2.1,,,1476
119,수원,2020-03-05 08:00,-1.3,,,1853
119,수원,2020-03-05 09:00,-.5,,,1576
119,수원,2020-03-05 10:00,.7,,,1686
119,수원,2020-03-05 11:00,2.3,,,1897
119,수원,2020-03-05 12:00,3.6,,,1930
119,수원,2020-03-05 13:00,4.3,,,1893
119,수원,2020-03-05 14:00,5,,,1930
119,수원,2020-03-05 15:00,5.3,,,1872
119,수원,2020-03-05 16:00,4.9,,,1982
119,수원,2020-03-05 17:00,4.6,,,1827
119,수원,2020-03-05 18:00,3.6,,,1992
119,수원,2020-03-05 19:00,2.3,,,2000
119,수원,2020-03-05 20:00,1.9,,,2000
119,수원,2020-03-05 21:00,1.2,,,2000
119,수원,2020-03-05 22:00,.4,,,2000
119,수원,2020-03-05 23:00,-.1,,,2025
119,수원,2020-03-06 00:00,-.8,,,1764
119,수원,2020-03-06 01:00,-1.1,,,1649
119,수원,2020-03-06 02:00,-1.9,,,1359
119,수원,2020-03-06 03:00,-1.5,,,1213
119,수원,2020-03-06 04:00,-2.2,,,1354
119,수원,2020-03-06 05:00,-2.3,,,1433
119,수원,2020-03-06 06:00,-2.9,,,1383
119,수원,2020-03-06 07:00,-2.8,,,1194
119,수원,2020-03-06 08:00,-1.3,,,1356
119,수원,2020-03-06 09:00,.9,,,1529
119,수원,2020-03-06 10:00,2.7,,,1666
119,수원,2020-03-06 11:00,4.8,,,1892
119,수원,2020-03-06 12:00,6,,,1936
119,수원,2020-03-06 13:00,6.6,,,1998
119,수원,2020-03-06 14:00,8.7,,,2022
119,수원,2020-03-06 15:00,9.9,,,1999
119,수원,2020-03-06 16:00,10.2,,,1885
119,수원,2020-03-06 17:00,8.8,,,1988
119,수원,2020-03-06 18:00,7.4,,,1996
119,수원,2020-03-06 19:00,5.4,,,2047
119,수원,2020-03-06 20:00,4.5,,,1688
119,수원,2020-03-06 21:00,3.6,,,1552
119,수원,2020-03-06 22:00,3,,,1863
119,수원,2020-03-06 23:00,2,,,1632
119,수원,2020-03-07 00:00,1.4,,,1431
119,수원,2020-03-07 01:00,1.8,,,1304
119,수원,2020-03-07 02:00,.7,,,1108
119,수원,2020-03-07 03:00,.2,,,1101
119,수원,2020-03-07 04:00,-.3,,,924
119,수원,2020-03-07 05:00,0,,,987
119,수원,2020-03-07 06:00,-.1,,,1048
119,수원,2020-03-07 07:00,-.3,,,838
119,수원,2020-03-07 08:00,1.3,,,994
119,수원,2020-03-07 09:00,3.3,,,943
119,수원,2020-03-07 10:00,7.2,,,1740
119,수원,2020-03-07 11:00,9.1,,,1591
119,수원,2020-03-07 12:00,9.8,,,1722
119,수원,2020-03-07 13:00,10.7,,,1902
119,수원,2020-03-07 14:00,11.8,,,1854
119,수원,2020-03-07 15:00,12.2,,,1984
119,수원,2020-03-07 16:00,11.5,,,1989
119,수원,2020-03-07 17:00,11.1,,,1698
119,수원,2020-03-07 18:00,9.4,,,1670
119,수원,2020-03-07 19:00,7,,,1126
119,수원,2020-03-07 20:00,5.6,,,1107
119,수원,2020-03-07 21:00,5.1,,,1319
119,수원,2020-03-07 22:00,3.5,,,1114
119,수원,2020-03-07 23:00,3.3,,,1079
119,수원,2020-03-08 00:00,2.8,,,788
119,수원,2020-03-08 01:00,1.7,,,969
119,수원,2020-03-08 02:00,1.8,,,1475
119,수원,2020-03-08 03:00,1,,,2000
119,수원,2020-03-08 04:00,.1,,,538
119,수원,2020-03-08 05:00,-.4,,,704
119,수원,2020-03-08 06:00,-.2,,,847
119,수원,2020-03-08 07:00,-.7,,,753
119,수원,2020-03-08 08:00,1.4,,,600
119,수원,2020-03-08 09:00,4.5,,,533
119,수원,2020-03-08 10:00,7.6,,,668
119,수원,2020-03-08 11:00,10.5,,,854
119,수원,2020-03-08 12:00,12.9,,,1098
119,수원,2020-03-08 13:00,14,,,1239
119,수원,2020-03-08 14:00,14.8,,,1756
119,수원,2020-03-08 15:00,16.5,,,1912
119,수원,2020-03-08 16:00,16.6,,,1947
119,수원,2020-03-08 17:00,14.7,,,817
119,수원,2020-03-08 18:00,13,,,951
119,수원,2020-03-08 19:00,10.2,,,1010
119,수원,2020-03-08 20:00,8.8,,,619
119,수원,2020-03-08 21:00,7.1,,,833
119,수원,2020-03-08 22:00,6.2,,,825
119,수원,2020-03-08 23:00,5.2,,,1331
119,수원,2020-03-09 00:00,4.4,,,700
119,수원,2020-03-09 01:00,4.5,,,613
119,수원,2020-03-09 02:00,3.3,,,620
119,수원,2020-03-09 03:00,2.8,,,565
119,수원,2020-03-09 04:00,2.3,,,563
119,수원,2020-03-09 05:00,1.9,,,703
119,수원,2020-03-09 06:00,2.4,,,440
119,수원,2020-03-09 07:00,1.9,,,452
119,수원,2020-03-09 08:00,2.9,,,465
119,수원,2020-03-09 09:00,7.5,,,591
119,수원,2020-03-09 10:00,10.1,,,533
119,수원,2020-03-09 11:00,12.7,,,624
119,수원,2020-03-09 12:00,14.3,,,638
119,수원,2020-03-09 13:00,15.9,,,819
119,수원,2020-03-09 14:00,16.2,,,1137
119,수원,2020-03-09 15:00,15.9,,,1056
119,수원,2020-03-09 16:00,15.5,,,1602
119,수원,2020-03-09 17:00,13.3,,,606
119,수원,2020-03-09 18:00,12.8,,,1045
119,수원,2020-03-09 19:00,12.7,,,1188
119,수원,2020-03-09 20:00,11.6,,,1406
119,수원,2020-03-09 21:00,11.9,0,,1498
119,수원,2020-03-09 22:00,10.7,,,1937
119,수원,2020-03-09 23:00,10.1,,,1172
119,수원,2020-03-10 00:00,8.6,.2,,945
119,수원,2020-03-10 01:00,7.6,,,700
119,수원,2020-03-10 02:00,7.5,,,906
119,수원,2020-03-10 03:00,7.6,1,,704
119,수원,2020-03-10 04:00,7.5,,,767
119,수원,2020-03-10 05:00,6.9,,,600
119,수원,2020-03-10 06:00,6.7,.3,,713
119,수원,2020-03-10 07:00,6.7,,,672
119,수원,2020-03-10 08:00,6.6,,,365
119,수원,2020-03-10 09:00,7.1,2.7,,391
119,수원,2020-03-10 10:00,7.5,,,748
119,수원,2020-03-10 11:00,7.7,,,1118
119,수원,2020-03-10 12:00,8,3.1,,1065
119,수원,2020-03-10 13:00,7.4,,,1481
119,수원,2020-03-10 14:00,7.9,,,1703
119,수원,2020-03-10 15:00,7.1,.2,,1100
119,수원,2020-03-10 16:00,7.1,,,2035
119,수원,2020-03-10 17:00,7,,,875
119,수원,2020-03-10 18:00,6.9,0,,800
119,수원,2020-03-10 19:00,6.9,,,1326
119,수원,2020-03-10 20:00,6.2,,,1973
119,수원,2020-03-10 21:00,5.6,,,2000
119,수원,2020-03-10 22:00,5,,,2000
119,수원,2020-03-10 23:00,4.4,,,2000
119,수원,2020-03-11 00:00,3.9,,,1965
119,수원,2020-03-11 01:00,3.9,,,1930
119,수원,2020-03-11 02:00,2.9,,,1677
119,수원,2020-03-11 03:00,2,,,1878
119,수원,2020-03-11 04:00,2.1,,,1997
119,수원,2020-03-11 05:00,1.1,,,2000
119,수원,2020-03-11 06:00,1,,,2000
119,수원,2020-03-11 07:00,.7,,,2000
119,수원,2020-03-11 08:00,2,,,2000
119,수원,2020-03-11 09:00,3,,,1996
119,수원,2020-03-11 10:00,4.2,,,1994
119,수원,2020-03-11 11:00,5.2,,,2013
119,수원,2020-03-11 12:00,5.7,,,1948
119,수원,2020-03-11 13:00,6.4,,,2000
119,수원,2020-03-11 14:00,6.5,,,2000
119,수원,2020-03-11 15:00,6.6,,,2000
119,수원,2020-03-11 16:00,6.9,,,2015
119,수원,2020-03-11 17:00,6.2,,,1950
119,수원,2020-03-11 18:00,5.9,,,2000
119,수원,2020-03-11 19:00,4.3,,,1961
119,수원,2020-03-11 20:00,3.7,,,1984
119,수원,2020-03-11 21:00,2.7,,,1674
119,수원,2020-03-11 22:00,2.3,,,2000
119,수원,2020-03-11 23:00,1.9,,,2000
119,수원,2020-03-12 00:00,.9,,,2000
119,수원,2020-03-12 01:00,.8,,,1948
119,수원,2020-03-12 02:00,.8,,,1996
119,수원,2020-03-12 03:00,.4,,,1969
119,수원,2020-03-12 04:00,.5,,,1978
119,수원,2020-03-12 05:00,-.8,,,1607
119,수원,2020-03-12 06:00,-.4,,,1855
119,수원,2020-03-12 07:00,-.3,,,1404
119,수원,2020-03-12 08:00,2.1,,,1832
119,수원,2020-03-12 09:00,4.6,,,2083
119,수원,2020-03-12 10:00,6.9,,,1937
119,수원,2020-03-12 11:00,8.3,,,1999
119,수원,2020-03-12 12:00,10,,,1991
119,수원,2020-03-12 13:00,11.5,,,2000
119,수원,2020-03-12 14:00,12.6,,,2000
119,수원,2020-03-12 15:00,13.9,,,1996
119,수원,2020-03-12 16:00,13.4,,,2000
119,수원,2020-03-12 17:00,11.8,,,2000
119,수원,2020-03-12 18:00,10.4,,,2000
119,수원,2020-03-12 19:00,8.7,,,2000
119,수원,2020-03-12 20:00,8.3,,,2000
119,수원,2020-03-12 21:00,6.8,,,1868
119,수원,2020-03-12 22:00,6.5,,,2003
119,수원,2020-03-12 23:00,6.3,,,1955
119,수원,2020-03-13 00:00,6.1,,,1808
119,수원,2020-03-13 01:00,6.6,,,1915
119,수원,2020-03-13 02:00,6.9,,,1620
119,수원,2020-03-13 03:00,7,,,1312
119,수원,2020-03-13 04:00,6.4,,,378
119,수원,2020-03-13 05:00,6.1,,,992
119,수원,2020-03-13 06:00,5.5,.1,,1983
119,수원,2020-03-13 07:00,5.2,,,1891
119,수원,2020-03-13 08:00,5.1,,,2000
119,수원,2020-03-13 09:00,5.2,,,2000
119,수원,2020-03-13 10:00,6.2,,,1982
119,수원,2020-03-13 11:00,7.7,,,2000
119,수원,2020-03-13 12:00,8.6,,,2000
119,수원,2020-03-13 13:00,9.6,,,1999
119,수원,2020-03-13 14:00,8.9,,,2000
119,수원,2020-03-13 15:00,8.4,,,2000
119,수원,2020-03-13 16:00,7.8,,,1996
119,수원,2020-03-13 17:00,6.4,,,2000
119,수원,2020-03-13 18:00,4.5,,,2000
119,수원,2020-03-13 19:00,4,,,2072
119,수원,2020-03-13 20:00,2.8,,,1877
119,수원,2020-03-13 21:00,3,,,2000
119,수원,2020-03-13 22:00,2.1,,,2000
119,수원,2020-03-13 23:00,1.4,,,2000
119,수원,2020-03-14 00:00,.6,,,2000
119,수원,2020-03-14 01:00,-.5,,,2000
119,수원,2020-03-14 02:00,-1,,,2000
119,수원,2020-03-14 03:00,-1.2,,,2000
119,수원,2020-03-14 04:00,-1.3,,,2000
119,수원,2020-03-14 05:00,-2.3,,,2000
119,수원,2020-03-14 06:00,-2.3,,,2000
119,수원,2020-03-14 07:00,-2.7,,,2000
119,수원,2020-03-14 08:00,.9,,,1349
119,수원,2020-03-14 09:00,2.1,,,1948
119,수원,2020-03-14 10:00,4.5,,,2000
119,수원,2020-03-14 11:00,5.6,,,2000
119,수원,2020-03-14 12:00,7.4,,,1928
119,수원,2020-03-14 13:00,7.4,,,2000
119,수원,2020-03-14 14:00,8.3,,,2000
119,수원,2020-03-14 15:00,8.2,,,2000
119,수원,2020-03-14 16:00,8.3,,,1977
119,수원,2020-03-14 17:00,8.2,,,2000
119,수원,2020-03-14 18:00,7.3,,,1718
119,수원,2020-03-14 19:00,6.2,,,1579
119,수원,2020-03-14 20:00,5.4,,,1084
119,수원,2020-03-14 21:00,5.8,,,889
119,수원,2020-03-14 22:00,5.2,,,607
119,수원,2020-03-14 23:00,4.6,,,504
119,수원,2020-03-15 00:00,4,,,602
119,수원,2020-03-15 01:00,4,,,1569
119,수원,2020-03-15 02:00,3.3,,,1623
119,수원,2020-03-15 03:00,3.1,,,1327
119,수원,2020-03-15 04:00,2.2,,,828
119,수원,2020-03-15 05:00,2.5,,,1033
119,수원,2020-03-15 06:00,2.2,,,1227
119,수원,2020-03-15 07:00,2,,,663
119,수원,2020-03-15 08:00,3.5,,,1243
119,수원,2020-03-15 09:00,6.2,,,1463
119,수원,2020-03-15 10:00,7.7,,,1903
119,수원,2020-03-15 11:00,8.8,,,1991
119,수원,2020-03-15 12:00,8.4,,,1997
119,수원,2020-03-15 13:00,8.6,,,1992
119,수원,2020-03-15 14:00,7.8,,,1962
119,수원,2020-03-15 15:00,7.8,,,2000
119,수원,2020-03-15 16:00,6.7,,,1996
119,수원,2020-03-15 17:00,5.4,,,2000
119,수원,2020-03-15 18:00,4.6,,,2000
119,수원,2020-03-15 19:00,3.5,,,2000
119,수원,2020-03-15 20:00,2.8,,,2000
119,수원,2020-03-15 21:00,2.5,,,2000
119,수원,2020-03-15 22:00,1.9,,,2000
119,수원,2020-03-15 23:00,1.1,,,2000
119,수원,2020-03-16 00:00,1.1,,,2000
119,수원,2020-03-16 01:00,.4,,,2000
119,수원,2020-03-16 02:00,.1,,,2000
119,수원,2020-03-16 03:00,-1,,,2000
119,수원,2020-03-16 04:00,-.8,,,1995
119,수원,2020-03-16 05:00,-1,,,2000
119,수원,2020-03-16 06:00,-1.8,,,1992
119,수원,2020-03-16 07:00,-2.1,,,1998
119,수원,2020-03-16 08:00,-.1,,,1990
119,수원,2020-03-16 09:00,2.6,,,2000
119,수원,2020-03-16 10:00,4.6,,,2000
119,수원,2020-03-16 11:00,5.9,,,2000
119,수원,2020-03-16 12:00,7.3,,,1994
119,수원,2020-03-16 13:00,7.7,,,2000
119,수원,2020-03-16 14:00,8.2,,,2000
119,수원,2020-03-16 15:00,8.8,,,2000
119,수원,2020-03-16 16:00,8.2,,,2000
119,수원,2020-03-16 17:00,6.7,,,2000
119,수원,2020-03-16 18:00,5.6,,,2000
119,수원,2020-03-16 19:00,4.1,,,2000
119,수원,2020-03-16 20:00,3.4,,,2000
119,수원,2020-03-16 21:00,3,,,2000
119,수원,2020-03-16 22:00,2.4,,,2000
119,수원,2020-03-16 23:00,2.1,,,2000
119,수원,2020-03-17 00:00,1.6,,,1995
119,수원,2020-03-17 01:00,2.1,,,2000
119,수원,2020-03-17 02:00,2.5,,,1998
119,수원,2020-03-17 03:00,2.5,,,1920
119,수원,2020-03-17 04:00,2.5,,,1900
119,수원,2020-03-17 05:00,3.2,,,1970
119,수원,2020-03-17 06:00,3.3,,,2000
119,수원,2020-03-17 07:00,3.7,,,2000
119,수원,2020-03-17 08:00,4,,,2000
119,수원,2020-03-17 09:00,4.1,,,1961
119,수원,2020-03-17 10:00,4.6,,,1890
119,수원,2020-03-17 11:00,5.2,,,1967
119,수원,2020-03-17 12:00,5.9,,,1383
119,수원,2020-03-17 13:00,7.6,,,1616
119,수원,2020-03-17 14:00,11.2,,,1182
119,수원,2020-03-17 15:00,12.3,,,1167
119,수원,2020-03-17 16:00,12.6,,,1153
119,수원,2020-03-17 17:00,11.9,,,1100
119,수원,2020-03-17 18:00,10.5,,,874
119,수원,2020-03-17 19:00,8.6,,,727
119,수원,2020-03-17 20:00,7.4,,,717
119,수원,2020-03-17 21:00,6.2,,,711
119,수원,2020-03-17 22:00,5.3,,,666
119,수원,2020-03-17 23:00,4.2,,,591
119,수원,2020-03-18 00:00,2.4,,,520
119,수원,2020-03-18 01:00,2.4,,,418
119,수원,2020-03-18 02:00,1.7,,,429
119,수원,2020-03-18 03:00,2,,,252
119,수원,2020-03-18 04:00,1.3,,,217
119,수원,2020-03-18 05:00,.2,,,195
119,수원,2020-03-18 06:00,-.3,,,190
119,수원,2020-03-18 07:00,.7,,,151
119,수원,2020-03-18 08:00,2.6,,,313
119,수원,2020-03-18 09:00,6.9,,,681
119,수원,2020-03-18 10:00,8.4,,,893
119,수원,2020-03-18 11:00,11.1,,,1469
119,수원,2020-03-18 12:00,13.4,,,1800
119,수원,2020-03-18 13:00,14.9,,,1980
119,수원,2020-03-18 14:00,15.4,,,2000
119,수원,2020-03-18 15:00,16.7,,,1971
119,수원,2020-03-18 16:00,17.4,,,1979
119,수원,2020-03-18 17:00,16.8,,,1998
119,수원,2020-03-18 18:00,15.8,,,2000
119,수원,2020-03-18 19:00,13.3,,,2000
119,수원,2020-03-18 20:00,11.1,,,2000
119,수원,2020-03-18 21:00,10.1,,,2000
119,수원,2020-03-18 22:00,10.1,,,2000
119,수원,2020-03-18 23:00,9.8,,,2000
119,수원,2020-03-19 00:00,10.7,,,1706
119,수원,2020-03-19 01:00,9.8,,,1999
119,수원,2020-03-19 02:00,10.4,,,1802
119,수원,2020-03-19 03:00,10,,,1764
119,수원,2020-03-19 04:00,9.1,,,1692
119,수원,2020-03-19 05:00,9.1,,,987
119,수원,2020-03-19 06:00,11.3,,,1042
119,수원,2020-03-19 07:00,13.3,,,1609
119,수원,2020-03-19 08:00,12.1,,,1335
119,수원,2020-03-19 09:00,9.8,,,685
119,수원,2020-03-19 10:00,8.4,,,721
119,수원,2020-03-19 11:00,9.3,,,1601
119,수원,2020-03-19 12:00,8.2,,,1845
119,수원,2020-03-19 13:00,8.6,,,1996
119,수원,2020-03-19 14:00,8.9,,,1933
119,수원,2020-03-19 15:00,9.3,,,2019
119,수원,2020-03-19 16:00,8.6,,,2000
119,수원,2020-03-19 17:00,8.2,,,2000
119,수원,2020-03-19 18:00,7.6,,,1994
119,수원,2020-03-19 19:00,6.9,,,2000
119,수원,2020-03-19 20:00,6.9,,,2000
119,수원,2020-03-19 21:00,6.7,,,2000
119,수원,2020-03-19 22:00,7.2,,,2000
119,수원,2020-03-19 23:00,7,,,1999
119,수원,2020-03-20 00:00,6.7,,,2000
119,수원,2020-03-20 01:00,5.8,,,2000
119,수원,2020-03-20 02:00,5.2,,,2000
119,수원,2020-03-20 03:00,4.8,,,2000
119,수원,2020-03-20 04:00,4.3,,,2000
119,수원,2020-03-20 05:00,3.4,,,2000
119,수원,2020-03-20 06:00,3.4,,,1992
119,수원,2020-03-20 07:00,2.7,,,1545
119,수원,2020-03-20 08:00,4.8,,,1525
119,수원,2020-03-20 09:00,7.2,,,1612
119,수원,2020-03-20 10:00,9.2,,,2015
119,수원,2020-03-20 11:00,11.5,,,1986
119,수원,2020-03-20 12:00,12.9,,,1938
119,수원,2020-03-20 13:00,14.2,,,1995
119,수원,2020-03-20 14:00,13.7,,,2000
119,수원,2020-03-20 15:00,13.7,,,2000
119,수원,2020-03-20 16:00,13.3,,,2000
119,수원,2020-03-20 17:00,13,,,2000
119,수원,2020-03-20 18:00,11.7,,,2000
119,수원,2020-03-20 19:00,10.6,,,2000
119,수원,2020-03-20 20:00,10,,,2000
119,수원,2020-03-20 21:00,9,,,1996
119,수원,2020-03-20 22:00,7.8,,,2000
119,수원,2020-03-20 23:00,6.9,,,2000
119,수원,2020-03-21 00:00,6.5,,,2000
119,수원,2020-03-21 01:00,7.5,,,1949
119,수원,2020-03-21 02:00,5.9,,,2000
119,수원,2020-03-21 03:00,5.3,,,1992
119,수원,2020-03-21 04:00,4.5,,,2000
119,수원,2020-03-21 05:00,6.6,,,2000
119,수원,2020-03-21 06:00,6.9,,,2000
119,수원,2020-03-21 07:00,7.9,,,2000
119,수원,2020-03-21 08:00,8.8,,,1950
119,수원,2020-03-21 09:00,9.8,,,1999
119,수원,2020-03-21 10:00,11.5,,,1954
119,수원,2020-03-21 11:00,13.7,,,1854
119,수원,2020-03-21 12:00,15.7,,,1760
119,수원,2020-03-21 13:00,17.3,,,1767
119,수원,2020-03-21 14:00,18.4,,,1634
119,수원,2020-03-21 15:00,19.7,,,1716
119,수원,2020-03-21 16:00,19.8,,,1646
119,수원,2020-03-21 17:00,17.4,,,1865
119,수원,2020-03-21 18:00,14.9,,,1625
119,수원,2020-03-21 19:00,13.3,,,1521
119,수원,2020-03-21 20:00,12.1,,,1337
119,수원,2020-03-21 21:00,11.3,,,871
119,수원,2020-03-21 22:00,11.4,,,873
119,수원,2020-03-21 23:00,11.4,,,815
119,수원,2020-03-22 00:00,11.1,,,814
119,수원,2020-03-22 01:00,10.4,,,529
119,수원,2020-03-22 02:00,9.7,,,645
119,수원,2020-03-22 03:00,9.5,,,746
119,수원,2020-03-22 04:00,7.7,,,549
119,수원,2020-03-22 05:00,6.9,,,442
119,수원,2020-03-22 06:00,5.4,,,563
119,수원,2020-03-22 07:00,5.5,,,819
119,수원,2020-03-22 08:00,7.4,,,1983
119,수원,2020-03-22 09:00,9.7,,,1853
119,수원,2020-03-22 10:00,12.3,,,2000
119,수원,2020-03-22 11:00,13.6,,,2000
119,수원,2020-03-22 12:00,15.3,,,2000
119,수원,2020-03-22 13:00,16,,,1950
119,수원,2020-03-22 14:00,16.3,,,2000
119,수원,2020-03-22 15:00,16.6,,,1994
119,수원,2020-03-22 16:00,15.6,,,2000
119,수원,2020-03-22 17:00,14.6,,,1994
119,수원,2020-03-22 18:00,12.9,,,2000
119,수원,2020-03-22 19:00,11.5,,,2000
119,수원,2020-03-22 20:00,9.2,,,2000
119,수원,2020-03-22 21:00,9,,,2000
119,수원,2020-03-22 22:00,9,,,2000
119,수원,2020-03-22 23:00,9.5,,,2000
119,수원,2020-03-23 00:00,8.6,,,1988
119,수원,2020-03-23 01:00,7.3,,,2000
119,수원,2020-03-23 02:00,7.6,,,2000
119,수원,2020-03-23 03:00,5.6,,,2000
119,수원,2020-03-23 04:00,4.5,,,2000
119,수원,2020-03-23 05:00,3.7,,,2000
119,수원,2020-03-23 06:00,3.4,,,1995
119,수원,2020-03-23 07:00,3.5,,,1845
119,수원,2020-03-23 08:00,7.5,,,1455
119,수원,2020-03-23 09:00,9,,,1662
119,수원,2020-03-23 10:00,11.1,,,1893
119,수원,2020-03-23 11:00,12.4,,,1738
119,수원,2020-03-23 12:00,13.9,,,1898
119,수원,2020-03-23 13:00,14.9,,,1954
119,수원,2020-03-23 14:00,15.9,,,1918
119,수원,2020-03-23 15:00,16,,,1981
119,수원,2020-03-23 16:00,15.2,,,1896
119,수원,2020-03-23 17:00,14.1,,,1879
119,수원,2020-03-23 18:00,12,,,1848
119,수원,2020-03-23 19:00,10.3,,,1658
119,수원,2020-03-23 20:00,9.3,,,1628
119,수원,2020-03-23 21:00,8.8,,,1482
119,수원,2020-03-23 22:00,7.1,,,1042
119,수원,2020-03-23 23:00,6.4,,,859
119,수원,2020-03-24 00:00,5.7,,,687
119,수원,2020-03-24 01:00,5.2,,,614
119,수원,2020-03-24 02:00,4.7,,,598
119,수원,2020-03-24 03:00,4,,,900
119,수원,2020-03-24 04:00,3.4,,,760
119,수원,2020-03-24 05:00,3.5,,,517
119,수원,2020-03-24 06:00,2.9,,,547
119,수원,2020-03-24 07:00,3.2,,,599
119,수원,2020-03-24 08:00,6.2,,,693
119,수원,2020-03-24 09:00,8.3,,,635
119,수원,2020-03-24 10:00,11.1,,,660
119,수원,2020-03-24 11:00,13.3,,,837
119,수원,2020-03-24 12:00,14.7,,,1576
119,수원,2020-03-24 13:00,15.7,,,1701
119,수원,2020-03-24 14:00,16.9,,,1477
119,수원,2020-03-24 15:00,17,,,1318
119,수원,2020-03-24 16:00,16.3,,,1821
119,수원,2020-03-24 17:00,15.5,,,1811
119,수원,2020-03-24 18:00,14.3,,,2000
119,수원,2020-03-24 19:00,12.2,,,2000
119,수원,2020-03-24 20:00,11,,,1940
119,수원,2020-03-24 21:00,9.1,,,1748
119,수원,2020-03-24 22:00,8,,,1911
119,수원,2020-03-24 23:00,7.7,,,1939
119,수원,2020-03-25 00:00,6.4,,,1853
119,수원,2020-03-25 01:00,6.1,,,1589
119,수원,2020-03-25 02:00,6.7,,,1043
119,수원,2020-03-25 03:00,5.6,,,843
119,수원,2020-03-25 04:00,4.8,,,701
119,수원,2020-03-25 05:00,4.1,,,695
119,수원,2020-03-25 06:00,2.9,,,607
119,수원,2020-03-25 07:00,3.4,,,630
119,수원,2020-03-25 08:00,8.2,,,610
119,수원,2020-03-25 09:00,11.1,,,1540
119,수원,2020-03-25 10:00,13.6,,,1396
119,수원,2020-03-25 11:00,15,,,1711
119,수원,2020-03-25 12:00,17,,,1863
119,수원,2020-03-25 13:00,18.6,,,1766
119,수원,2020-03-25 14:00,19.2,,,1829
119,수원,2020-03-25 15:00,19.1,,,1634
119,수원,2020-03-25 16:00,17.5,,,1644
119,수원,2020-03-25 17:00,16.7,,,1948
119,수원,2020-03-25 18:00,15.6,,,1996
119,수원,2020-03-25 19:00,14.4,,,2000
119,수원,2020-03-25 20:00,13.8,,,1850
119,수원,2020-03-25 21:00,12.7,,,2000
119,수원,2020-03-25 22:00,11.6,,,1927
119,수원,2020-03-25 23:00,10.9,,,1709
119,수원,2020-03-26 00:00,10.3,,,1694
119,수원,2020-03-26 01:00,8.9,,,1593
119,수원,2020-03-26 02:00,8.9,,,1498
119,수원,2020-03-26 03:00,8.2,,,1521
119,수원,2020-03-26 04:00,7.6,,,878
119,수원,2020-03-26 05:00,7.1,,,950
119,수원,2020-03-26 06:00,7,,,962
119,수원,2020-03-26 07:00,7.7,,,823
119,수원,2020-03-26 08:00,11.3,,,708
119,수원,2020-03-26 09:00,14.3,,,890
119,수원,2020-03-26 10:00,16.8,,,1465
119,수원,2020-03-26 11:00,17.9,,,1936
119,수원,2020-03-26 12:00,18.7,,,1986
119,수원,2020-03-26 13:00,19.5,,,1642
119,수원,2020-03-26 14:00,20.1,,,1695
119,수원,2020-03-26 15:00,19.2,,,1872
119,수원,2020-03-26 16:00,17.9,,,2034
119,수원,2020-03-26 17:00,16.4,,,1880
119,수원,2020-03-26 18:00,16.9,0,,1998
119,수원,2020-03-26 19:00,16.1,,,1949
119,수원,2020-03-26 20:00,14.4,,,542
119,수원,2020-03-26 21:00,14.8,.1,,1239
119,수원,2020-03-26 22:00,14.8,,,1153
119,수원,2020-03-26 23:00,14.1,,,761
119,수원,2020-03-27 00:00,13.9,4,,604
119,수원,2020-03-27 01:00,13.8,,,219
119,수원,2020-03-27 02:00,13.7,,,143
119,수원,2020-03-27 03:00,13.6,5.4,,149
119,수원,2020-03-27 04:00,13.6,,,278
119,수원,2020-03-27 05:00,13,,,337
119,수원,2020-03-27 06:00,12.6,2.2,,606
119,수원,2020-03-27 07:00,12.3,,,647
119,수원,2020-03-27 08:00,12.4,,,750
119,수원,2020-03-27 09:00,11.6,,,501
119,수원,2020-03-27 10:00,12.3,,,781
119,수원,2020-03-27 11:00,12.2,,,875
119,수원,2020-03-27 12:00,11.6,,,1929
119,수원,2020-03-27 13:00,12.4,,,1967
119,수원,2020-03-27 14:00,12.8,,,2000
119,수원,2020-03-27 15:00,12.8,,,2000
119,수원,2020-03-27 16:00,12.7,,,1998
119,수원,2020-03-27 17:00,11.4,,,2000
119,수원,2020-03-27 18:00,10.4,,,2000
119,수원,2020-03-27 19:00,8.8,,,2000
119,수원,2020-03-27 20:00,9,,,2000
119,수원,2020-03-27 21:00,8.8,,,2000
119,수원,2020-03-27 22:00,8.2,,,2000
119,수원,2020-03-27 23:00,7.3,,,1996
119,수원,2020-03-28 00:00,7.3,,,2000
119,수원,2020-03-28 01:00,7.6,,,2000
119,수원,2020-03-28 02:00,7.5,,,2000
119,수원,2020-03-28 03:00,6.7,,,2000
119,수원,2020-03-28 04:00,7.3,,,2000
119,수원,2020-03-28 05:00,6.4,,,2000
119,수원,2020-03-28 06:00,5.3,,,2000
119,수원,2020-03-28 07:00,5,,,1951
119,수원,2020-03-28 08:00,5.5,,,2000
119,수원,2020-03-28 09:00,6.2,,,2000
119,수원,2020-03-28 10:00,7.3,,,2000
119,수원,2020-03-28 11:00,8.4,,,2000
119,수원,2020-03-28 12:00,9.4,,,2000
119,수원,2020-03-28 13:00,10.7,,,1995
119,수원,2020-03-28 14:00,11.1,,,1997
119,수원,2020-03-28 15:00,11.8,,,2000
119,수원,2020-03-28 16:00,11.6,,,1990
119,수원,2020-03-28 17:00,9.8,,,2000
119,수원,2020-03-28 18:00,9,,,2000
119,수원,2020-03-28 19:00,8.2,,,2000
119,수원,2020-03-28 20:00,7.1,,,2000
119,수원,2020-03-28 21:00,6.9,,,2000
119,수원,2020-03-28 22:00,6.1,,,1955
119,수원,2020-03-28 23:00,5.4,,,2000
119,수원,2020-03-29 00:00,4.4,,,2000
119,수원,2020-03-29 01:00,2.7,,,2000
119,수원,2020-03-29 02:00,1.5,,,2000
119,수원,2020-03-29 03:00,1.5,,,2000
119,수원,2020-03-29 04:00,.5,,,1975
119,수원,2020-03-29 05:00,.1,,,2000
119,수원,2020-03-29 06:00,-.9,,,2000
119,수원,2020-03-29 07:00,-.1,,,1933
119,수원,2020-03-29 08:00,3.7,,,2000
119,수원,2020-03-29 09:00,7.2,,,2000
119,수원,2020-03-29 10:00,9.6,,,1982
119,수원,2020-03-29 11:00,10.6,,,1980
119,수원,2020-03-29 12:00,12.2,,,1922
119,수원,2020-03-29 13:00,12.9,,,2000
119,수원,2020-03-29 14:00,13.8,,,2000
119,수원,2020-03-29 15:00,14.3,,,2000
119,수원,2020-03-29 16:00,15.2,,,2000
119,수원,2020-03-29 17:00,13.4,,,1947
119,수원,2020-03-29 18:00,11.6,,,1997
119,수원,2020-03-29 19:00,9.7,,,2000
119,수원,2020-03-29 20:00,8.3,,,2000
119,수원,2020-03-29 21:00,7.2,,,1906
119,수원,2020-03-29 22:00,6.6,,,1877
119,수원,2020-03-29 23:00,5.9,,,1804
119,수원,2020-03-30 00:00,5.7,,,1864
119,수원,2020-03-30 01:00,5.4,,,1898
119,수원,2020-03-30 02:00,3.5,,,1253
119,수원,2020-03-30 03:00,3.2,,,1467
119,수원,2020-03-30 04:00,2.6,,,1153
119,수원,2020-03-30 05:00,2.2,,,890
119,수원,2020-03-30 06:00,2,,,643
119,수원,2020-03-30 07:00,2.2,,,625
119,수원,2020-03-30 08:00,6.1,,,640
119,수원,2020-03-30 09:00,8.4,,,1637
119,수원,2020-03-30 10:00,9.9,,,1913
119,수원,2020-03-30 11:00,11.3,,,1858
119,수원,2020-03-30 12:00,13.4,,,1922
119,수원,2020-03-30 13:00,14.5,,,1886
119,수원,2020-03-30 14:00,14.8,,,1942
119,수원,2020-03-30 15:00,15,,,1982
119,수원,2020-03-30 16:00,15.1,,,1980
119,수원,2020-03-30 17:00,14.3,,,1987
119,수원,2020-03-30 18:00,12.7,,,2000
119,수원,2020-03-30 19:00,10,,,2000
119,수원,2020-03-30 20:00,7.5,,,2000
119,수원,2020-03-30 21:00,6.5,,,2000
119,수원,2020-03-30 22:00,5.7,,,2000
119,수원,2020-03-30 23:00,5.5,,,2000
119,수원,2020-03-31 00:00,4.8,,,1864
119,수원,2020-03-31 01:00,4.3,,,1926
119,수원,2020-03-31 02:00,3.4,,,1919
119,수원,2020-03-31 03:00,3,,,1783
119,수원,2020-03-31 04:00,3.2,,,1494
119,수원,2020-03-31 05:00,2.2,,,1818
119,수원,2020-03-31 06:00,2.1,,,1413
119,수원,2020-03-31 07:00,2.5,,,1452
119,수원,2020-03-31 08:00,5.7,,,1501
119,수원,2020-03-31 09:00,9.3,,,1662
119,수원,2020-03-31 10:00,11.9,,,1975
119,수원,2020-03-31 11:00,14.3,,,1916
119,수원,2020-03-31 12:00,15.9,,,1954
119,수원,2020-03-31 13:00,16.6,,,1876
119,수원,2020-03-31 14:00,16.8,,,1821
119,수원,2020-03-31 15:00,16.8,,,2000
119,수원,2020-03-31 16:00,15.7,,,1896
119,수원,2020-03-31 17:00,15.4,,,1991
119,수원,2020-03-31 18:00,13.5,,,2000
119,수원,2020-03-31 19:00,11.3,,,2000
119,수원,2020-03-31 20:00,10.7,,,2008
119,수원,2020-03-31 21:00,9.1,,,1866
119,수원,2020-03-31 22:00,8.8,,,1942
119,수원,2020-03-31 23:00,8.4,,,1749
119,수원,2020-04-01 00:00,8.4,,,1866
119,수원,2020-04-01 01:00,8.8,,,2003
119,수원,2020-04-01 02:00,9.2,,,1805
119,수원,2020-04-01 03:00,8.8,,,1880
119,수원,2020-04-01 04:00,8.4,,,1275
119,수원,2020-04-01 05:00,9.5,,,1398
119,수원,2020-04-01 06:00,10,,,1566
119,수원,2020-04-01 07:00,9.8,,,1486
119,수원,2020-04-01 08:00,10.6,,,1581
119,수원,2020-04-01 09:00,11.8,,,1659
119,수원,2020-04-01 10:00,12.6,,,1743
119,수원,2020-04-01 11:00,14,,,1839
119,수원,2020-04-01 12:00,16.2,,,1263
119,수원,2020-04-01 13:00,16,,,1203
119,수원,2020-04-01 14:00,14.9,,,1337
119,수원,2020-04-01 15:00,13.9,,,1907
119,수원,2020-04-01 16:00,12.8,,,1972
119,수원,2020-04-01 17:00,11.7,,,2000
119,수원,2020-04-01 18:00,11.5,,,2000
119,수원,2020-04-01 19:00,10.3,,,2000
119,수원,2020-04-01 20:00,9,,,2000
119,수원,2020-04-01 21:00,9.7,,,2000
119,수원,2020-04-01 22:00,8,,,2000
119,수원,2020-04-01 23:00,6.9,,,2000
119,수원,2020-04-02 00:00,6.7,,,2000
119,수원,2020-04-02 01:00,5.4,,,2000
119,수원,2020-04-02 02:00,4.4,,,2000
119,수원,2020-04-02 03:00,4.2,,,2000
119,수원,2020-04-02 04:00,2.7,,,2000
119,수원,2020-04-02 05:00,3,,,1931
119,수원,2020-04-02 06:00,2.7,,,1877
119,수원,2020-04-02 07:00,3.6,,,1881
119,수원,2020-04-02 08:00,6.1,,,1755
119,수원,2020-04-02 09:00,8.1,,,1832
119,수원,2020-04-02 10:00,9.7,,,1988
119,수원,2020-04-02 11:00,12.6,,,1981
119,수원,2020-04-02 12:00,14.1,,,1986
119,수원,2020-04-02 13:00,14.5,,,1925
119,수원,2020-04-02 14:00,14.2,,,1993
119,수원,2020-04-02 15:00,14.4,,,2000
119,수원,2020-04-02 16:00,13.4,,,1997
119,수원,2020-04-02 17:00,12.3,,,2009
119,수원,2020-04-02 18:00,11.8,,,2000
119,수원,2020-04-02 19:00,11.2,,,2000
119,수원,2020-04-02 20:00,9.4,,,2000
119,수원,2020-04-02 21:00,8.2,,,1762
119,수원,2020-04-02 22:00,8,,,2000
119,수원,2020-04-02 23:00,6.6,,,2000
119,수원,2020-04-03 00:00,5.7,,,1965
119,수원,2020-04-03 01:00,5.3,,,1815
119,수원,2020-04-03 02:00,4.6,,,1591
119,수원,2020-04-03 03:00,4,,,981
119,수원,2020-04-03 04:00,4.5,,,964
119,수원,2020-04-03 05:00,4.4,,,827
119,수원,2020-04-03 06:00,5.6,,,494
119,수원,2020-04-03 07:00,6.1,,,650
119,수원,2020-04-03 08:00,6.8,,,654
119,수원,2020-04-03 09:00,7.9,,,516
119,수원,2020-04-03 10:00,10.3,,,655
119,수원,2020-04-03 11:00,11.9,,,1100
119,수원,2020-04-03 12:00,13.7,,,1642
119,수원,2020-04-03 13:00,14.8,,,1746
119,수원,2020-04-03 14:00,14.8,,,1774
119,수원,2020-04-03 15:00,14.5,,,1766
119,수원,2020-04-03 16:00,14.5,,,1691
119,수원,2020-04-03 17:00,13.9,,,2028
119,수원,2020-04-03 18:00,12.5,,,1990
119,수원,2020-04-03 19:00,10.4,,,1883
119,수원,2020-04-03 20:00,8.8,,,1766
119,수원,2020-04-03 21:00,7.9,,,1504
119,수원,2020-04-03 22:00,7.6,,,1375
119,수원,2020-04-03 23:00,7.1,,,1197
119,수원,2020-04-04 00:00,6.5,,,835
119,수원,2020-04-04 01:00,6.2,,,570
119,수원,2020-04-04 02:00,6.6,,,624
119,수원,2020-04-04 03:00,6,,,626
119,수원,2020-04-04 04:00,5.3,,,545
119,수원,2020-04-04 05:00,4.9,,,566
119,수원,2020-04-04 06:00,4.8,,,464
119,수원,2020-04-04 07:00,5.2,,,462
119,수원,2020-04-04 08:00,8,,,546
119,수원,2020-04-04 09:00,10.1,,,798
119,수원,2020-04-04 10:00,11.1,,,1272
119,수원,2020-04-04 11:00,11.8,,,1892
119,수원,2020-04-04 12:00,12.5,,,1902
119,수원,2020-04-04 13:00,12.6,,,1994
119,수원,2020-04-04 14:00,13.1,,,2000
119,수원,2020-04-04 15:00,12.7,,,2000
119,수원,2020-04-04 16:00,11.5,,,1986
119,수원,2020-04-04 17:00,11.2,,,2004
119,수원,2020-04-04 18:00,10.7,,,2000
119,수원,2020-04-04 19:00,9.5,,,2000
119,수원,2020-04-04 20:00,8.6,,,2000
119,수원,2020-04-04 21:00,8.1,,,2000
119,수원,2020-04-04 22:00,7,,,2000
119,수원,2020-04-04 23:00,6.4,,,2000
119,수원,2020-04-05 00:00,6.1,,,2000
119,수원,2020-04-05 01:00,5.9,,,2000
119,수원,2020-04-05 02:00,5.2,,,2000
119,수원,2020-04-05 03:00,4.5,,,2000
119,수원,2020-04-05 04:00,3.5,,,2000
119,수원,2020-04-05 05:00,3.2,,,1955
119,수원,2020-04-05 06:00,2.3,,,2000
119,수원,2020-04-05 07:00,2.8,,,1952
119,수원,2020-04-05 08:00,4.4,,,2000
119,수원,2020-04-05 09:00,6.2,,,1959
119,수원,2020-04-05 10:00,7.7,,,1982
119,수원,2020-04-05 11:00,8.9,,,1932
119,수원,2020-04-05 12:00,9.9,,,1943
119,수원,2020-04-05 13:00,11,,,2000
119,수원,2020-04-05 14:00,10.9,,,1973
119,수원,2020-04-05 15:00,11.1,,,2000
119,수원,2020-04-05 16:00,10.9,,,1970
119,수원,2020-04-05 17:00,10.7,,,1996
119,수원,2020-04-05 18:00,9.3,,,1998
119,수원,2020-04-05 19:00,7.9,,,2000
119,수원,2020-04-05 20:00,6.6,,,1950
119,수원,2020-04-05 21:00,6.2,,,2000
119,수원,2020-04-05 22:00,4.6,,,2000
119,수원,2020-04-05 23:00,4.7,,,1997
119,수원,2020-04-06 00:00,4.1,,,1802
119,수원,2020-04-06 01:00,3.4,,,1977
119,수원,2020-04-06 02:00,3,,,1766
119,수원,2020-04-06 03:00,2.7,,,1800
119,수원,2020-04-06 04:00,2.1,,,1675
119,수원,2020-04-06 05:00,2.3,,,1605
119,수원,2020-04-06 06:00,1.2,,,1475
119,수원,2020-04-06 07:00,2.7,,,1681
119,수원,2020-04-06 08:00,4.4,,,1801
119,수원,2020-04-06 09:00,6.6,,,1982
119,수원,2020-04-06 10:00,9.7,,,1830
119,수원,2020-04-06 11:00,11.9,,,1930
119,수원,2020-04-06 12:00,13.4,,,1939
119,수원,2020-04-06 13:00,14.2,,,2000
119,수원,2020-04-06 14:00,14.9,,,1991
119,수원,2020-04-06 15:00,14.4,,,1943
119,수원,2020-04-06 16:00,13.3,,,1971
119,수원,2020-04-06 17:00,12.8,,,1999
119,수원,2020-04-06 18:00,11.8,,,1999
119,수원,2020-04-06 19:00,9.8,,,2000
119,수원,2020-04-06 20:00,8.6,,,2000
119,수원,2020-04-06 21:00,8.4,,,2000
119,수원,2020-04-06 22:00,7.8,,,2000
119,수원,2020-04-06 23:00,7.2,,,1952
119,수원,2020-04-07 00:00,6.9,,,2000
119,수원,2020-04-07 01:00,6.9,,,2015
119,수원,2020-04-07 02:00,5.4,,,2000
119,수원,2020-04-07 03:00,5,,,1871
119,수원,2020-04-07 04:00,4.2,,,1587
119,수원,2020-04-07 05:00,4.5,,,2004
119,수원,2020-04-07 06:00,4.7,,,1688
119,수원,2020-04-07 07:00,5.1,,,1784
119,수원,2020-04-07 08:00,7,,,1719
119,수원,2020-04-07 09:00,8.6,,,1784
119,수원,2020-04-07 10:00,10.4,,,1737
119,수원,2020-04-07 11:00,12.9,,,1848
119,수원,2020-04-07 12:00,15,,,1342
119,수원,2020-04-07 13:00,16.3,,,1487
119,수원,2020-04-07 14:00,16.4,,,1023
119,수원,2020-04-07 15:00,16.7,,,1087
119,수원,2020-04-07 16:00,15.5,,,1227
119,수원,2020-04-07 17:00,14.5,,,1400
119,수원,2020-04-07 18:00,12.6,,,1552
119,수원,2020-04-07 19:00,10.5,,,1662
119,수원,2020-04-07 20:00,9.5,,,1539
119,수원,2020-04-07 21:00,8.6,,,1442
119,수원,2020-04-07 22:00,7.7,,,1812
119,수원,2020-04-07 23:00,6.6,,,1977
119,수원,2020-04-08 00:00,5.8,,,2000
119,수원,2020-04-08 01:00,5.4,,,1991
119,수원,2020-04-08 02:00,5.2,,,2000
119,수원,2020-04-08 03:00,5.3,,,2000
119,수원,2020-04-08 04:00,5.5,,,2000
119,수원,2020-04-08 05:00,4.4,,,2000
119,수원,2020-04-08 06:00,4.5,,,2000
119,수원,2020-04-08 07:00,5.6,,,1909
119,수원,2020-04-08 08:00,8,,,1960
119,수원,2020-04-08 09:00,9.6,,,2000
119,수원,2020-04-08 10:00,11.3,,,2000
119,수원,2020-04-08 11:00,12.2,,,1987
119,수원,2020-04-08 12:00,13.4,,,1978
119,수원,2020-04-08 13:00,13.3,,,2000
119,수원,2020-04-08 14:00,13.5,,,1900
119,수원,2020-04-08 15:00,13.1,,,1950
119,수원,2020-04-08 16:00,13,,,2000
119,수원,2020-04-08 17:00,12.4,,,2000
119,수원,2020-04-08 18:00,11.1,,,2000
119,수원,2020-04-08 19:00,9.8,,,2000
119,수원,2020-04-08 20:00,8.7,,,2000
119,수원,2020-04-08 21:00,7.6,,,2000
119,수원,2020-04-08 22:00,6.6,,,2000
119,수원,2020-04-08 23:00,6.1,,,2000
119,수원,2020-04-09 00:00,6,,,1995
119,수원,2020-04-09 01:00,5.4,,,2000
119,수원,2020-04-09 02:00,5.4,,,2000
119,수원,2020-04-09 03:00,3.9,,,2000
119,수원,2020-04-09 04:00,3.7,,,2000
119,수원,2020-04-09 05:00,3.5,,,2000
119,수원,2020-04-09 06:00,2.2,,,1965
119,수원,2020-04-09 07:00,3.7,,,1895
119,수원,2020-04-09 08:00,6.5,,,1645
119,수원,2020-04-09 09:00,8.6,,,2000
119,수원,2020-04-09 10:00,9.6,,,1973
119,수원,2020-04-09 11:00,11.7,,,1903
119,수원,2020-04-09 12:00,12.7,,,1944
119,수원,2020-04-09 13:00,13.8,,,1963
119,수원,2020-04-09 14:00,12.7,,,1992
119,수원,2020-04-09 15:00,13.1,,,1991
119,수원,2020-04-09 16:00,12.3,,,1994
119,수원,2020-04-09 17:00,11.7,,,1979
119,수원,2020-04-09 18:00,10.8,,,2000
119,수원,2020-04-09 19:00,9.6,,,2000
119,수원,2020-04-09 20:00,8.4,,,2000
119,수원,2020-04-09 21:00,7.2,,,2000
119,수원,2020-04-09 22:00,6.8,,,1997
119,수원,2020-04-09 23:00,7.2,,,1979
119,수원,2020-04-10 00:00,7.2,,,1912
119,수원,2020-04-10 01:00,6,,,1710
119,수원,2020-04-10 02:00,5.8,,,1189
119,수원,2020-04-10 03:00,5.4,,,1188
119,수원,2020-04-10 04:00,5.4,,,1000
119,수원,2020-04-10 05:00,4.2,,,1100
119,수원,2020-04-10 06:00,3.2,,,1301
119,수원,2020-04-10 07:00,4.6,,,1100
119,수원,2020-04-10 08:00,8.8,,,1671
119,수원,2020-04-10 09:00,10.5,,,1958
119,수원,2020-04-10 10:00,12.2,,,1989
119,수원,2020-04-10 11:00,12.7,,,1961
119,수원,2020-04-10 12:00,14.1,,,1914
119,수원,2020-04-10 13:00,14.4,,,1840
119,수원,2020-04-10 14:00,15.3,,,1996
119,수원,2020-04-10 15:00,14.8,,,1969
119,수원,2020-04-10 16:00,14.5,,,1855
119,수원,2020-04-10 17:00,13.5,,,1945
119,수원,2020-04-10 18:00,12.2,,,1998
119,수원,2020-04-10 19:00,10.7,,,2015
119,수원,2020-04-10 20:00,8.9,,,1409
119,수원,2020-04-10 21:00,8.1,,,1816
119,수원,2020-04-10 22:00,7.1,,,1993
119,수원,2020-04-10 23:00,6.8,,,1871
119,수원,2020-04-11 00:00,6.3,,,1948
119,수원,2020-04-11 01:00,5.7,,,1884
119,수원,2020-04-11 02:00,5.4,,,1717
119,수원,2020-04-11 03:00,5,,,1206
119,수원,2020-04-11 04:00,4.7,,,1297
119,수원,2020-04-11 05:00,4.1,,,908
119,수원,2020-04-11 06:00,4.3,,,674
119,수원,2020-04-11 07:00,4.8,,,594
119,수원,2020-04-11 08:00,6.4,,,799
119,수원,2020-04-11 09:00,7.8,,,1402
119,수원,2020-04-11 10:00,9.7,,,1569
119,수원,2020-04-11 11:00,11.6,,,1714
119,수원,2020-04-11 12:00,13.1,,,1521
119,수원,2020-04-11 13:00,13.9,,,1340
119,수원,2020-04-11 14:00,14.6,,,1622
119,수원,2020-04-11 15:00,13.8,,,1783
119,수원,2020-04-11 16:00,13.2,,,1996
119,수원,2020-04-11 17:00,12.8,,,1985
119,수원,2020-04-11 18:00,10.9,,,2000
119,수원,2020-04-11 19:00,8.9,,,2000
119,수원,2020-04-11 20:00,7.6,,,1958
119,수원,2020-04-11 21:00,6.7,,,1858
119,수원,2020-04-11 22:00,6.4,,,1743
119,수원,2020-04-11 23:00,5.7,,,1678
119,수원,2020-04-12 00:00,5.4,,,1348
119,수원,2020-04-12 01:00,4.4,,,1119
119,수원,2020-04-12 02:00,3.5,,,882
119,수원,2020-04-12 03:00,2.9,,,664
119,수원,2020-04-12 04:00,3,,,633
119,수원,2020-04-12 05:00,3.4,,,558
119,수원,2020-04-12 06:00,2.9,,,699
119,수원,2020-04-12 07:00,2.6,,,519
119,수원,2020-04-12 08:00,6.3,,,608
119,수원,2020-04-12 09:00,10,,,1227
119,수원,2020-04-12 10:00,12.8,,,1920
119,수원,2020-04-12 11:00,13.3,,,1999
119,수원,2020-04-12 12:00,14.6,,,2000
119,수원,2020-04-12 13:00,14.9,,,2000
119,수원,2020-04-12 14:00,14.3,,,2000
119,수원,2020-04-12 15:00,14.9,,,2000
119,수원,2020-04-12 16:00,14.3,,,2000
119,수원,2020-04-12 17:00,14.1,,,1950
119,수원,2020-04-12 18:00,13,,,2000
119,수원,2020-04-12 19:00,11.9,,,2000
119,수원,2020-04-12 20:00,10.9,,,2000
119,수원,2020-04-12 21:00,10.4,,,2000
119,수원,2020-04-12 22:00,9.5,,,2000
119,수원,2020-04-12 23:00,8.8,,,2000
119,수원,2020-04-13 00:00,8.4,,,2000
119,수원,2020-04-13 01:00,7.8,,,2000
119,수원,2020-04-13 02:00,6.8,,,2000
119,수원,2020-04-13 03:00,6.9,,,2000
119,수원,2020-04-13 04:00,5.9,,,1992
119,수원,2020-04-13 05:00,5.4,,,2000
119,수원,2020-04-13 06:00,5.6,,,1950
119,수원,2020-04-13 07:00,6.4,,,2000
119,수원,2020-04-13 08:00,8.1,,,2000
119,수원,2020-04-13 09:00,9.8,,,2000
119,수원,2020-04-13 10:00,11,,,1950
119,수원,2020-04-13 11:00,12.4,,,2000
119,수원,2020-04-13 12:00,13.7,,,1950
119,수원,2020-04-13 13:00,15.8,,,2000
119,수원,2020-04-13 14:00,17.5,,,1980
119,수원,2020-04-13 15:00,18.3,,,2000
119,수원,2020-04-13 16:00,18.8,,,2000
119,수원,2020-04-13 17:00,15.7,,,1995
119,수원,2020-04-13 18:00,14,,,2000
119,수원,2020-04-13 19:00,13,,,2000
119,수원,2020-04-13 20:00,11,,,2000
119,수원,2020-04-13 21:00,9.7,,,2009
119,수원,2020-04-13 22:00,9,,,2000
119,수원,2020-04-13 23:00,8.1,,,1994
119,수원,2020-04-14 00:00,7.8,,,1381
119,수원,2020-04-14 01:00,7.6,,,1368
119,수원,2020-04-14 02:00,6.7,,,1419
119,수원,2020-04-14 03:00,6.3,,,1344
119,수원,2020-04-14 04:00,5.9,,,1303
119,수원,2020-04-14 05:00,5.2,,,1359
119,수원,2020-04-14 06:00,5,,,1304
119,수원,2020-04-14 07:00,6.4,,,1263
119,수원,2020-04-14 08:00,8.7,,,1327
119,수원,2020-04-14 09:00,11,,,1485
119,수원,2020-04-14 10:00,13,,,1567
119,수원,2020-04-14 11:00,15.3,,,2000
119,수원,2020-04-14 12:00,17,,,1882
119,수원,2020-04-14 13:00,18.1,,,1903
119,수원,2020-04-14 14:00,18.1,,,1908
119,수원,2020-04-14 15:00,18,,,1834
119,수원,2020-04-14 16:00,17.7,,,1950
119,수원,2020-04-14 17:00,17.1,,,2000
119,수원,2020-04-14 18:00,15,,,2000
119,수원,2020-04-14 19:00,13.9,,,1954
119,수원,2020-04-14 20:00,12,,,2000
119,수원,2020-04-14 21:00,11,,,1998
119,수원,2020-04-14 22:00,9.4,,,2068
119,수원,2020-04-14 23:00,9,,,1785
119,수원,2020-04-15 00:00,7.4,,,1767
119,수원,2020-04-15 01:00,6.6,,,1809
119,수원,2020-04-15 02:00,5.8,,,1410
119,수원,2020-04-15 03:00,5.3,,,1236
119,수원,2020-04-15 04:00,4.6,,,1054
119,수원,2020-04-15 05:00,4.3,,,945
119,수원,2020-04-15 06:00,3.5,,,805
119,수원,2020-04-15 07:00,4.8,,,899
119,수원,2020-04-15 08:00,9.4,,,929
119,수원,2020-04-15 09:00,11.8,,,1242
119,수원,2020-04-15 10:00,14.3,,,1702
119,수원,2020-04-15 11:00,16,,,1452
119,수원,2020-04-15 12:00,17.3,,,1467
119,수원,2020-04-15 13:00,18.8,,,1303
119,수원,2020-04-15 14:00,19.1,,,1477
119,수원,2020-04-15 15:00,18.1,,,1717
119,수원,2020-04-15 16:00,18.2,,,1878
119,수원,2020-04-15 17:00,16.8,,,1818
119,수원,2020-04-15 18:00,15.3,,,2000
119,수원,2020-04-15 19:00,14,,,2000
119,수원,2020-04-15 20:00,11.8,,,2000
119,수원,2020-04-15 21:00,11,,,2000
119,수원,2020-04-15 22:00,10.8,,,1998
119,수원,2020-04-15 23:00,10.1,,,2000
119,수원,2020-04-16 00:00,9.5,,,1803
119,수원,2020-04-16 01:00,8.7,,,1772
119,수원,2020-04-16 02:00,7.7,,,1374
119,수원,2020-04-16 03:00,6.8,,,1107
119,수원,2020-04-16 04:00,6.1,,,1193
119,수원,2020-04-16 05:00,5.1,,,1114
119,수원,2020-04-16 06:00,5.2,,,1023
119,수원,2020-04-16 07:00,6.9,,,1015
119,수원,2020-04-16 08:00,12.6,,,1765
119,수원,2020-04-16 09:00,14.4,,,1824
119,수원,2020-04-16 10:00,16.4,,,1951
119,수원,2020-04-16 11:00,18.4,,,1828
119,수원,2020-04-16 12:00,19.4,,,1605
119,수원,2020-04-16 13:00,20.8,,,1908
119,수원,2020-04-16 14:00,21.7,,,1767
119,수원,2020-04-16 15:00,22.4,,,1839
119,수원,2020-04-16 16:00,23.3,,,1800
119,수원,2020-04-16 17:00,22.9,,,1886
119,수원,2020-04-16 18:00,18.7,,,1791
119,수원,2020-04-16 19:00,16.9,,,1866
119,수원,2020-04-16 20:00,15.3,,,1996
119,수원,2020-04-16 21:00,14.2,,,1720
119,수원,2020-04-16 22:00,14.2,,,1597
119,수원,2020-04-16 23:00,14.5,,,1719
119,수원,2020-04-17 00:00,13.4,,,1511
119,수원,2020-04-17 01:00,15.4,,,1964
119,수원,2020-04-17 02:00,15.6,0,,2000
119,수원,2020-04-17 03:00,14.8,0,,2000
119,수원,2020-04-17 04:00,14.2,,,2000
119,수원,2020-04-17 05:00,13.6,,,2000
119,수원,2020-04-17 06:00,11.7,.4,,1593
119,수원,2020-04-17 07:00,11.4,.5,,1259
119,수원,2020-04-17 08:00,10.3,.7,,898
119,수원,2020-04-17 09:00,10.1,1,,1084
119,수원,2020-04-17 10:00,10.7,0,,1971
119,수원,2020-04-17 11:00,12,,,2000
119,수원,2020-04-17 12:00,13.3,,,1904
119,수원,2020-04-17 13:00,13,.7,,1084
119,수원,2020-04-17 14:00,13.7,.7,,1907
119,수원,2020-04-17 15:00,14.6,.1,,1474
119,수원,2020-04-17 16:00,16.1,,,1920
119,수원,2020-04-17 17:00,14.4,0,,1347
119,수원,2020-04-17 18:00,14.4,,,1042
119,수원,2020-04-17 19:00,13.4,,,1069
119,수원,2020-04-17 20:00,12.2,,,857
119,수원,2020-04-17 21:00,10.7,,,502
119,수원,2020-04-17 22:00,10.3,,,476
119,수원,2020-04-17 23:00,10,,,689
119,수원,2020-04-18 00:00,9.9,,,576
119,수원,2020-04-18 01:00,9.9,,,619
119,수원,2020-04-18 02:00,9.9,,,770
119,수원,2020-04-18 03:00,9.9,,,469
119,수원,2020-04-18 04:00,10.2,,,531
119,수원,2020-04-18 05:00,9.5,,,541
119,수원,2020-04-18 06:00,9.4,,,832
119,수원,2020-04-18 07:00,10.1,,,1850
119,수원,2020-04-18 08:00,11.4,,,1996
119,수원,2020-04-18 09:00,12.8,,,2000
119,수원,2020-04-18 10:00,14.2,,,2000
119,수원,2020-04-18 11:00,15.8,,,2000
119,수원,2020-04-18 12:00,16.7,,,2000
119,수원,2020-04-18 13:00,17,,,1983
119,수원,2020-04-18 14:00,17.8,,,1928
119,수원,2020-04-18 15:00,16.9,,,2000
119,수원,2020-04-18 16:00,17.2,,,2000
119,수원,2020-04-18 17:00,16.7,,,1996
119,수원,2020-04-18 18:00,16,,,2000
119,수원,2020-04-18 19:00,14.3,,,1981
119,수원,2020-04-18 20:00,12.2,,,1990
119,수원,2020-04-18 21:00,11.8,,,1930
119,수원,2020-04-18 22:00,10.4,,,1400
119,수원,2020-04-18 23:00,9.7,,,696
119,수원,2020-04-19 00:00,9.2,,,579
119,수원,2020-04-19 01:00,9,,,594
119,수원,2020-04-19 02:00,9,,,546
119,수원,2020-04-19 03:00,9,,,535
119,수원,2020-04-19 04:00,9.5,,,588
119,수원,2020-04-19 05:00,9.5,,,550
119,수원,2020-04-19 06:00,10.1,,,637
119,수원,2020-04-19 07:00,11.7,,,871
119,수원,2020-04-19 08:00,14,,,1786
119,수원,2020-04-19 09:00,14.7,,,1900
119,수원,2020-04-19 10:00,14.9,,,2087
119,수원,2020-04-19 11:00,14.7,,,1978
119,수원,2020-04-19 12:00,15,,,1910
119,수원,2020-04-19 13:00,15.2,,,1991
119,수원,2020-04-19 14:00,15.3,0,,2000
119,수원,2020-04-19 15:00,14.1,0,,1413
119,수원,2020-04-19 16:00,12,1.1,,914
119,수원,2020-04-19 17:00,11,2.7,,761
119,수원,2020-04-19 18:00,10.9,3.2,,929
119,수원,2020-04-19 19:00,10.7,2.3,,770
119,수원,2020-04-19 20:00,10.8,1.2,,1671
119,수원,2020-04-19 21:00,10.5,1,,1341
119,수원,2020-04-19 22:00,10.1,0,,1144
119,수원,2020-04-19 23:00,10.1,0,,2000
119,수원,2020-04-20 00:00,9.8,,,2000
119,수원,2020-04-20 01:00,10,,,2000
119,수원,2020-04-20 02:00,9.8,,,1987
119,수원,2020-04-20 03:00,9.7,,,2000
119,수원,2020-04-20 04:00,9.6,,,1950
119,수원,2020-04-20 05:00,9.3,,,2000
119,수원,2020-04-20 06:00,9.3,,,2000
119,수원,2020-04-20 07:00,9.9,,,2000
119,수원,2020-04-20 08:00,10.3,,,2000
119,수원,2020-04-20 09:00,11.6,,,2000
119,수원,2020-04-20 10:00,12.4,,,1859
119,수원,2020-04-20 11:00,13.7,,,1981
119,수원,2020-04-20 12:00,14,,,1974
119,수원,2020-04-20 13:00,13,0,,1998
119,수원,2020-04-20 14:00,10.5,.2,,849
119,수원,2020-04-20 15:00,10.7,0,,1068
119,수원,2020-04-20 16:00,11.6,,,885
119,수원,2020-04-20 17:00,11.1,,,1348
119,수원,2020-04-20 18:00,10.1,,,2000
119,수원,2020-04-20 19:00,9.8,,,2000
119,수원,2020-04-20 20:00,9.9,,,2000
119,수원,2020-04-20 21:00,9.8,,,1962
119,수원,2020-04-20 22:00,9.1,,,2000
119,수원,2020-04-20 23:00,8.8,,,2000
119,수원,2020-04-21 00:00,7.1,,,2000
119,수원,2020-04-21 01:00,7,,,1996
119,수원,2020-04-21 02:00,6.4,,,1997
119,수원,2020-04-21 03:00,5.8,,,2052
119,수원,2020-04-21 04:00,5.2,,,1869
119,수원,2020-04-21 05:00,5.4,,,1797
119,수원,2020-04-21 06:00,5.7,,,1840
119,수원,2020-04-21 07:00,7.4,,,1831
119,수원,2020-04-21 08:00,9.5,,,1983
119,수원,2020-04-21 09:00,9.9,,,1995
119,수원,2020-04-21 10:00,9.7,,,1999
119,수원,2020-04-21 11:00,10,,,1914
119,수원,2020-04-21 12:00,10.1,,,1979
119,수원,2020-04-21 13:00,9.4,,,1993
119,수원,2020-04-21 14:00,9,,,2000
119,수원,2020-04-21 15:00,8.7,,,2000
119,수원,2020-04-21 16:00,8.5,,,2000
119,수원,2020-04-21 17:00,7.9,,,2000
119,수원,2020-04-21 18:00,7.4,,,2000
119,수원,2020-04-21 19:00,6.5,,,2000
119,수원,2020-04-21 20:00,6.3,,,2000
119,수원,2020-04-21 21:00,6,,,2000
119,수원,2020-04-21 22:00,6.1,,,2000
119,수원,2020-04-21 23:00,6.3,,,2000
119,수원,2020-04-22 00:00,6.6,,,2000
119,수원,2020-04-22 01:00,6.7,,,1997
119,수원,2020-04-22 02:00,6.9,,,2000
119,수원,2020-04-22 03:00,6.1,0,,2000
119,수원,2020-04-22 04:00,5.5,,,2000
119,수원,2020-04-22 05:00,6.2,,,2000
119,수원,2020-04-22 06:00,5.6,,,2000
119,수원,2020-04-22 07:00,5.8,,,1956
119,수원,2020-04-22 08:00,6.4,,,1630
119,수원,2020-04-22 09:00,6.6,,,1609
119,수원,2020-04-22 10:00,7.6,,,1592
119,수원,2020-04-22 11:00,7.3,,,1784
119,수원,2020-04-22 12:00,7.6,,,1948
119,수원,2020-04-22 13:00,8.9,,,2000
119,수원,2020-04-22 14:00,8.4,0,,1978
119,수원,2020-04-22 15:00,8.1,,,2000
119,수원,2020-04-22 16:00,7.6,,,2000
119,수원,2020-04-22 17:00,6.7,0,,2000
119,수원,2020-04-22 18:00,7,0,,2000
119,수원,2020-04-22 19:00,6.8,,,2000
119,수원,2020-04-22 20:00,7,,,2000
119,수원,2020-04-22 21:00,6.7,,,2000
119,수원,2020-04-22 22:00,6.6,,,2000
119,수원,2020-04-22 23:00,5.7,,,2000
119,수원,2020-04-23 00:00,5.6,,,2000
119,수원,2020-04-23 01:00,4.9,,,2000
119,수원,2020-04-23 02:00,5.4,,,2000
119,수원,2020-04-23 03:00,4.8,,,2000
119,수원,2020-04-23 04:00,4.1,,,2000
119,수원,2020-04-23 05:00,4,,,1950
119,수원,2020-04-23 06:00,4.8,,,2000
119,수원,2020-04-23 07:00,6.4,,,1992
119,수원,2020-04-23 08:00,8,,,1995
119,수원,2020-04-23 09:00,9.1,,,1998
119,수원,2020-04-23 10:00,10.4,,,1987
119,수원,2020-04-23 11:00,11.5,,,1936
119,수원,2020-04-23 12:00,11,,,1949
119,수원,2020-04-23 13:00,11.9,,,2000
119,수원,2020-04-23 14:00,12.4,,,2000
119,수원,2020-04-23 15:00,11.7,,,2000
119,수원,2020-04-23 16:00,11.6,,,2000
119,수원,2020-04-23 17:00,11.3,,,1990
119,수원,2020-04-23 18:00,9.6,,,2000
119,수원,2020-04-23 19:00,8.4,,,2000
119,수원,2020-04-23 20:00,7.6,,,1950
119,수원,2020-04-23 21:00,7.4,,,2000
119,수원,2020-04-23 22:00,7.1,,,2000
119,수원,2020-04-23 23:00,6.1,,,2000
119,수원,2020-04-24 00:00,5.4,,,2000
119,수원,2020-04-24 01:00,4.9,,,1989
119,수원,2020-04-24 02:00,4.4,,,2000
119,수원,2020-04-24 03:00,3.5,,,2000
119,수원,2020-04-24 04:00,3.7,,,2000
119,수원,2020-04-24 05:00,3.1,,,1966
119,수원,2020-04-24 06:00,2.8,,,1929
119,수원,2020-04-24 07:00,4.8,,,1446
119,수원,2020-04-24 08:00,7.6,,,1909
119,수원,2020-04-24 09:00,10,,,1962
119,수원,2020-04-24 10:00,12,,,1988
119,수원,2020-04-24 11:00,14.3,,,2000
119,수원,2020-04-24 12:00,14.7,,,2000
119,수원,2020-04-24 13:00,14.4,,,1850
119,수원,2020-04-24 14:00,14.5,,,1954
119,수원,2020-04-24 15:00,14.9,,,2000
119,수원,2020-04-24 16:00,15,,,1987
119,수원,2020-04-24 17:00,14.1,,,2000
119,수원,2020-04-24 18:00,13.6,,,2000
119,수원,2020-04-24 19:00,12.6,,,2000
119,수원,2020-04-24 20:00,11.5,,,2000
119,수원,2020-04-24 21:00,10.5,,,2000
119,수원,2020-04-24 22:00,9.3,,,1986
119,수원,2020-04-24 23:00,9,,,1998
119,수원,2020-04-25 00:00,9.4,,,2000
119,수원,2020-04-25 01:00,9.3,,,2000
119,수원,2020-04-25 02:00,10.1,,,1924
119,수원,2020-04-25 03:00,10.9,,,2000
119,수원,2020-04-25 04:00,11.3,,,2000
119,수원,2020-04-25 05:00,10.4,,,2000
119,수원,2020-04-25 06:00,9.6,,,2000
119,수원,2020-04-25 07:00,12.8,,,2000
119,수원,2020-04-25 08:00,14.9,,,1989
119,수원,2020-04-25 09:00,15.9,,,1877
119,수원,2020-04-25 10:00,16.4,,,1813
119,수원,2020-04-25 11:00,17.3,,,1700
119,수원,2020-04-25 12:00,17.7,,,1542
119,수원,2020-04-25 13:00,17.9,,,1679
119,수원,2020-04-25 14:00,17.8,,,1476
119,수원,2020-04-25 15:00,17,,,1261
119,수원,2020-04-25 16:00,16.7,,,1124
119,수원,2020-04-25 17:00,16.1,,,1461
119,수원,2020-04-25 18:00,14.6,,,1549
119,수원,2020-04-25 19:00,12.8,,,1802
119,수원,2020-04-25 20:00,11.7,,,2000
119,수원,2020-04-25 21:00,10.4,,,1929
119,수원,2020-04-25 22:00,9.9,,,1889
119,수원,2020-04-25 23:00,9.1,,,1792
119,수원,2020-04-26 00:00,9,,,1520
119,수원,2020-04-26 01:00,9.5,,,1774
119,수원,2020-04-26 02:00,8.1,,,1938
119,수원,2020-04-26 03:00,7.5,,,1858
119,수원,2020-04-26 04:00,7,,,1985
119,수원,2020-04-26 05:00,6.3,,,1906
119,수원,2020-04-26 06:00,5.8,,,1578
119,수원,2020-04-26 07:00,8,,,1735
119,수원,2020-04-26 08:00,10.3,,,1973
119,수원,2020-04-26 09:00,12.3,,,1997
119,수원,2020-04-26 10:00,13.6,,,1994
119,수원,2020-04-26 11:00,14.6,,,1949
119,수원,2020-04-26 12:00,16,,,2000
119,수원,2020-04-26 13:00,17.4,,,2000
119,수원,2020-04-26 14:00,18,,,2000
119,수원,2020-04-26 15:00,18,,,2000
119,수원,2020-04-26 16:00,17.6,,,2000
119,수원,2020-04-26 17:00,16.2,,,2000
119,수원,2020-04-26 18:00,15,,,2000
119,수원,2020-04-26 19:00,13.2,,,2000
119,수원,2020-04-26 20:00,11.7,,,2000
119,수원,2020-04-26 21:00,10.8,,,2000
119,수원,2020-04-26 22:00,9.7,,,2000
119,수원,2020-04-26 23:00,8.8,,,2000
119,수원,2020-04-27 00:00,8.6,,,2000
119,수원,2020-04-27 01:00,7.8,,,1965
119,수원,2020-04-27 02:00,7.6,,,1935
119,수원,2020-04-27 03:00,7.7,,,1812
119,수원,2020-04-27 04:00,7.2,,,1204
119,수원,2020-04-27 05:00,7.1,,,1102
119,수원,2020-04-27 06:00,6.9,,,804
119,수원,2020-04-27 07:00,7.9,,,880
119,수원,2020-04-27 08:00,10.1,,,1146
119,수원,2020-04-27 09:00,13,,,1406
119,수원,2020-04-27 10:00,14.2,,,1898
119,수원,2020-04-27 11:00,15.5,,,1995
119,수원,2020-04-27 12:00,16.2,,,1993
119,수원,2020-04-27 13:00,17.1,,,1999
119,수원,2020-04-27 14:00,16.9,,,2000
119,수원,2020-04-27 15:00,16.8,,,2000
119,수원,2020-04-27 16:00,17.1,,,2000
119,수원,2020-04-27 17:00,15.6,,,2000
119,수원,2020-04-27 18:00,15.3,,,2000
119,수원,2020-04-27 19:00,13.8,,,2000
119,수원,2020-04-27 20:00,12.4,,,2000
119,수원,2020-04-27 21:00,11,,,2000
119,수원,2020-04-27 22:00,10.2,,,2000
119,수원,2020-04-27 23:00,9.3,,,2000
119,수원,2020-04-28 00:00,9,,,2000
119,수원,2020-04-28 01:00,8.7,,,1950
119,수원,2020-04-28 02:00,7.7,,,2000
119,수원,2020-04-28 03:00,7.9,,,2000
119,수원,2020-04-28 04:00,7.5,,,2000
119,수원,2020-04-28 05:00,6.3,,,1910
119,수원,2020-04-28 06:00,6.3,,,1774
119,수원,2020-04-28 07:00,7.9,,,1808
119,수원,2020-04-28 08:00,10.3,,,1733
119,수원,2020-04-28 09:00,12.9,,,2021
119,수원,2020-04-28 10:00,15.3,,,1993
119,수원,2020-04-28 11:00,16.5,,,1940
119,수원,2020-04-28 12:00,18.3,,,2000
119,수원,2020-04-28 13:00,19.9,,,2000
119,수원,2020-04-28 14:00,19.6,,,2000
119,수원,2020-04-28 15:00,20.8,,,2000
119,수원,2020-04-28 16:00,19.3,,,1973
119,수원,2020-04-28 17:00,19.2,,,2000
119,수원,2020-04-28 18:00,18,,,2000
119,수원,2020-04-28 19:00,16.3,,,1995
119,수원,2020-04-28 20:00,14.7,,,2016
119,수원,2020-04-28 21:00,13.3,,,1535
119,수원,2020-04-28 22:00,12.3,,,1042
119,수원,2020-04-28 23:00,11.6,,,906
119,수원,2020-04-29 00:00,11,,,758
119,수원,2020-04-29 01:00,10.3,,,647
119,수원,2020-04-29 02:00,10,,,649
119,수원,2020-04-29 03:00,9.6,,,619
119,수원,2020-04-29 04:00,9.4,,,606
119,수원,2020-04-29 05:00,9,,,518
119,수원,2020-04-29 06:00,8.8,,,579
119,수원,2020-04-29 07:00,11,,,684
119,수원,2020-04-29 08:00,12.6,,,853
119,수원,2020-04-29 09:00,14.7,,,1648
119,수원,2020-04-29 10:00,16.1,,,1732
119,수원,2020-04-29 11:00,18,,,1849
119,수원,2020-04-29 12:00,19.9,,,1680
119,수원,2020-04-29 13:00,21.2,,,1784
119,수원,2020-04-29 14:00,21.8,,,1872
119,수원,2020-04-29 15:00,20.4,,,1903
119,수원,2020-04-29 16:00,20,,,1958
119,수원,2020-04-29 17:00,19.4,,,1995
119,수원,2020-04-29 18:00,18.5,,,2000
119,수원,2020-04-29 19:00,16.8,,,1903
119,수원,2020-04-29 20:00,14.8,,,2000
119,수원,2020-04-29 21:00,13.5,,,2000
119,수원,2020-04-29 22:00,12.1,,,2000
119,수원,2020-04-29 23:00,10.5,,,2000
119,수원,2020-04-30 00:00,9.4,,,2000
119,수원,2020-04-30 01:00,9,,,2000
119,수원,2020-04-30 02:00,7.6,,,2000
119,수원,2020-04-30 03:00,7.6,,,2000
119,수원,2020-04-30 04:00,7.1,,,2000
119,수원,2020-04-30 05:00,7.4,,,1998
119,수원,2020-04-30 06:00,7.2,,,1999
119,수원,2020-04-30 07:00,10.4,,,1928
119,수원,2020-04-30 08:00,13.9,,,1963
119,수원,2020-04-30 09:00,16.2,,,2000
119,수원,2020-04-30 10:00,17.7,,,1991
119,수원,2020-04-30 11:00,19.5,,,1978
119,수원,2020-04-30 12:00,21.1,,,1981
119,수원,2020-04-30 13:00,22,,,1919
119,수원,2020-04-30 14:00,22.6,,,1897
119,수원,2020-04-30 15:00,23.1,,,1942
119,수원,2020-04-30 16:00,23.5,,,1996
119,수원,2020-04-30 17:00,22.7,,,1973
119,수원,2020-04-30 18:00,20.6,,,2000
119,수원,2020-04-30 19:00,20,,,1968
119,수원,2020-04-30 20:00,18.6,,,1764
119,수원,2020-04-30 21:00,18,,,1758
119,수원,2020-04-30 22:00,17.4,,,1263
119,수원,2020-04-30 23:00,16.7,,,1391
119,수원,2020-05-01 00:00,16.7,,,886
119,수원,2020-05-01 01:00,17.2,,,1107
119,수원,2020-05-01 02:00,16.3,,,925
119,수원,2020-05-01 03:00,16.6,,,949
119,수원,2020-05-01 04:00,16.1,,,794
119,수원,2020-05-01 05:00,16.6,,,846
119,수원,2020-05-01 06:00,16.8,,,819
119,수원,2020-05-01 07:00,17.5,,,765
119,수원,2020-05-01 08:00,18.1,,,1105
119,수원,2020-05-01 09:00,18.8,,,1271
119,수원,2020-05-01 10:00,19.9,,,1287
119,수원,2020-05-01 11:00,21.6,,,1528
119,수원,2020-05-01 12:00,24.2,,,1427
119,수원,2020-05-01 13:00,25.3,,,1651
119,수원,2020-05-01 14:00,27,,,1809
119,수원,2020-05-01 15:00,25.8,,,1638
119,수원,2020-05-01 16:00,25.8,,,2000
119,수원,2020-05-01 17:00,24.9,,,1611
119,수원,2020-05-01 18:00,23.1,,,1983
119,수원,2020-05-01 19:00,21,,,1410
119,수원,2020-05-01 20:00,19.7,,,1108
119,수원,2020-05-01 21:00,18.7,,,771
119,수원,2020-05-01 22:00,19,,,735
119,수원,2020-05-01 23:00,18.9,,,574
119,수원,2020-05-02 00:00,18.9,,,794
119,수원,2020-05-02 01:00,18.8,,,922
119,수원,2020-05-02 02:00,18.5,,,1298
119,수원,2020-05-02 03:00,18.5,,,1010
119,수원,2020-05-02 04:00,18.6,,,575
119,수원,2020-05-02 05:00,18.4,,,1784
119,수원,2020-05-02 06:00,18.4,,,1540
119,수원,2020-05-02 07:00,18.6,,,1110
119,수원,2020-05-02 08:00,19.1,,,1157
119,수원,2020-05-02 09:00,19.9,,,626
119,수원,2020-05-02 10:00,21.1,,,863
119,수원,2020-05-02 11:00,21.9,,,910
119,수원,2020-05-02 12:00,23.7,,,894
119,수원,2020-05-02 13:00,24.4,,,1500
119,수원,2020-05-02 14:00,24.9,,,2000
119,수원,2020-05-02 15:00,24.4,,,2000
119,수원,2020-05-02 16:00,23.6,,,1902
119,수원,2020-05-02 17:00,22.5,,,1832
119,수원,2020-05-02 18:00,22.2,,,1636
119,수원,2020-05-02 19:00,22,,,1990
119,수원,2020-05-02 20:00,20.7,,,1894
119,수원,2020-05-02 21:00,20.2,,,1881
119,수원,2020-05-02 22:00,19.9,0,,1589
119,수원,2020-05-02 23:00,19.7,.1,,1691
119,수원,2020-05-03 00:00,19.2,,,1427
119,수원,2020-05-03 01:00,18.8,,,1174
119,수원,2020-05-03 02:00,18.8,,,819
119,수원,2020-05-03 03:00,17.2,,,685
119,수원,2020-05-03 04:00,16.6,,,493
119,수원,2020-05-03 05:00,16.2,,,532
119,수원,2020-05-03 06:00,16.7,.2,,619
119,수원,2020-05-03 07:00,17.8,.4,,714
119,수원,2020-05-03 08:00,19.2,,,1050
119,수원,2020-05-03 09:00,19.8,,,771
119,수원,2020-05-03 10:00,21.2,,,1889
119,수원,2020-05-03 11:00,23.1,,,1903
119,수원,2020-05-03 12:00,23.7,,,1976
119,수원,2020-05-03 13:00,24.7,,,1865
119,수원,2020-05-03 14:00,24.5,,,2000
119,수원,2020-05-03 15:00,25.6,,,2000
119,수원,2020-05-03 16:00,25.3,,,2000
119,수원,2020-05-03 17:00,24.9,,,2000
119,수원,2020-05-03 18:00,25.4,,,2000
119,수원,2020-05-03 19:00,23.9,,,2000
119,수원,2020-05-03 20:00,22.6,,,1791
119,수원,2020-05-03 21:00,21.8,,,2000
119,수원,2020-05-03 22:00,20.9,,,2000
119,수원,2020-05-03 23:00,19.5,,,1909
119,수원,2020-05-04 00:00,18.7,,,689
119,수원,2020-05-04 01:00,18.5,,,769
119,수원,2020-05-04 02:00,18.4,,,753
119,수원,2020-05-04 03:00,18.3,,,971
119,수원,2020-05-04 04:00,18,,,910
119,수원,2020-05-04 05:00,17.4,,,820
119,수원,2020-05-04 06:00,17.4,,,1328
119,수원,2020-05-04 07:00,18.5,,,736
119,수원,2020-05-04 08:00,19.5,,,1628
119,수원,2020-05-04 09:00,20.9,,,1624
119,수원,2020-05-04 10:00,21.5,,,1868
119,수원,2020-05-04 11:00,22.2,,,2041
119,수원,2020-05-04 12:00,22.8,,,1963
119,수원,2020-05-04 13:00,22.7,,,1914
119,수원,2020-05-04 14:00,23,,,1893
119,수원,2020-05-04 15:00,22.6,,,1947
119,수원,2020-05-04 16:00,22,,,1951
119,수원,2020-05-04 17:00,20.9,,,2000
119,수원,2020-05-04 18:00,17.9,,,1992
119,수원,2020-05-04 19:00,16.1,,,1982
119,수원,2020-05-04 20:00,14.6,,,1980
119,수원,2020-05-04 21:00,13.5,,,2000
119,수원,2020-05-04 22:00,12.8,,,1946
119,수원,2020-05-04 23:00,12.3,,,1740
119,수원,2020-05-05 00:00,12.7,,,1898
119,수원,2020-05-05 01:00,12.5,,,1571
119,수원,2020-05-05 02:00,12.2,,,1477
119,수원,2020-05-05 03:00,11.8,,,1291
119,수원,2020-05-05 04:00,11.2,,,1098
119,수원,2020-05-05 05:00,11.4,,,994
119,수원,2020-05-05 06:00,12,,,974
119,수원,2020-05-05 07:00,13.7,,,621
119,수원,2020-05-05 08:00,15.2,,,1300
119,수원,2020-05-05 09:00,17.4,,,1464
119,수원,2020-05-05 10:00,19.1,,,1896
119,수원,2020-05-05 11:00,20,,,1619
119,수원,2020-05-05 12:00,19.4,0,,1902
119,수원,2020-05-05 13:00,14.9,0,,732
119,수원,2020-05-05 14:00,14.2,.4,,1072
119,수원,2020-05-05 15:00,13.1,2.1,,925
119,수원,2020-05-05 16:00,13.1,0,,864
119,수원,2020-05-05 17:00,14.1,0,,1325
119,수원,2020-05-05 18:00,15.8,,,1125
119,수원,2020-05-05 19:00,15.9,,,1859
119,수원,2020-05-05 20:00,13.7,,,689
119,수원,2020-05-05 21:00,12.6,,,560
119,수원,2020-05-05 22:00,12,,,557
119,수원,2020-05-05 23:00,11.5,,,883
119,수원,2020-05-06 00:00,11.1,,,709
119,수원,2020-05-06 01:00,10.5,,,703
119,수원,2020-05-06 02:00,10.1,,,620
119,수원,2020-05-06 03:00,9.8,,,639
119,수원,2020-05-06 04:00,9.5,,,632
119,수원,2020-05-06 05:00,8.8,,,780
119,수원,2020-05-06 06:00,9.3,,,870
119,수원,2020-05-06 07:00,11.8,,,665
119,수원,2020-05-06 08:00,14.7,,,823
119,수원,2020-05-06 09:00,17.9,,,1351
119,수원,2020-05-06 10:00,20,,,1741
119,수원,2020-05-06 11:00,21.1,,,1708
119,수원,2020-05-06 12:00,23.3,,,1949
119,수원,2020-05-06 13:00,24.9,,,1954
119,수원,2020-05-06 14:00,25.5,,,1465
119,수원,2020-05-06 15:00,25.7,,,2021
119,수원,2020-05-06 16:00,25,,,1888
119,수원,2020-05-06 17:00,23.9,,,1941
119,수원,2020-05-06 18:00,23.1,,,1982
119,수원,2020-05-06 19:00,20.9,,,2000
119,수원,2020-05-06 20:00,19,,,2000
119,수원,2020-05-06 21:00,17.2,,,1814
119,수원,2020-05-06 22:00,16.7,,,1959
119,수원,2020-05-06 23:00,16.9,,,1991
119,수원,2020-05-07 00:00,16.4,,,2034
119,수원,2020-05-07 01:00,17.5,,,1872
119,수원,2020-05-07 02:00,17.3,,,2000
119,수원,2020-05-07 03:00,16.6,,,2000
119,수원,2020-05-07 04:00,15.5,,,2000
119,수원,2020-05-07 05:00,14.9,,,2000
119,수원,2020-05-07 06:00,14.1,,,2000
119,수원,2020-05-07 07:00,16.4,,,2000
119,수원,2020-05-07 08:00,17.9,,,2000
119,수원,2020-05-07 09:00,20,,,2000
119,수원,2020-05-07 10:00,21,,,1982
119,수원,2020-05-07 11:00,22.3,,,2000
119,수원,2020-05-07 12:00,23.7,,,1997
119,수원,2020-05-07 13:00,24.2,,,2000
119,수원,2020-05-07 14:00,25.4,,,2000
119,수원,2020-05-07 15:00,24.8,,,1949
119,수원,2020-05-07 16:00,24.9,,,2000
119,수원,2020-05-07 17:00,25.4,,,1996
119,수원,2020-05-07 18:00,24.6,,,1996
119,수원,2020-05-07 19:00,23.4,,,2000
119,수원,2020-05-07 20:00,21.7,,,2000
119,수원,2020-05-07 21:00,21.2,,,2000
119,수원,2020-05-07 22:00,20.7,,,2000
119,수원,2020-05-07 23:00,20.6,,,1957
119,수원,2020-05-08 00:00,19.5,,,2000
119,수원,2020-05-08 01:00,19.1,,,2000
119,수원,2020-05-08 02:00,18.9,,,1996
119,수원,2020-05-08 03:00,18.1,,,2000
119,수원,2020-05-08 04:00,17.3,,,2000
119,수원,2020-05-08 05:00,16.5,,,2000
119,수원,2020-05-08 06:00,15.9,,,2003
119,수원,2020-05-08 07:00,17.4,,,2000
119,수원,2020-05-08 08:00,18.4,,,2013
119,수원,2020-05-08 09:00,19.6,,,2000
119,수원,2020-05-08 10:00,20,,,2000
119,수원,2020-05-08 11:00,21.4,,,1997
119,수원,2020-05-08 12:00,22.7,,,1990
119,수원,2020-05-08 13:00,23.7,,,1997
119,수원,2020-05-08 14:00,23.9,,,1993
119,수원,2020-05-08 15:00,23.9,,,2000
119,수원,2020-05-08 16:00,23.3,,,2000
119,수원,2020-05-08 17:00,20.5,,,2000
119,수원,2020-05-08 18:00,20.2,,,2000
119,수원,2020-05-08 19:00,20.2,0,,1955
119,수원,2020-05-08 20:00,17.8,.1,,1787
119,수원,2020-05-08 21:00,16.5,.4,,1404
119,수원,2020-05-08 22:00,15.8,.8,,958
119,수원,2020-05-08 23:00,14.5,.8,,974
119,수원,2020-05-09 00:00,14.3,1,,524
119,수원,2020-05-09 01:00,14.3,1.9,,966
119,수원,2020-05-09 02:00,13.4,.4,,613
119,수원,2020-05-09 03:00,13.1,.7,,805
119,수원,2020-05-09 04:00,13.7,2.1,,910
119,수원,2020-05-09 05:00,14.4,.7,,1860
119,수원,2020-05-09 06:00,14.3,.6,,1084
119,수원,2020-05-09 07:00,14.6,.4,,989
119,수원,2020-05-09 08:00,14.9,.3,,920
119,수원,2020-05-09 09:00,15.5,.2,,830
119,수원,2020-05-09 10:00,15.5,6.4,,950
119,수원,2020-05-09 11:00,15.9,3.1,,744
119,수원,2020-05-09 12:00,16.4,2,,1905
119,수원,2020-05-09 13:00,16.6,.2,,1426
119,수원,2020-05-09 14:00,16.9,.9,,1444
119,수원,2020-05-09 15:00,17.1,.7,,719
119,수원,2020-05-09 16:00,16.3,2,,375
119,수원,2020-05-09 17:00,15,.5,,554
119,수원,2020-05-09 18:00,14.9,0,,793
119,수원,2020-05-09 19:00,14.3,,,1446
119,수원,2020-05-09 20:00,13.9,0,,760
119,수원,2020-05-09 21:00,13.3,0,,532
119,수원,2020-05-09 22:00,13.7,.1,,707
119,수원,2020-05-09 23:00,13,0,,581
119,수원,2020-05-10 00:00,13.2,0,,1420
119,수원,2020-05-10 01:00,13,0,,1189
119,수원,2020-05-10 02:00,13.2,.1,,1301
119,수원,2020-05-10 03:00,13.3,.1,,655
119,수원,2020-05-10 04:00,13.2,.1,,868
119,수원,2020-05-10 05:00,13.2,.1,,1331
119,수원,2020-05-10 06:00,13.1,.1,,717
119,수원,2020-05-10 07:00,13,0,,1075
119,수원,2020-05-10 08:00,13,0,,1463
119,수원,2020-05-10 09:00,13.7,,,1371
119,수원,2020-05-10 10:00,14.2,,,1766
119,수원,2020-05-10 11:00,14.4,,,1445
119,수원,2020-05-10 12:00,15,,,1653
119,수원,2020-05-10 13:00,15.8,,,1675
119,수원,2020-05-10 14:00,16.5,,,1971
119,수원,2020-05-10 15:00,15.8,,,950
119,수원,2020-05-10 16:00,16.1,,,639
119,수원,2020-05-10 17:00,15.1,,,735
119,수원,2020-05-10 18:00,15.1,,,747
119,수원,2020-05-10 19:00,14.6,,,539
119,수원,2020-05-10 20:00,13.7,,,543
119,수원,2020-05-10 21:00,13.5,,,555
119,수원,2020-05-10 22:00,13.3,,,487
119,수원,2020-05-10 23:00,14.2,,,574
119,수원,2020-05-11 00:00,14.1,,,570
119,수원,2020-05-11 01:00,13.7,,,794
119,수원,2020-05-11 02:00,13.5,,,522
119,수원,2020-05-11 03:00,13.5,,,434
119,수원,2020-05-11 04:00,13.4,,,900
119,수원,2020-05-11 05:00,12.8,,,559
119,수원,2020-05-11 06:00,12.5,,,419
119,수원,2020-05-11 07:00,13.4,,,619
119,수원,2020-05-11 08:00,14,,,631
119,수원,2020-05-11 09:00,16.3,,,621
119,수원,2020-05-11 10:00,18.2,,,623
119,수원,2020-05-11 11:00,19.7,,,816
119,수원,2020-05-11 12:00,21.4,,,1081
119,수원,2020-05-11 13:00,22.1,,,1698
119,수원,2020-05-11 14:00,21.8,,,1891
119,수원,2020-05-11 15:00,21,,,1947
119,수원,2020-05-11 16:00,20.4,,,1910
119,수원,2020-05-11 17:00,19.2,,,1675
119,수원,2020-05-11 18:00,18.4,,,1799
119,수원,2020-05-11 19:00,17.6,,,1718
119,수원,2020-05-11 20:00,16.8,0,,1796
119,수원,2020-05-11 21:00,15.7,0,,1870
119,수원,2020-05-11 22:00,15.6,,,1696
119,수원,2020-05-11 23:00,13.7,.4,,1706
119,수원,2020-05-12 00:00,12.1,.8,,722
119,수원,2020-05-12 01:00,11.6,1,,883
119,수원,2020-05-12 02:00,11.4,,,953
119,수원,2020-05-12 03:00,10.9,,,940
119,수원,2020-05-12 04:00,9.7,,,1116
119,수원,2020-05-12 05:00,10.2,,,883
119,수원,2020-05-12 06:00,10.6,,,833
119,수원,2020-05-12 07:00,11.7,,,631
119,수원,2020-05-12 08:00,13.6,,,828
119,수원,2020-05-12 09:00,15.5,,,1320
119,수원,2020-05-12 10:00,17.3,,,1966
119,수원,2020-05-12 11:00,16.7,,,1965
119,수원,2020-05-12 12:00,16.3,,,1951
119,수원,2020-05-12 13:00,16.9,,,1535
119,수원,2020-05-12 14:00,17.9,,,1400
119,수원,2020-05-12 15:00,17.9,,,1573
119,수원,2020-05-12 16:00,18.1,,,1735
119,수원,2020-05-12 17:00,17.3,,,1944
119,수원,2020-05-12 18:00,16.4,,,1981
119,수원,2020-05-12 19:00,15.2,,,1934
119,수원,2020-05-12 20:00,14.1,,,2000
119,수원,2020-05-12 21:00,13.3,,,2000
119,수원,2020-05-12 22:00,13,,,2000
119,수원,2020-05-12 23:00,12.1,,,2000
119,수원,2020-05-13 00:00,11.6,,,2000
119,수원,2020-05-13 01:00,10.8,,,2000
119,수원,2020-05-13 02:00,10.8,,,2000
119,수원,2020-05-13 03:00,9.8,,,1749
119,수원,2020-05-13 04:00,8.7,,,1150
119,수원,2020-05-13 05:00,9.2,,,1638
119,수원,2020-05-13 06:00,9.3,,,1191
119,수원,2020-05-13 07:00,11.7,,,1638
119,수원,2020-05-13 08:00,13.4,,,1832
119,수원,2020-05-13 09:00,15.8,,,2060
119,수원,2020-05-13 10:00,17.9,,,2000
119,수원,2020-05-13 11:00,18.7,,,2000
119,수원,2020-05-13 12:00,20,,,2000
119,수원,2020-05-13 13:00,21.3,,,2000
119,수원,2020-05-13 14:00,21.5,,,2000
119,수원,2020-05-13 15:00,21.2,,,1936
119,수원,2020-05-13 16:00,21.5,,,2000
119,수원,2020-05-13 17:00,20.7,,,2000
119,수원,2020-05-13 18:00,20.4,,,2000
119,수원,2020-05-13 19:00,18.9,,,2000
119,수원,2020-05-13 20:00,17,,,2000
119,수원,2020-05-13 21:00,15.5,,,2000
119,수원,2020-05-13 22:00,14.9,,,2000
119,수원,2020-05-13 23:00,15.7,,,2000
119,수원,2020-05-14 00:00,14.1,,,2000
119,수원,2020-05-14 01:00,13.5,,,2000
119,수원,2020-05-14 02:00,12.6,,,1950
119,수원,2020-05-14 03:00,12,,,2000
119,수원,2020-05-14 04:00,12.1,,,2000
119,수원,2020-05-14 05:00,12.3,,,2000
119,수원,2020-05-14 06:00,12.9,,,2000
119,수원,2020-05-14 07:00,14.7,,,2000
119,수원,2020-05-14 08:00,16.6,,,2000
119,수원,2020-05-14 09:00,18.8,,,2000
119,수원,2020-05-14 10:00,20.5,,,2000
119,수원,2020-05-14 11:00,22.3,,,1949
119,수원,2020-05-14 12:00,23.7,,,1999
119,수원,2020-05-14 13:00,24.3,,,2000
119,수원,2020-05-14 14:00,25.5,,,1822
119,수원,2020-05-14 15:00,25.6,,,2000
119,수원,2020-05-14 16:00,25,,,2000
119,수원,2020-05-14 17:00,24,,,2000
119,수원,2020-05-14 18:00,23.7,,,2000
119,수원,2020-05-14 19:00,22.9,,,2000
119,수원,2020-05-14 20:00,22,,,1955
119,수원,2020-05-14 21:00,22.1,,,2000
119,수원,2020-05-14 22:00,21.5,,,2000
119,수원,2020-05-14 23:00,20.8,,,2000
119,수원,2020-05-15 00:00,21.4,,,2000
119,수원,2020-05-15 01:00,20.4,,,2000
119,수원,2020-05-15 02:00,20.1,,,1991
119,수원,2020-05-15 03:00,19,,,2000
119,수원,2020-05-15 04:00,19.1,,,2000
119,수원,2020-05-15 05:00,18.4,.1,,1914
119,수원,2020-05-15 06:00,16.1,.5,,1398
119,수원,2020-05-15 07:00,16.1,1.2,,1552
119,수원,2020-05-15 08:00,15.4,1.4,,1812
119,수원,2020-05-15 09:00,15.2,1.4,,1212
119,수원,2020-05-15 10:00,14.6,3,,885
119,수원,2020-05-15 11:00,14.9,2.6,,1146
119,수원,2020-05-15 12:00,15.4,1.1,,1956
119,수원,2020-05-15 13:00,16.1,0,,2000
119,수원,2020-05-15 14:00,16.1,0,,1944
119,수원,2020-05-15 15:00,16.1,0,,2000
119,수원,2020-05-15 16:00,16.3,0,,1851
119,수원,2020-05-15 17:00,15.7,.4,,1097
119,수원,2020-05-15 18:00,15.9,.2,,1953
119,수원,2020-05-15 19:00,16.2,0,,2000
119,수원,2020-05-15 20:00,16.1,0,,993
119,수원,2020-05-15 21:00,15.7,.6,,900
119,수원,2020-05-15 22:00,16,.1,,1527
119,수원,2020-05-15 23:00,16.1,,,1803
119,수원,2020-05-16 00:00,16.1,,,1726
119,수원,2020-05-16 01:00,16.1,,,1920
119,수원,2020-05-16 02:00,15.8,,,518
119,수원,2020-05-16 03:00,15.6,.1,,380
119,수원,2020-05-16 04:00,15.6,.4,,290
119,수원,2020-05-16 05:00,15.6,.4,,321
119,수원,2020-05-16 06:00,15.2,.1,,197
119,수원,2020-05-16 07:00,15.1,.2,,421
119,수원,2020-05-16 08:00,15.3,,,920
119,수원,2020-05-16 09:00,15.6,,,1720
119,수원,2020-05-16 10:00,16.5,,,1489
119,수원,2020-05-16 11:00,16.9,,,1477
119,수원,2020-05-16 12:00,17.4,,,1752
119,수원,2020-05-16 13:00,18.5,,,1903
119,수원,2020-05-16 14:00,18.7,,,1874
119,수원,2020-05-16 15:00,18.9,,,1631
119,수원,2020-05-16 16:00,18.7,,,1279
119,수원,2020-05-16 17:00,18.7,,,1281
119,수원,2020-05-16 18:00,17.9,,,1253
119,수원,2020-05-16 19:00,17.3,,,842
119,수원,2020-05-16 20:00,16.3,,,732
119,수원,2020-05-16 21:00,15.6,,,811
119,수원,2020-05-16 22:00,15.7,,,499
119,수원,2020-05-16 23:00,15.8,,,754
119,수원,2020-05-17 00:00,15.7,,,678
119,수원,2020-05-17 01:00,15.2,,,943
119,수원,2020-05-17 02:00,15.1,,,653
119,수원,2020-05-17 03:00,15,,,760
119,수원,2020-05-17 04:00,14.6,,,574
119,수원,2020-05-17 05:00,14.7,0,,694
119,수원,2020-05-17 06:00,14.4,.1,,637
119,수원,2020-05-17 07:00,14.8,0,,613
119,수원,2020-05-17 08:00,16.1,,,686
119,수원,2020-05-17 09:00,17.6,,,1214
119,수원,2020-05-17 10:00,17.6,,,1124
119,수원,2020-05-17 11:00,18.6,,,1189
119,수원,2020-05-17 12:00,19.8,,,1267
119,수원,2020-05-17 13:00,20,,,1263
119,수원,2020-05-17 14:00,22.8,,,1582
119,수원,2020-05-17 15:00,23.6,,,1552
119,수원,2020-05-17 16:00,25.7,,,1219
119,수원,2020-05-17 17:00,25.2,,,1336
119,수원,2020-05-17 18:00,24.9,,,1196
119,수원,2020-05-17 19:00,22.9,,,802
119,수원,2020-05-17 20:00,20.7,,,571
119,수원,2020-05-17 21:00,19.8,,,510
119,수원,2020-05-17 22:00,18.5,,,647
119,수원,2020-05-17 23:00,18.3,,,699
119,수원,2020-05-18 00:00,17.7,,,792
119,수원,2020-05-18 01:00,17.7,,,633
119,수원,2020-05-18 02:00,17.4,,,478
119,수원,2020-05-18 03:00,16.9,,,377
119,수원,2020-05-18 04:00,17.1,,,400
119,수원,2020-05-18 05:00,17.2,,,290
119,수원,2020-05-18 06:00,17.6,,,376
119,수원,2020-05-18 07:00,18.4,,,378
119,수원,2020-05-18 08:00,19.7,,,462
119,수원,2020-05-18 09:00,21.6,,,526
119,수원,2020-05-18 10:00,23.4,,,787
119,수원,2020-05-18 11:00,23.9,,,1593
119,수원,2020-05-18 12:00,25,,,1497
119,수원,2020-05-18 13:00,25.5,,,1788
119,수원,2020-05-18 14:00,27,,,2160
119,수원,2020-05-18 15:00,26.5,,,1998
119,수원,2020-05-18 16:00,23.8,.4,,1492
119,수원,2020-05-18 17:00,17.8,28.7,,2000
119,수원,2020-05-18 18:00,17.9,.4,,2000
119,수원,2020-05-18 19:00,15.8,4.2,,1100
119,수원,2020-05-18 20:00,15.6,2.5,,1529
119,수원,2020-05-18 21:00,14.9,.5,,1050
119,수원,2020-05-18 22:00,13,0,,897
119,수원,2020-05-18 23:00,13.4,,,1210
119,수원,2020-05-19 00:00,13.5,,,1120
119,수원,2020-05-19 01:00,13.4,,,1701
119,수원,2020-05-19 02:00,12.9,,,1747
119,수원,2020-05-19 03:00,12.9,,,1645
119,수원,2020-05-19 04:00,12.8,0,,2000
119,수원,2020-05-19 05:00,12.1,,,1946
119,수원,2020-05-19 06:00,11.8,0,,1735
119,수원,2020-05-19 07:00,11.3,1.7,,1005
119,수원,2020-05-19 08:00,11.7,1.2,,1555
119,수원,2020-05-19 09:00,12.5,.5,,2000
119,수원,2020-05-19 10:00,12.4,.4,,1897
119,수원,2020-05-19 11:00,13.2,.1,,2000
119,수원,2020-05-19 12:00,13.8,0,,2000
119,수원,2020-05-19 13:00,15.5,,,2000
119,수원,2020-05-19 14:00,17.3,,,2000
119,수원,2020-05-19 15:00,16.2,,,1954
119,수원,2020-05-19 16:00,17.7,,,2000
119,수원,2020-05-19 17:00,16.6,,,2000
119,수원,2020-05-19 18:00,16,,,2000
119,수원,2020-05-19 19:00,15.1,,,2000
119,수원,2020-05-19 20:00,14.4,,,2000
119,수원,2020-05-19 21:00,13.6,,,2000
119,수원,2020-05-19 22:00,12.9,,,2000
119,수원,2020-05-19 23:00,11.5,,,2000
119,수원,2020-05-20 00:00,11.4,,,2000
119,수원,2020-05-20 01:00,10.8,,,1997
119,수원,2020-05-20 02:00,10.2,,,2000
119,수원,2020-05-20 03:00,10.4,,,2000
119,수원,2020-05-20 04:00,10.4,,,1993
119,수원,2020-05-20 05:00,10.7,,,2000
119,수원,2020-05-20 06:00,11,,,2000
119,수원,2020-05-20 07:00,11.6,,,2000
119,수원,2020-05-20 08:00,11.8,,,2000
119,수원,2020-05-20 09:00,12.4,,,2000
119,수원,2020-05-20 10:00,14.7,,,2000
119,수원,2020-05-20 11:00,15.9,,,2000
119,수원,2020-05-20 12:00,16.9,,,2000
119,수원,2020-05-20 13:00,17.2,,,2000
119,수원,2020-05-20 14:00,18.1,,,2000
119,수원,2020-05-20 15:00,19,,,2000
119,수원,2020-05-20 16:00,18.6,,,2000
119,수원,2020-05-20 17:00,17.7,,,2000
119,수원,2020-05-20 18:00,17.3,,,2000
119,수원,2020-05-20 19:00,16.2,,,1996
119,수원,2020-05-20 20:00,15.1,,,2000
119,수원,2020-05-20 21:00,14.2,,,2000
119,수원,2020-05-20 22:00,13.3,,,1971
119,수원,2020-05-20 23:00,12.1,,,2000
119,수원,2020-05-21 00:00,11.6,,,2000
119,수원,2020-05-21 01:00,11,,,2000
119,수원,2020-05-21 02:00,10.5,,,2000
119,수원,2020-05-21 03:00,10.8,,,2000
119,수원,2020-05-21 04:00,11.3,,,2000
119,수원,2020-05-21 05:00,11.2,,,2000
119,수원,2020-05-21 06:00,12.2,,,2000
119,수원,2020-05-21 07:00,13.6,,,2000
119,수원,2020-05-21 08:00,15.4,,,2000
119,수원,2020-05-21 09:00,16.5,,,1996
119,수원,2020-05-21 10:00,18,,,2000
119,수원,2020-05-21 11:00,19,,,1993
119,수원,2020-05-21 12:00,19.1,,,2000
119,수원,2020-05-21 13:00,20.2,,,2000
119,수원,2020-05-21 14:00,20.4,,,2000
119,수원,2020-05-21 15:00,21,,,2000
119,수원,2020-05-21 16:00,21.4,,,2000
119,수원,2020-05-21 17:00,22,,,2000
119,수원,2020-05-21 18:00,21.7,,,2000
119,수원,2020-05-21 19:00,21.1,,,2000
119,수원,2020-05-21 20:00,19.2,,,2000
119,수원,2020-05-21 21:00,18.4,,,2000
119,수원,2020-05-21 22:00,17.8,,,1945
119,수원,2020-05-21 23:00,16.8,,,1346
119,수원,2020-05-22 00:00,16.8,,,1824
119,수원,2020-05-22 01:00,15.3,,,1730
119,수원,2020-05-22 02:00,14.6,,,1679
119,수원,2020-05-22 03:00,14.5,,,1601
119,수원,2020-05-22 04:00,13.5,,,954
119,수원,2020-05-22 05:00,14,,,1344
119,수원,2020-05-22 06:00,14.7,,,1410
119,수원,2020-05-22 07:00,15.9,,,1423
119,수원,2020-05-22 08:00,17.2,,,1648
119,수원,2020-05-22 09:00,18.6,,,1910
119,수원,2020-05-22 10:00,19,,,1823
119,수원,2020-05-22 11:00,19.7,,,1812
119,수원,2020-05-22 12:00,21.6,,,1927
119,수원,2020-05-22 13:00,22,,,1862
119,수원,2020-05-22 14:00,22.7,,,1977
119,수원,2020-05-22 15:00,22.5,,,2011
119,수원,2020-05-22 16:00,22.5,,,1800
119,수원,2020-05-22 17:00,21.1,,,1513
119,수원,2020-05-22 18:00,18.5,,,1163
119,수원,2020-05-22 19:00,18.1,0,,784
119,수원,2020-05-22 20:00,18.2,,,733
119,수원,2020-05-22 21:00,18,0,,654
119,수원,2020-05-22 22:00,16.9,0,,555
119,수원,2020-05-22 23:00,17,,,996
119,수원,2020-05-23 00:00,16.9,,,786
119,수원,2020-05-23 01:00,16.5,,,779
119,수원,2020-05-23 02:00,16.7,,,1513
119,수원,2020-05-23 03:00,16.7,,,633
119,수원,2020-05-23 04:00,16.3,,,651
119,수원,2020-05-23 05:00,16,,,534
119,수원,2020-05-23 06:00,16,,,506
119,수원,2020-05-23 07:00,17.6,,,847
119,수원,2020-05-23 08:00,19.2,,,1460
119,수원,2020-05-23 09:00,20.3,,,1610
119,수원,2020-05-23 10:00,21.3,,,1032
119,수원,2020-05-23 11:00,21.8,,,1114
119,수원,2020-05-23 12:00,22.6,,,1749
119,수원,2020-05-23 13:00,23.9,,,2000
119,수원,2020-05-23 14:00,24.6,,,1963
119,수원,2020-05-23 15:00,24.6,,,2000
119,수원,2020-05-23 16:00,24.6,,,1997
119,수원,2020-05-23 17:00,22.5,,,1993
119,수원,2020-05-23 18:00,21.1,,,2000
119,수원,2020-05-23 19:00,20.6,,,1869
119,수원,2020-05-23 20:00,19.2,,,1885
119,수원,2020-05-23 21:00,18.8,,,1409
119,수원,2020-05-23 22:00,18.4,,,1152
119,수원,2020-05-23 23:00,18.6,,,1177
119,수원,2020-05-24 00:00,18.8,,,1172
119,수원,2020-05-24 01:00,18.9,0,,1058
119,수원,2020-05-24 02:00,19,,,1113
119,수원,2020-05-24 03:00,18.4,,,855
119,수원,2020-05-24 04:00,18.8,,,925
119,수원,2020-05-24 05:00,18.8,,,876
119,수원,2020-05-24 06:00,19.5,,,1540
119,수원,2020-05-24 07:00,17.6,5.8,,623
119,수원,2020-05-24 08:00,17.1,4.1,,920
119,수원,2020-05-24 09:00,16.4,0,,945
119,수원,2020-05-24 10:00,16.1,,,1489
119,수원,2020-05-24 11:00,15.6,,,881
119,수원,2020-05-24 12:00,15,,,839
119,수원,2020-05-24 13:00,16.9,,,1931
119,수원,2020-05-24 14:00,18.6,,,1995
119,수원,2020-05-24 15:00,19.2,,,1954
119,수원,2020-05-24 16:00,18.6,,,1976
119,수원,2020-05-24 17:00,18.4,,,1982
119,수원,2020-05-24 18:00,17.8,,,1912
119,수원,2020-05-24 19:00,16.7,,,2000
119,수원,2020-05-24 20:00,14.9,,,1068
119,수원,2020-05-24 21:00,14.7,,,875
119,수원,2020-05-24 22:00,14.1,,,772
119,수원,2020-05-24 23:00,13.8,,,674
119,수원,2020-05-25 00:00,13.5,,,786
119,수원,2020-05-25 01:00,13.6,,,1912
119,수원,2020-05-25 02:00,13.2,,,1698
119,수원,2020-05-25 03:00,12.9,,,1728
119,수원,2020-05-25 04:00,12.7,,,721
119,수원,2020-05-25 05:00,12.7,0,,386
119,수원,2020-05-25 06:00,12.8,0,,386
119,수원,2020-05-25 07:00,13,0,,461
119,수원,2020-05-25 08:00,13.4,0,,523
119,수원,2020-05-25 09:00,14,0,,737
119,수원,2020-05-25 10:00,15.7,,,615
119,수원,2020-05-25 11:00,16.8,,,1224
119,수원,2020-05-25 12:00,17.8,,,1076
119,수원,2020-05-25 13:00,18.2,,,1093
119,수원,2020-05-25 14:00,19,,,1047
119,수원,2020-05-25 15:00,19.3,,,1294
119,수원,2020-05-25 16:00,19.2,,,1050
119,수원,2020-05-25 17:00,19.4,,,1369
119,수원,2020-05-25 18:00,18.9,,,1240
119,수원,2020-05-25 19:00,17.6,,,1033
119,수원,2020-05-25 20:00,16,,,1257
119,수원,2020-05-25 21:00,14.8,,,1270
119,수원,2020-05-25 22:00,13.8,,,612
119,수원,2020-05-25 23:00,13.2,,,474
119,수원,2020-05-26 00:00,13.1,,,414
119,수원,2020-05-26 01:00,12.8,,,316
119,수원,2020-05-26 02:00,12.8,,,224
119,수원,2020-05-26 03:00,12.8,,,233
119,수원,2020-05-26 04:00,12.9,,,241
119,수원,2020-05-26 05:00,12.8,,,197
119,수원,2020-05-26 06:00,12.9,,,229
119,수원,2020-05-26 07:00,13,,,202
119,수원,2020-05-26 08:00,13.3,,,346
119,수원,2020-05-26 09:00,15.1,,,549
119,수원,2020-05-26 10:00,16.8,,,665
119,수원,2020-05-26 11:00,19.1,,,1091
119,수원,2020-05-26 12:00,20.9,,,1507
119,수원,2020-05-26 13:00,21.9,,,2000
119,수원,2020-05-26 14:00,22.5,,,1570
119,수원,2020-05-26 15:00,22.1,,,2000
119,수원,2020-05-26 16:00,19.7,,,2000
119,수원,2020-05-26 17:00,18,0,,1941
119,수원,2020-05-26 18:00,15.8,.1,,2000
119,수원,2020-05-26 19:00,15.9,,,1932
119,수원,2020-05-26 20:00,15.6,,,2000
119,수원,2020-05-26 21:00,15.4,,,1995
119,수원,2020-05-26 22:00,15.5,,,1763
119,수원,2020-05-26 23:00,14.4,,,1036
119,수원,2020-05-27 00:00,13.5,,,771
119,수원,2020-05-27 01:00,13.6,,,646
119,수원,2020-05-27 02:00,14,,,637
119,수원,2020-05-27 03:00,13.2,,,916
119,수원,2020-05-27 04:00,12.6,,,591
119,수원,2020-05-27 05:00,12.5,,,1029
119,수원,2020-05-27 06:00,12.2,,,1020
119,수원,2020-05-27 07:00,14.5,,,1482
119,수원,2020-05-27 08:00,15.6,,,1867
119,수원,2020-05-27 09:00,16.9,,,1979
119,수원,2020-05-27 10:00,18.8,,,1986
119,수원,2020-05-27 11:00,21.2,,,2000
119,수원,2020-05-27 12:00,22.7,,,2000
119,수원,2020-05-27 13:00,23.8,,,2000
119,수원,2020-05-27 14:00,23,,,1979
119,수원,2020-05-27 15:00,22.6,,,2000
119,수원,2020-05-27 16:00,21.1,,,2000
119,수원,2020-05-27 17:00,21.1,,,2000
119,수원,2020-05-27 18:00,19.9,,,1995
119,수원,2020-05-27 19:00,18.4,,,1999
119,수원,2020-05-27 20:00,16.6,,,1887
119,수원,2020-05-27 21:00,15.3,,,1309
119,수원,2020-05-27 22:00,14.7,,,1008
119,수원,2020-05-27 23:00,13.9,,,528
119,수원,2020-05-28 00:00,13.7,,,655
119,수원,2020-05-28 01:00,13.4,,,714
119,수원,2020-05-28 02:00,12.6,,,1541
119,수원,2020-05-28 03:00,12.9,,,584
119,수원,2020-05-28 04:00,13.9,,,1538
119,수원,2020-05-28 05:00,13.7,,,686
119,수원,2020-05-28 06:00,14.1,,,612
119,수원,2020-05-28 07:00,14.7,,,633
119,수원,2020-05-28 08:00,17.2,,,621
119,수원,2020-05-28 09:00,18.1,,,1111
119,수원,2020-05-28 10:00,19.8,,,1692
119,수원,2020-05-28 11:00,21.1,,,2030
119,수원,2020-05-28 12:00,22.3,,,2002
119,수원,2020-05-28 13:00,22.2,,,2000
119,수원,2020-05-28 14:00,23.7,,,2000
119,수원,2020-05-28 15:00,23.1,,,2000
119,수원,2020-05-28 16:00,22.4,,,1997
119,수원,2020-05-28 17:00,22.2,,,2000
119,수원,2020-05-28 18:00,21.6,,,1997
119,수원,2020-05-28 19:00,19.7,,,2000
119,수원,2020-05-28 20:00,18.4,,,2000
119,수원,2020-05-28 21:00,17.2,,,2000
119,수원,2020-05-28 22:00,16.1,,,2000
119,수원,2020-05-28 23:00,15.4,,,1518
119,수원,2020-05-29 00:00,14.7,,,1242
119,수원,2020-05-29 01:00,14.3,,,1095
119,수원,2020-05-29 02:00,14,,,886
119,수원,2020-05-29 03:00,13.5,,,758
119,수원,2020-05-29 04:00,13.3,,,815
119,수원,2020-05-29 05:00,13.6,,,451
119,수원,2020-05-29 06:00,13.9,,,389
119,수원,2020-05-29 07:00,14.3,,,396
119,수원,2020-05-29 08:00,16.2,,,646
119,수원,2020-05-29 09:00,18.1,,,1141
119,수원,2020-05-29 10:00,20.2,,,1282
119,수원,2020-05-29 11:00,22.1,,,1873
119,수원,2020-05-29 12:00,23.9,,,2021
119,수원,2020-05-29 13:00,24.3,,,1963
119,수원,2020-05-29 14:00,26,,,1994
119,수원,2020-05-29 15:00,26.6,,,1991
119,수원,2020-05-29 16:00,26.3,,,2007
119,수원,2020-05-29 17:00,24.8,,,1994
119,수원,2020-05-29 18:00,22.9,,,2000
119,수원,2020-05-29 19:00,21.9,,,1994
119,수원,2020-05-29 20:00,20.2,,,2000
119,수원,2020-05-29 21:00,19.2,,,1966
119,수원,2020-05-29 22:00,18.8,,,1773
119,수원,2020-05-29 23:00,18.2,,,1852
119,수원,2020-05-30 00:00,17.4,,,779
119,수원,2020-05-30 01:00,16.9,,,1262
119,수원,2020-05-30 02:00,16.4,,,1116
119,수원,2020-05-30 03:00,16.6,,,1467
119,수원,2020-05-30 04:00,15.8,,,1618
119,수원,2020-05-30 05:00,15.3,,,1863
119,수원,2020-05-30 06:00,15.4,,,1813
119,수원,2020-05-30 07:00,18.2,,,1173
119,수원,2020-05-30 08:00,21.5,,,1456
119,수원,2020-05-30 09:00,22.9,,,1522
119,수원,2020-05-30 10:00,24.6,,,1884
119,수원,2020-05-30 11:00,26,,,1915
119,수원,2020-05-30 12:00,26.7,,,1785
119,수원,2020-05-30 13:00,27.7,,,1998
119,수원,2020-05-30 14:00,28.7,,,1989
119,수원,2020-05-30 15:00,29,,,1994
119,수원,2020-05-30 16:00,29.1,,,1955
119,수원,2020-05-30 17:00,28.2,,,2000
119,수원,2020-05-30 18:00,25,,,1883
119,수원,2020-05-30 19:00,21.9,,,1692
119,수원,2020-05-30 20:00,20.2,,,1753
119,수원,2020-05-30 21:00,19.8,,,2000
119,수원,2020-05-30 22:00,19.1,,,1896
119,수원,2020-05-30 23:00,18.3,,,1834
119,수원,2020-05-31 00:00,17.7,,,1294
119,수원,2020-05-31 01:00,17.2,,,967
119,수원,2020-05-31 02:00,16.8,,,917
119,수원,2020-05-31 03:00,16.6,,,853
119,수원,2020-05-31 04:00,16.8,,,935
119,수원,2020-05-31 05:00,16.2,,,735
119,수원,2020-05-31 06:00,16.3,,,749
119,수원,2020-05-31 07:00,19.4,,,827
119,수원,2020-05-31 08:00,21.4,,,1301
119,수원,2020-05-31 09:00,22.7,,,1126
119,수원,2020-05-31 10:00,24.1,,,1600
119,수원,2020-05-31 11:00,25.3,,,1854
119,수원,2020-05-31 12:00,26,,,1893
119,수원,2020-05-31 13:00,26.5,,,1893
119,수원,2020-05-31 14:00,25.7,,,1775
119,수원,2020-05-31 15:00,24,,,1923
119,수원,2020-05-31 16:00,22.9,,,2024
119,수원,2020-05-31 17:00,21.8,,,1985
119,수원,2020-05-31 18:00,21,,,1799
119,수원,2020-05-31 19:00,20.5,,,1986
119,수원,2020-05-31 20:00,19.8,,,1963
119,수원,2020-05-31 21:00,19.2,,,1717
119,수원,2020-05-31 22:00,18.7,,,1748
119,수원,2020-05-31 23:00,17.2,.1,,384
119,수원,2020-06-01 00:00,17,1.1,,330
119,수원,2020-06-01 01:00,17.2,.1,,1117
119,수원,2020-06-01 02:00,17.2,,,1056
119,수원,2020-06-01 03:00,16.7,,,1205
119,수원,2020-06-01 04:00,16.9,,,1463
119,수원,2020-06-01 05:00,16.6,,,1108
119,수원,2020-06-01 06:00,16.7,.1,,1368
119,수원,2020-06-01 07:00,16.9,,,1746
119,수원,2020-06-01 08:00,17.9,,,1950
119,수원,2020-06-01 09:00,19.5,,,1922
119,수원,2020-06-01 10:00,20.7,,,2000
119,수원,2020-06-01 11:00,22.4,,,2000
119,수원,2020-06-01 12:00,23.2,,,2000
119,수원,2020-06-01 13:00,22.8,,,2000
119,수원,2020-06-01 14:00,23.6,,,2000
119,수원,2020-06-01 15:00,23.1,,,2000
119,수원,2020-06-01 16:00,22.9,,,2000
119,수원,2020-06-01 17:00,22.2,,,2000
119,수원,2020-06-01 18:00,21.6,,,2000
119,수원,2020-06-01 19:00,19.9,,,2000
119,수원,2020-06-01 20:00,17.3,,,2000
119,수원,2020-06-01 21:00,16.1,,,2000
119,수원,2020-06-01 22:00,15.2,,,1885
119,수원,2020-06-01 23:00,14.6,,,1765
119,수원,2020-06-02 00:00,14.1,,,1305
119,수원,2020-06-02 01:00,13.6,,,1231
119,수원,2020-06-02 02:00,13.8,,,885
119,수원,2020-06-02 03:00,13.9,,,587
119,수원,2020-06-02 04:00,13.2,,,493
119,수원,2020-06-02 05:00,13.4,,,526
119,수원,2020-06-02 06:00,14.5,,,575
119,수원,2020-06-02 07:00,15.7,,,813
119,수원,2020-06-02 08:00,16.5,,,1432
119,수원,2020-06-02 09:00,17.8,,,1827
119,수원,2020-06-02 10:00,18.7,,,2000
119,수원,2020-06-02 11:00,18.4,0,,1872
119,수원,2020-06-02 12:00,17.5,.2,,1020
119,수원,2020-06-02 13:00,18.2,.9,,2000
119,수원,2020-06-02 14:00,21,0,,2000
119,수원,2020-06-02 15:00,22.7,,,2000
119,수원,2020-06-02 16:00,22.2,,,2000
119,수원,2020-06-02 17:00,21.5,,,2000
119,수원,2020-06-02 18:00,21.4,,,2000
119,수원,2020-06-02 19:00,21.2,,,2000
119,수원,2020-06-02 20:00,20.6,,,2000
119,수원,2020-06-02 21:00,19.9,,,1983
119,수원,2020-06-02 22:00,19.4,,,1866
119,수원,2020-06-02 23:00,19,,,1342
119,수원,2020-06-03 00:00,18.4,,,967
119,수원,2020-06-03 01:00,18.3,,,682
119,수원,2020-06-03 02:00,18.3,,,757
119,수원,2020-06-03 03:00,18.3,,,595
119,수원,2020-06-03 04:00,18.3,,,663
119,수원,2020-06-03 05:00,18.2,0,,425
119,수원,2020-06-03 06:00,18.2,.1,,459
119,수원,2020-06-03 07:00,18.9,,,716
119,수원,2020-06-03 08:00,19.9,,,958
119,수원,2020-06-03 09:00,19.7,,,575
119,수원,2020-06-03 10:00,22.2,,,819
119,수원,2020-06-03 11:00,23,,,921
119,수원,2020-06-03 12:00,24.7,,,1282
119,수원,2020-06-03 13:00,25.4,,,1521
119,수원,2020-06-03 14:00,26.3,,,1861
119,수원,2020-06-03 15:00,26.7,,,1803
119,수원,2020-06-03 16:00,26.8,,,1967
119,수원,2020-06-03 17:00,27.5,,,1634
119,수원,2020-06-03 18:00,26.2,,,1508
119,수원,2020-06-03 19:00,22.6,,,1865
119,수원,2020-06-03 20:00,21,,,1764
119,수원,2020-06-03 21:00,20.9,,,1057
119,수원,2020-06-03 22:00,20.8,,,1261
119,수원,2020-06-03 23:00,20.6,,,1493
119,수원,2020-06-04 00:00,20.7,,,1488
119,수원,2020-06-04 01:00,20.4,,,1485
119,수원,2020-06-04 02:00,20.8,,,1131
119,수원,2020-06-04 03:00,20.8,,,1133
119,수원,2020-06-04 04:00,20.9,.1,,730
119,수원,2020-06-04 05:00,21,0,,590
119,수원,2020-06-04 06:00,20.7,.1,,742
119,수원,2020-06-04 07:00,20.4,0,,607
119,수원,2020-06-04 08:00,20.2,0,,578
119,수원,2020-06-04 09:00,21.5,.1,,627
119,수원,2020-06-04 10:00,22.4,,,746
119,수원,2020-06-04 11:00,24.2,,,902
119,수원,2020-06-04 12:00,25.9,,,940
119,수원,2020-06-04 13:00,26.6,,,1698
119,수원,2020-06-04 14:00,26.9,,,1804
119,수원,2020-06-04 15:00,26.4,,,1916
119,수원,2020-06-04 16:00,24.6,,,1494
119,수원,2020-06-04 17:00,24,,,1809
119,수원,2020-06-04 18:00,22.9,,,1793
119,수원,2020-06-04 19:00,21.5,,,1640
119,수원,2020-06-04 20:00,21.4,,,1090
119,수원,2020-06-04 21:00,21,,,661
119,수원,2020-06-04 22:00,20.4,,,542
119,수원,2020-06-04 23:00,20,,,569
119,수원,2020-06-05 00:00,19.1,.1,,387
119,수원,2020-06-05 01:00,19.2,0,,918
119,수원,2020-06-05 02:00,18.9,0,,652
119,수원,2020-06-05 03:00,18.6,,,778
119,수원,2020-06-05 04:00,18.6,,,824
119,수원,2020-06-05 05:00,18.7,,,629
119,수원,2020-06-05 06:00,18.8,,,523
119,수원,2020-06-05 07:00,18.8,,,673
119,수원,2020-06-05 08:00,19.1,,,804
119,수원,2020-06-05 09:00,19.6,,,792
119,수원,2020-06-05 10:00,20.6,,,735
119,수원,2020-06-05 11:00,22.3,,,1087
119,수원,2020-06-05 12:00,24,,,1163
119,수원,2020-06-05 13:00,24.9,,,1005
119,수원,2020-06-05 14:00,26.2,,,1149
119,수원,2020-06-05 15:00,26.9,,,967
119,수원,2020-06-05 16:00,27.6,,,1230
119,수원,2020-06-05 17:00,26.2,,,1243
119,수원,2020-06-05 18:00,25.6,,,1100
119,수원,2020-06-05 19:00,24,,,1243
119,수원,2020-06-05 20:00,22.2,,,1124
119,수원,2020-06-05 21:00,20,,,602
119,수원,2020-06-05 22:00,19,,,654
119,수원,2020-06-05 23:00,18.6,,,509
119,수원,2020-06-06 00:00,18.3,,,565
119,수원,2020-06-06 01:00,18,,,533
119,수원,2020-06-06 02:00,17.6,,,689
119,수원,2020-06-06 03:00,17.4,,,779
119,수원,2020-06-06 04:00,17.1,,,720
119,수원,2020-06-06 05:00,16.7,,,558
119,수원,2020-06-06 06:00,17.1,,,596
119,수원,2020-06-06 07:00,19,,,594
119,수원,2020-06-06 08:00,22.7,,,802
119,수원,2020-06-06 09:00,24.7,,,1284
119,수원,2020-06-06 10:00,26.4,,,1249
119,수원,2020-06-06 11:00,26.5,,,1441
119,수원,2020-06-06 12:00,28.3,,,1311
119,수원,2020-06-06 13:00,28.8,,,1378
119,수원,2020-06-06 14:00,29,,,1651
119,수원,2020-06-06 15:00,29.6,,,1680
119,수원,2020-06-06 16:00,29.3,,,1320
119,수원,2020-06-06 17:00,27.8,,,861
119,수원,2020-06-06 18:00,26.7,,,987
119,수원,2020-06-06 19:00,25.6,,,795
119,수원,2020-06-06 20:00,23,,,642
119,수원,2020-06-06 21:00,22.5,,,646
119,수원,2020-06-06 22:00,22.2,,,578
119,수원,2020-06-06 23:00,21.3,,,825
119,수원,2020-06-07 00:00,20.3,,,762
119,수원,2020-06-07 01:00,19.8,,,643
119,수원,2020-06-07 02:00,18.9,,,1786
119,수원,2020-06-07 03:00,19,,,1637
119,수원,2020-06-07 04:00,18.1,,,1200
119,수원,2020-06-07 05:00,18.2,,,842
119,수원,2020-06-07 06:00,18.5,,,745
119,수원,2020-06-07 07:00,18.8,,,540
119,수원,2020-06-07 08:00,19.7,,,920
119,수원,2020-06-07 09:00,20.2,,,1169
119,수원,2020-06-07 10:00,20.9,,,1363
119,수원,2020-06-07 11:00,22.2,,,1363
119,수원,2020-06-07 12:00,24.9,,,1756
119,수원,2020-06-07 13:00,25.2,,,1936
119,수원,2020-06-07 14:00,26.6,,,1883
119,수원,2020-06-07 15:00,27.4,,,1866
119,수원,2020-06-07 16:00,28.1,,,1930
119,수원,2020-06-07 17:00,26.5,,,1659
119,수원,2020-06-07 18:00,24.8,,,1213
119,수원,2020-06-07 19:00,22.7,,,1307
119,수원,2020-06-07 20:00,21.3,,,1122
119,수원,2020-06-07 21:00,20,,,973
119,수원,2020-06-07 22:00,19.2,,,648
119,수원,2020-06-07 23:00,18.7,,,1429
119,수원,2020-06-08 00:00,18.2,,,549
119,수원,2020-06-08 01:00,18.3,,,571
119,수원,2020-06-08 02:00,18.8,,,553
119,수원,2020-06-08 03:00,19.1,,,2040
119,수원,2020-06-08 04:00,19.6,,,826
119,수원,2020-06-08 05:00,19.5,,,634
119,수원,2020-06-08 06:00,19.4,,,526
119,수원,2020-06-08 07:00,20.2,,,523
119,수원,2020-06-08 08:00,21.7,,,871
119,수원,2020-06-08 09:00,23.4,,,728
119,수원,2020-06-08 10:00,25.6,,,1193
119,수원,2020-06-08 11:00,26.7,,,1451
119,수원,2020-06-08 12:00,28.7,,,1824
119,수원,2020-06-08 13:00,29.4,,,1942
119,수원,2020-06-08 14:00,30.6,,,1749
119,수원,2020-06-08 15:00,30.7,,,1969
119,수원,2020-06-08 16:00,30.7,,,1924
119,수원,2020-06-08 17:00,29.6,,,1975
119,수원,2020-06-08 18:00,27.4,,,1942
119,수원,2020-06-08 19:00,24.5,,,2000
119,수원,2020-06-08 20:00,24,,,2000
119,수원,2020-06-08 21:00,22.8,,,2000
119,수원,2020-06-08 22:00,22,,,2000
119,수원,2020-06-08 23:00,21.6,,,1634
119,수원,2020-06-09 00:00,21.1,,,2000
119,수원,2020-06-09 01:00,21.4,,,2000
119,수원,2020-06-09 02:00,20.4,,,1779
119,수원,2020-06-09 03:00,19.9,,,1525
119,수원,2020-06-09 04:00,18.2,,,1509
119,수원,2020-06-09 05:00,18,,,1607
119,수원,2020-06-09 06:00,18.8,,,1508
119,수원,2020-06-09 07:00,22,,,1499
119,수원,2020-06-09 08:00,23.7,,,1450
119,수원,2020-06-09 09:00,26.8,,,1675
119,수원,2020-06-09 10:00,28.1,,,1719
119,수원,2020-06-09 11:00,29.8,,,1806
119,수원,2020-06-09 12:00,30.9,,,1984
119,수원,2020-06-09 13:00,32.1,,,1982
119,수원,2020-06-09 14:00,31.4,,,1712
119,수원,2020-06-09 15:00,32,,,1629
119,수원,2020-06-09 16:00,31.5,,,1961
119,수원,2020-06-09 17:00,30.4,,,2000
119,수원,2020-06-09 18:00,30.5,,,1998
119,수원,2020-06-09 19:00,28.3,,,2000
119,수원,2020-06-09 20:00,24.9,,,2000
119,수원,2020-06-09 21:00,24.1,,,2000
119,수원,2020-06-09 22:00,23.5,,,2000
119,수원,2020-06-09 23:00,22.9,,,1955
119,수원,2020-06-10 00:00,22.5,,,1990
119,수원,2020-06-10 01:00,22.4,,,2000
119,수원,2020-06-10 02:00,21.6,,,2000
119,수원,2020-06-10 03:00,21.3,,,2000
119,수원,2020-06-10 04:00,20.7,,,1995
119,수원,2020-06-10 05:00,20.1,,,1784
119,수원,2020-06-10 06:00,21.1,,,1741
119,수원,2020-06-10 07:00,23.6,,,1567
119,수원,2020-06-10 08:00,25.4,,,1945
119,수원,2020-06-10 09:00,27.2,,,1936
119,수원,2020-06-10 10:00,28.9,,,1922
119,수원,2020-06-10 11:00,29.1,,,1939
119,수원,2020-06-10 12:00,30,,,1942
119,수원,2020-06-10 13:00,31,,,2000
119,수원,2020-06-10 14:00,31.6,,,1995
119,수원,2020-06-10 15:00,32.3,,,1999
119,수원,2020-06-10 16:00,31.2,,,1983
119,수원,2020-06-10 17:00,29.9,,,2000
119,수원,2020-06-10 18:00,27.3,0,,2000
119,수원,2020-06-10 19:00,25.9,0,,2000
119,수원,2020-06-10 20:00,22.7,.8,,1020
119,수원,2020-06-10 21:00,21.7,5,,940
119,수원,2020-06-10 22:00,21.8,3.6,,803
119,수원,2020-06-10 23:00,21.9,.6,,885
119,수원,2020-06-11 00:00,22,.8,,715
119,수원,2020-06-11 01:00,22.3,0,,1567
119,수원,2020-06-11 02:00,22.3,,,615
119,수원,2020-06-11 03:00,22.2,,,599
119,수원,2020-06-11 04:00,22,,,583
119,수원,2020-06-11 05:00,22.2,,,774
119,수원,2020-06-11 06:00,22.6,,,1138
119,수원,2020-06-11 07:00,23.5,,,1508
119,수원,2020-06-11 08:00,24.6,,,1711
119,수원,2020-06-11 09:00,27.1,,,1977
119,수원,2020-06-11 10:00,26.6,,,2000
119,수원,2020-06-11 11:00,28.5,,,1985
119,수원,2020-06-11 12:00,28.3,,,1987
119,수원,2020-06-11 13:00,29.7,,,2000
119,수원,2020-06-11 14:00,30.5,,,1851
119,수원,2020-06-11 15:00,30.2,,,1999
119,수원,2020-06-11 16:00,30.4,,,1886
119,수원,2020-06-11 17:00,29,,,1910
119,수원,2020-06-11 18:00,28,,,2000
119,수원,2020-06-11 19:00,25.8,,,2000
119,수원,2020-06-11 20:00,24.3,,,2000
119,수원,2020-06-11 21:00,23.1,,,2000
119,수원,2020-06-11 22:00,22.6,,,2000
119,수원,2020-06-11 23:00,21.8,,,2000
119,수원,2020-06-12 00:00,21.8,,,1953
119,수원,2020-06-12 01:00,20.9,,,2000
119,수원,2020-06-12 02:00,21.4,,,1769
119,수원,2020-06-12 03:00,20.9,,,919
119,수원,2020-06-12 04:00,20.1,,,712
119,수원,2020-06-12 05:00,19.6,,,850
119,수원,2020-06-12 06:00,20.1,,,1647
119,수원,2020-06-12 07:00,21.2,,,1246
119,수원,2020-06-12 08:00,23,,,1382
119,수원,2020-06-12 09:00,24.2,,,1491
119,수원,2020-06-12 10:00,24.5,,,1444
119,수원,2020-06-12 11:00,26,,,1470
119,수원,2020-06-12 12:00,27.3,,,1719
119,수원,2020-06-12 13:00,27.1,,,1860
119,수원,2020-06-12 14:00,27.2,,,1998
119,수원,2020-06-12 15:00,26.7,,,2000
119,수원,2020-06-12 16:00,26,,,1315
119,수원,2020-06-12 17:00,25,0,,1345
119,수원,2020-06-12 18:00,23.7,0,,1554
119,수원,2020-06-12 19:00,23.9,0,,1837
119,수원,2020-06-12 20:00,23,0,,1392
119,수원,2020-06-12 21:00,23,0,,1067
119,수원,2020-06-12 22:00,22.9,,,1298
119,수원,2020-06-12 23:00,21.7,,,1540
119,수원,2020-06-13 00:00,21.6,,,742
119,수원,2020-06-13 01:00,21.2,,,778
119,수원,2020-06-13 02:00,20.9,,,645
119,수원,2020-06-13 03:00,20.9,,,679
119,수원,2020-06-13 04:00,20.7,,,626
119,수원,2020-06-13 05:00,20.4,,,667
119,수원,2020-06-13 06:00,20.9,,,989
119,수원,2020-06-13 07:00,22.9,,,960
119,수원,2020-06-13 08:00,25.5,,,1071
119,수원,2020-06-13 09:00,27,,,1100
119,수원,2020-06-13 10:00,27.6,,,1211
119,수원,2020-06-13 11:00,28.5,,,1286
119,수원,2020-06-13 12:00,29.4,,,1714
119,수원,2020-06-13 13:00,30.4,,,1796
119,수원,2020-06-13 14:00,30.6,,,1820
119,수원,2020-06-13 15:00,31.7,,,1986
119,수원,2020-06-13 16:00,32.3,,,1994
119,수원,2020-06-13 17:00,31.2,,,2000
119,수원,2020-06-13 18:00,30.8,,,2000
119,수원,2020-06-13 19:00,27.4,,,1861
119,수원,2020-06-13 20:00,25.8,,,1713
119,수원,2020-06-13 21:00,22.9,0,,899
119,수원,2020-06-13 22:00,23,,,594
119,수원,2020-06-13 23:00,23.7,,,835
119,수원,2020-06-14 00:00,22.1,.1,,555
119,수원,2020-06-14 01:00,21.5,.6,,738
119,수원,2020-06-14 02:00,21.8,,,621
119,수원,2020-06-14 03:00,21.5,.1,,181
119,수원,2020-06-14 04:00,21.5,.2,,162
119,수원,2020-06-14 05:00,21.8,.2,,530
119,수원,2020-06-14 06:00,21.8,,,421
119,수원,2020-06-14 07:00,22,,,583
119,수원,2020-06-14 08:00,21.9,,,579
119,수원,2020-06-14 09:00,23,,,1338
119,수원,2020-06-14 10:00,22.9,,,1255
119,수원,2020-06-14 11:00,23,,,1771
119,수원,2020-06-14 12:00,25.1,,,1654
119,수원,2020-06-14 13:00,26.9,,,1985
119,수원,2020-06-14 14:00,27.5,,,2000
119,수원,2020-06-14 15:00,27.5,,,2000
119,수원,2020-06-14 16:00,26.9,,,2000
119,수원,2020-06-14 17:00,26.7,,,2000
119,수원,2020-06-14 18:00,25.4,,,2000
119,수원,2020-06-14 19:00,23.8,,,2007
119,수원,2020-06-14 20:00,21.2,,,803
119,수원,2020-06-14 21:00,20.4,,,809
119,수원,2020-06-14 22:00,19.5,,,822
119,수원,2020-06-14 23:00,19.2,,,1207
119,수원,2020-06-15 00:00,18.8,,,1040
119,수원,2020-06-15 01:00,17.9,,,932
119,수원,2020-06-15 02:00,18.3,,,915
119,수원,2020-06-15 03:00,18.2,,,1039
119,수원,2020-06-15 04:00,17.3,,,2000
119,수원,2020-06-15 05:00,17.5,,,761
119,수원,2020-06-15 06:00,18.1,,,622
119,수원,2020-06-15 07:00,18.8,,,1805
119,수원,2020-06-15 08:00,20.1,,,1253
119,수원,2020-06-15 09:00,21.4,,,1266
119,수원,2020-06-15 10:00,23.3,,,1356
119,수원,2020-06-15 11:00,24.7,,,1895
119,수원,2020-06-15 12:00,25.7,,,1952
119,수원,2020-06-15 13:00,25.9,,,1973
119,수원,2020-06-15 14:00,27.5,,,2000
119,수원,2020-06-15 15:00,27.7,,,2000
119,수원,2020-06-15 16:00,26.5,,,2000
119,수원,2020-06-15 17:00,26.2,,,2000
119,수원,2020-06-15 18:00,25.4,,,2000
119,수원,2020-06-15 19:00,23.9,,,2000
119,수원,2020-06-15 20:00,22.6,,,2000
119,수원,2020-06-15 21:00,21.6,,,2000
119,수원,2020-06-15 22:00,21.1,,,1954
119,수원,2020-06-15 23:00,20.4,,,1954
119,수원,2020-06-16 00:00,20.2,,,1639
119,수원,2020-06-16 01:00,20.2,,,1228
119,수원,2020-06-16 02:00,19.7,,,821
119,수원,2020-06-16 03:00,19.8,,,678
119,수원,2020-06-16 04:00,19.8,,,670
119,수원,2020-06-16 05:00,20,,,620
119,수원,2020-06-16 06:00,20,,,579
119,수원,2020-06-16 07:00,20.5,,,530
119,수원,2020-06-16 08:00,21.9,,,556
119,수원,2020-06-16 09:00,23.5,,,767
119,수원,2020-06-16 10:00,24.4,,,687
119,수원,2020-06-16 11:00,25.9,,,691
119,수원,2020-06-16 12:00,26.7,,,756
119,수원,2020-06-16 13:00,27.3,,,789
119,수원,2020-06-16 14:00,28.2,,,1272
119,수원,2020-06-16 15:00,28.9,,,1263
119,수원,2020-06-16 16:00,28.6,,,1173
119,수원,2020-06-16 17:00,27.5,,,1601
119,수원,2020-06-16 18:00,25.9,,,1500
119,수원,2020-06-16 19:00,24.9,,,1753
119,수원,2020-06-16 20:00,23.6,,,1790
119,수원,2020-06-16 21:00,22.4,,,1886
119,수원,2020-06-16 22:00,21,,,765
119,수원,2020-06-16 23:00,21.2,,,1147
119,수원,2020-06-17 00:00,20.1,,,1020
119,수원,2020-06-17 01:00,19.8,,,1869
119,수원,2020-06-17 02:00,19.5,,,1393
119,수원,2020-06-17 03:00,18.8,,,481
119,수원,2020-06-17 04:00,18.4,,,538
119,수원,2020-06-17 05:00,18.2,,,417
119,수원,2020-06-17 06:00,19.2,,,480
119,수원,2020-06-17 07:00,21,,,1873
119,수원,2020-06-17 08:00,22.4,,,1827
119,수원,2020-06-17 09:00,24,,,865
119,수원,2020-06-17 10:00,24.9,,,1245
119,수원,2020-06-17 11:00,25.9,,,856
119,수원,2020-06-17 12:00,26.8,,,791
119,수원,2020-06-17 13:00,27.4,,,790
119,수원,2020-06-17 14:00,27.9,,,1702
119,수원,2020-06-17 15:00,27.9,,,1347
119,수원,2020-06-17 16:00,27.5,,,1322
119,수원,2020-06-17 17:00,26.6,,,1928
119,수원,2020-06-17 18:00,24.6,,,1814
119,수원,2020-06-17 19:00,23.2,,,2000
119,수원,2020-06-17 20:00,22,,,2000
119,수원,2020-06-17 21:00,21.3,,,2000
119,수원,2020-06-17 22:00,20.7,,,1886
119,수원,2020-06-17 23:00,20.6,,,1612
119,수원,2020-06-18 00:00,20.5,,,1753
119,수원,2020-06-18 01:00,20.2,,,1141
119,수원,2020-06-18 02:00,19.7,,,774
119,수원,2020-06-18 03:00,19.6,,,1272
119,수원,2020-06-18 04:00,19.6,,,1077
119,수원,2020-06-18 05:00,19.6,,,759
119,수원,2020-06-18 06:00,19.8,,,1926
119,수원,2020-06-18 07:00,20.5,,,1888
119,수원,2020-06-18 08:00,21.1,,,789
119,수원,2020-06-18 09:00,21.7,,,800
119,수원,2020-06-18 10:00,22.6,,,650
119,수원,2020-06-18 11:00,24.3,,,1174
119,수원,2020-06-18 12:00,24.2,,,808
119,수원,2020-06-18 13:00,25,,,810
119,수원,2020-06-18 14:00,24.7,,,1371
119,수원,2020-06-18 15:00,25.5,,,1143
119,수원,2020-06-18 16:00,26,,,1142
119,수원,2020-06-18 17:00,25.6,,,1094
119,수원,2020-06-18 18:00,25.1,,,1082
119,수원,2020-06-18 19:00,23.4,,,1294
119,수원,2020-06-18 20:00,23,0,,762
119,수원,2020-06-18 21:00,22.9,,,641
119,수원,2020-06-18 22:00,22.6,,,557
119,수원,2020-06-18 23:00,22.4,,,496
119,수원,2020-06-19 00:00,22.4,,,794
119,수원,2020-06-19 01:00,22,,,1778
119,수원,2020-06-19 02:00,22.4,,,825
119,수원,2020-06-19 03:00,22.5,,,1489
119,수원,2020-06-19 04:00,22.3,0,,1563
119,수원,2020-06-19 05:00,20.9,.2,,1054
119,수원,2020-06-19 06:00,20,.2,,1000
119,수원,2020-06-19 07:00,20.8,0,,811
119,수원,2020-06-19 08:00,22.7,,,1806
119,수원,2020-06-19 09:00,22.8,,,1994
119,수원,2020-06-19 10:00,24.3,,,1995
119,수원,2020-06-19 11:00,26.2,,,1972
119,수원,2020-06-19 12:00,27.1,,,1996
119,수원,2020-06-19 13:00,28,,,2000
119,수원,2020-06-19 14:00,28.6,,,1901
119,수원,2020-06-19 15:00,28.6,,,2000
119,수원,2020-06-19 16:00,29.1,,,1918
119,수원,2020-06-19 17:00,28.2,,,1902
119,수원,2020-06-19 18:00,26.9,,,2000
119,수원,2020-06-19 19:00,25.1,,,2000
119,수원,2020-06-19 20:00,23,,,1952
119,수원,2020-06-19 21:00,21.9,,,1985
119,수원,2020-06-19 22:00,21.1,,,1995
119,수원,2020-06-19 23:00,20.4,,,1576
119,수원,2020-06-20 00:00,20.2,,,1148
119,수원,2020-06-20 01:00,19.8,,,912
119,수원,2020-06-20 02:00,19.3,,,594
119,수원,2020-06-20 03:00,19.6,,,1047
119,수원,2020-06-20 04:00,18.9,,,817
119,수원,2020-06-20 05:00,19.1,,,753
119,수원,2020-06-20 06:00,18.8,,,576
119,수원,2020-06-20 07:00,21.5,,,588
119,수원,2020-06-20 08:00,23.1,,,881
119,수원,2020-06-20 09:00,25.1,,,1155
119,수원,2020-06-20 10:00,25.4,,,892
119,수원,2020-06-20 11:00,27.1,,,632
119,수원,2020-06-20 12:00,27.6,,,632
119,수원,2020-06-20 13:00,27.7,,,664
119,수원,2020-06-20 14:00,28.5,,,895
119,수원,2020-06-20 15:00,28.9,,,904
119,수원,2020-06-20 16:00,27.5,,,1142
119,수원,2020-06-20 17:00,27.4,,,1320
119,수원,2020-06-20 18:00,26.6,,,1877
119,수원,2020-06-20 19:00,25.1,,,2000
119,수원,2020-06-20 20:00,23.8,,,1766
119,수원,2020-06-20 21:00,22.2,,,1192
119,수원,2020-06-20 22:00,21.6,,,1179
119,수원,2020-06-20 23:00,20.9,,,938
119,수원,2020-06-21 00:00,19.9,,,722
119,수원,2020-06-21 01:00,19.8,,,629
119,수원,2020-06-21 02:00,19.4,,,515
119,수원,2020-06-21 03:00,19,,,730
119,수원,2020-06-21 04:00,19,,,616
119,수원,2020-06-21 05:00,18.6,,,240
119,수원,2020-06-21 06:00,18.8,,,175
119,수원,2020-06-21 07:00,20.1,,,421
119,수원,2020-06-21 08:00,22.6,,,688
119,수원,2020-06-21 09:00,24.2,,,570
119,수원,2020-06-21 10:00,26,,,755
119,수원,2020-06-21 11:00,28.6,,,1547
119,수원,2020-06-21 12:00,29.3,,,1577
119,수원,2020-06-21 13:00,30.2,,,1612
119,수원,2020-06-21 14:00,30.8,,,1761
119,수원,2020-06-21 15:00,30.3,,,1756
119,수원,2020-06-21 16:00,30.7,,,1849
119,수원,2020-06-21 17:00,28.8,,,1989
119,수원,2020-06-21 18:00,27.6,,,1942
119,수원,2020-06-21 19:00,26.4,,,1983
119,수원,2020-06-21 20:00,24,,,1996
119,수원,2020-06-21 21:00,23,,,1712
119,수원,2020-06-21 22:00,22,,,1800
119,수원,2020-06-21 23:00,21.6,,,1225
119,수원,2020-06-22 00:00,21,,,1115
119,수원,2020-06-22 01:00,21,,,1168
119,수원,2020-06-22 02:00,20.1,,,961
119,수원,2020-06-22 03:00,19.7,,,734
119,수원,2020-06-22 04:00,19.4,,,962
119,수원,2020-06-22 05:00,19.9,,,950
119,수원,2020-06-22 06:00,20,,,721
119,수원,2020-06-22 07:00,22,,,700
119,수원,2020-06-22 08:00,25.2,,,1249
119,수원,2020-06-22 09:00,27.1,,,1012
119,수원,2020-06-22 10:00,28.6,,,1234
119,수원,2020-06-22 11:00,29.8,,,1100
119,수원,2020-06-22 12:00,31.7,,,1189
119,수원,2020-06-22 13:00,32.1,,,1187
119,수원,2020-06-22 14:00,32.7,,,1204
119,수원,2020-06-22 15:00,33.6,,,1350
119,수원,2020-06-22 16:00,33.1,,,1183
119,수원,2020-06-22 17:00,32.8,,,1082
119,수원,2020-06-22 18:00,31.2,,,1941
119,수원,2020-06-22 19:00,29.6,,,1993
119,수원,2020-06-22 20:00,26.9,,,2000
119,수원,2020-06-22 21:00,24.7,,,1959
119,수원,2020-06-22 22:00,24.5,,,1981
119,수원,2020-06-22 23:00,24,,,1810
119,수원,2020-06-23 00:00,23.6,,,1870
119,수원,2020-06-23 01:00,22.8,,,1478
119,수원,2020-06-23 02:00,22.2,,,1247
119,수원,2020-06-23 03:00,22.7,,,825
119,수원,2020-06-23 04:00,22.1,,,613
119,수원,2020-06-23 05:00,21.4,,,563
119,수원,2020-06-23 06:00,21,,,588
119,수원,2020-06-23 07:00,22.9,,,679
119,수원,2020-06-23 08:00,24.5,,,1260
119,수원,2020-06-23 09:00,26.5,,,1292
119,수원,2020-06-23 10:00,27.8,,,1489
119,수원,2020-06-23 11:00,28.6,,,1503
119,수원,2020-06-23 12:00,29.4,,,1639
119,수원,2020-06-23 13:00,29.6,,,1188
119,수원,2020-06-23 14:00,29.8,,,1159
119,수원,2020-06-23 15:00,28.7,,,1785
119,수원,2020-06-23 16:00,28.3,,,1936
119,수원,2020-06-23 17:00,28.1,,,1926
119,수원,2020-06-23 18:00,26.8,,,1984
119,수원,2020-06-23 19:00,25.5,,,1974
119,수원,2020-06-23 20:00,25,,,2000
119,수원,2020-06-23 21:00,25,,,2000
119,수원,2020-06-23 22:00,24.7,0,,1903
119,수원,2020-06-23 23:00,24.4,0,,1889
119,수원,2020-06-24 00:00,24,0,,1689
119,수원,2020-06-24 01:00,24.3,,,1819
119,수원,2020-06-24 02:00,24.8,,,1853
119,수원,2020-06-24 03:00,24.4,,,1313
119,수원,2020-06-24 04:00,25.6,,,931
119,수원,2020-06-24 05:00,26.3,,,2076
119,수원,2020-06-24 06:00,26.3,0,,2000
119,수원,2020-06-24 07:00,25.7,0,,1859
119,수원,2020-06-24 08:00,24.1,.1,,1998
119,수원,2020-06-24 09:00,23.8,0,,1998
119,수원,2020-06-24 10:00,21.8,1.3,,1006
119,수원,2020-06-24 11:00,20.4,5,,480
119,수원,2020-06-24 12:00,21,1.6,,1818
119,수원,2020-06-24 13:00,21.3,.1,,1339
119,수원,2020-06-24 14:00,21.8,.2,,1162
119,수원,2020-06-24 15:00,21.2,1.4,,845
119,수원,2020-06-24 16:00,20.9,1.3,,433
119,수원,2020-06-24 17:00,20.9,1.3,,892
119,수원,2020-06-24 18:00,21,.4,,670
119,수원,2020-06-24 19:00,21.2,.1,,1130
119,수원,2020-06-24 20:00,20.9,.4,,771
119,수원,2020-06-24 21:00,21,.5,,1310
119,수원,2020-06-24 22:00,21.5,.1,,1785
119,수원,2020-06-24 23:00,21.4,0,,1080
119,수원,2020-06-25 00:00,21.1,.3,,331
119,수원,2020-06-25 01:00,21.2,1.5,,152
119,수원,2020-06-25 02:00,21.3,1,,397
119,수원,2020-06-25 03:00,21.5,.1,,579
119,수원,2020-06-25 04:00,21.5,.2,,485
119,수원,2020-06-25 05:00,21.6,0,,739
119,수원,2020-06-25 06:00,21.5,.1,,665
119,수원,2020-06-25 07:00,21.6,0,,625
119,수원,2020-06-25 08:00,21.8,0,,639
119,수원,2020-06-25 09:00,21.8,0,,653
119,수원,2020-06-25 10:00,21.1,.6,,491
119,수원,2020-06-25 11:00,22.4,.1,,1807
119,수원,2020-06-25 12:00,22.3,,,1020
119,수원,2020-06-25 13:00,22.5,,,1835
119,수원,2020-06-25 14:00,22.9,,,1937
119,수원,2020-06-25 15:00,22.7,,,1621
119,수원,2020-06-25 16:00,22.6,,,1464
119,수원,2020-06-25 17:00,22.6,,,1977
119,수원,2020-06-25 18:00,21.7,0,,1835
119,수원,2020-06-25 19:00,21.8,0,,1858
119,수원,2020-06-25 20:00,21.4,,,1750
119,수원,2020-06-25 21:00,21.2,,,1290
119,수원,2020-06-25 22:00,20.3,0,,761
119,수원,2020-06-25 23:00,20,.4,,479
119,수원,2020-06-26 00:00,19.8,.4,,414
119,수원,2020-06-26 01:00,19.8,.4,,691
119,수원,2020-06-26 02:00,19.5,1.2,,596
119,수원,2020-06-26 03:00,19.2,.4,,1344
119,수원,2020-06-26 04:00,19,0,,2000
119,수원,2020-06-26 05:00,18.7,.1,,794
119,수원,2020-06-26 06:00,19,0,,1025
119,수원,2020-06-26 07:00,19.4,,,1014
119,수원,2020-06-26 08:00,19.7,,,643
119,수원,2020-06-26 09:00,20.3,0,,482
119,수원,2020-06-26 10:00,21,,,635
119,수원,2020-06-26 11:00,22.3,,,846
119,수원,2020-06-26 12:00,23.7,,,1566
119,수원,2020-06-26 13:00,24.6,,,1096
119,수원,2020-06-26 14:00,25.2,,,1544
119,수원,2020-06-26 15:00,25.1,,,1638
119,수원,2020-06-26 16:00,24.8,,,1565
119,수원,2020-06-26 17:00,24.7,,,1566
119,수원,2020-06-26 18:00,24.7,,,1688
119,수원,2020-06-26 19:00,23.2,,,1797
119,수원,2020-06-26 20:00,22.3,,,1903
119,수원,2020-06-26 21:00,21.6,,,1360
119,수원,2020-06-26 22:00,21.1,,,1428
119,수원,2020-06-26 23:00,21.2,,,1646
119,수원,2020-06-27 00:00,21.1,,,1825
119,수원,2020-06-27 01:00,21,,,1649
119,수원,2020-06-27 02:00,20.5,,,1785
119,수원,2020-06-27 03:00,20.3,,,1555
119,수원,2020-06-27 04:00,20.1,,,1044
119,수원,2020-06-27 05:00,20.1,,,1137
119,수원,2020-06-27 06:00,20.3,,,1135
119,수원,2020-06-27 07:00,21.1,0,,1116
119,수원,2020-06-27 08:00,22.4,0,,1050
119,수원,2020-06-27 09:00,23.2,0,,1423
119,수원,2020-06-27 10:00,24.3,,,1283
119,수원,2020-06-27 11:00,24.8,,,1193
119,수원,2020-06-27 12:00,26.5,,,1501
119,수원,2020-06-27 13:00,28,,,1694
119,수원,2020-06-27 14:00,28.7,,,1517
119,수원,2020-06-27 15:00,28.5,,,1669
119,수원,2020-06-27 16:00,28.6,,,1712
119,수원,2020-06-27 17:00,28.1,,,1808
119,수원,2020-06-27 18:00,27.4,,,1975
119,수원,2020-06-27 19:00,25.1,,,1996
119,수원,2020-06-27 20:00,23.2,,,2000
119,수원,2020-06-27 21:00,22,,,1852
119,수원,2020-06-27 22:00,21,,,1178
119,수원,2020-06-27 23:00,21.2,,,1087
119,수원,2020-06-28 00:00,21,,,1016
119,수원,2020-06-28 01:00,20.6,,,1020
119,수원,2020-06-28 02:00,20.3,,,1932
119,수원,2020-06-28 03:00,20.1,,,663
119,수원,2020-06-28 04:00,20.7,,,371
119,수원,2020-06-28 05:00,20.6,,,336
119,수원,2020-06-28 06:00,20.5,,,354
119,수원,2020-06-28 07:00,21.4,,,455
119,수원,2020-06-28 08:00,22.8,,,591
119,수원,2020-06-28 09:00,23.6,,,1594
119,수원,2020-06-28 10:00,25.7,,,1112
119,수원,2020-06-28 11:00,26.6,,,1240
119,수원,2020-06-28 12:00,27.3,,,947
119,수원,2020-06-28 13:00,27.9,,,1174
119,수원,2020-06-28 14:00,28.7,,,1460
119,수원,2020-06-28 15:00,27.7,,,1683
119,수원,2020-06-28 16:00,27.3,,,1992
119,수원,2020-06-28 17:00,27.4,,,1993
119,수원,2020-06-28 18:00,26.1,,,1930
119,수원,2020-06-28 19:00,25.3,,,1998
119,수원,2020-06-28 20:00,23.6,,,1926
119,수원,2020-06-28 21:00,22.4,,,1867
119,수원,2020-06-28 22:00,21.1,,,1018
119,수원,2020-06-28 23:00,20.5,,,1611
119,수원,2020-06-29 00:00,20.3,,,1400
119,수원,2020-06-29 01:00,19.5,,,1038
119,수원,2020-06-29 02:00,18.8,,,636
119,수원,2020-06-29 03:00,18.1,,,231
119,수원,2020-06-29 04:00,17.4,,,124
119,수원,2020-06-29 05:00,17.6,,,313
119,수원,2020-06-29 06:00,18.5,,,452
119,수원,2020-06-29 07:00,20.3,,,467
119,수원,2020-06-29 08:00,23.6,,,837
119,수원,2020-06-29 09:00,24.6,,,1158
119,수원,2020-06-29 10:00,25.7,,,1294
119,수원,2020-06-29 11:00,25.9,,,1261
119,수원,2020-06-29 12:00,26.1,,,1037
119,수원,2020-06-29 13:00,26,,,1353
119,수원,2020-06-29 14:00,26.1,,,1180
119,수원,2020-06-29 15:00,26.5,,,1308
119,수원,2020-06-29 16:00,26.4,,,1100
119,수원,2020-06-29 17:00,26.1,,,1167
119,수원,2020-06-29 18:00,26.1,0,,1199
119,수원,2020-06-29 19:00,23,0,,1440
119,수원,2020-06-29 20:00,21.9,1.9,,595
119,수원,2020-06-29 21:00,21.7,2.9,,799
119,수원,2020-06-29 22:00,20.7,7.2,,627
119,수원,2020-06-29 23:00,20,8,,478
119,수원,2020-06-30 00:00,19.7,9.5,,620
119,수원,2020-06-30 01:00,19.7,8.5,,603
119,수원,2020-06-30 02:00,20.3,.9,,1924
119,수원,2020-06-30 03:00,19.1,6,,524
119,수원,2020-06-30 04:00,19.1,2.4,,880
119,수원,2020-06-30 05:00,18.7,3.3,,733
119,수원,2020-06-30 06:00,18.8,1,,784
119,수원,2020-06-30 07:00,18.7,1,,451
119,수원,2020-06-30 08:00,19.3,1.2,,765
119,수원,2020-06-30 09:00,19.9,.4,,1929
119,수원,2020-06-30 10:00,20,0,,1923
119,수원,2020-06-30 11:00,20.4,0,,1997
119,수원,2020-06-30 12:00,21.3,,,2000
119,수원,2020-06-30 13:00,21.3,0,,1910
119,수원,2020-06-30 14:00,22.1,0,,1988
119,수원,2020-06-30 15:00,22.3,0,,2000
119,수원,2020-06-30 16:00,22.5,0,,2000
119,수원,2020-06-30 17:00,22.9,0,,2000
119,수원,2020-06-30 18:00,22.7,0,,2000
119,수원,2020-06-30 19:00,20.9,,,2000
119,수원,2020-06-30 20:00,20.8,.1,,2000
119,수원,2020-06-30 21:00,19.8,.1,,1991
119,수원,2020-06-30 22:00,18.4,.4,,1070
119,수원,2020-06-30 23:00,17.9,1,,1899
119,수원,2020-07-01 00:00,17.9,.5,,1937
119,수원,2020-07-01 01:00,18.2,.1,,2000
119,수원,2020-07-01 02:00,18.3,0,,2000
119,수원,2020-07-01 03:00,17.9,0,,2000
119,수원,2020-07-01 04:00,17.9,0,,2000
119,수원,2020-07-01 05:00,17.6,,,1941
119,수원,2020-07-01 06:00,17.9,,,1293
119,수원,2020-07-01 07:00,18.8,,,2000
119,수원,2020-07-01 08:00,20,,,2000
119,수원,2020-07-01 09:00,21.2,,,1993
119,수원,2020-07-01 10:00,21.8,,,1951
119,수원,2020-07-01 11:00,21.4,,,2000
119,수원,2020-07-01 12:00,21.9,,,2000
119,수원,2020-07-01 13:00,22.4,,,1962
119,수원,2020-07-01 14:00,23.3,,,2020
119,수원,2020-07-01 15:00,23.9,,,1885
119,수원,2020-07-01 16:00,23.6,,,856
119,수원,2020-07-01 17:00,23,,,622
119,수원,2020-07-01 18:00,22.1,.2,,899
119,수원,2020-07-01 19:00,22.3,.2,,574
119,수원,2020-07-01 20:00,22.5,,,612
119,수원,2020-07-01 21:00,22.2,,,720
119,수원,2020-07-01 22:00,20.9,,,801
119,수원,2020-07-01 23:00,20.3,,,934
119,수원,2020-07-02 00:00,19.6,,,459
119,수원,2020-07-02 01:00,19.2,,,339
119,수원,2020-07-02 02:00,19.2,,,317
119,수원,2020-07-02 03:00,19.9,,,298
119,수원,2020-07-02 04:00,20,,,390
119,수원,2020-07-02 05:00,20.2,,,414
119,수원,2020-07-02 06:00,20.3,,,437
119,수원,2020-07-02 07:00,20.8,,,377
119,수원,2020-07-02 08:00,21.7,,,408
119,수원,2020-07-02 09:00,22.7,,,674
119,수원,2020-07-02 10:00,24,,,943
119,수원,2020-07-02 11:00,25,,,817
119,수원,2020-07-02 12:00,26.8,,,543
119,수원,2020-07-02 13:00,26.5,,,615
119,수원,2020-07-02 14:00,27.5,,,764
119,수원,2020-07-02 15:00,29,,,1329
119,수원,2020-07-02 16:00,28.2,,,1000
119,수원,2020-07-02 17:00,28.8,,,1143
119,수원,2020-07-02 18:00,28.4,,,1056
119,수원,2020-07-02 19:00,26.1,,,749
119,수원,2020-07-02 20:00,23.7,,,1450
119,수원,2020-07-02 21:00,22.3,,,849
119,수원,2020-07-02 22:00,21.6,,,1243
119,수원,2020-07-02 23:00,21.2,,,1082
119,수원,2020-07-03 00:00,20.9,.6,,1470
119,수원,2020-07-03 01:00,20.5,,,419
119,수원,2020-07-03 02:00,20,,,357
119,수원,2020-07-03 03:00,19.9,,,318
119,수원,2020-07-03 04:00,20,,,337
119,수원,2020-07-03 05:00,19.9,,,272
119,수원,2020-07-03 06:00,20.6,,,434
119,수원,2020-07-03 07:00,23.4,,,627
119,수원,2020-07-03 08:00,24.6,,,809
119,수원,2020-07-03 09:00,26,,,2000
119,수원,2020-07-03 10:00,27.8,,,1981
119,수원,2020-07-03 11:00,27.9,,,2000
119,수원,2020-07-03 12:00,28.8,,,2000
119,수원,2020-07-03 13:00,28.4,,,2000
119,수원,2020-07-03 14:00,28,,,1999
119,수원,2020-07-03 15:00,27.8,,,2000
119,수원,2020-07-03 16:00,28.1,,,2000
119,수원,2020-07-03 17:00,26.8,,,2000
119,수원,2020-07-03 18:00,25.8,,,1994
119,수원,2020-07-03 19:00,24.8,,,2000
119,수원,2020-07-03 20:00,23.9,,,2000
119,수원,2020-07-03 21:00,21.5,.4,,2000
119,수원,2020-07-03 22:00,20.6,0,,2000
119,수원,2020-07-03 23:00,20.1,0,,2000
119,수원,2020-07-04 00:00,19.8,.1,,708
119,수원,2020-07-04 01:00,19.3,.6,,596
119,수원,2020-07-04 02:00,18.9,.3,,936
119,수원,2020-07-04 03:00,18.6,.1,,1374
119,수원,2020-07-04 04:00,18.9,,,1354
119,수원,2020-07-04 05:00,19.2,,,325
119,수원,2020-07-04 06:00,19.3,,,800
119,수원,2020-07-04 07:00,19.9,,,913
119,수원,2020-07-04 08:00,20.7,,,808
119,수원,2020-07-04 09:00,22.2,,,1002
119,수원,2020-07-04 10:00,23.7,,,1962
119,수원,2020-07-04 11:00,25.1,,,1949
119,수원,2020-07-04 12:00,25.8,,,1996
119,수원,2020-07-04 13:00,26.2,,,2000
119,수원,2020-07-04 14:00,27.9,,,1998
119,수원,2020-07-04 15:00,27.2,,,1950
119,수원,2020-07-04 16:00,25.4,,,1903
119,수원,2020-07-04 17:00,26,,,1973
119,수원,2020-07-04 18:00,25.1,,,1981
119,수원,2020-07-04 19:00,24.4,,,1958
119,수원,2020-07-04 20:00,22.3,,,1992
119,수원,2020-07-04 21:00,21.2,,,1920
119,수원,2020-07-04 22:00,20.7,,,1725
119,수원,2020-07-04 23:00,21,,,1948
119,수원,2020-07-05 00:00,20.2,,,1946
119,수원,2020-07-05 01:00,19.7,,,926
119,수원,2020-07-05 02:00,18.9,,,683
119,수원,2020-07-05 03:00,18.6,,,547
119,수원,2020-07-05 04:00,18.4,,,716
119,수원,2020-07-05 05:00,18.4,,,522
119,수원,2020-07-05 06:00,18.9,,,369
119,수원,2020-07-05 07:00,19.4,,,354
119,수원,2020-07-05 08:00,20.3,,,535
119,수원,2020-07-05 09:00,22,,,835
119,수원,2020-07-05 10:00,23.4,,,1490
119,수원,2020-07-05 11:00,25.3,,,1298
119,수원,2020-07-05 12:00,24.9,,,1224
119,수원,2020-07-05 13:00,25.2,,,1004
119,수원,2020-07-05 14:00,26.7,,,1159
119,수원,2020-07-05 15:00,27.2,,,1715
119,수원,2020-07-05 16:00,27.9,,,1793
119,수원,2020-07-05 17:00,27.4,,,1640
119,수원,2020-07-05 18:00,26.3,,,1930
119,수원,2020-07-05 19:00,24.8,,,1849
119,수원,2020-07-05 20:00,23.3,,,1729
119,수원,2020-07-05 21:00,21.6,,,2000
119,수원,2020-07-05 22:00,21.6,,,2006
119,수원,2020-07-05 23:00,21.6,,,1767
119,수원,2020-07-06 00:00,21.1,,,1439
119,수원,2020-07-06 01:00,20.9,,,1050
119,수원,2020-07-06 02:00,21.2,,,973
119,수원,2020-07-06 03:00,21.2,,,890
119,수원,2020-07-06 04:00,20.9,,,827
119,수원,2020-07-06 05:00,20.6,,,753
119,수원,2020-07-06 06:00,20.7,,,700
119,수원,2020-07-06 07:00,22.1,,,782
119,수원,2020-07-06 08:00,23.2,,,841
119,수원,2020-07-06 09:00,25.4,,,824
119,수원,2020-07-06 10:00,25.3,,,1109
119,수원,2020-07-06 11:00,26.6,,,1724
119,수원,2020-07-06 12:00,27,,,1935
119,수원,2020-07-06 13:00,28.1,,,1864
119,수원,2020-07-06 14:00,28.8,,,1786
119,수원,2020-07-06 15:00,30.2,,,1978
119,수원,2020-07-06 16:00,29.9,,,1918
119,수원,2020-07-06 17:00,29.1,,,1722
119,수원,2020-07-06 18:00,26.8,,,1666
119,수원,2020-07-06 19:00,25.3,,,2000
119,수원,2020-07-06 20:00,24.6,,,1950
119,수원,2020-07-06 21:00,23.4,,,1443
119,수원,2020-07-06 22:00,22.9,,,1120
119,수원,2020-07-06 23:00,22.2,,,796
119,수원,2020-07-07 00:00,22.2,,,678
119,수원,2020-07-07 01:00,22.2,,,751
119,수원,2020-07-07 02:00,21.6,,,664
119,수원,2020-07-07 03:00,21.7,,,1256
119,수원,2020-07-07 04:00,21.6,,,1819
119,수원,2020-07-07 05:00,21.3,,,1989
119,수원,2020-07-07 06:00,21.6,,,1813
119,수원,2020-07-07 07:00,21.9,,,1797
119,수원,2020-07-07 08:00,22.5,,,1657
119,수원,2020-07-07 09:00,22.9,,,1031
119,수원,2020-07-07 10:00,23.5,,,1100
119,수원,2020-07-07 11:00,24.7,,,1506
119,수원,2020-07-07 12:00,24.7,,,1827
119,수원,2020-07-07 13:00,25.5,,,1990
119,수원,2020-07-07 14:00,25.6,,,1971
119,수원,2020-07-07 15:00,26.7,,,1852
119,수원,2020-07-07 16:00,27.4,,,1919
119,수원,2020-07-07 17:00,27.2,,,2011
119,수원,2020-07-07 18:00,26.1,,,1959
119,수원,2020-07-07 19:00,24.6,,,1993
119,수원,2020-07-07 20:00,23.1,,,1904
119,수원,2020-07-07 21:00,21.9,,,1547
119,수원,2020-07-07 22:00,21.6,,,1269
119,수원,2020-07-07 23:00,21,,,1749
119,수원,2020-07-08 00:00,20.9,,,1703
119,수원,2020-07-08 01:00,20.5,,,590
119,수원,2020-07-08 02:00,20.1,,,604
119,수원,2020-07-08 03:00,20,,,533
119,수원,2020-07-08 04:00,20,,,758
119,수원,2020-07-08 05:00,20.3,,,724
119,수원,2020-07-08 06:00,20.2,,,338
119,수원,2020-07-08 07:00,20.5,,,361
119,수원,2020-07-08 08:00,21.3,,,590
119,수원,2020-07-08 09:00,22.9,,,722
119,수원,2020-07-08 10:00,24.6,,,651
119,수원,2020-07-08 11:00,25.6,,,647
119,수원,2020-07-08 12:00,27,,,707
119,수원,2020-07-08 13:00,27.4,,,822
119,수원,2020-07-08 14:00,28.9,,,709
119,수원,2020-07-08 15:00,28.7,,,1303
119,수원,2020-07-08 16:00,28.7,,,1537
119,수원,2020-07-08 17:00,28.5,,,1802
119,수원,2020-07-08 18:00,27.1,,,1776
119,수원,2020-07-08 19:00,25.6,,,1530
119,수원,2020-07-08 20:00,23.6,,,1429
119,수원,2020-07-08 21:00,22.2,,,849
119,수원,2020-07-08 22:00,20.5,,,417
119,수원,2020-07-08 23:00,20.4,,,342
119,수원,2020-07-09 00:00,20.4,,,326
119,수원,2020-07-09 01:00,20.2,,,207
119,수원,2020-07-09 02:00,20.3,,,218
119,수원,2020-07-09 03:00,20.2,,,178
119,수원,2020-07-09 04:00,20.2,,,161
119,수원,2020-07-09 05:00,20.2,,,220
119,수원,2020-07-09 06:00,20.6,,,224
119,수원,2020-07-09 07:00,21.8,,,319
119,수원,2020-07-09 08:00,23.7,,,437
119,수원,2020-07-09 09:00,26.5,,,544
119,수원,2020-07-09 10:00,28.3,,,710
119,수원,2020-07-09 11:00,29.6,,,1207
119,수원,2020-07-09 12:00,30.3,,,1546
119,수원,2020-07-09 13:00,31.9,,,1801
119,수원,2020-07-09 14:00,31.8,,,1851
119,수원,2020-07-09 15:00,32.3,,,2101
119,수원,2020-07-09 16:00,32.7,,,1928
119,수원,2020-07-09 17:00,32,,,1968
119,수원,2020-07-09 18:00,31,,,1708
119,수원,2020-07-09 19:00,31.1,,,2000
119,수원,2020-07-09 20:00,30,,,2000
119,수원,2020-07-09 21:00,27.6,,,675
119,수원,2020-07-09 22:00,26,,,768
119,수원,2020-07-09 23:00,27.9,,,1524
119,수원,2020-07-10 00:00,27.2,,,1335
119,수원,2020-07-10 01:00,26.9,,,1422
119,수원,2020-07-10 02:00,26.4,,,1440
119,수원,2020-07-10 03:00,26,,,1793
119,수원,2020-07-10 04:00,26,,,1724
119,수원,2020-07-10 05:00,25.9,,,1918
119,수원,2020-07-10 06:00,23.8,.6,,1232
119,수원,2020-07-10 07:00,24.5,0,,1605
119,수원,2020-07-10 08:00,24.6,0,,1772
119,수원,2020-07-10 09:00,24.3,.2,,2072
119,수원,2020-07-10 10:00,25.8,,,1943
119,수원,2020-07-10 11:00,27.7,,,1852
119,수원,2020-07-10 12:00,27.4,,,2000
119,수원,2020-07-10 13:00,26.9,,,2000
119,수원,2020-07-10 14:00,26.5,,,1950
119,수원,2020-07-10 15:00,27.6,,,1994
119,수원,2020-07-10 16:00,28,,,2000
119,수원,2020-07-10 17:00,27.9,,,2000
119,수원,2020-07-10 18:00,28.6,,,2000
119,수원,2020-07-10 19:00,27.3,,,2000
119,수원,2020-07-10 20:00,26.1,,,2000
119,수원,2020-07-10 21:00,25.6,,,2000
119,수원,2020-07-10 22:00,24.7,,,2000
119,수원,2020-07-10 23:00,24.1,,,2000
119,수원,2020-07-11 00:00,23.2,,,2000
119,수원,2020-07-11 01:00,23.1,,,2000
119,수원,2020-07-11 02:00,22.7,,,2000
119,수원,2020-07-11 03:00,22.1,,,2000
119,수원,2020-07-11 04:00,21.6,,,2000
119,수원,2020-07-11 05:00,21.7,,,2000
119,수원,2020-07-11 06:00,22.2,,,2000
119,수원,2020-07-11 07:00,23.7,,,1997
119,수원,2020-07-11 08:00,25.6,,,1991
119,수원,2020-07-11 09:00,26,,,2000
119,수원,2020-07-11 10:00,27.7,,,2000
119,수원,2020-07-11 11:00,28.2,,,2000
119,수원,2020-07-11 12:00,28.3,,,2000
119,수원,2020-07-11 13:00,29.8,,,2000
119,수원,2020-07-11 14:00,30,,,2000
119,수원,2020-07-11 15:00,29.8,,,2000
119,수원,2020-07-11 16:00,29.5,,,2000
119,수원,2020-07-11 17:00,29,,,2000
119,수원,2020-07-11 18:00,28.6,,,1986
119,수원,2020-07-11 19:00,27.8,,,2000
119,수원,2020-07-11 20:00,27,,,2000
119,수원,2020-07-11 21:00,26.3,,,2000
119,수원,2020-07-11 22:00,25.9,,,2000
119,수원,2020-07-11 23:00,25.4,,,2000
119,수원,2020-07-12 00:00,24.9,,,2000
119,수원,2020-07-12 01:00,24.7,,,1983
119,수원,2020-07-12 02:00,24.4,,,1998
119,수원,2020-07-12 03:00,23.8,,,2000
119,수원,2020-07-12 04:00,23.7,,,1954
119,수원,2020-07-12 05:00,23.2,,,2000
119,수원,2020-07-12 06:00,23.2,,,2000
119,수원,2020-07-12 07:00,23.4,,,2000
119,수원,2020-07-12 08:00,24,,,2000
119,수원,2020-07-12 09:00,24,,,2000
119,수원,2020-07-12 10:00,24.2,0,,2000
119,수원,2020-07-12 11:00,25,,,1996
119,수원,2020-07-12 12:00,25.2,,,2000
119,수원,2020-07-12 13:00,25.3,,,2000
119,수원,2020-07-12 14:00,25.1,,,2000
119,수원,2020-07-12 15:00,25.1,,,2000
119,수원,2020-07-12 16:00,23.9,.2,,1968
119,수원,2020-07-12 17:00,22.9,.8,,1962
119,수원,2020-07-12 18:00,22.3,.8,,1720
119,수원,2020-07-12 19:00,22,.7,,1920
119,수원,2020-07-12 20:00,21.6,.6,,1728
119,수원,2020-07-12 21:00,21.4,1.2,,1988
119,수원,2020-07-12 22:00,21.4,0,,2000
119,수원,2020-07-12 23:00,21.3,0,,1997
119,수원,2020-07-13 00:00,20.8,.5,,1991
119,수원,2020-07-13 01:00,20.3,2.5,,970
119,수원,2020-07-13 02:00,19.4,5.6,,982
119,수원,2020-07-13 03:00,19,5.9,,836
119,수원,2020-07-13 04:00,18.7,4.2,,899
119,수원,2020-07-13 05:00,18.6,2.5,,927
119,수원,2020-07-13 06:00,18.4,2.4,,966
119,수원,2020-07-13 07:00,18.3,3,,594
119,수원,2020-07-13 08:00,18.5,4.3,,938
119,수원,2020-07-13 09:00,18.8,2.6,,752
119,수원,2020-07-13 10:00,19.2,1.5,,950
119,수원,2020-07-13 11:00,19.3,1.5,,1995
119,수원,2020-07-13 12:00,19.1,2,,991
119,수원,2020-07-13 13:00,19.1,1.3,,679
119,수원,2020-07-13 14:00,19.5,1,,776
119,수원,2020-07-13 15:00,19.6,1.6,,950
119,수원,2020-07-13 16:00,19.8,.8,,2000
119,수원,2020-07-13 17:00,20.2,.1,,2000
119,수원,2020-07-13 18:00,19.7,0,,1955
119,수원,2020-07-13 19:00,19.5,.2,,1885
119,수원,2020-07-13 20:00,19.1,.4,,1073
119,수원,2020-07-13 21:00,18.8,2.9,,1862
119,수원,2020-07-13 22:00,19.1,0,,1995
119,수원,2020-07-13 23:00,18.8,.1,,1991
119,수원,2020-07-14 00:00,18.4,.8,,873
119,수원,2020-07-14 01:00,18.1,4.7,,873
119,수원,2020-07-14 02:00,18.1,3.7,,489
119,수원,2020-07-14 03:00,17.9,5.5,,713
119,수원,2020-07-14 04:00,18.2,1.2,,1998
119,수원,2020-07-14 05:00,18,.6,,1705
119,수원,2020-07-14 06:00,17.6,.3,,1910
119,수원,2020-07-14 07:00,17.8,.2,,2000
119,수원,2020-07-14 08:00,18.7,0,,2000
119,수원,2020-07-14 09:00,19.6,,,2000
119,수원,2020-07-14 10:00,20.7,,,2000
119,수원,2020-07-14 11:00,21,,,2000
119,수원,2020-07-14 12:00,21.7,,,2000
119,수원,2020-07-14 13:00,22.4,,,2000
119,수원,2020-07-14 14:00,22.4,,,2000
119,수원,2020-07-14 15:00,23.1,,,2000
119,수원,2020-07-14 16:00,23.7,,,2000
119,수원,2020-07-14 17:00,23.2,,,1845
119,수원,2020-07-14 18:00,22.5,0,,2000
119,수원,2020-07-14 19:00,22.3,0,,1996
119,수원,2020-07-14 20:00,22.3,,,2000
119,수원,2020-07-14 21:00,22.1,,,2000
119,수원,2020-07-14 22:00,21.7,,,2000
119,수원,2020-07-14 23:00,21.7,,,2000
119,수원,2020-07-15 00:00,21.5,,,2000
119,수원,2020-07-15 01:00,21.1,,,2000
119,수원,2020-07-15 02:00,20,0,,2006
119,수원,2020-07-15 03:00,19.3,0,,2000
119,수원,2020-07-15 04:00,19,.2,,2000
119,수원,2020-07-15 05:00,18.7,,,2000
119,수원,2020-07-15 06:00,19.2,,,2000
119,수원,2020-07-15 07:00,19.9,,,2000
119,수원,2020-07-15 08:00,20.9,,,2000
119,수원,2020-07-15 09:00,21.6,,,1955
119,수원,2020-07-15 10:00,23.4,,,2000
119,수원,2020-07-15 11:00,24,,,2000
119,수원,2020-07-15 12:00,24.8,,,2000
119,수원,2020-07-15 13:00,25,,,2000
119,수원,2020-07-15 14:00,27,,,1996
119,수원,2020-07-15 15:00,26.4,,,2078
119,수원,2020-07-15 16:00,27.5,,,1999
119,수원,2020-07-15 17:00,26.6,,,1946
119,수원,2020-07-15 18:00,25.7,,,2000
119,수원,2020-07-15 19:00,24.5,,,2000
119,수원,2020-07-15 20:00,22.6,,,1947
119,수원,2020-07-15 21:00,21.4,,,2000
119,수원,2020-07-15 22:00,20.9,,,2000
119,수원,2020-07-15 23:00,20.5,,,2000
119,수원,2020-07-16 00:00,19.9,,,2000
119,수원,2020-07-16 01:00,19.9,,,1840
119,수원,2020-07-16 02:00,19,,,1845
119,수원,2020-07-16 03:00,18.7,,,1434
119,수원,2020-07-16 04:00,18.5,,,1270
119,수원,2020-07-16 05:00,18.5,,,1048
119,수원,2020-07-16 06:00,18.3,,,1123
119,수원,2020-07-16 07:00,20.6,,,962
119,수원,2020-07-16 08:00,22,,,1036
119,수원,2020-07-16 09:00,23.6,,,1676
119,수원,2020-07-16 10:00,24.7,,,1847
119,수원,2020-07-16 11:00,26.2,,,1921
119,수원,2020-07-16 12:00,26.9,,,1969
119,수원,2020-07-16 13:00,27.9,,,1747
119,수원,2020-07-16 14:00,27.9,,,1857
119,수원,2020-07-16 15:00,28.5,,,1880
119,수원,2020-07-16 16:00,28,,,2022
119,수원,2020-07-16 17:00,27.2,,,2025
119,수원,2020-07-16 18:00,26.3,,,2000
119,수원,2020-07-16 19:00,25.1,,,2000
119,수원,2020-07-16 20:00,23.1,,,1881
119,수원,2020-07-16 21:00,22.9,,,1994
119,수원,2020-07-16 22:00,21.7,,,1707
119,수원,2020-07-16 23:00,21.4,,,1716
119,수원,2020-07-17 00:00,21.1,,,1870
119,수원,2020-07-17 01:00,20.8,,,1067
119,수원,2020-07-17 02:00,20.7,,,946
119,수원,2020-07-17 03:00,20.5,,,785
119,수원,2020-07-17 04:00,20.5,,,718
119,수원,2020-07-17 05:00,20.6,,,754
119,수원,2020-07-17 06:00,20.5,,,530
119,수원,2020-07-17 07:00,21.6,,,613
119,수원,2020-07-17 08:00,23.1,,,601
119,수원,2020-07-17 09:00,24.6,,,805
119,수원,2020-07-17 10:00,25.8,,,851
119,수원,2020-07-17 11:00,26.9,,,753
119,수원,2020-07-17 12:00,28.2,,,1060
119,수원,2020-07-17 13:00,28.5,,,1161
119,수원,2020-07-17 14:00,29.4,,,1411
119,수원,2020-07-17 15:00,29.1,,,1393
119,수원,2020-07-17 16:00,28.2,,,1538
119,수원,2020-07-17 17:00,28.4,,,1329
119,수원,2020-07-17 18:00,27.6,,,1666
119,수원,2020-07-17 19:00,25,,,1998
119,수원,2020-07-17 20:00,23.5,,,2000
119,수원,2020-07-17 21:00,22.8,,,2000
119,수원,2020-07-17 22:00,22.9,,,2000
119,수원,2020-07-17 23:00,23,,,2000
119,수원,2020-07-18 00:00,22.2,,,1950
119,수원,2020-07-18 01:00,21.6,,,1989
119,수원,2020-07-18 02:00,21.6,,,1944
119,수원,2020-07-18 03:00,20.8,,,1803
119,수원,2020-07-18 04:00,20.7,,,1721
119,수원,2020-07-18 05:00,21,,,1237
119,수원,2020-07-18 06:00,21.3,,,1305
119,수원,2020-07-18 07:00,23,,,1185
119,수원,2020-07-18 08:00,24.6,,,1171
119,수원,2020-07-18 09:00,25.5,,,1009
119,수원,2020-07-18 10:00,26.7,,,1094
119,수원,2020-07-18 11:00,26.7,,,1050
119,수원,2020-07-18 12:00,26.8,,,1015
119,수원,2020-07-18 13:00,26.5,,,978
119,수원,2020-07-18 14:00,28.2,,,1196
119,수원,2020-07-18 15:00,29.6,,,1234
119,수원,2020-07-18 16:00,29.6,,,1578
119,수원,2020-07-18 17:00,28.8,,,1489
119,수원,2020-07-18 18:00,28.7,,,1794
119,수원,2020-07-18 19:00,26.8,,,1980
119,수원,2020-07-18 20:00,24.5,,,1414
119,수원,2020-07-18 21:00,23.9,,,1277
119,수원,2020-07-18 22:00,23.1,,,1153
119,수원,2020-07-18 23:00,23.1,,,946
119,수원,2020-07-19 00:00,24.8,,,1769
119,수원,2020-07-19 01:00,24.5,,,2000
119,수원,2020-07-19 02:00,24.7,,,2000
119,수원,2020-07-19 03:00,24.6,,,2000
119,수원,2020-07-19 04:00,24.5,,,2000
119,수원,2020-07-19 05:00,24.1,0,,1967
119,수원,2020-07-19 06:00,21.4,2.1,,526
119,수원,2020-07-19 07:00,20.8,8.9,,407
119,수원,2020-07-19 08:00,20.5,21.8,,191
119,수원,2020-07-19 09:00,21,2.8,,1243
119,수원,2020-07-19 10:00,21.9,0,,1095
119,수원,2020-07-19 11:00,23.4,,,1501
119,수원,2020-07-19 12:00,24.6,,,1725
119,수원,2020-07-19 13:00,26,,,1717
119,수원,2020-07-19 14:00,27.3,,,1952
119,수원,2020-07-19 15:00,27.8,,,1954
119,수원,2020-07-19 16:00,27.6,,,1992
119,수원,2020-07-19 17:00,28.1,,,1983
119,수원,2020-07-19 18:00,27.9,,,1990
119,수원,2020-07-19 19:00,27.3,,,1913
119,수원,2020-07-19 20:00,26.7,,,1959
119,수원,2020-07-19 21:00,27.1,,,2000
119,수원,2020-07-19 22:00,26.8,0,,2000
119,수원,2020-07-19 23:00,26.7,0,,1947
119,수원,2020-07-20 00:00,26.5,0,,2000
119,수원,2020-07-20 01:00,27,0,,2000
119,수원,2020-07-20 02:00,27.7,0,,2000
119,수원,2020-07-20 03:00,27,.1,,1795
119,수원,2020-07-20 04:00,26.7,.4,,2000
119,수원,2020-07-20 05:00,26.5,,,1959
119,수원,2020-07-20 06:00,25.7,0,,2000
119,수원,2020-07-20 07:00,24.9,0,,2000
119,수원,2020-07-20 08:00,23.8,.5,,735
119,수원,2020-07-20 09:00,23.5,.2,,821
119,수원,2020-07-20 10:00,23.5,.6,,1607
119,수원,2020-07-20 11:00,23.2,0,,1885
119,수원,2020-07-20 12:00,23.5,0,,2000
119,수원,2020-07-20 13:00,24.1,,,2000
119,수원,2020-07-20 14:00,23.9,,,2000
119,수원,2020-07-20 15:00,23.4,,,1925
119,수원,2020-07-20 16:00,23.5,,,1990
119,수원,2020-07-20 17:00,23.9,,,1954
119,수원,2020-07-20 18:00,23.7,,,1233
119,수원,2020-07-20 19:00,23.5,,,1301
119,수원,2020-07-20 20:00,23.2,,,965
119,수원,2020-07-20 21:00,22.5,,,650
119,수원,2020-07-20 22:00,22.7,,,1591
119,수원,2020-07-20 23:00,22.6,,,1100
119,수원,2020-07-21 00:00,22.6,,,888
119,수원,2020-07-21 01:00,22.5,,,2053
119,수원,2020-07-21 02:00,22.4,,,1452
119,수원,2020-07-21 03:00,22.3,,,1692
119,수원,2020-07-21 04:00,22.2,,,1757
119,수원,2020-07-21 05:00,21.8,,,936
119,수원,2020-07-21 06:00,21.6,,,811
119,수원,2020-07-21 07:00,22.5,,,664
119,수원,2020-07-21 08:00,23.3,,,845
119,수원,2020-07-21 09:00,24.8,,,1270
119,수원,2020-07-21 10:00,26.2,,,1465
119,수원,2020-07-21 11:00,26.4,,,1514
119,수원,2020-07-21 12:00,27.7,,,1689
119,수원,2020-07-21 13:00,28.6,,,1787
119,수원,2020-07-21 14:00,28.5,,,1754
119,수원,2020-07-21 15:00,28.6,,,1793
119,수원,2020-07-21 16:00,28.5,,,1777
119,수원,2020-07-21 17:00,27.4,,,1697
119,수원,2020-07-21 18:00,26.9,,,1690
119,수원,2020-07-21 19:00,26.2,,,1272
119,수원,2020-07-21 20:00,25.4,,,1133
119,수원,2020-07-21 21:00,23.3,,,683
119,수원,2020-07-21 22:00,22.8,,,585
119,수원,2020-07-21 23:00,22.3,,,600
119,수원,2020-07-22 00:00,22.4,,,738
119,수원,2020-07-22 01:00,22.3,,,634
119,수원,2020-07-22 02:00,22.5,,,599
119,수원,2020-07-22 03:00,22.5,,,566
119,수원,2020-07-22 04:00,22.5,,,702
119,수원,2020-07-22 05:00,22.8,,,640
119,수원,2020-07-22 06:00,22.4,1,,257
119,수원,2020-07-22 07:00,22.3,10.8,,120
119,수원,2020-07-22 08:00,22.2,16.9,,110
119,수원,2020-07-22 09:00,22.4,36.3,,88
119,수원,2020-07-22 10:00,22.7,13.7,,203
119,수원,2020-07-22 11:00,22.7,10.1,,2000
119,수원,2020-07-22 12:00,23.6,0,,2000
119,수원,2020-07-22 13:00,22.4,.3,,2000
119,수원,2020-07-22 14:00,23.5,0,,2000
119,수원,2020-07-22 15:00,22.7,2.6,,1084
119,수원,2020-07-22 16:00,23.3,1.2,,1355
119,수원,2020-07-22 17:00,23.2,0,,1104
119,수원,2020-07-22 18:00,23.1,,,918
119,수원,2020-07-22 19:00,22.9,,,661
119,수원,2020-07-22 20:00,22.3,,,805
119,수원,2020-07-22 21:00,22.2,,,754
119,수원,2020-07-22 22:00,21.9,,,618
119,수원,2020-07-22 23:00,21.8,,,563
119,수원,2020-07-23 00:00,21.8,,,380
119,수원,2020-07-23 01:00,21.9,,,399
119,수원,2020-07-23 02:00,21.6,,,286
119,수원,2020-07-23 03:00,21.9,,,323
119,수원,2020-07-23 04:00,22.1,,,302
119,수원,2020-07-23 05:00,22.4,,,332
119,수원,2020-07-23 06:00,22.5,0,,542
119,수원,2020-07-23 07:00,22.4,.5,,427
119,수원,2020-07-23 08:00,22.7,.2,,683
119,수원,2020-07-23 09:00,22.8,.3,,1994
119,수원,2020-07-23 10:00,23.1,.1,,1999
119,수원,2020-07-23 11:00,22.8,.6,,1904
119,수원,2020-07-23 12:00,22.6,1.8,,1857
119,수원,2020-07-23 13:00,22.6,.9,,1893
119,수원,2020-07-23 14:00,22.1,2,,1023
119,수원,2020-07-23 15:00,21.5,6.7,,1004
119,수원,2020-07-23 16:00,20.8,13.4,,839
119,수원,2020-07-23 17:00,20.7,15.3,,837
119,수원,2020-07-23 18:00,20.8,9.1,,702
119,수원,2020-07-23 19:00,20.9,8.1,,947
119,수원,2020-07-23 20:00,20.9,11.2,,875
119,수원,2020-07-23 21:00,20.6,16.3,,950
119,수원,2020-07-23 22:00,20.9,2.1,,1982
119,수원,2020-07-23 23:00,19.9,1.3,,1101
119,수원,2020-07-24 00:00,20.3,.2,,1996
119,수원,2020-07-24 01:00,20.6,,,2000
119,수원,2020-07-24 02:00,21.3,,,2000
119,수원,2020-07-24 03:00,22.1,0,,2000
119,수원,2020-07-24 04:00,22.1,.3,,2000
119,수원,2020-07-24 05:00,22.6,0,,2000
119,수원,2020-07-24 06:00,22.6,,,2000
119,수원,2020-07-24 07:00,22.3,,,2000
119,수원,2020-07-24 08:00,22.4,,,2000
119,수원,2020-07-24 09:00,21.5,.3,,1931
119,수원,2020-07-24 10:00,22.3,.4,,2000
119,수원,2020-07-24 11:00,22.9,0,,2000
119,수원,2020-07-24 12:00,23,0,,1977
119,수원,2020-07-24 13:00,21.2,.4,,1830
119,수원,2020-07-24 14:00,24.3,0,,2000
119,수원,2020-07-24 15:00,25,,,2000
119,수원,2020-07-24 16:00,26.9,,,2000
119,수원,2020-07-24 17:00,26.4,,,2000
119,수원,2020-07-24 18:00,24.3,0,,1909
119,수원,2020-07-24 19:00,23.5,0,,2000
119,수원,2020-07-24 20:00,24.1,,,1996
119,수원,2020-07-24 21:00,24.2,,,2000
119,수원,2020-07-24 22:00,24,,,1955
119,수원,2020-07-24 23:00,23.7,0,,1999
119,수원,2020-07-25 00:00,23.8,,,2000
119,수원,2020-07-25 01:00,23.6,,,2000
119,수원,2020-07-25 02:00,23.8,,,2000
119,수원,2020-07-25 03:00,23.8,,,1906
119,수원,2020-07-25 04:00,23.5,,,1812
119,수원,2020-07-25 05:00,22.8,,,2000
119,수원,2020-07-25 06:00,22.6,,,2000
119,수원,2020-07-25 07:00,22.6,,,1955
119,수원,2020-07-25 08:00,23.5,,,2000
119,수원,2020-07-25 09:00,23.4,,,2000
119,수원,2020-07-25 10:00,25.3,,,1949
119,수원,2020-07-25 11:00,27.1,,,2000
119,수원,2020-07-25 12:00,28,,,1999
119,수원,2020-07-25 13:00,27.3,,,2000
119,수원,2020-07-25 14:00,27.8,,,2000
119,수원,2020-07-25 15:00,28.2,,,2000
119,수원,2020-07-25 16:00,28.9,,,2000
119,수원,2020-07-25 17:00,27.9,,,2000
119,수원,2020-07-25 18:00,26.7,,,2000
119,수원,2020-07-25 19:00,26,,,2000
119,수원,2020-07-25 20:00,25.5,,,2000
119,수원,2020-07-25 21:00,24.9,,,1804
119,수원,2020-07-25 22:00,24.7,,,2000
119,수원,2020-07-25 23:00,24.6,,,2000
119,수원,2020-07-26 00:00,24.2,,,2000
119,수원,2020-07-26 01:00,24.2,,,1929
119,수원,2020-07-26 02:00,24,,,1377
119,수원,2020-07-26 03:00,23.4,,,2000
119,수원,2020-07-26 04:00,23.2,,,2000
119,수원,2020-07-26 05:00,23.1,,,2000
119,수원,2020-07-26 06:00,23.2,,,2000
119,수원,2020-07-26 07:00,24,,,2000
119,수원,2020-07-26 08:00,24.2,,,2000
119,수원,2020-07-26 09:00,25.9,,,2000
119,수원,2020-07-26 10:00,26,,,1950
119,수원,2020-07-26 11:00,26.3,,,2000
119,수원,2020-07-26 12:00,27.3,,,1955
119,수원,2020-07-26 13:00,28.2,,,1990
119,수원,2020-07-26 14:00,28.2,,,2000
119,수원,2020-07-26 15:00,28.1,,,2000
119,수원,2020-07-26 16:00,25.5,0,,2000
119,수원,2020-07-26 17:00,24.5,0,,2000
119,수원,2020-07-26 18:00,24.7,0,,1964
119,수원,2020-07-26 19:00,24.6,,,1580
119,수원,2020-07-26 20:00,24,,,2000
119,수원,2020-07-26 21:00,23.8,,,2000
119,수원,2020-07-26 22:00,23.5,,,1948
119,수원,2020-07-26 23:00,23.6,,,1995
119,수원,2020-07-27 00:00,23.3,,,1676
119,수원,2020-07-27 01:00,22.7,,,1314
119,수원,2020-07-27 02:00,22.8,,,1046
119,수원,2020-07-27 03:00,23.1,,,1154
119,수원,2020-07-27 04:00,22.6,.1,,704
119,수원,2020-07-27 05:00,22.7,0,,1706
119,수원,2020-07-27 06:00,22.8,0,,855
119,수원,2020-07-27 07:00,22.9,0,,972
119,수원,2020-07-27 08:00,23.6,.3,,861
119,수원,2020-07-27 09:00,24.6,0,,1100
119,수원,2020-07-27 10:00,24.7,,,1964
119,수원,2020-07-27 11:00,24.6,0,,1851
119,수원,2020-07-27 12:00,23.7,.3,,1279
119,수원,2020-07-27 13:00,23.8,1,,560
119,수원,2020-07-27 14:00,25.3,.2,,964
119,수원,2020-07-27 15:00,26,0,,1538
119,수원,2020-07-27 16:00,26.3,0,,916
119,수원,2020-07-27 17:00,26.8,,,1087
119,수원,2020-07-27 18:00,26.5,,,1067
119,수원,2020-07-27 19:00,26.4,,,1076
119,수원,2020-07-27 20:00,25.6,0,,1238
119,수원,2020-07-27 21:00,25.2,0,,1167
119,수원,2020-07-27 22:00,25.1,0,,1663
119,수원,2020-07-27 23:00,25,,,1125
119,수원,2020-07-28 00:00,24.9,,,1271
119,수원,2020-07-28 01:00,24.1,0,,1131
119,수원,2020-07-28 02:00,23.4,0,,1299
119,수원,2020-07-28 03:00,23.2,0,,1984
119,수원,2020-07-28 04:00,23.1,,,2000
119,수원,2020-07-28 05:00,23.5,,,1946
119,수원,2020-07-28 06:00,23.3,,,1995
119,수원,2020-07-28 07:00,23.9,,,1869
119,수원,2020-07-28 08:00,24.4,0,,1964
119,수원,2020-07-28 09:00,23.7,.4,,1200
119,수원,2020-07-28 10:00,24.3,.2,,1985
119,수원,2020-07-28 11:00,24.4,.1,,2000
119,수원,2020-07-28 12:00,24.7,0,,2000
119,수원,2020-07-28 13:00,25,0,,1966
119,수원,2020-07-28 14:00,25.6,.2,,1922
119,수원,2020-07-28 15:00,25.3,.1,,1480
119,수원,2020-07-28 16:00,25.3,.5,,1233
119,수원,2020-07-28 17:00,25,0,,1892
119,수원,2020-07-28 18:00,24.7,,,1782
119,수원,2020-07-28 19:00,25.1,0,,1896
119,수원,2020-07-28 20:00,24.9,,,1768
119,수원,2020-07-28 21:00,24.5,,,1532
119,수원,2020-07-28 22:00,24.7,,,1620
119,수원,2020-07-28 23:00,24.7,,,1719
119,수원,2020-07-29 00:00,24.1,.4,,1512
119,수원,2020-07-29 01:00,24.2,,,1941
119,수원,2020-07-29 02:00,23.9,.1,,1985
119,수원,2020-07-29 03:00,23.6,2.3,,1250
119,수원,2020-07-29 04:00,23.4,7.8,,1127
119,수원,2020-07-29 05:00,23.3,32.1,,900
119,수원,2020-07-29 06:00,23.3,4.2,,410
119,수원,2020-07-29 07:00,23.2,9.4,,600
119,수원,2020-07-29 08:00,23.6,2.2,,800
119,수원,2020-07-29 09:00,24.2,0,,2000
119,수원,2020-07-29 10:00,24.5,0,,2000
119,수원,2020-07-29 11:00,24.6,.2,,500
119,수원,2020-07-29 12:00,24.9,3,,1700
119,수원,2020-07-29 13:00,25.6,0,,2000
119,수원,2020-07-29 14:00,26.5,,,2000
119,수원,2020-07-29 15:00,27.6,,,2000
119,수원,2020-07-29 16:00,26.8,,,2000
119,수원,2020-07-29 17:00,26.4,.1,,950
119,수원,2020-07-29 18:00,25.2,21.5,,800
119,수원,2020-07-29 19:00,25,1.4,,650
119,수원,2020-07-29 20:00,24.7,.6,,700
119,수원,2020-07-29 21:00,24.5,1.9,,760
119,수원,2020-07-29 22:00,24.3,.2,,500
119,수원,2020-07-29 23:00,24.2,0,,400
119,수원,2020-07-30 00:00,24.2,0,,500
119,수원,2020-07-30 01:00,24.2,.1,,550
119,수원,2020-07-30 02:00,24.2,.1,,450
119,수원,2020-07-30 03:00,24.1,0,,300
119,수원,2020-07-30 04:00,24.1,,,210
119,수원,2020-07-30 05:00,24.1,,,500
119,수원,2020-07-30 06:00,24.1,,,700
119,수원,2020-07-30 07:00,24.3,,,800
119,수원,2020-07-30 08:00,24.3,,,450
119,수원,2020-07-30 09:00,24.8,,,500
119,수원,2020-07-30 10:00,24.8,,,500
119,수원,2020-07-30 11:00,25.4,,,700
119,수원,2020-07-30 12:00,26.1,,,707
119,수원,2020-07-30 13:00,27.1,,,618
119,수원,2020-07-30 14:00,27.3,,,899
119,수원,2020-07-30 15:00,27.5,,,1649
119,수원,2020-07-30 16:00,27.3,,,1351
119,수원,2020-07-30 17:00,26.9,,,1160
119,수원,2020-07-30 18:00,25.6,,,2000
119,수원,2020-07-30 19:00,25.4,,,1993
119,수원,2020-07-30 20:00,24.3,,,1975
119,수원,2020-07-30 21:00,23.5,,,1160
119,수원,2020-07-30 22:00,22.8,,,1225
119,수원,2020-07-30 23:00,22.9,,,1087
119,수원,2020-07-31 00:00,22.6,,,986
119,수원,2020-07-31 01:00,23,,,1030
119,수원,2020-07-31 02:00,23.1,,,813
119,수원,2020-07-31 03:00,23.1,,,708
119,수원,2020-07-31 04:00,22.9,.1,,152
119,수원,2020-07-31 05:00,22.9,0,,278
119,수원,2020-07-31 06:00,23.1,,,255
119,수원,2020-07-31 07:00,23.9,,,434
119,수원,2020-07-31 08:00,25.1,,,1160
119,수원,2020-07-31 09:00,25.8,,,1862
119,수원,2020-07-31 10:00,27.4,,,1175
119,수원,2020-07-31 11:00,28.4,,,1308
119,수원,2020-07-31 12:00,28.3,,,1414
119,수원,2020-07-31 13:00,28.1,,,1707
119,수원,2020-07-31 14:00,28.7,,,1661
119,수원,2020-07-31 15:00,28.8,,,1703
119,수원,2020-07-31 16:00,28.9,,,2000
119,수원,2020-07-31 17:00,27.6,,,2000
119,수원,2020-07-31 18:00,26.9,0,,1975
119,수원,2020-07-31 19:00,26.8,0,,1998
119,수원,2020-07-31 20:00,26.2,,,1845
119,수원,2020-07-31 21:00,25.7,0,,1656
119,수원,2020-07-31 22:00,25.7,,,1724
119,수원,2020-07-31 23:00,25.5,,,1875
119,수원,2020-08-01 00:00,25.2,,,1345
119,수원,2020-08-01 01:00,25.4,,,1387
119,수원,2020-08-01 02:00,25.3,,,1717
119,수원,2020-08-01 03:00,25.3,,,1235
119,수원,2020-08-01 04:00,25,,,1024
119,수원,2020-08-01 05:00,24.8,0,,724
119,수원,2020-08-01 06:00,24.9,0,,882
119,수원,2020-08-01 07:00,25.2,,,1493
119,수원,2020-08-01 08:00,26,0,,1913
119,수원,2020-08-01 09:00,26.8,,,1851
119,수원,2020-08-01 10:00,27.8,,,1819
119,수원,2020-08-01 11:00,28.6,,,1798
119,수원,2020-08-01 12:00,28.9,0,,1464
119,수원,2020-08-01 13:00,26,3.9,,584
119,수원,2020-08-01 14:00,26.3,6.9,,1780
119,수원,2020-08-01 15:00,26.8,0,,1016
119,수원,2020-08-01 16:00,26.7,0,,1751
119,수원,2020-08-01 17:00,26.9,0,,1200
119,수원,2020-08-01 18:00,27.1,,,1737
119,수원,2020-08-01 19:00,26.8,,,1998
119,수원,2020-08-01 20:00,26.2,,,1950
119,수원,2020-08-01 21:00,25.8,,,2000
119,수원,2020-08-01 22:00,24.2,4.7,,478
119,수원,2020-08-01 23:00,24.3,2.6,,1924
119,수원,2020-08-02 00:00,24.2,10.6,,488
119,수원,2020-08-02 01:00,24.1,11,,591
119,수원,2020-08-02 02:00,24,15.4,,800
119,수원,2020-08-02 03:00,24.2,16,,490
119,수원,2020-08-02 04:00,24.4,6.4,,284
119,수원,2020-08-02 05:00,24.2,8.7,,820
119,수원,2020-08-02 06:00,24.2,5.1,,758
119,수원,2020-08-02 07:00,24.5,.4,,895
119,수원,2020-08-02 08:00,24.9,.9,,404
119,수원,2020-08-02 09:00,25.3,.2,,461
119,수원,2020-08-02 10:00,26,.1,,2081
119,수원,2020-08-02 11:00,26.6,1.1,,739
119,수원,2020-08-02 12:00,26.5,1.7,,1327
119,수원,2020-08-02 13:00,26.3,6.9,,1726
119,수원,2020-08-02 14:00,28,0,,1970
119,수원,2020-08-02 15:00,27.6,0,,1960
119,수원,2020-08-02 16:00,23.8,8.8,,1253
119,수원,2020-08-02 17:00,23.5,1.9,,1588
119,수원,2020-08-02 18:00,23.4,1,,1355
119,수원,2020-08-02 19:00,23.5,1,,1739
119,수원,2020-08-02 20:00,23.3,.1,,1706
119,수원,2020-08-02 21:00,24.1,0,,1739
119,수원,2020-08-02 22:00,25.2,,,1803
119,수원,2020-08-02 23:00,25.5,,,1412
119,수원,2020-08-03 00:00,26.3,,,1344
119,수원,2020-08-03 01:00,26.5,,,1527
119,수원,2020-08-03 02:00,26.6,,,1492
119,수원,2020-08-03 03:00,26.8,0,,1214
119,수원,2020-08-03 04:00,25.2,4.8,,414
119,수원,2020-08-03 05:00,25.2,39.1,,292
119,수원,2020-08-03 06:00,25,11,,1550
119,수원,2020-08-03 07:00,25.7,2.2,,1910
119,수원,2020-08-03 08:00,25.9,0,,1409
119,수원,2020-08-03 09:00,26.5,0,,1227
119,수원,2020-08-03 10:00,24.9,1.5,,1353
119,수원,2020-08-03 11:00,25.3,2.2,,1947
119,수원,2020-08-03 12:00,25.5,.4,,1718
119,수원,2020-08-03 13:00,25.4,.6,,1993
119,수원,2020-08-03 14:00,25.9,0,,1979
119,수원,2020-08-03 15:00,25.3,.3,,1610
119,수원,2020-08-03 16:00,24.8,1.7,,1987
119,수원,2020-08-03 17:00,25,0,,2000
119,수원,2020-08-03 18:00,23.8,.4,,1141
119,수원,2020-08-03 19:00,23.5,.6,,2000
119,수원,2020-08-03 20:00,23,17.4,,303
119,수원,2020-08-03 21:00,23.5,14.7,,1932
119,수원,2020-08-03 22:00,23.8,,,1314
119,수원,2020-08-03 23:00,23.8,,,1059
119,수원,2020-08-04 00:00,23.9,,,663
119,수원,2020-08-04 01:00,24,,,640
119,수원,2020-08-04 02:00,24.3,,,595
119,수원,2020-08-04 03:00,24.4,,,746
119,수원,2020-08-04 04:00,24.9,0,,503
119,수원,2020-08-04 05:00,25.3,.2,,540
119,수원,2020-08-04 06:00,25.4,,,539
119,수원,2020-08-04 07:00,26.1,,,698
119,수원,2020-08-04 08:00,26.7,,,880
119,수원,2020-08-04 09:00,26.9,,,936
119,수원,2020-08-04 10:00,27.4,0,,636
119,수원,2020-08-04 11:00,28,,,648
119,수원,2020-08-04 12:00,28.5,,,812
119,수원,2020-08-04 13:00,29.1,,,913
119,수원,2020-08-04 14:00,29.9,,,1236
119,수원,2020-08-04 15:00,29.7,,,1280
119,수원,2020-08-04 16:00,29.6,,,1806
119,수원,2020-08-04 17:00,29.1,,,1246
119,수원,2020-08-04 18:00,29.3,,,1205
119,수원,2020-08-04 19:00,29,,,1331
119,수원,2020-08-04 20:00,28.1,,,1048
119,수원,2020-08-04 21:00,27.8,,,927
119,수원,2020-08-04 22:00,27.3,,,819
119,수원,2020-08-04 23:00,27.1,0,,831
119,수원,2020-08-05 00:00,27.1,,,567
119,수원,2020-08-05 01:00,26.4,,,695
119,수원,2020-08-05 02:00,26.2,,,915
119,수원,2020-08-05 03:00,26,,,601
119,수원,2020-08-05 04:00,26,,,585
119,수원,2020-08-05 05:00,25.6,,,629
119,수원,2020-08-05 06:00,25.9,,,611
119,수원,2020-08-05 07:00,26.5,0,,617
119,수원,2020-08-05 08:00,26.2,.1,,627
119,수원,2020-08-05 09:00,26.7,0,,945
119,수원,2020-08-05 10:00,27.3,.1,,1756
119,수원,2020-08-05 11:00,28.4,0,,667
119,수원,2020-08-05 12:00,27.8,1.1,,764
119,수원,2020-08-05 13:00,28.5,,,786
119,수원,2020-08-05 14:00,25.8,14.5,,1570
119,수원,2020-08-05 15:00,27.4,2.2,,1095
119,수원,2020-08-05 16:00,28.8,0,,1542
119,수원,2020-08-05 17:00,28.8,0,,1951
119,수원,2020-08-05 18:00,29,,,1944
119,수원,2020-08-05 19:00,28.3,,,1790
119,수원,2020-08-05 20:00,27.8,,,1961
119,수원,2020-08-05 21:00,27.6,,,1674
119,수원,2020-08-05 22:00,27.5,,,1263
119,수원,2020-08-05 23:00,27.3,0,,964
119,수원,2020-08-06 00:00,25.8,2.5,,691
119,수원,2020-08-06 01:00,25.2,8,,467
119,수원,2020-08-06 02:00,25.6,3.9,,978
119,수원,2020-08-06 03:00,25,9.3,,434
119,수원,2020-08-06 04:00,25,5.5,,704
119,수원,2020-08-06 05:00,24.8,24.4,,437
119,수원,2020-08-06 06:00,24.4,42.6,,313
119,수원,2020-08-06 07:00,24.4,24.7,,469
119,수원,2020-08-06 08:00,24.1,5.7,,496
119,수원,2020-08-06 09:00,24.2,.6,,1120
119,수원,2020-08-06 10:00,24.7,6.3,,2000
119,수원,2020-08-06 11:00,25.6,.5,,1955
119,수원,2020-08-06 12:00,23.3,0,,1182
119,수원,2020-08-06 13:00,23.7,0,,1956
119,수원,2020-08-06 14:00,25.6,,,1957
119,수원,2020-08-06 15:00,25.6,,,1999
119,수원,2020-08-06 16:00,25.3,,,1972
119,수원,2020-08-06 17:00,25.6,,,1949
119,수원,2020-08-06 18:00,25.5,,,2000
119,수원,2020-08-06 19:00,24.4,,,2000
119,수원,2020-08-06 20:00,23.6,,,1938
119,수원,2020-08-06 21:00,23.1,,,1956
119,수원,2020-08-06 22:00,23.2,,,761
119,수원,2020-08-06 23:00,23.1,,,920
119,수원,2020-08-07 00:00,23,,,1759
119,수원,2020-08-07 01:00,23,,,1026
119,수원,2020-08-07 02:00,22.6,,,1605
119,수원,2020-08-07 03:00,22.8,,,1200
119,수원,2020-08-07 04:00,22.7,,,884
119,수원,2020-08-07 05:00,22.5,0,,750
119,수원,2020-08-07 06:00,22.5,.1,,736
119,수원,2020-08-07 07:00,22.8,.1,,647
119,수원,2020-08-07 08:00,23.2,,,534
119,수원,2020-08-07 09:00,24.1,0,,710
119,수원,2020-08-07 10:00,24.3,0,,590
119,수원,2020-08-07 11:00,24.5,0,,606
119,수원,2020-08-07 12:00,25,0,,585
119,수원,2020-08-07 13:00,25.6,,,756
119,수원,2020-08-07 14:00,25,,,1264
119,수원,2020-08-07 15:00,24.7,,,1409
119,수원,2020-08-07 16:00,25.3,,,2000
119,수원,2020-08-07 17:00,25.5,,,2000
119,수원,2020-08-07 18:00,25.6,,,2000
119,수원,2020-08-07 19:00,25.2,,,2000
119,수원,2020-08-07 20:00,24.6,,,2000
119,수원,2020-08-07 21:00,24.7,,,2000
119,수원,2020-08-07 22:00,24.5,,,2000
119,수원,2020-08-07 23:00,24.4,,,2150
119,수원,2020-08-08 00:00,24.2,,,2000
119,수원,2020-08-08 01:00,24.2,,,2000
119,수원,2020-08-08 02:00,24.1,,,2000
119,수원,2020-08-08 03:00,23.9,,,2000
119,수원,2020-08-08 04:00,23.9,,,1986
119,수원,2020-08-08 05:00,23.7,,,1965
119,수원,2020-08-08 06:00,23.7,,,2000
119,수원,2020-08-08 07:00,23,0,,1150
119,수원,2020-08-08 08:00,23.1,.1,,911
119,수원,2020-08-08 09:00,22.9,1.9,,950
119,수원,2020-08-08 10:00,23.4,0,,1439
119,수원,2020-08-08 11:00,23.6,0,,1983
119,수원,2020-08-08 12:00,23.7,.8,,1755
119,수원,2020-08-08 13:00,24,.2,,1917
119,수원,2020-08-08 14:00,24.4,0,,2000
119,수원,2020-08-08 15:00,24.4,0,,1100
119,수원,2020-08-08 16:00,24.8,.2,,2000
119,수원,2020-08-08 17:00,24.8,,,2000
119,수원,2020-08-08 18:00,24.5,0,,1945
119,수원,2020-08-08 19:00,24.1,.8,,1100
119,수원,2020-08-08 20:00,23.8,4.5,,1050
119,수원,2020-08-08 21:00,24,1.2,,1890
119,수원,2020-08-08 22:00,24.1,1.5,,971
119,수원,2020-08-08 23:00,24.3,1.1,,950
119,수원,2020-08-09 00:00,24.6,0,,622
119,수원,2020-08-09 01:00,24.5,,,538
119,수원,2020-08-09 02:00,24.7,.7,,622
119,수원,2020-08-09 03:00,24.5,17,,403
119,수원,2020-08-09 04:00,24.8,.9,,1587
119,수원,2020-08-09 05:00,24.7,.2,,895
119,수원,2020-08-09 06:00,24.9,.3,,1816
119,수원,2020-08-09 07:00,24.6,7.4,,208
119,수원,2020-08-09 08:00,24.1,38,,371
119,수원,2020-08-09 09:00,24.4,21.3,,486
119,수원,2020-08-09 10:00,24.4,9.2,,693
119,수원,2020-08-09 11:00,24.6,17.7,,896
119,수원,2020-08-09 12:00,24.9,11.7,,950
119,수원,2020-08-09 13:00,25.3,2.9,,950
119,수원,2020-08-09 14:00,24.9,5.9,,1807
119,수원,2020-08-09 15:00,26.8,0,,2000
119,수원,2020-08-09 16:00,26.4,.6,,1273
119,수원,2020-08-09 17:00,25.9,.4,,2000
119,수원,2020-08-09 18:00,26.1,,,2000
119,수원,2020-08-09 19:00,26.7,,,2000
119,수원,2020-08-09 20:00,26.2,,,2000
119,수원,2020-08-09 21:00,25.9,,,1949
119,수원,2020-08-09 22:00,25.7,,,2000
119,수원,2020-08-09 23:00,25.6,,,2000
119,수원,2020-08-10 00:00,25.2,,,2000
119,수원,2020-08-10 01:00,25.2,,,2000
119,수원,2020-08-10 02:00,25.9,,,1950
119,수원,2020-08-10 03:00,25.9,0,,2000
119,수원,2020-08-10 04:00,25.7,,,2000
119,수원,2020-08-10 05:00,25.6,,,2000
119,수원,2020-08-10 06:00,25.1,0,,1999
119,수원,2020-08-10 07:00,25.2,,,1846
119,수원,2020-08-10 08:00,26.2,,,2000
119,수원,2020-08-10 09:00,27.3,,,2000
119,수원,2020-08-10 10:00,28.9,,,2000
119,수원,2020-08-10 11:00,29.3,,,2000
119,수원,2020-08-10 12:00,30,,,2000
119,수원,2020-08-10 13:00,30.4,,,2000
119,수원,2020-08-10 14:00,29,.1,,2000
119,수원,2020-08-10 15:00,27.7,1.5,,1162
119,수원,2020-08-10 16:00,26.1,6.1,,580
119,수원,2020-08-10 17:00,25.7,10.4,,559
119,수원,2020-08-10 18:00,26.1,1,,2000
119,수원,2020-08-10 19:00,26.2,0,,2000
119,수원,2020-08-10 20:00,25.8,,,1995
119,수원,2020-08-10 21:00,25.7,,,1982
119,수원,2020-08-10 22:00,25.6,0,,1712
119,수원,2020-08-10 23:00,25.3,1.5,,896
119,수원,2020-08-11 00:00,25.1,1.7,,1308
119,수원,2020-08-11 01:00,25.1,2.6,,1249
119,수원,2020-08-11 02:00,24.6,1.1,,1100
119,수원,2020-08-11 03:00,25,.1,,1115
119,수원,2020-08-11 04:00,24.7,2.2,,876
119,수원,2020-08-11 05:00,25.2,1.2,,1636
119,수원,2020-08-11 06:00,25.1,,,769
119,수원,2020-08-11 07:00,24.8,.7,,918
119,수원,2020-08-11 08:00,24.6,5.9,,392
119,수원,2020-08-11 09:00,24.9,1.2,,1475
119,수원,2020-08-11 10:00,25.2,1.2,,2000
119,수원,2020-08-11 11:00,25.2,0,,2000
119,수원,2020-08-11 12:00,26.6,,,1996
119,수원,2020-08-11 13:00,27.6,,,1996
119,수원,2020-08-11 14:00,27.9,,,2000
119,수원,2020-08-11 15:00,27.6,,,2000
119,수원,2020-08-11 16:00,27,,,1992
119,수원,2020-08-11 17:00,26.1,0,,1233
119,수원,2020-08-11 18:00,25.8,0,,1784
119,수원,2020-08-11 19:00,24.6,,,1928
119,수원,2020-08-11 20:00,24.2,,,1699
119,수원,2020-08-11 21:00,23.9,,,1182
119,수원,2020-08-11 22:00,23.6,,,920
119,수원,2020-08-11 23:00,23.5,,,746
119,수원,2020-08-12 00:00,23.9,,,772
119,수원,2020-08-12 01:00,24,,,478
119,수원,2020-08-12 02:00,23.8,,,698
119,수원,2020-08-12 03:00,24.2,,,950
119,수원,2020-08-12 04:00,23.5,,,606
119,수원,2020-08-12 05:00,24,,,803
119,수원,2020-08-12 06:00,24.6,,,950
119,수원,2020-08-12 07:00,24.9,,,1250
119,수원,2020-08-12 08:00,26.2,,,1163
119,수원,2020-08-12 09:00,26.6,,,1174
119,수원,2020-08-12 10:00,27.5,,,1168
119,수원,2020-08-12 11:00,28.4,,,1589
119,수원,2020-08-12 12:00,29.4,,,1610
119,수원,2020-08-12 13:00,30,,,1639
119,수원,2020-08-12 14:00,30.4,,,1743
119,수원,2020-08-12 15:00,30.6,,,1695
119,수원,2020-08-12 16:00,28.6,,,1223
119,수원,2020-08-12 17:00,28.2,,,2000
119,수원,2020-08-12 18:00,28.1,0,,1987
119,수원,2020-08-12 19:00,28.2,,,1976
119,수원,2020-08-12 20:00,27.4,,,1786
119,수원,2020-08-12 21:00,27.4,,,1717
119,수원,2020-08-12 22:00,27.2,,,1039
119,수원,2020-08-12 23:00,26.7,,,908
119,수원,2020-08-13 00:00,26.4,,,854
119,수원,2020-08-13 01:00,26.3,,,852
119,수원,2020-08-13 02:00,26.2,,,890
119,수원,2020-08-13 03:00,25.9,,,1373
119,수원,2020-08-13 04:00,26.1,,,1111
119,수원,2020-08-13 05:00,26,,,1009
119,수원,2020-08-13 06:00,26,,,1863
119,수원,2020-08-13 07:00,26.2,,,1720
119,수원,2020-08-13 08:00,27,,,1959
119,수원,2020-08-13 09:00,27.8,,,1997
119,수원,2020-08-13 10:00,28.5,,,2000
119,수원,2020-08-13 11:00,29.8,,,2000
119,수원,2020-08-13 12:00,29.7,,,2000
119,수원,2020-08-13 13:00,30.3,0,,1900
119,수원,2020-08-13 14:00,30.1,,,2000
119,수원,2020-08-13 15:00,31.4,,,2000
119,수원,2020-08-13 16:00,31.1,,,1500
119,수원,2020-08-13 17:00,31,,,2000
119,수원,2020-08-13 18:00,30.2,,,2000
119,수원,2020-08-13 19:00,29.8,,,2000
119,수원,2020-08-13 20:00,28.4,,,2000
119,수원,2020-08-13 21:00,27.6,,,1651
119,수원,2020-08-13 22:00,27.8,,,1854
119,수원,2020-08-13 23:00,27,,,1187
119,수원,2020-08-14 00:00,27,,,1100
119,수원,2020-08-14 01:00,27.1,,,1167
119,수원,2020-08-14 02:00,27.3,,,1952
119,수원,2020-08-14 03:00,27.1,,,2000
119,수원,2020-08-14 04:00,27,,,1999
119,수원,2020-08-14 05:00,26.6,,,1998
119,수원,2020-08-14 06:00,26.5,,,2003
119,수원,2020-08-14 07:00,27.2,,,1998
119,수원,2020-08-14 08:00,27.4,,,2000
119,수원,2020-08-14 09:00,27.5,,,2000
119,수원,2020-08-14 10:00,27.5,0,,1841
119,수원,2020-08-14 11:00,29.5,,,1728
119,수원,2020-08-14 12:00,29.5,,,1813
119,수원,2020-08-14 13:00,28.2,,,1843
119,수원,2020-08-14 14:00,28.7,,,1882
119,수원,2020-08-14 15:00,28.7,,,1593
119,수원,2020-08-14 16:00,28.4,,,1388
119,수원,2020-08-14 17:00,28.1,,,998
119,수원,2020-08-14 18:00,28,,,1238
119,수원,2020-08-14 19:00,27.7,,,976
119,수원,2020-08-14 20:00,27.3,,,791
119,수원,2020-08-14 21:00,27.2,,,704
119,수원,2020-08-14 22:00,27,,,586
119,수원,2020-08-14 23:00,26.9,,,534
119,수원,2020-08-15 00:00,26.8,,,513
119,수원,2020-08-15 01:00,26.8,,,565
119,수원,2020-08-15 02:00,26.7,,,645
119,수원,2020-08-15 03:00,26.5,0,,905
119,수원,2020-08-15 04:00,25.9,1.2,,527
119,수원,2020-08-15 05:00,25.5,9.5,,169
119,수원,2020-08-15 06:00,25.5,9.4,,454
119,수원,2020-08-15 07:00,25.4,11.7,,160
119,수원,2020-08-15 08:00,25.2,10.1,,399
119,수원,2020-08-15 09:00,25.4,1.6,,766
119,수원,2020-08-15 10:00,25.7,2,,642
119,수원,2020-08-15 11:00,26,1.1,,426
119,수원,2020-08-15 12:00,26.5,,,725
119,수원,2020-08-15 13:00,26.8,0,,643
119,수원,2020-08-15 14:00,27.3,0,,972
119,수원,2020-08-15 15:00,28,,,842
119,수원,2020-08-15 16:00,28.5,,,811
119,수원,2020-08-15 17:00,29.1,,,1248
119,수원,2020-08-15 18:00,28.6,,,1242
119,수원,2020-08-15 19:00,27.8,,,1179
119,수원,2020-08-15 20:00,27.5,,,1320
119,수원,2020-08-15 21:00,27,,,980
119,수원,2020-08-15 22:00,26.2,,,697
119,수원,2020-08-15 23:00,26.3,,,608
119,수원,2020-08-16 00:00,25.7,,,688
119,수원,2020-08-16 01:00,26.1,,,1985
119,수원,2020-08-16 02:00,25.4,,,1971
119,수원,2020-08-16 03:00,25.1,,,1855
119,수원,2020-08-16 04:00,24.8,,,1996
119,수원,2020-08-16 05:00,25.2,,,2000
119,수원,2020-08-16 06:00,25.1,,,2000
119,수원,2020-08-16 07:00,25.5,,,1992
119,수원,2020-08-16 08:00,26.2,,,1938
119,수원,2020-08-16 09:00,26.8,,,1514
119,수원,2020-08-16 10:00,27.9,,,1710
119,수원,2020-08-16 11:00,29.1,,,2002
119,수원,2020-08-16 12:00,30.3,,,1966
119,수원,2020-08-16 13:00,30.5,,,1969
119,수원,2020-08-16 14:00,30.8,,,1965
119,수원,2020-08-16 15:00,30.7,,,1888
119,수원,2020-08-16 16:00,30.7,,,1924
119,수원,2020-08-16 17:00,30.7,,,1995
119,수원,2020-08-16 18:00,28.8,,,1984
119,수원,2020-08-16 19:00,28.2,,,1976
119,수원,2020-08-16 20:00,27.6,,,1790
119,수원,2020-08-16 21:00,27.1,,,1904
119,수원,2020-08-16 22:00,26.9,,,1748
119,수원,2020-08-16 23:00,26.6,,,1262
119,수원,2020-08-17 00:00,26.4,,,1090
119,수원,2020-08-17 01:00,26.2,,,1072
119,수원,2020-08-17 02:00,26,,,1446
119,수원,2020-08-17 03:00,25.7,,,1145
119,수원,2020-08-17 04:00,25.8,,,1429
119,수원,2020-08-17 05:00,25.9,,,1310
119,수원,2020-08-17 06:00,25.8,,,1048
119,수원,2020-08-17 07:00,26.4,,,1957
119,수원,2020-08-17 08:00,27.5,,,1585
119,수원,2020-08-17 09:00,28,,,1969
119,수원,2020-08-17 10:00,28.5,,,1703
119,수원,2020-08-17 11:00,29.6,,,1884
119,수원,2020-08-17 12:00,31.5,,,1891
119,수원,2020-08-17 13:00,31.2,,,1980
119,수원,2020-08-17 14:00,31.8,,,1937
119,수원,2020-08-17 15:00,32.1,,,1967
119,수원,2020-08-17 16:00,32,,,1972
119,수원,2020-08-17 17:00,31.5,,,1916
119,수원,2020-08-17 18:00,30.3,,,1953
119,수원,2020-08-17 19:00,29.1,,,1971
119,수원,2020-08-17 20:00,27.6,,,1895
119,수원,2020-08-17 21:00,26.5,,,1715
119,수원,2020-08-17 22:00,25.8,,,1914
119,수원,2020-08-17 23:00,25.2,,,1042
119,수원,2020-08-18 00:00,25.2,,,1095
119,수원,2020-08-18 01:00,24.5,,,863
119,수원,2020-08-18 02:00,24.3,,,936
119,수원,2020-08-18 03:00,23.9,,,764
119,수원,2020-08-18 04:00,23.7,,,693
119,수원,2020-08-18 05:00,23.5,,,581
119,수원,2020-08-18 06:00,23.5,,,546
119,수원,2020-08-18 07:00,24,,,85
119,수원,2020-08-18 08:00,24.5,,,542
119,수원,2020-08-18 09:00,25.6,,,856
119,수원,2020-08-18 10:00,26.8,,,649
119,수원,2020-08-18 11:00,28.3,,,728
119,수원,2020-08-18 12:00,29,,,1214
119,수원,2020-08-18 13:00,30,,,1131
119,수원,2020-08-18 14:00,30.8,,,1391
119,수원,2020-08-18 15:00,31.5,,,1623
119,수원,2020-08-18 16:00,31.8,,,1810
119,수원,2020-08-18 17:00,31.4,,,1943
119,수원,2020-08-18 18:00,30.8,,,1895
119,수원,2020-08-18 19:00,29.3,,,1621
119,수원,2020-08-18 20:00,27.6,,,1966
119,수원,2020-08-18 21:00,26.3,,,1037
119,수원,2020-08-18 22:00,25.5,,,1152
119,수원,2020-08-18 23:00,24.9,,,1841
119,수원,2020-08-19 00:00,24.3,,,1100
119,수원,2020-08-19 01:00,24.7,,,2188
119,수원,2020-08-19 02:00,23.8,,,522
119,수원,2020-08-19 03:00,23.3,,,793
119,수원,2020-08-19 04:00,23.1,,,628
119,수원,2020-08-19 05:00,23,,,397
119,수원,2020-08-19 06:00,23.6,,,507
119,수원,2020-08-19 07:00,23.8,,,537
119,수원,2020-08-19 08:00,24.9,,,786
119,수원,2020-08-19 09:00,26.7,,,793
119,수원,2020-08-19 10:00,27.5,,,703
119,수원,2020-08-19 11:00,28.1,,,609
119,수원,2020-08-19 12:00,29.6,,,684
119,수원,2020-08-19 13:00,30.6,,,888
119,수원,2020-08-19 14:00,31.6,,,1575
119,수원,2020-08-19 15:00,30.7,,,1683
119,수원,2020-08-19 16:00,30.7,,,1896
119,수원,2020-08-19 17:00,30.2,,,1546
119,수원,2020-08-19 18:00,29.3,,,1884
119,수원,2020-08-19 19:00,27.8,,,1836
119,수원,2020-08-19 20:00,26.7,,,1056
119,수원,2020-08-19 21:00,25.7,,,661
119,수원,2020-08-19 22:00,25,,,609
119,수원,2020-08-19 23:00,24.8,,,714
119,수원,2020-08-20 00:00,24.6,,,697
119,수원,2020-08-20 01:00,23.9,,,532
119,수원,2020-08-20 02:00,23.7,,,477
119,수원,2020-08-20 03:00,23.4,,,424
119,수원,2020-08-20 04:00,23.6,,,58
119,수원,2020-08-20 05:00,23.9,,,470
119,수원,2020-08-20 06:00,24.5,,,539
119,수원,2020-08-20 07:00,25.1,,,483
119,수원,2020-08-20 08:00,27.1,,,652
119,수원,2020-08-20 09:00,27.6,,,980
119,수원,2020-08-20 10:00,28.1,,,1387
119,수원,2020-08-20 11:00,30.1,,,1500
119,수원,2020-08-20 12:00,30.9,,,1492
119,수원,2020-08-20 13:00,31.6,,,1353
119,수원,2020-08-20 14:00,31.8,,,971
119,수원,2020-08-20 15:00,32.2,,,1016
119,수원,2020-08-20 16:00,32.7,,,1366
119,수원,2020-08-20 17:00,31.8,,,1071
119,수원,2020-08-20 18:00,29.1,,,1206
119,수원,2020-08-20 19:00,27.7,,,1402
119,수원,2020-08-20 20:00,27.1,,,1664
119,수원,2020-08-20 21:00,26.2,,,1527
119,수원,2020-08-20 22:00,25.6,,,981
119,수원,2020-08-20 23:00,25.3,,,933
119,수원,2020-08-21 00:00,25.1,,,844
119,수원,2020-08-21 01:00,24.6,,,781
119,수원,2020-08-21 02:00,24.2,,,690
119,수원,2020-08-21 03:00,24,,,676
119,수원,2020-08-21 04:00,24.3,,,602
119,수원,2020-08-21 05:00,24.7,,,569
119,수원,2020-08-21 06:00,24.3,,,576
119,수원,2020-08-21 07:00,25.1,,,1384
119,수원,2020-08-21 08:00,26.3,,,1292
119,수원,2020-08-21 09:00,28.1,,,1089
119,수원,2020-08-21 10:00,28.5,,,1340
119,수원,2020-08-21 11:00,28.8,0,,845
119,수원,2020-08-21 12:00,29.2,0,,759
119,수원,2020-08-21 13:00,30.3,0,,1063
119,수원,2020-08-21 14:00,30.1,0,,1302
119,수원,2020-08-21 15:00,31,,,1492
119,수원,2020-08-21 16:00,31.1,,,1635
119,수원,2020-08-21 17:00,30.4,,,1410
119,수원,2020-08-21 18:00,29.7,,,1669
119,수원,2020-08-21 19:00,28.7,,,1200
119,수원,2020-08-21 20:00,28.2,,,1294
119,수원,2020-08-21 21:00,27.7,,,1171
119,수원,2020-08-21 22:00,27.7,,,1101
119,수원,2020-08-21 23:00,26.4,,,649
119,수원,2020-08-22 00:00,27,,,1325
119,수원,2020-08-22 01:00,26.4,,,1738
119,수원,2020-08-22 02:00,26.4,,,1712
119,수원,2020-08-22 03:00,26.3,,,1836
119,수원,2020-08-22 04:00,25.7,,,1942
119,수원,2020-08-22 05:00,25.9,,,2013
119,수원,2020-08-22 06:00,25.6,,,1900
119,수원,2020-08-22 07:00,25.7,0,,1728
119,수원,2020-08-22 08:00,26.5,,,1759
119,수원,2020-08-22 09:00,26.3,,,1292
119,수원,2020-08-22 10:00,27.3,,,1520
119,수원,2020-08-22 11:00,27.8,,,1274
119,수원,2020-08-22 12:00,28.5,,,848
119,수원,2020-08-22 13:00,28.4,,,1003
119,수원,2020-08-22 14:00,24,0,,1865
119,수원,2020-08-22 15:00,23.9,2.9,,1429
119,수원,2020-08-22 16:00,25.8,0,,1517
119,수원,2020-08-22 17:00,26.4,0,,2000
119,수원,2020-08-22 18:00,24.2,7.7,,690
119,수원,2020-08-22 19:00,23.1,4.5,,2000
119,수원,2020-08-22 20:00,22.3,7.7,,1984
119,수원,2020-08-22 21:00,22.6,2.4,,1726
119,수원,2020-08-22 22:00,22.5,5,,1135
119,수원,2020-08-22 23:00,22.5,,,1398
119,수원,2020-08-23 00:00,22.6,,,1415
119,수원,2020-08-23 01:00,22.3,,,1310
119,수원,2020-08-23 02:00,22.5,,,733
119,수원,2020-08-23 03:00,22.1,,,689
119,수원,2020-08-23 04:00,22.2,,,512
119,수원,2020-08-23 05:00,22.1,,,1450
119,수원,2020-08-23 06:00,21.8,,,841
119,수원,2020-08-23 07:00,22.7,,,736
119,수원,2020-08-23 08:00,23.6,,,847
119,수원,2020-08-23 09:00,25.4,,,938
119,수원,2020-08-23 10:00,26.5,,,1821
119,수원,2020-08-23 11:00,27.4,,,1664
119,수원,2020-08-23 12:00,28.7,,,1683
119,수원,2020-08-23 13:00,29.1,,,1978
119,수원,2020-08-23 14:00,29.5,,,2000
119,수원,2020-08-23 15:00,29.6,,,2000
119,수원,2020-08-23 16:00,30,,,1986
119,수원,2020-08-23 17:00,29.4,,,1997
119,수원,2020-08-23 18:00,29.1,,,2000
119,수원,2020-08-23 19:00,27.5,,,2000
119,수원,2020-08-23 20:00,25.8,,,1949
119,수원,2020-08-23 21:00,24.9,,,2000
119,수원,2020-08-23 22:00,24.5,,,2000
119,수원,2020-08-23 23:00,24.4,,,1950
119,수원,2020-08-24 00:00,23.6,,,2000
119,수원,2020-08-24 01:00,23.1,,,2000
119,수원,2020-08-24 02:00,22.8,,,1998
119,수원,2020-08-24 03:00,22.8,,,2000
119,수원,2020-08-24 04:00,24.1,,,1677
119,수원,2020-08-24 05:00,23.7,,,1777
119,수원,2020-08-24 06:00,24.1,,,1219
119,수원,2020-08-24 07:00,25.2,,,1921
119,수원,2020-08-24 08:00,26.7,,,1958
119,수원,2020-08-24 09:00,27.6,,,1971
119,수원,2020-08-24 10:00,29,,,1883
119,수원,2020-08-24 11:00,29.7,,,1822
119,수원,2020-08-24 12:00,30.9,,,1809
119,수원,2020-08-24 13:00,31.1,,,1948
119,수원,2020-08-24 14:00,30.5,,,1807
119,수원,2020-08-24 15:00,31.4,,,2021
119,수원,2020-08-24 16:00,31.3,,,1970
119,수원,2020-08-24 17:00,31.4,,,1916
119,수원,2020-08-24 18:00,30.1,,,1864
119,수원,2020-08-24 19:00,29.2,,,1957
119,수원,2020-08-24 20:00,28,,,1804
119,수원,2020-08-24 21:00,27.6,,,1552
119,수원,2020-08-24 22:00,27.5,,,1709
119,수원,2020-08-24 23:00,27.2,,,1234
119,수원,2020-08-25 00:00,27.4,,,913
119,수원,2020-08-25 01:00,26.7,,,911
119,수원,2020-08-25 02:00,26.2,,,802
119,수원,2020-08-25 03:00,25.4,,,651
119,수원,2020-08-25 04:00,24.9,,,559
119,수원,2020-08-25 05:00,24.7,,,546
119,수원,2020-08-25 06:00,25.2,,,603
119,수원,2020-08-25 07:00,26.3,,,671
119,수원,2020-08-25 08:00,27.7,,,856
119,수원,2020-08-25 09:00,29.2,,,1038
119,수원,2020-08-25 10:00,30.6,,,1657
119,수원,2020-08-25 11:00,31.9,,,1881
119,수원,2020-08-25 12:00,33.1,,,1964
119,수원,2020-08-25 13:00,33.4,,,2055
119,수원,2020-08-25 14:00,33.7,,,1989
119,수원,2020-08-25 15:00,34.6,,,1945
119,수원,2020-08-25 16:00,33.5,,,2000
119,수원,2020-08-25 17:00,33.3,,,2041
119,수원,2020-08-25 18:00,32.1,,,1790
119,수원,2020-08-25 19:00,30.4,,,1867
119,수원,2020-08-25 20:00,29.6,,,1870
119,수원,2020-08-25 21:00,29.5,,,1912
119,수원,2020-08-25 22:00,29.8,0,,1757
119,수원,2020-08-25 23:00,29.8,0,,1575
119,수원,2020-08-26 00:00,28.1,0,,1676
119,수원,2020-08-26 01:00,28.4,,,1860
119,수원,2020-08-26 02:00,28.6,,,1917
119,수원,2020-08-26 03:00,28.1,,,1914
119,수원,2020-08-26 04:00,28.2,,,1947
119,수원,2020-08-26 05:00,27.7,,,1966
119,수원,2020-08-26 06:00,27.6,,,1533
119,수원,2020-08-26 07:00,29.1,,,1600
119,수원,2020-08-26 08:00,29.8,,,1424
119,수원,2020-08-26 09:00,30.7,,,1506
119,수원,2020-08-26 10:00,32,,,1937
119,수원,2020-08-26 11:00,32.8,,,1833
119,수원,2020-08-26 12:00,33.9,,,1993
119,수원,2020-08-26 13:00,34.1,,,1939
119,수원,2020-08-26 14:00,33.4,,,1947
119,수원,2020-08-26 15:00,33.3,,,1978
119,수원,2020-08-26 16:00,33.6,,,1996
119,수원,2020-08-26 17:00,32.2,0,,1999
119,수원,2020-08-26 18:00,31.6,0,,2000
119,수원,2020-08-26 19:00,31.4,0,,2000
119,수원,2020-08-26 20:00,28.6,0,,1884
119,수원,2020-08-26 21:00,29.4,0,,2000
119,수원,2020-08-26 22:00,29.2,0,,2000
119,수원,2020-08-26 23:00,26.8,1,,1441
119,수원,2020-08-27 00:00,27.4,0,,2000
119,수원,2020-08-27 01:00,27,0,,2000
119,수원,2020-08-27 02:00,26.5,0,,2000
119,수원,2020-08-27 03:00,26.3,0,,1998
119,수원,2020-08-27 04:00,28.4,0,,2000
119,수원,2020-08-27 05:00,28.4,,,2000
119,수원,2020-08-27 06:00,29,0,,2000
119,수원,2020-08-27 07:00,28.7,.1,,2000
119,수원,2020-08-27 08:00,27,0,,1943
119,수원,2020-08-27 09:00,27.5,0,,1990
119,수원,2020-08-27 10:00,27.5,,,1999
119,수원,2020-08-27 11:00,27.9,0,,2012
119,수원,2020-08-27 12:00,29.3,0,,1987
119,수원,2020-08-27 13:00,29.5,0,,1856
119,수원,2020-08-27 14:00,29,.1,,1691
119,수원,2020-08-27 15:00,29.9,0,,1794
119,수원,2020-08-27 16:00,29.3,,,1597
119,수원,2020-08-27 17:00,28.9,,,1862
119,수원,2020-08-27 18:00,28.8,,,1798
119,수원,2020-08-27 19:00,27.9,,,1382
119,수원,2020-08-27 20:00,27.4,0,,1262
119,수원,2020-08-27 21:00,26.1,6.2,,398
119,수원,2020-08-27 22:00,26.1,3.7,,243
119,수원,2020-08-27 23:00,26.2,.8,,663
119,수원,2020-08-28 00:00,26.2,0,,1106
119,수원,2020-08-28 01:00,25.8,.6,,847
119,수원,2020-08-28 02:00,25.5,0,,586
119,수원,2020-08-28 03:00,25.8,,,950
119,수원,2020-08-28 04:00,25.7,,,950
119,수원,2020-08-28 05:00,25.6,,,1984
119,수원,2020-08-28 06:00,26.2,0,,1106
119,수원,2020-08-28 07:00,26,.8,,1002
119,수원,2020-08-28 08:00,26.9,,,1208
119,수원,2020-08-28 09:00,27.8,,,1240
119,수원,2020-08-28 10:00,28.1,0,,1191
119,수원,2020-08-28 11:00,29.8,0,,1766
119,수원,2020-08-28 12:00,30,0,,2000
119,수원,2020-08-28 13:00,27.8,.7,,1020
119,수원,2020-08-28 14:00,29.1,.2,,1490
119,수원,2020-08-28 15:00,30.6,,,1826
119,수원,2020-08-28 16:00,30.2,,,1901
119,수원,2020-08-28 17:00,29.3,,,1537
119,수원,2020-08-28 18:00,28.7,,,1688
119,수원,2020-08-28 19:00,27.7,,,1021
119,수원,2020-08-28 20:00,27.2,,,1266
119,수원,2020-08-28 21:00,26.2,,,698
119,수원,2020-08-28 22:00,26,,,748
119,수원,2020-08-28 23:00,25.8,,,778
119,수원,2020-08-29 00:00,26.3,0,,1040
119,수원,2020-08-29 01:00,26.1,0,,906
119,수원,2020-08-29 02:00,26,.3,,508
119,수원,2020-08-29 03:00,25.8,.3,,470
119,수원,2020-08-29 04:00,25.8,0,,773
119,수원,2020-08-29 05:00,25.5,,,584
119,수원,2020-08-29 06:00,25,,,1304
119,수원,2020-08-29 07:00,25.8,,,1408
119,수원,2020-08-29 08:00,26.6,,,2000
119,수원,2020-08-29 09:00,27.5,,,1896
119,수원,2020-08-29 10:00,25.8,.7,,537
119,수원,2020-08-29 11:00,26.4,2.7,,1542
119,수원,2020-08-29 12:00,27.8,,,1977
119,수원,2020-08-29 13:00,26.4,1.1,,1012
119,수원,2020-08-29 14:00,27.9,0,,1561
119,수원,2020-08-29 15:00,28.1,0,,1955
119,수원,2020-08-29 16:00,26.2,3.4,,1846
119,수원,2020-08-29 17:00,26.2,1.3,,1071
119,수원,2020-08-29 18:00,25.9,4.6,,1314
119,수원,2020-08-29 19:00,25.8,3.5,,337
119,수원,2020-08-29 20:00,25.4,.4,,2000
119,수원,2020-08-29 21:00,25.5,,,2000
119,수원,2020-08-29 22:00,25.6,,,1568
119,수원,2020-08-29 23:00,25.6,,,1255
119,수원,2020-08-30 00:00,25.5,,,879
119,수원,2020-08-30 01:00,25.4,,,1603
119,수원,2020-08-30 02:00,25,.1,,329
119,수원,2020-08-30 03:00,25,0,,526
119,수원,2020-08-30 04:00,24.9,,,799
119,수원,2020-08-30 05:00,25,,,747
119,수원,2020-08-30 06:00,24.8,,,542
119,수원,2020-08-30 07:00,24.9,,,533
119,수원,2020-08-30 08:00,25.6,,,1413
119,수원,2020-08-30 09:00,26.1,,,1174
119,수원,2020-08-30 10:00,26.1,,,763
119,수원,2020-08-30 11:00,26.9,0,,1000
119,수원,2020-08-30 12:00,26.7,0,,1858
119,수원,2020-08-30 13:00,28.1,0,,1169
119,수원,2020-08-30 14:00,28.9,,,1102
119,수원,2020-08-30 15:00,29.9,,,1560
119,수원,2020-08-30 16:00,30.3,,,1551
119,수원,2020-08-30 17:00,30.2,,,1846
119,수원,2020-08-30 18:00,29.2,,,1684
119,수원,2020-08-30 19:00,28.1,,,1493
119,수원,2020-08-30 20:00,28.1,,,2000
119,수원,2020-08-30 21:00,26.7,,,1950
119,수원,2020-08-30 22:00,26.2,0,,2000
119,수원,2020-08-30 23:00,26.5,,,2000
119,수원,2020-08-31 00:00,26.3,,,2000
119,수원,2020-08-31 01:00,25.6,,,2000
119,수원,2020-08-31 02:00,25.2,,,2000
119,수원,2020-08-31 03:00,25,,,2000
119,수원,2020-08-31 04:00,25,,,2000
119,수원,2020-08-31 05:00,25.1,,,2000
119,수원,2020-08-31 06:00,25.2,,,2000
119,수원,2020-08-31 07:00,24.9,,,2000
119,수원,2020-08-31 08:00,26.4,,,2000
119,수원,2020-08-31 09:00,27.2,,,2000
119,수원,2020-08-31 10:00,27.6,,,2000
119,수원,2020-08-31 11:00,28.1,,,2000
119,수원,2020-08-31 12:00,28.9,,,1953
119,수원,2020-08-31 13:00,29.9,,,2000
119,수원,2020-08-31 14:00,30.6,,,2000
119,수원,2020-08-31 15:00,29.9,,,2000
119,수원,2020-08-31 16:00,30.6,,,1979
119,수원,2020-08-31 17:00,29.8,,,2000
119,수원,2020-08-31 18:00,29.6,,,2000
119,수원,2020-08-31 19:00,28.7,,,2000
119,수원,2020-08-31 20:00,28.2,,,2000
119,수원,2020-08-31 21:00,27.7,,,2000
119,수원,2020-08-31 22:00,27.3,,,2000
119,수원,2020-08-31 23:00,26.7,,,2000
119,수원,2020-09-01 00:00,25.6,.2,,2000
119,수원,2020-09-01 01:00,25.3,,,2000
119,수원,2020-09-01 02:00,25.1,,,2000
119,수원,2020-09-01 03:00,24.7,,,2000
119,수원,2020-09-01 04:00,24.5,,,2000
119,수원,2020-09-01 05:00,24.3,,,1955
119,수원,2020-09-01 06:00,23.8,,,1996
119,수원,2020-09-01 07:00,23.9,,,2000
119,수원,2020-09-01 08:00,24.3,,,2000
119,수원,2020-09-01 09:00,25.9,,,2000
119,수원,2020-09-01 10:00,25.8,,,2000
119,수원,2020-09-01 11:00,26.1,,,2000
119,수원,2020-09-01 12:00,26.2,,,2000
119,수원,2020-09-01 13:00,27.6,,,1950
119,수원,2020-09-01 14:00,28.9,,,1995
119,수원,2020-09-01 15:00,29.1,,,1990
119,수원,2020-09-01 16:00,28.7,,,1890
119,수원,2020-09-01 17:00,28.3,,,2000
119,수원,2020-09-01 18:00,28,,,1993
119,수원,2020-09-01 19:00,27.4,,,2000
119,수원,2020-09-01 20:00,27.6,,,1950
119,수원,2020-09-01 21:00,26.3,,,1989
119,수원,2020-09-01 22:00,25.9,.2,,962
119,수원,2020-09-01 23:00,25.3,.2,,1593
119,수원,2020-09-02 00:00,25.1,0,,1174
119,수원,2020-09-02 01:00,24.8,.4,,932
119,수원,2020-09-02 02:00,25,0,,775
119,수원,2020-09-02 03:00,24.7,0,,1650
119,수원,2020-09-02 04:00,24.6,0,,1916
119,수원,2020-09-02 05:00,24.7,.1,,2000
119,수원,2020-09-02 06:00,24.8,0,,1989
119,수원,2020-09-02 07:00,24.9,0,,1905
119,수원,2020-09-02 08:00,25.1,0,,1997
119,수원,2020-09-02 09:00,25.1,.5,,1914
119,수원,2020-09-02 10:00,25.6,.3,,1993
119,수원,2020-09-02 11:00,25.9,0,,1859
119,수원,2020-09-02 12:00,25.2,.7,,1719
119,수원,2020-09-02 13:00,24.1,2,,1617
119,수원,2020-09-02 14:00,24.6,.9,,2000
119,수원,2020-09-02 15:00,24.7,.1,,1940
119,수원,2020-09-02 16:00,24.4,.3,,2000
119,수원,2020-09-02 17:00,24.3,0,,2000
119,수원,2020-09-02 18:00,23.2,4,,983
119,수원,2020-09-02 19:00,23.5,1,,2000
119,수원,2020-09-02 20:00,23.6,.3,,1986
119,수원,2020-09-02 21:00,23.5,.7,,2000
119,수원,2020-09-02 22:00,23.2,2,,1752
119,수원,2020-09-02 23:00,23,2.3,,1485
119,수원,2020-09-03 00:00,22.8,2.3,,1887
119,수원,2020-09-03 01:00,22.5,7,,1462
119,수원,2020-09-03 02:00,22.4,3.1,,1765
119,수원,2020-09-03 03:00,22,4,,1772
119,수원,2020-09-03 04:00,21.8,3.9,,1567
119,수원,2020-09-03 05:00,21.1,3.3,,1158
119,수원,2020-09-03 06:00,20.6,3.3,,1148
119,수원,2020-09-03 07:00,20.6,2.9,,697
119,수원,2020-09-03 08:00,20.6,3.6,,1289
119,수원,2020-09-03 09:00,22.2,0,,2000
119,수원,2020-09-03 10:00,23.9,,,2000
119,수원,2020-09-03 11:00,24,,,2000
119,수원,2020-09-03 12:00,25,,,1943
119,수원,2020-09-03 13:00,24.5,,,1996
119,수원,2020-09-03 14:00,24.7,,,2000
119,수원,2020-09-03 15:00,25.6,,,1994
119,수원,2020-09-03 16:00,25.7,,,2000
119,수원,2020-09-03 17:00,24.7,,,1719
119,수원,2020-09-03 18:00,24.1,,,1807
119,수원,2020-09-03 19:00,23.5,,,2000
119,수원,2020-09-03 20:00,23.3,0,,1964
119,수원,2020-09-03 21:00,22.5,,,1978
119,수원,2020-09-03 22:00,22.4,,,1806
119,수원,2020-09-03 23:00,21.1,.4,,2000
119,수원,2020-09-04 00:00,19.7,,,2000
119,수원,2020-09-04 01:00,19.3,,,1815
119,수원,2020-09-04 02:00,20.1,,,1328
119,수원,2020-09-04 03:00,20.6,,,1267
119,수원,2020-09-04 04:00,20.5,,,1079
119,수원,2020-09-04 05:00,19.4,,,608
119,수원,2020-09-04 06:00,19.9,,,743
119,수원,2020-09-04 07:00,20.2,,,712
119,수원,2020-09-04 08:00,21.8,,,993
119,수원,2020-09-04 09:00,23.4,,,1922
119,수원,2020-09-04 10:00,24.2,,,1999
119,수원,2020-09-04 11:00,25.2,,,1985
119,수원,2020-09-04 12:00,25.6,,,1995
119,수원,2020-09-04 13:00,26.8,,,2012
119,수원,2020-09-04 14:00,27.1,,,1990
119,수원,2020-09-04 15:00,26.6,,,2000
119,수원,2020-09-04 16:00,27.3,,,1987
119,수원,2020-09-04 17:00,26.9,,,2000
119,수원,2020-09-04 18:00,26.3,,,2000
119,수원,2020-09-04 19:00,24.2,,,1950
119,수원,2020-09-04 20:00,23,,,2000
119,수원,2020-09-04 21:00,21.7,,,2000
119,수원,2020-09-04 22:00,20.7,,,2000
119,수원,2020-09-04 23:00,21,,,2000
119,수원,2020-09-05 00:00,20.3,,,2000
119,수원,2020-09-05 01:00,19.6,,,2000
119,수원,2020-09-05 02:00,20.5,,,2000
119,수원,2020-09-05 03:00,20.5,0,,1996
119,수원,2020-09-05 04:00,20.4,0,,2000
119,수원,2020-09-05 05:00,19.9,,,2000
119,수원,2020-09-05 06:00,20.4,,,1998
119,수원,2020-09-05 07:00,20.8,,,1997
119,수원,2020-09-05 08:00,21.7,,,2000
119,수원,2020-09-05 09:00,22.2,,,1950
119,수원,2020-09-05 10:00,24.1,,,1906
119,수원,2020-09-05 11:00,25.2,,,1925
119,수원,2020-09-05 12:00,25.7,,,2000
119,수원,2020-09-05 13:00,26.5,,,1865
119,수원,2020-09-05 14:00,26.7,,,1907
119,수원,2020-09-05 15:00,27,,,1972
119,수원,2020-09-05 16:00,27.1,,,1824
119,수원,2020-09-05 17:00,26.5,,,1992
119,수원,2020-09-05 18:00,25.6,,,1998
119,수원,2020-09-05 19:00,24.3,,,1997
119,수원,2020-09-05 20:00,23.9,,,2007
119,수원,2020-09-05 21:00,23.2,,,2098
119,수원,2020-09-05 22:00,23.2,,,2000
119,수원,2020-09-05 23:00,22.6,,,2000
119,수원,2020-09-06 00:00,22.1,,,2000
119,수원,2020-09-06 01:00,21.2,,,1941
119,수원,2020-09-06 02:00,21.4,,,1871
119,수원,2020-09-06 03:00,20.1,,,1966
119,수원,2020-09-06 04:00,20.5,,,1855
119,수원,2020-09-06 05:00,19.7,,,1851
119,수원,2020-09-06 06:00,19.9,,,1526
119,수원,2020-09-06 07:00,20.2,,,1715
119,수원,2020-09-06 08:00,20.5,0,,1611
119,수원,2020-09-06 09:00,21.5,0,,1991
119,수원,2020-09-06 10:00,21.8,0,,2000
119,수원,2020-09-06 11:00,22.8,0,,2000
119,수원,2020-09-06 12:00,23.1,,,2000
119,수원,2020-09-06 13:00,23.5,,,2000
119,수원,2020-09-06 14:00,24.3,,,2000
119,수원,2020-09-06 15:00,24.6,,,1994
119,수원,2020-09-06 16:00,24,0,,2000
119,수원,2020-09-06 17:00,23.5,0,,2000
119,수원,2020-09-06 18:00,22.8,0,,2000
119,수원,2020-09-06 19:00,21.6,.1,,2000
119,수원,2020-09-06 20:00,20.9,.6,,1530
119,수원,2020-09-06 21:00,20.3,.9,,2000
119,수원,2020-09-06 22:00,19.9,1.3,,830
119,수원,2020-09-06 23:00,19.4,4.2,,1544
119,수원,2020-09-07 00:00,18.9,2.3,,1237
119,수원,2020-09-07 01:00,18.7,1.1,,1724
119,수원,2020-09-07 02:00,18.2,2.9,,1629
119,수원,2020-09-07 03:00,18.2,2.5,,1985
119,수원,2020-09-07 04:00,18.1,2.2,,2000
119,수원,2020-09-07 05:00,18.6,0,,2000
119,수원,2020-09-07 06:00,18.7,.5,,1970
119,수원,2020-09-07 07:00,17.2,5.9,,1097
119,수원,2020-09-07 08:00,16.8,9.8,,805
119,수원,2020-09-07 09:00,17.2,6.7,,1028
119,수원,2020-09-07 10:00,17.7,4.1,,1428
119,수원,2020-09-07 11:00,17.9,3,,1703
119,수원,2020-09-07 12:00,18.8,.8,,1996
119,수원,2020-09-07 13:00,19.6,.3,,2000
119,수원,2020-09-07 14:00,19.9,0,,2000
119,수원,2020-09-07 15:00,19.7,1.6,,1092
119,수원,2020-09-07 16:00,20.6,2.8,,686
119,수원,2020-09-07 17:00,21,1.6,,803
119,수원,2020-09-07 18:00,20.9,.5,,493
119,수원,2020-09-07 19:00,20.5,4,,610
119,수원,2020-09-07 20:00,20.5,4.4,,821
119,수원,2020-09-07 21:00,20.3,4.8,,703
119,수원,2020-09-07 22:00,21.6,.4,,1853
119,수원,2020-09-07 23:00,22,0,,1873
119,수원,2020-09-08 00:00,22.4,,,1738
119,수원,2020-09-08 01:00,22.2,,,808
119,수원,2020-09-08 02:00,22.4,,,799
119,수원,2020-09-08 03:00,22.2,,,2000
119,수원,2020-09-08 04:00,21.6,,,2000
119,수원,2020-09-08 05:00,21.5,,,2000
119,수원,2020-09-08 06:00,21.3,,,1830
119,수원,2020-09-08 07:00,21.9,,,1020
119,수원,2020-09-08 08:00,22.8,,,1260
119,수원,2020-09-08 09:00,24,,,1998
119,수원,2020-09-08 10:00,24.6,,,1993
119,수원,2020-09-08 11:00,24.4,,,1999
119,수원,2020-09-08 12:00,24.7,,,2000
119,수원,2020-09-08 13:00,26.1,,,1997
119,수원,2020-09-08 14:00,26.2,,,2000
119,수원,2020-09-08 15:00,26.5,,,2000
119,수원,2020-09-08 16:00,26.4,,,1980
119,수원,2020-09-08 17:00,26.2,,,1946
119,수원,2020-09-08 18:00,24.5,,,2000
119,수원,2020-09-08 19:00,23.3,,,1463
119,수원,2020-09-08 20:00,21.9,,,651
119,수원,2020-09-08 21:00,21.7,,,689
119,수원,2020-09-08 22:00,21.3,,,601
119,수원,2020-09-08 23:00,21.9,,,527
119,수원,2020-09-09 00:00,21.8,,,500
119,수원,2020-09-09 01:00,21.7,,,598
119,수원,2020-09-09 02:00,21.6,,,544
119,수원,2020-09-09 03:00,21.3,.2,,280
119,수원,2020-09-09 04:00,19.9,1.8,,705
119,수원,2020-09-09 05:00,20,0,,693
119,수원,2020-09-09 06:00,19.7,0,,794
119,수원,2020-09-09 07:00,20,0,,663
119,수원,2020-09-09 08:00,20.4,,,508
119,수원,2020-09-09 09:00,21.4,,,1206
119,수원,2020-09-09 10:00,22.1,,,1254
119,수원,2020-09-09 11:00,22.8,,,1416
119,수원,2020-09-09 12:00,23.7,,,1814
119,수원,2020-09-09 13:00,24.8,,,1712
119,수원,2020-09-09 14:00,24.4,,,1697
119,수원,2020-09-09 15:00,23.2,0,,1912
119,수원,2020-09-09 16:00,20.1,3.4,,1820
119,수원,2020-09-09 17:00,20.3,.3,,1861
119,수원,2020-09-09 18:00,19.1,4.8,,1100
119,수원,2020-09-09 19:00,18.6,.3,,1953
119,수원,2020-09-09 20:00,18,,,1820
119,수원,2020-09-09 21:00,17.8,,,1078
119,수원,2020-09-09 22:00,18,,,960
119,수원,2020-09-09 23:00,18,,,782
119,수원,2020-09-10 00:00,18.1,,,678
119,수원,2020-09-10 01:00,18.4,,,568
119,수원,2020-09-10 02:00,18.6,,,511
119,수원,2020-09-10 03:00,18.3,,,509
119,수원,2020-09-10 04:00,18.3,,,486
119,수원,2020-09-10 05:00,18.9,,,525
119,수원,2020-09-10 06:00,19,,,415
119,수원,2020-09-10 07:00,19.5,0,,436
119,수원,2020-09-10 08:00,20.3,0,,654
119,수원,2020-09-10 09:00,21.5,,,651
119,수원,2020-09-10 10:00,22.8,,,762
119,수원,2020-09-10 11:00,24.2,,,750
119,수원,2020-09-10 12:00,24.5,,,741
119,수원,2020-09-10 13:00,24.9,,,1301
119,수원,2020-09-10 14:00,25.5,,,1715
119,수원,2020-09-10 15:00,25.8,,,1778
119,수원,2020-09-10 16:00,26.4,,,1804
119,수원,2020-09-10 17:00,26.6,,,1896
119,수원,2020-09-10 18:00,25.6,,,1901
119,수원,2020-09-10 19:00,24,,,1705
119,수원,2020-09-10 20:00,22.8,,,668
119,수원,2020-09-10 21:00,22.4,,,700
119,수원,2020-09-10 22:00,22.1,,,499
119,수원,2020-09-10 23:00,22.3,,,604
119,수원,2020-09-11 00:00,21.4,,,519
119,수원,2020-09-11 01:00,21,,,487
119,수원,2020-09-11 02:00,20.5,,,321
119,수원,2020-09-11 03:00,20.7,,,635
119,수원,2020-09-11 04:00,20.5,,,735
119,수원,2020-09-11 05:00,20.7,,,894
119,수원,2020-09-11 06:00,20,,,869
119,수원,2020-09-11 07:00,21,,,933
119,수원,2020-09-11 08:00,22.3,,,1387
119,수원,2020-09-11 09:00,24,,,1808
119,수원,2020-09-11 10:00,24.9,,,1992
119,수원,2020-09-11 11:00,25.9,,,1959
119,수원,2020-09-11 12:00,25.9,,,1997
119,수원,2020-09-11 13:00,25.6,,,2012
119,수원,2020-09-11 14:00,25.2,0,,1994
119,수원,2020-09-11 15:00,23.6,.1,,1935
119,수원,2020-09-11 16:00,23.8,0,,1996
119,수원,2020-09-11 17:00,24.3,0,,2000
119,수원,2020-09-11 18:00,23.8,0,,2000
119,수원,2020-09-11 19:00,23.5,0,,2064
119,수원,2020-09-11 20:00,22.2,.2,,1712
119,수원,2020-09-11 21:00,21.4,.3,,1787
119,수원,2020-09-11 22:00,20.2,.6,,1574
119,수원,2020-09-11 23:00,19,2,,844
119,수원,2020-09-12 00:00,18.5,3.1,,974
119,수원,2020-09-12 01:00,18.5,.9,,1777
119,수원,2020-09-12 02:00,18,2,,1100
119,수원,2020-09-12 03:00,18,1.1,,1220
119,수원,2020-09-12 04:00,17.9,1.5,,1100
119,수원,2020-09-12 05:00,18,1,,1100
119,수원,2020-09-12 06:00,18.5,.1,,2009
119,수원,2020-09-12 07:00,18.5,0,,2091
119,수원,2020-09-12 08:00,19.1,0,,2000
119,수원,2020-09-12 09:00,19.3,.1,,1841
119,수원,2020-09-12 10:00,20,.2,,1785
119,수원,2020-09-12 11:00,20.7,0,,2000
119,수원,2020-09-12 12:00,21.3,.1,,2000
119,수원,2020-09-12 13:00,21.3,.2,,1900
119,수원,2020-09-12 14:00,21.6,.6,,2000
119,수원,2020-09-12 15:00,21.8,0,,1990
119,수원,2020-09-12 16:00,21.9,0,,2000
119,수원,2020-09-12 17:00,21.9,0,,2000
119,수원,2020-09-12 18:00,21.7,0,,1995
119,수원,2020-09-12 19:00,20.4,.5,,2000
119,수원,2020-09-12 20:00,20.5,,,1950
119,수원,2020-09-12 21:00,20.3,,,2000
119,수원,2020-09-12 22:00,20,,,2000
119,수원,2020-09-12 23:00,19.6,,,2000
119,수원,2020-09-13 00:00,18.7,,,2000
119,수원,2020-09-13 01:00,19.1,,,1955
119,수원,2020-09-13 02:00,19.2,,,2000
119,수원,2020-09-13 03:00,18.9,,,2000
119,수원,2020-09-13 04:00,18.3,,,2000
119,수원,2020-09-13 05:00,17.9,,,2000
119,수원,2020-09-13 06:00,16.9,,,2000
119,수원,2020-09-13 07:00,18,,,2000
119,수원,2020-09-13 08:00,19.9,,,1996
119,수원,2020-09-13 09:00,21,,,2000
119,수원,2020-09-13 10:00,22.5,,,2000
119,수원,2020-09-13 11:00,22.7,,,1997
119,수원,2020-09-13 12:00,24.2,,,2000
119,수원,2020-09-13 13:00,24.9,,,1992
119,수원,2020-09-13 14:00,26.1,,,2000
119,수원,2020-09-13 15:00,25.6,,,2000
119,수원,2020-09-13 16:00,24.9,,,2000
119,수원,2020-09-13 17:00,24.1,,,2000
119,수원,2020-09-13 18:00,23.9,,,2000
119,수원,2020-09-13 19:00,22.2,,,2000
119,수원,2020-09-13 20:00,21.1,,,2000
119,수원,2020-09-13 21:00,20.4,,,2000
119,수원,2020-09-13 22:00,20.3,,,2000
119,수원,2020-09-13 23:00,20,,,2000
119,수원,2020-09-14 00:00,19.1,,,2000
119,수원,2020-09-14 01:00,18.5,,,2000
119,수원,2020-09-14 02:00,17.9,,,1677
119,수원,2020-09-14 03:00,17.2,,,1778
119,수원,2020-09-14 04:00,17,,,1726
119,수원,2020-09-14 05:00,17.2,,,1052
119,수원,2020-09-14 06:00,16.7,,,685
119,수원,2020-09-14 07:00,17.7,,,1668
119,수원,2020-09-14 08:00,19.2,,,1020
119,수원,2020-09-14 09:00,21,,,1240
119,수원,2020-09-14 10:00,22.8,,,1841
119,수원,2020-09-14 11:00,23.6,,,1933
119,수원,2020-09-14 12:00,24.9,,,1983
119,수원,2020-09-14 13:00,24.6,,,1968
119,수원,2020-09-14 14:00,25,,,1975
119,수원,2020-09-14 15:00,24.8,,,1905
119,수원,2020-09-14 16:00,25,,,1966
119,수원,2020-09-14 17:00,23.9,,,1961
119,수원,2020-09-14 18:00,23.1,,,1981
119,수원,2020-09-14 19:00,21.9,,,1638
119,수원,2020-09-14 20:00,21.5,,,1385
119,수원,2020-09-14 21:00,20.4,,,862
119,수원,2020-09-14 22:00,20.9,,,811
119,수원,2020-09-14 23:00,20.3,,,685
119,수원,2020-09-15 00:00,19.9,,,592
119,수원,2020-09-15 01:00,19.8,,,517
119,수원,2020-09-15 02:00,19.9,,,606
119,수원,2020-09-15 03:00,19.2,,,459
119,수원,2020-09-15 04:00,19.2,,,399
119,수원,2020-09-15 05:00,18.7,,,359
119,수원,2020-09-15 06:00,19,,,481
119,수원,2020-09-15 07:00,19.2,,,468
119,수원,2020-09-15 08:00,20.3,,,407
119,수원,2020-09-15 09:00,22.4,,,678
119,수원,2020-09-15 10:00,22.8,,,632
119,수원,2020-09-15 11:00,24.1,,,899
119,수원,2020-09-15 12:00,24.5,,,1555
119,수원,2020-09-15 13:00,26.1,,,1906
119,수원,2020-09-15 14:00,26.4,,,1978
119,수원,2020-09-15 15:00,26.8,,,1887
119,수원,2020-09-15 16:00,26.8,,,1938
119,수원,2020-09-15 17:00,26.4,,,2000
119,수원,2020-09-15 18:00,24.4,,,1796
119,수원,2020-09-15 19:00,22.8,,,1037
119,수원,2020-09-15 20:00,22.4,,,896
119,수원,2020-09-15 21:00,21.9,,,2000
119,수원,2020-09-15 22:00,22,,,1251
119,수원,2020-09-15 23:00,22.3,,,1396
119,수원,2020-09-16 00:00,22.3,,,509
119,수원,2020-09-16 01:00,22,,,501
119,수원,2020-09-16 02:00,21.7,,,389
119,수원,2020-09-16 03:00,21.5,,,622
119,수원,2020-09-16 04:00,21.2,,,493
119,수원,2020-09-16 05:00,21.2,,,552
119,수원,2020-09-16 06:00,21.3,,,703
119,수원,2020-09-16 07:00,21.5,,,715
119,수원,2020-09-16 08:00,22.1,,,633
119,수원,2020-09-16 09:00,23,,,1159
119,수원,2020-09-16 10:00,23.3,,,1185
119,수원,2020-09-16 11:00,24.1,0,,1876
119,수원,2020-09-16 12:00,24.8,0,,1445
119,수원,2020-09-16 13:00,24.2,0,,1958
119,수원,2020-09-16 14:00,22.8,,,1995
119,수원,2020-09-16 15:00,22.1,,,2000
119,수원,2020-09-16 16:00,21.1,0,,1982
119,수원,2020-09-16 17:00,21.4,,,2000
119,수원,2020-09-16 18:00,21.3,,,2000
119,수원,2020-09-16 19:00,21,,,2000
119,수원,2020-09-16 20:00,20.9,,,1733
119,수원,2020-09-16 21:00,20.9,,,710
119,수원,2020-09-16 22:00,21.1,,,985
119,수원,2020-09-16 23:00,20.5,,,550
119,수원,2020-09-17 00:00,19.8,,,671
119,수원,2020-09-17 01:00,19.9,,,467
119,수원,2020-09-17 02:00,19.6,,,546
119,수원,2020-09-17 03:00,19.1,,,459
119,수원,2020-09-17 04:00,19.7,,,429
119,수원,2020-09-17 05:00,19.9,,,271
119,수원,2020-09-17 06:00,19.9,,,159
119,수원,2020-09-17 07:00,20,,,330
119,수원,2020-09-17 08:00,20.3,,,468
119,수원,2020-09-17 09:00,21.2,,,585
119,수원,2020-09-17 10:00,21.8,,,1618
119,수원,2020-09-17 11:00,22.5,,,1994
119,수원,2020-09-17 12:00,22.9,,,1961
119,수원,2020-09-17 13:00,23.3,,,2000
119,수원,2020-09-17 14:00,23.3,,,2000
119,수원,2020-09-17 15:00,23.4,,,2000
119,수원,2020-09-17 16:00,23.3,,,2000
119,수원,2020-09-17 17:00,22.8,,,2000
119,수원,2020-09-17 18:00,21.8,,,2000
119,수원,2020-09-17 19:00,20.3,,,2000
119,수원,2020-09-17 20:00,19.6,,,2000
119,수원,2020-09-17 21:00,19.3,,,2000
119,수원,2020-09-17 22:00,19.2,,,2000
119,수원,2020-09-17 23:00,19,,,2000
119,수원,2020-09-18 00:00,18.8,,,2000
119,수원,2020-09-18 01:00,18.8,,,2000
119,수원,2020-09-18 02:00,18.7,,,1900
119,수원,2020-09-18 03:00,18.7,,,1664
119,수원,2020-09-18 04:00,18.4,,,1220
119,수원,2020-09-18 05:00,18.2,,,1152
119,수원,2020-09-18 06:00,17.8,,,1086
119,수원,2020-09-18 07:00,18.1,,,1732
119,수원,2020-09-18 08:00,19.6,,,873
119,수원,2020-09-18 09:00,21.9,,,1909
119,수원,2020-09-18 10:00,23.3,,,1996
119,수원,2020-09-18 11:00,23.8,,,1998
119,수원,2020-09-18 12:00,24.6,,,2000
119,수원,2020-09-18 13:00,25.2,,,2027
119,수원,2020-09-18 14:00,25.3,,,2000
119,수원,2020-09-18 15:00,25.4,,,1999
119,수원,2020-09-18 16:00,24.6,,,2000
119,수원,2020-09-18 17:00,23.4,,,2000
119,수원,2020-09-18 18:00,22.6,,,2000
119,수원,2020-09-18 19:00,21.2,,,2032
119,수원,2020-09-18 20:00,20.3,,,2000
119,수원,2020-09-18 21:00,19.8,,,1994
119,수원,2020-09-18 22:00,19.2,,,1755
119,수원,2020-09-18 23:00,18.9,,,1668
119,수원,2020-09-19 00:00,18.4,,,1195
119,수원,2020-09-19 01:00,18.4,,,643
119,수원,2020-09-19 02:00,17.6,,,536
119,수원,2020-09-19 03:00,17.7,,,1061
119,수원,2020-09-19 04:00,18.6,,,642
119,수원,2020-09-19 05:00,18.6,,,724
119,수원,2020-09-19 06:00,17,.2,,2000
119,수원,2020-09-19 07:00,16,6.8,,1091
119,수원,2020-09-19 08:00,15.8,2,,1193
119,수원,2020-09-19 09:00,16.6,1,,1217
119,수원,2020-09-19 10:00,17.9,.2,,1999
119,수원,2020-09-19 11:00,20.8,0,,2000
119,수원,2020-09-19 12:00,23,,,2000
119,수원,2020-09-19 13:00,25.1,,,1955
119,수원,2020-09-19 14:00,25.9,,,2000
119,수원,2020-09-19 15:00,25.6,,,1998
119,수원,2020-09-19 16:00,25.3,,,1950
119,수원,2020-09-19 17:00,24.4,,,2000
119,수원,2020-09-19 18:00,22.6,,,2000
119,수원,2020-09-19 19:00,21.1,,,2000
119,수원,2020-09-19 20:00,20,,,2000
119,수원,2020-09-19 21:00,18.9,,,2000
119,수원,2020-09-19 22:00,18.1,,,2000
119,수원,2020-09-19 23:00,17.6,,,2000
119,수원,2020-09-20 00:00,16.7,,,2000
119,수원,2020-09-20 01:00,15.4,,,2000
119,수원,2020-09-20 02:00,14.5,,,2000
119,수원,2020-09-20 03:00,13.7,,,2000
119,수원,2020-09-20 04:00,13.7,,,2000
119,수원,2020-09-20 05:00,13.7,,,2000
119,수원,2020-09-20 06:00,13.8,,,1995
119,수원,2020-09-20 07:00,14.2,,,1972
119,수원,2020-09-20 08:00,16.9,,,1896
119,수원,2020-09-20 09:00,19.8,,,2000
119,수원,2020-09-20 10:00,21.3,,,1998
119,수원,2020-09-20 11:00,22.5,,,1918
119,수원,2020-09-20 12:00,23.5,,,2000
119,수원,2020-09-20 13:00,24,,,2000
119,수원,2020-09-20 14:00,23.9,,,1998
119,수원,2020-09-20 15:00,24.3,,,2000
119,수원,2020-09-20 16:00,23.4,,,2000
119,수원,2020-09-20 17:00,22.8,,,2000
119,수원,2020-09-20 18:00,21.2,,,2000
119,수원,2020-09-20 19:00,18.9,,,1995
119,수원,2020-09-20 20:00,18.2,,,2000
119,수원,2020-09-20 21:00,17.4,,,2000
119,수원,2020-09-20 22:00,16.4,,,2000
119,수원,2020-09-20 23:00,15.8,,,1999
119,수원,2020-09-21 00:00,15.2,,,2000
119,수원,2020-09-21 01:00,14.5,,,1995
119,수원,2020-09-21 02:00,13.9,,,1985
119,수원,2020-09-21 03:00,14,,,1797
119,수원,2020-09-21 04:00,13.4,,,1994
119,수원,2020-09-21 05:00,13,,,1988
119,수원,2020-09-21 06:00,12.8,,,1761
119,수원,2020-09-21 07:00,12.9,,,1165
119,수원,2020-09-21 08:00,17.3,,,1706
119,수원,2020-09-21 09:00,19.2,,,1944
119,수원,2020-09-21 10:00,19.9,,,1893
119,수원,2020-09-21 11:00,21.3,,,1898
119,수원,2020-09-21 12:00,22.8,,,2000
119,수원,2020-09-21 13:00,23.3,,,1982
119,수원,2020-09-21 14:00,23.8,,,1995
119,수원,2020-09-21 15:00,23.4,,,2000
119,수원,2020-09-21 16:00,23.8,,,2000
119,수원,2020-09-21 17:00,23.7,,,2000
119,수원,2020-09-21 18:00,20.9,,,1995
119,수원,2020-09-21 19:00,19.8,,,1998
119,수원,2020-09-21 20:00,18.7,,,1835
119,수원,2020-09-21 21:00,18,,,1820
119,수원,2020-09-21 22:00,16.6,,,1704
119,수원,2020-09-21 23:00,16,,,1811
119,수원,2020-09-22 00:00,15.3,,,1945
119,수원,2020-09-22 01:00,15.6,,,1762
119,수원,2020-09-22 02:00,16.6,,,2000
119,수원,2020-09-22 03:00,15.4,,,2000
119,수원,2020-09-22 04:00,15.8,,,2000
119,수원,2020-09-22 05:00,15.8,,,2000
119,수원,2020-09-22 06:00,15.6,,,2000
119,수원,2020-09-22 07:00,16.3,,,2000
119,수원,2020-09-22 08:00,17.5,,,1981
119,수원,2020-09-22 09:00,18.9,,,1994
119,수원,2020-09-22 10:00,20.7,,,1999
119,수원,2020-09-22 11:00,21.4,,,1951
119,수원,2020-09-22 12:00,22.5,,,1986
119,수원,2020-09-22 13:00,23.8,,,1966
119,수원,2020-09-22 14:00,24.5,,,2000
119,수원,2020-09-22 15:00,24.5,,,2000
119,수원,2020-09-22 16:00,23.9,,,1996
119,수원,2020-09-22 17:00,23.8,,,2000
119,수원,2020-09-22 18:00,23.3,,,2000
119,수원,2020-09-22 19:00,22.4,,,2000
119,수원,2020-09-22 20:00,21.8,,,2000
119,수원,2020-09-22 21:00,21.2,,,2000
119,수원,2020-09-22 22:00,20.1,,,2000
119,수원,2020-09-22 23:00,19.1,,,2000
119,수원,2020-09-23 00:00,17.8,,,2000
119,수원,2020-09-23 01:00,18,,,2000
119,수원,2020-09-23 02:00,17.4,,,2000
119,수원,2020-09-23 03:00,16.8,,,2000
119,수원,2020-09-23 04:00,16.1,,,2000
119,수원,2020-09-23 05:00,16.1,,,2000
119,수원,2020-09-23 06:00,16.1,,,2000
119,수원,2020-09-23 07:00,16.1,,,2000
119,수원,2020-09-23 08:00,16.9,,,2000
119,수원,2020-09-23 09:00,17.9,,,1986
119,수원,2020-09-23 10:00,19.6,,,2000
119,수원,2020-09-23 11:00,20.6,,,1996
119,수원,2020-09-23 12:00,21,,,2000
119,수원,2020-09-23 13:00,22.4,,,2000
119,수원,2020-09-23 14:00,22.4,,,2000
119,수원,2020-09-23 15:00,22.8,,,2000
119,수원,2020-09-23 16:00,23,,,2000
119,수원,2020-09-23 17:00,22.6,,,2000
119,수원,2020-09-23 18:00,21.7,,,2000
119,수원,2020-09-23 19:00,21,,,2000
119,수원,2020-09-23 20:00,20.6,,,2000
119,수원,2020-09-23 21:00,20.1,,,2000
119,수원,2020-09-23 22:00,19.9,,,2000
119,수원,2020-09-23 23:00,19.7,,,2000
119,수원,2020-09-24 00:00,18.9,,,2000
119,수원,2020-09-24 01:00,18.7,,,2000
119,수원,2020-09-24 02:00,18.5,,,2000
119,수원,2020-09-24 03:00,18.2,,,2000
119,수원,2020-09-24 04:00,18,,,2000
119,수원,2020-09-24 05:00,18.1,,,2000
119,수원,2020-09-24 06:00,17.7,,,2000
119,수원,2020-09-24 07:00,17.8,,,2000
119,수원,2020-09-24 08:00,18.4,,,2000
119,수원,2020-09-24 09:00,20.4,,,2000
119,수원,2020-09-24 10:00,21.9,,,2000
119,수원,2020-09-24 11:00,22.7,,,2000
119,수원,2020-09-24 12:00,24.1,,,1991
119,수원,2020-09-24 13:00,23.8,,,2000
119,수원,2020-09-24 14:00,25.4,,,2000
119,수원,2020-09-24 15:00,25.1,,,2000
119,수원,2020-09-24 16:00,25.2,,,2000
119,수원,2020-09-24 17:00,24,,,2000
119,수원,2020-09-24 18:00,23.2,,,2000
119,수원,2020-09-24 19:00,22.3,,,2000
119,수원,2020-09-24 20:00,21.5,,,2000
119,수원,2020-09-24 21:00,20.8,,,2000
119,수원,2020-09-24 22:00,20,,,2000
119,수원,2020-09-24 23:00,19.4,,,2000
119,수원,2020-09-25 00:00,19.1,,,2000
119,수원,2020-09-25 01:00,18.9,,,2000
119,수원,2020-09-25 02:00,16.9,,,2000
119,수원,2020-09-25 03:00,16.2,,,2000
119,수원,2020-09-25 04:00,16,,,2000
119,수원,2020-09-25 05:00,15.3,,,2000
119,수원,2020-09-25 06:00,16.3,,,2000
119,수원,2020-09-25 07:00,17.5,,,1830
119,수원,2020-09-25 08:00,18.8,,,2000
119,수원,2020-09-25 09:00,21.9,,,1999
119,수원,2020-09-25 10:00,22.7,,,2000
119,수원,2020-09-25 11:00,23.5,,,1999
119,수원,2020-09-25 12:00,24.2,,,2000
119,수원,2020-09-25 13:00,24.8,,,2000
119,수원,2020-09-25 14:00,24.7,,,2000
119,수원,2020-09-25 15:00,24.8,,,2000
119,수원,2020-09-25 16:00,24.8,,,1992
119,수원,2020-09-25 17:00,23.4,,,1996
119,수원,2020-09-25 18:00,22.5,,,2000
119,수원,2020-09-25 19:00,21.6,,,2000
119,수원,2020-09-25 20:00,20.9,,,2000
119,수원,2020-09-25 21:00,20.1,,,2000
119,수원,2020-09-25 22:00,19.8,,,2000
119,수원,2020-09-25 23:00,18.8,,,2000
119,수원,2020-09-26 00:00,18.5,,,2000
119,수원,2020-09-26 01:00,18.2,,,2000
119,수원,2020-09-26 02:00,17.2,,,2000
119,수원,2020-09-26 03:00,17.5,,,2000
119,수원,2020-09-26 04:00,17.6,,,2000
119,수원,2020-09-26 05:00,17.2,,,1995
119,수원,2020-09-26 06:00,16.6,,,2000
119,수원,2020-09-26 07:00,15.9,,,1990
119,수원,2020-09-26 08:00,17,,,1947
119,수원,2020-09-26 09:00,20.3,,,2000
119,수원,2020-09-26 10:00,20.2,,,2000
119,수원,2020-09-26 11:00,22,,,1981
119,수원,2020-09-26 12:00,22.6,,,2000
119,수원,2020-09-26 13:00,24.3,,,2000
119,수원,2020-09-26 14:00,24.5,,,1987
119,수원,2020-09-26 15:00,23.7,,,2000
119,수원,2020-09-26 16:00,23.6,,,2000
119,수원,2020-09-26 17:00,23.4,,,2000
119,수원,2020-09-26 18:00,22.2,,,2000
119,수원,2020-09-26 19:00,20.9,,,2000
119,수원,2020-09-26 20:00,20,,,2000
119,수원,2020-09-26 21:00,19.5,,,2000
119,수원,2020-09-26 22:00,19.2,,,2000
119,수원,2020-09-26 23:00,18.8,,,2000
119,수원,2020-09-27 00:00,17.6,,,2000
119,수원,2020-09-27 01:00,17.8,,,2000
119,수원,2020-09-27 02:00,17.1,,,2000
119,수원,2020-09-27 03:00,17.1,,,2000
119,수원,2020-09-27 04:00,16.8,,,2000
119,수원,2020-09-27 05:00,15.5,,,2000
119,수원,2020-09-27 06:00,16.2,,,2000
119,수원,2020-09-27 07:00,17,,,2000
119,수원,2020-09-27 08:00,18.7,,,2000
119,수원,2020-09-27 09:00,19.7,,,2000
119,수원,2020-09-27 10:00,20.9,,,1908
119,수원,2020-09-27 11:00,22.2,,,2037
119,수원,2020-09-27 12:00,23.3,,,2000
119,수원,2020-09-27 13:00,24.1,,,2000
119,수원,2020-09-27 14:00,25,,,2000
119,수원,2020-09-27 15:00,25.8,,,2000
119,수원,2020-09-27 16:00,24.3,,,2000
119,수원,2020-09-27 17:00,24.8,,,2000
119,수원,2020-09-27 18:00,22.4,,,2000
119,수원,2020-09-27 19:00,20.3,,,2091
119,수원,2020-09-27 20:00,19.6,,,2000
119,수원,2020-09-27 21:00,19,,,2000
119,수원,2020-09-27 22:00,18,,,2000
119,수원,2020-09-27 23:00,16.9,,,1999
119,수원,2020-09-28 00:00,16.4,,,1965
119,수원,2020-09-28 01:00,16.5,,,2000
119,수원,2020-09-28 02:00,15.3,,,1827
119,수원,2020-09-28 03:00,15.7,,,1925
119,수원,2020-09-28 04:00,15.1,,,1538
119,수원,2020-09-28 05:00,14.9,,,1233
119,수원,2020-09-28 06:00,14.4,,,1571
119,수원,2020-09-28 07:00,16.2,,,2013
119,수원,2020-09-28 08:00,18,,,1876
119,수원,2020-09-28 09:00,19.6,,,1896
119,수원,2020-09-28 10:00,20.9,,,1866
119,수원,2020-09-28 11:00,22.6,,,2038
119,수원,2020-09-28 12:00,24.3,,,1962
119,수원,2020-09-28 13:00,24.9,,,2005
119,수원,2020-09-28 14:00,24.3,,,2000
119,수원,2020-09-28 15:00,26,,,2000
119,수원,2020-09-28 16:00,25.3,,,1995
119,수원,2020-09-28 17:00,24.2,,,2000
119,수원,2020-09-28 18:00,22.5,,,2000
119,수원,2020-09-28 19:00,20,,,2000
119,수원,2020-09-28 20:00,19.4,,,1936
119,수원,2020-09-28 21:00,18.8,,,1736
119,수원,2020-09-28 22:00,17.7,,,1800
119,수원,2020-09-28 23:00,16.7,,,1768
119,수원,2020-09-29 00:00,15.7,,,1799
119,수원,2020-09-29 01:00,15.8,,,1686
119,수원,2020-09-29 02:00,15.4,,,1623
119,수원,2020-09-29 03:00,14.7,,,1235
119,수원,2020-09-29 04:00,14.5,,,809
119,수원,2020-09-29 05:00,14.8,,,547
119,수원,2020-09-29 06:00,14.8,,,658
119,수원,2020-09-29 07:00,14.7,,,766
119,수원,2020-09-29 08:00,17.3,,,806
119,수원,2020-09-29 09:00,18,,,561
119,수원,2020-09-29 10:00,20.5,,,677
119,수원,2020-09-29 11:00,22.3,,,1659
119,수원,2020-09-29 12:00,23.3,,,1846
119,수원,2020-09-29 13:00,23.3,,,1558
119,수원,2020-09-29 14:00,23.9,,,2000
119,수원,2020-09-29 15:00,23.9,,,1986
119,수원,2020-09-29 16:00,23.2,,,1979
119,수원,2020-09-29 17:00,22.4,,,2000
119,수원,2020-09-29 18:00,21.1,,,2000
119,수원,2020-09-29 19:00,20,,,2000
119,수원,2020-09-29 20:00,19.4,,,1996
119,수원,2020-09-29 21:00,18.7,,,1963
119,수원,2020-09-29 22:00,18.7,,,2081
119,수원,2020-09-29 23:00,17.3,,,1654
119,수원,2020-09-30 00:00,16.9,,,1670
119,수원,2020-09-30 01:00,16.6,,,1609
119,수원,2020-09-30 02:00,15.8,,,1369
119,수원,2020-09-30 03:00,15.4,,,1110
119,수원,2020-09-30 04:00,15.5,,,1028
119,수원,2020-09-30 05:00,15.1,,,1026
119,수원,2020-09-30 06:00,15.4,,,1222
119,수원,2020-09-30 07:00,15.4,,,1862
119,수원,2020-09-30 08:00,16.8,,,1441
119,수원,2020-09-30 09:00,18.5,,,1243
119,수원,2020-09-30 10:00,20.8,,,1142
119,수원,2020-09-30 11:00,21.9,,,1551
119,수원,2020-09-30 12:00,23.2,,,1762
119,수원,2020-09-30 13:00,24.7,,,1844
119,수원,2020-09-30 14:00,24,,,1842
119,수원,2020-09-30 15:00,22.8,0,,1974
119,수원,2020-09-30 16:00,18.7,5.4,,815
119,수원,2020-09-30 17:00,20.4,3.3,,1357
119,수원,2020-09-30 18:00,19.7,,,1039
119,수원,2020-09-30 19:00,18.8,,,1440
119,수원,2020-09-30 20:00,18.1,,,815
119,수원,2020-09-30 21:00,18.3,,,565
119,수원,2020-09-30 22:00,17.4,,,414
119,수원,2020-09-30 23:00,17.6,,,563
119,수원,2020-10-01 00:00,17.4,,,660
119,수원,2020-10-01 01:00,16.7,,,365
119,수원,2020-10-01 02:00,16.6,,,740
119,수원,2020-10-01 03:00,16.9,,,1985
119,수원,2020-10-01 04:00,16.3,,,1913
119,수원,2020-10-01 05:00,16.4,,,2000
119,수원,2020-10-01 06:00,15.2,,,1552
119,수원,2020-10-01 07:00,16,,,1543
119,수원,2020-10-01 08:00,18.1,,,2000
119,수원,2020-10-01 09:00,18.7,,,2000
119,수원,2020-10-01 10:00,19.6,,,1961
119,수원,2020-10-01 11:00,20.9,,,1656
119,수원,2020-10-01 12:00,21.4,,,1401
119,수원,2020-10-01 13:00,22.1,,,1296
119,수원,2020-10-01 14:00,22.7,,,1333
119,수원,2020-10-01 15:00,23.7,,,1849
119,수원,2020-10-01 16:00,22.8,,,1992
119,수원,2020-10-01 17:00,21.3,,,1999
119,수원,2020-10-01 18:00,19.9,,,2000
119,수원,2020-10-01 19:00,18.5,,,2015
119,수원,2020-10-01 20:00,17.7,,,2000
119,수원,2020-10-01 21:00,16.8,,,2000
119,수원,2020-10-01 22:00,17.4,,,1699
119,수원,2020-10-01 23:00,17.2,,,1702
119,수원,2020-10-02 00:00,17.1,,,1370
119,수원,2020-10-02 01:00,15.6,,,1177
119,수원,2020-10-02 02:00,14.9,,,870
119,수원,2020-10-02 03:00,15.3,,,885
119,수원,2020-10-02 04:00,15.6,,,934
119,수원,2020-10-02 05:00,14.7,,,615
119,수원,2020-10-02 06:00,15,,,567
119,수원,2020-10-02 07:00,15,,,560
119,수원,2020-10-02 08:00,16.7,,,766
119,수원,2020-10-02 09:00,19.2,,,1169
119,수원,2020-10-02 10:00,20.3,,,1846
119,수원,2020-10-02 11:00,21.7,,,1798
119,수원,2020-10-02 12:00,22.8,,,1835
119,수원,2020-10-02 13:00,23.6,,,1929
119,수원,2020-10-02 14:00,22.7,,,1955
119,수원,2020-10-02 15:00,21.7,,,2000
119,수원,2020-10-02 16:00,20.1,0,,1989
119,수원,2020-10-02 17:00,20.7,0,,1736
119,수원,2020-10-02 18:00,20.5,,,1921
119,수원,2020-10-02 19:00,20.1,,,1716
119,수원,2020-10-02 20:00,19.7,,,1903
119,수원,2020-10-02 21:00,19.4,,,1185
119,수원,2020-10-02 22:00,19.3,,,1042
119,수원,2020-10-02 23:00,19.3,,,1012
119,수원,2020-10-03 00:00,19.3,,,970
119,수원,2020-10-03 01:00,19.2,,,778
119,수원,2020-10-03 02:00,19,.2,,717
119,수원,2020-10-03 03:00,18.2,19.7,,403
119,수원,2020-10-03 04:00,18.3,2,,492
119,수원,2020-10-03 05:00,18.2,,,308
119,수원,2020-10-03 06:00,18.1,,,434
119,수원,2020-10-03 07:00,17.2,,,844
119,수원,2020-10-03 08:00,17.5,,,594
119,수원,2020-10-03 09:00,18.8,,,648
119,수원,2020-10-03 10:00,19.4,,,616
119,수원,2020-10-03 11:00,20.9,,,1163
119,수원,2020-10-03 12:00,21.9,,,1783
119,수원,2020-10-03 13:00,22.7,,,1790
119,수원,2020-10-03 14:00,22.9,,,1666
119,수원,2020-10-03 15:00,22.7,,,1842
119,수원,2020-10-03 16:00,22.5,,,1734
119,수원,2020-10-03 17:00,21.7,,,1820
119,수원,2020-10-03 18:00,20.8,,,1950
119,수원,2020-10-03 19:00,18.8,,,1989
119,수원,2020-10-03 20:00,18.5,,,1815
119,수원,2020-10-03 21:00,18.4,,,1427
119,수원,2020-10-03 22:00,18,,,1577
119,수원,2020-10-03 23:00,18.2,,,1601
119,수원,2020-10-04 00:00,17.6,,,1007
119,수원,2020-10-04 01:00,17.2,,,1057
119,수원,2020-10-04 02:00,16.9,,,942
119,수원,2020-10-04 03:00,17.1,0,,913
119,수원,2020-10-04 04:00,17.4,0,,1088
119,수원,2020-10-04 05:00,17.1,0,,1982
119,수원,2020-10-04 06:00,17.2,,,2000
119,수원,2020-10-04 07:00,17,,,2000
119,수원,2020-10-04 08:00,17.6,,,2000
119,수원,2020-10-04 09:00,18.1,,,2000
119,수원,2020-10-04 10:00,19.6,,,1997
119,수원,2020-10-04 11:00,21.2,,,1977
119,수원,2020-10-04 12:00,21.4,,,2000
119,수원,2020-10-04 13:00,21.3,,,1986
119,수원,2020-10-04 14:00,21.7,,,2000
119,수원,2020-10-04 15:00,20.8,,,2016
119,수원,2020-10-04 16:00,20.1,,,2000
119,수원,2020-10-04 17:00,19.7,,,2000
119,수원,2020-10-04 18:00,17.8,,,1970
119,수원,2020-10-04 19:00,15.2,,,2000
119,수원,2020-10-04 20:00,13.9,,,2000
119,수원,2020-10-04 21:00,12.6,,,2000
119,수원,2020-10-04 22:00,12.6,,,2000
119,수원,2020-10-04 23:00,12.1,,,2000
119,수원,2020-10-05 00:00,11.5,,,2000
119,수원,2020-10-05 01:00,10.7,,,2000
119,수원,2020-10-05 02:00,10.1,,,2000
119,수원,2020-10-05 03:00,9.5,,,2000
119,수원,2020-10-05 04:00,8.8,,,2000
119,수원,2020-10-05 05:00,8.6,,,2000
119,수원,2020-10-05 06:00,7.7,,,2000
119,수원,2020-10-05 07:00,8.4,,,1991
119,수원,2020-10-05 08:00,11.1,,,1931
119,수원,2020-10-05 09:00,14.1,,,2006
119,수원,2020-10-05 10:00,15.5,,,2000
119,수원,2020-10-05 11:00,16.7,,,2020
119,수원,2020-10-05 12:00,17.3,,,1995
119,수원,2020-10-05 13:00,17.7,,,1903
119,수원,2020-10-05 14:00,17.6,,,2000
119,수원,2020-10-05 15:00,17.8,,,2000
119,수원,2020-10-05 16:00,18.1,,,2000
119,수원,2020-10-05 17:00,17.5,,,2000
119,수원,2020-10-05 18:00,16.4,,,2000
119,수원,2020-10-05 19:00,15.5,,,2000
119,수원,2020-10-05 20:00,14.4,,,1996
119,수원,2020-10-05 21:00,13.8,,,2000
119,수원,2020-10-05 22:00,13.8,,,2000
119,수원,2020-10-05 23:00,13,,,2000
119,수원,2020-10-06 00:00,12.3,,,2000
119,수원,2020-10-06 01:00,11.6,,,1913
119,수원,2020-10-06 02:00,10.8,,,2000
119,수원,2020-10-06 03:00,10.4,,,2000
119,수원,2020-10-06 04:00,8.3,,,2000
119,수원,2020-10-06 05:00,7.8,,,2000
119,수원,2020-10-06 06:00,8.1,,,2000
119,수원,2020-10-06 07:00,7.9,,,1942
119,수원,2020-10-06 08:00,10.9,,,1939
119,수원,2020-10-06 09:00,13.5,,,1926
119,수원,2020-10-06 10:00,15.5,,,1997
119,수원,2020-10-06 11:00,16.5,,,1966
119,수원,2020-10-06 12:00,17.6,,,1986
119,수원,2020-10-06 13:00,18.6,,,1926
119,수원,2020-10-06 14:00,19,,,1985
119,수원,2020-10-06 15:00,19.3,,,2047
119,수원,2020-10-06 16:00,19.4,,,2000
119,수원,2020-10-06 17:00,18.3,,,2000
119,수원,2020-10-06 18:00,16.3,,,2000
119,수원,2020-10-06 19:00,15.3,,,2000
119,수원,2020-10-06 20:00,14.6,,,2000
119,수원,2020-10-06 21:00,13.3,,,2000
119,수원,2020-10-06 22:00,12.4,,,2000
119,수원,2020-10-06 23:00,11.8,,,2000
119,수원,2020-10-07 00:00,10.9,,,2000
119,수원,2020-10-07 01:00,10.3,,,2000
119,수원,2020-10-07 02:00,11,,,2000
119,수원,2020-10-07 03:00,10.4,,,2000
119,수원,2020-10-07 04:00,9,,,2000
119,수원,2020-10-07 05:00,9.2,,,1491
119,수원,2020-10-07 06:00,9.5,,,2000
119,수원,2020-10-07 07:00,9.2,,,1922
119,수원,2020-10-07 08:00,12.5,,,1947
119,수원,2020-10-07 09:00,15.5,,,1998
119,수원,2020-10-07 10:00,17.3,,,1990
119,수원,2020-10-07 11:00,18,,,2000
119,수원,2020-10-07 12:00,19.3,,,1995
119,수원,2020-10-07 13:00,20.5,,,1982
119,수원,2020-10-07 14:00,20.5,,,2000
119,수원,2020-10-07 15:00,21.2,,,1949
119,수원,2020-10-07 16:00,20.3,,,2000
119,수원,2020-10-07 17:00,19.9,,,2000
119,수원,2020-10-07 18:00,19.1,,,2000
119,수원,2020-10-07 19:00,17.7,,,2000
119,수원,2020-10-07 20:00,16,,,2000
119,수원,2020-10-07 21:00,15.6,,,2000
119,수원,2020-10-07 22:00,16.2,,,2000
119,수원,2020-10-07 23:00,14.8,,,2000
119,수원,2020-10-08 00:00,12.7,,,2000
119,수원,2020-10-08 01:00,14.6,,,2000
119,수원,2020-10-08 02:00,14.5,,,2000
119,수원,2020-10-08 03:00,14,,,2000
119,수원,2020-10-08 04:00,13.1,,,2000
119,수원,2020-10-08 05:00,11.9,,,2000
119,수원,2020-10-08 06:00,11.5,,,1949
119,수원,2020-10-08 07:00,13.4,,,2000
119,수원,2020-10-08 08:00,15,,,1996
119,수원,2020-10-08 09:00,16.9,,,2000
119,수원,2020-10-08 10:00,17.9,,,2000
119,수원,2020-10-08 11:00,19.3,,,2000
119,수원,2020-10-08 12:00,21.1,,,1999
119,수원,2020-10-08 13:00,20.8,,,2000
119,수원,2020-10-08 14:00,22.1,,,1995
119,수원,2020-10-08 15:00,22.2,,,1950
119,수원,2020-10-08 16:00,23,,,2000
119,수원,2020-10-08 17:00,22.3,,,2000
119,수원,2020-10-08 18:00,21.2,,,2000
119,수원,2020-10-08 19:00,19.8,,,1995
119,수원,2020-10-08 20:00,19,,,2000
119,수원,2020-10-08 21:00,17.4,,,2000
119,수원,2020-10-08 22:00,17,,,2000
119,수원,2020-10-08 23:00,14.6,,,2000
119,수원,2020-10-09 00:00,14.2,,,1949
119,수원,2020-10-09 01:00,14.3,,,2000
119,수원,2020-10-09 02:00,14,,,2000
119,수원,2020-10-09 03:00,13.6,,,2000
119,수원,2020-10-09 04:00,12.9,,,2000
119,수원,2020-10-09 05:00,12.4,,,2000
119,수원,2020-10-09 06:00,10.2,,,2000
119,수원,2020-10-09 07:00,12.6,,,2000
119,수원,2020-10-09 08:00,14.8,,,2000
119,수원,2020-10-09 09:00,16.8,,,1999
119,수원,2020-10-09 10:00,18.3,,,1946
119,수원,2020-10-09 11:00,19.5,,,2000
119,수원,2020-10-09 12:00,20.8,,,1959
119,수원,2020-10-09 13:00,21.7,,,1978
119,수원,2020-10-09 14:00,22.3,,,1997
119,수원,2020-10-09 15:00,22.9,,,2000
119,수원,2020-10-09 16:00,23.1,,,2000
119,수원,2020-10-09 17:00,22.5,,,2000
119,수원,2020-10-09 18:00,21,,,2000
119,수원,2020-10-09 19:00,19.4,,,2000
119,수원,2020-10-09 20:00,18.3,,,2000
119,수원,2020-10-09 21:00,17.2,,,2000
119,수원,2020-10-09 22:00,16.7,,,2000
119,수원,2020-10-09 23:00,16.4,,,1966
119,수원,2020-10-10 00:00,15.6,,,2000
119,수원,2020-10-10 01:00,14,,,1950
119,수원,2020-10-10 02:00,13.4,,,2000
119,수원,2020-10-10 03:00,13.1,,,2000
119,수원,2020-10-10 04:00,12.5,,,2000
119,수원,2020-10-10 05:00,11.7,,,2000
119,수원,2020-10-10 06:00,10.7,,,2000
119,수원,2020-10-10 07:00,12.6,,,2000
119,수원,2020-10-10 08:00,14.9,,,2000
119,수원,2020-10-10 09:00,17.3,,,1953
119,수원,2020-10-10 10:00,17.8,,,1979
119,수원,2020-10-10 11:00,19.3,,,2000
119,수원,2020-10-10 12:00,20.3,,,2000
119,수원,2020-10-10 13:00,20,,,2000
119,수원,2020-10-10 14:00,20.5,,,2000
119,수원,2020-10-10 15:00,21.1,,,2000
119,수원,2020-10-10 16:00,20.4,,,1950
119,수원,2020-10-10 17:00,19.6,,,2000
119,수원,2020-10-10 18:00,19,,,2000
119,수원,2020-10-10 19:00,18.1,,,2000
119,수원,2020-10-10 20:00,16.9,,,2000
119,수원,2020-10-10 21:00,15.1,,,2000
119,수원,2020-10-10 22:00,15.3,,,2000
119,수원,2020-10-10 23:00,14.6,,,2000
119,수원,2020-10-11 00:00,15.9,,,2000
119,수원,2020-10-11 01:00,16.2,,,2000
119,수원,2020-10-11 02:00,14.1,,,2000
119,수원,2020-10-11 03:00,13.5,,,2000
119,수원,2020-10-11 04:00,13.8,,,2000
119,수원,2020-10-11 05:00,13.4,,,2000
119,수원,2020-10-11 06:00,13,,,2000
119,수원,2020-10-11 07:00,13.5,,,1949
119,수원,2020-10-11 08:00,15,,,2000
119,수원,2020-10-11 09:00,16.3,,,1977
119,수원,2020-10-11 10:00,18.1,,,1942
119,수원,2020-10-11 11:00,19.4,,,1963
119,수원,2020-10-11 12:00,19.6,,,2000
119,수원,2020-10-11 13:00,19.9,,,1998
119,수원,2020-10-11 14:00,19.8,,,2000
119,수원,2020-10-11 15:00,19.9,,,2000
119,수원,2020-10-11 16:00,19.5,,,2000
119,수원,2020-10-11 17:00,19,,,1991
119,수원,2020-10-11 18:00,18.2,,,1997
119,수원,2020-10-11 19:00,17.1,,,1514
119,수원,2020-10-11 20:00,16.4,,,1100
119,수원,2020-10-11 21:00,15.2,,,1099
119,수원,2020-10-11 22:00,15,,,1110
119,수원,2020-10-11 23:00,14.8,,,920
119,수원,2020-10-12 00:00,14.1,,,969
119,수원,2020-10-12 01:00,13.9,,,953
119,수원,2020-10-12 02:00,13.3,,,769
119,수원,2020-10-12 03:00,12.7,,,907
119,수원,2020-10-12 04:00,12.3,,,448
119,수원,2020-10-12 05:00,12.4,,,571
119,수원,2020-10-12 06:00,12.6,,,745
119,수원,2020-10-12 07:00,13.2,,,760
119,수원,2020-10-12 08:00,14.2,,,956
119,수원,2020-10-12 09:00,15.2,,,548
119,수원,2020-10-12 10:00,17.4,,,843
119,수원,2020-10-12 11:00,19.1,,,1431
119,수원,2020-10-12 12:00,20,,,1166
119,수원,2020-10-12 13:00,20.6,,,1708
119,수원,2020-10-12 14:00,20.4,,,2004
119,수원,2020-10-12 15:00,20.5,,,1353
119,수원,2020-10-12 16:00,19.3,,,1158
119,수원,2020-10-12 17:00,18.3,,,1969
119,수원,2020-10-12 18:00,17.1,,,1860
119,수원,2020-10-12 19:00,16.7,,,2000
119,수원,2020-10-12 20:00,14.4,,,2000
119,수원,2020-10-12 21:00,13.5,,,2000
119,수원,2020-10-12 22:00,12.7,,,2000
119,수원,2020-10-12 23:00,12.7,,,1996
119,수원,2020-10-13 00:00,11.6,,,2000
119,수원,2020-10-13 01:00,11.1,,,2000
119,수원,2020-10-13 02:00,10.2,,,2000
119,수원,2020-10-13 03:00,9.7,,,2000
119,수원,2020-10-13 04:00,8.1,,,2000
119,수원,2020-10-13 05:00,7.9,,,2000
119,수원,2020-10-13 06:00,6.2,,,1997
119,수원,2020-10-13 07:00,7.5,,,1998
119,수원,2020-10-13 08:00,9.8,,,1946
119,수원,2020-10-13 09:00,13.1,,,2021
119,수원,2020-10-13 10:00,14.6,,,2000
119,수원,2020-10-13 11:00,15.3,,,1999
119,수원,2020-10-13 12:00,16.1,,,1972
119,수원,2020-10-13 13:00,17.4,,,1929
119,수원,2020-10-13 14:00,17.3,,,1997
119,수원,2020-10-13 15:00,18.1,,,1915
119,수원,2020-10-13 16:00,17.6,,,2000
119,수원,2020-10-13 17:00,17.9,,,1988
119,수원,2020-10-13 18:00,15.5,,,2000
119,수원,2020-10-13 19:00,13.4,,,2000
119,수원,2020-10-13 20:00,11.6,,,2026
119,수원,2020-10-13 21:00,11.6,,,1951
119,수원,2020-10-13 22:00,10.6,,,1886
119,수원,2020-10-13 23:00,9.8,,,1949
119,수원,2020-10-14 00:00,9.2,,,1896
119,수원,2020-10-14 01:00,9.7,,,1874
119,수원,2020-10-14 02:00,8.6,,,1501
119,수원,2020-10-14 03:00,8.5,,,1398
119,수원,2020-10-14 04:00,9.7,,,1266
119,수원,2020-10-14 05:00,10.3,,,1429
119,수원,2020-10-14 06:00,10.5,,,1060
119,수원,2020-10-14 07:00,11,,,1161
119,수원,2020-10-14 08:00,12,,,1107
119,수원,2020-10-14 09:00,14.7,,,1304
119,수원,2020-10-14 10:00,15.2,,,1331
119,수원,2020-10-14 11:00,17.1,,,1788
119,수원,2020-10-14 12:00,18.2,,,1971
119,수원,2020-10-14 13:00,18.7,,,1979
119,수원,2020-10-14 14:00,18.7,,,1931
119,수원,2020-10-14 15:00,17.9,,,1993
119,수원,2020-10-14 16:00,16.3,,,2000
119,수원,2020-10-14 17:00,15.2,,,2000
119,수원,2020-10-14 18:00,13.8,,,2000
119,수원,2020-10-14 19:00,11.8,,,2000
119,수원,2020-10-14 20:00,10.8,,,2000
119,수원,2020-10-14 21:00,10.4,,,2000
119,수원,2020-10-14 22:00,9.8,,,2000
119,수원,2020-10-14 23:00,9.1,,,1995
119,수원,2020-10-15 00:00,8.8,,,1949
119,수원,2020-10-15 01:00,8,,,2000
119,수원,2020-10-15 02:00,7.7,,,2000
119,수원,2020-10-15 03:00,6.9,,,2000
119,수원,2020-10-15 04:00,6.9,,,2000
119,수원,2020-10-15 05:00,6.1,,,2000
119,수원,2020-10-15 06:00,6.3,,,2000
119,수원,2020-10-15 07:00,6.8,,,1852
119,수원,2020-10-15 08:00,7.9,,,1985
119,수원,2020-10-15 09:00,9.8,,,1999
119,수원,2020-10-15 10:00,12.2,,,2000
119,수원,2020-10-15 11:00,13.6,,,1991
119,수원,2020-10-15 12:00,14.9,,,1979
119,수원,2020-10-15 13:00,16,,,1908
119,수원,2020-10-15 14:00,17.4,,,1998
119,수원,2020-10-15 15:00,17.7,,,1988
119,수원,2020-10-15 16:00,17.7,,,1995
119,수원,2020-10-15 17:00,15.5,,,2000
119,수원,2020-10-15 18:00,13.4,,,2000
119,수원,2020-10-15 19:00,12.5,,,2000
119,수원,2020-10-15 20:00,11.9,,,2024
119,수원,2020-10-15 21:00,11.8,,,2026
119,수원,2020-10-15 22:00,10.8,,,1984
119,수원,2020-10-15 23:00,9.5,,,1980
119,수원,2020-10-16 00:00,8.4,,,1962
119,수원,2020-10-16 01:00,8.4,,,1950
119,수원,2020-10-16 02:00,7.5,,,2000
119,수원,2020-10-16 03:00,6.8,,,1995
119,수원,2020-10-16 04:00,6.8,,,1997
119,수원,2020-10-16 05:00,7.3,,,2000
119,수원,2020-10-16 06:00,7.9,,,2000
119,수원,2020-10-16 07:00,8.7,,,1999
119,수원,2020-10-16 08:00,9.5,,,1738
119,수원,2020-10-16 09:00,11.3,,,2000
119,수원,2020-10-16 10:00,14,,,1969
119,수원,2020-10-16 11:00,14.9,,,1930
119,수원,2020-10-16 12:00,15.6,,,1934
119,수원,2020-10-16 13:00,15.6,,,1819
119,수원,2020-10-16 14:00,16.1,,,1952
119,수원,2020-10-16 15:00,15.7,,,1894
119,수원,2020-10-16 16:00,15.6,,,1697
119,수원,2020-10-16 17:00,15.1,,,1857
119,수원,2020-10-16 18:00,14.4,,,1637
119,수원,2020-10-16 19:00,12.7,,,1241
119,수원,2020-10-16 20:00,12,,,1012
119,수원,2020-10-16 21:00,11.7,,,1156
119,수원,2020-10-16 22:00,10.2,,,897
119,수원,2020-10-16 23:00,9.5,,,757
119,수원,2020-10-17 00:00,9.5,,,766
119,수원,2020-10-17 01:00,9.6,,,713
119,수원,2020-10-17 02:00,9.9,,,737
119,수원,2020-10-17 03:00,9.8,,,692
119,수원,2020-10-17 04:00,10,.3,,1375
119,수원,2020-10-17 05:00,9.6,,,652
119,수원,2020-10-17 06:00,9.1,,,374
119,수원,2020-10-17 07:00,8.7,,,306
119,수원,2020-10-17 08:00,10.1,,,666
119,수원,2020-10-17 09:00,13.7,,,662
119,수원,2020-10-17 10:00,14.7,,,993
119,수원,2020-10-17 11:00,16,,,1763
119,수원,2020-10-17 12:00,16.9,,,1684
119,수원,2020-10-17 13:00,17.9,,,1967
119,수원,2020-10-17 14:00,18,,,1916
119,수원,2020-10-17 15:00,17.9,,,1725
119,수원,2020-10-17 16:00,18.2,,,1912
119,수원,2020-10-17 17:00,17.3,,,1955
119,수원,2020-10-17 18:00,14.5,,,2000
119,수원,2020-10-17 19:00,12.6,,,2000
119,수원,2020-10-17 20:00,11.1,,,1964
119,수원,2020-10-17 21:00,9.8,,,2000
119,수원,2020-10-17 22:00,9.9,,,1998
119,수원,2020-10-17 23:00,10.8,,,1999
119,수원,2020-10-18 00:00,7.9,,,1609
119,수원,2020-10-18 01:00,7.7,,,1615
119,수원,2020-10-18 02:00,7.3,,,1472
119,수원,2020-10-18 03:00,6.9,,,1035
119,수원,2020-10-18 04:00,6.6,,,764
119,수원,2020-10-18 05:00,6.6,,,744
119,수원,2020-10-18 06:00,6.4,,,621
119,수원,2020-10-18 07:00,6.2,,,1309
119,수원,2020-10-18 08:00,8.7,,,1852
119,수원,2020-10-18 09:00,11.9,,,1210
119,수원,2020-10-18 10:00,14.1,,,962
119,수원,2020-10-18 11:00,16.3,,,1638
119,수원,2020-10-18 12:00,17.9,,,1941
119,수원,2020-10-18 13:00,18.7,,,2000
119,수원,2020-10-18 14:00,18.4,,,1958
119,수원,2020-10-18 15:00,18.6,,,1766
119,수원,2020-10-18 16:00,18.5,,,2000
119,수원,2020-10-18 17:00,17.6,,,2000
119,수원,2020-10-18 18:00,16.1,,,2000
119,수원,2020-10-18 19:00,13.8,,,1976
119,수원,2020-10-18 20:00,13.4,,,1826
119,수원,2020-10-18 21:00,12.4,,,1684
119,수원,2020-10-18 22:00,11,,,1232
119,수원,2020-10-18 23:00,10.5,,,1077
119,수원,2020-10-19 00:00,10.7,,,1100
119,수원,2020-10-19 01:00,10.4,,,843
119,수원,2020-10-19 02:00,10.3,,,595
119,수원,2020-10-19 03:00,8.8,,,596
119,수원,2020-10-19 04:00,7.8,,,650
119,수원,2020-10-19 05:00,8.1,,,568
119,수원,2020-10-19 06:00,8.4,,,924
119,수원,2020-10-19 07:00,8.7,,,463
119,수원,2020-10-19 08:00,10.3,,,571
119,수원,2020-10-19 09:00,13.8,,,1795
119,수원,2020-10-19 10:00,15.4,,,1726
119,수원,2020-10-19 11:00,17.2,,,1011
119,수원,2020-10-19 12:00,18.6,,,1100
119,수원,2020-10-19 13:00,19.7,,,1174
119,수원,2020-10-19 14:00,20.5,,,1096
119,수원,2020-10-19 15:00,20.5,,,1075
119,수원,2020-10-19 16:00,19.7,,,676
119,수원,2020-10-19 17:00,18.2,,,606
119,수원,2020-10-19 18:00,16.5,,,523
119,수원,2020-10-19 19:00,15.2,,,659
119,수원,2020-10-19 20:00,14.3,,,438
119,수원,2020-10-19 21:00,13.8,,,417
119,수원,2020-10-19 22:00,12.5,,,297
119,수원,2020-10-19 23:00,11.9,,,305
119,수원,2020-10-20 00:00,11.3,,,172
119,수원,2020-10-20 01:00,11.1,,,201
119,수원,2020-10-20 02:00,11,,,204
119,수원,2020-10-20 03:00,9.4,,,30
119,수원,2020-10-20 04:00,7.9,,,90
119,수원,2020-10-20 05:00,7.6,,,205
119,수원,2020-10-20 06:00,7.6,,,327
119,수원,2020-10-20 07:00,8.4,,,110
119,수원,2020-10-20 08:00,9.9,,,317
119,수원,2020-10-20 09:00,13.1,,,356
119,수원,2020-10-20 10:00,15.8,,,451
119,수원,2020-10-20 11:00,18,,,769
119,수원,2020-10-20 12:00,18.9,,,817
119,수원,2020-10-20 13:00,20,,,957
119,수원,2020-10-20 14:00,21,,,1269
119,수원,2020-10-20 15:00,21.5,,,1432
119,수원,2020-10-20 16:00,20.6,,,765
119,수원,2020-10-20 17:00,19.5,,,568
119,수원,2020-10-20 18:00,17.9,,,1993
119,수원,2020-10-20 19:00,15.5,,,657
119,수원,2020-10-20 20:00,13.4,,,699
119,수원,2020-10-20 21:00,12.1,,,555
119,수원,2020-10-20 22:00,11.3,,,811
119,수원,2020-10-20 23:00,10.9,,,631
119,수원,2020-10-21 00:00,10,,,533
119,수원,2020-10-21 01:00,10.5,,,815
119,수원,2020-10-21 02:00,10.2,,,469
119,수원,2020-10-21 03:00,10.2,,,572
119,수원,2020-10-21 04:00,10.9,,,719
119,수원,2020-10-21 05:00,11.1,,,1723
119,수원,2020-10-21 06:00,12,,,824
119,수원,2020-10-21 07:00,12.6,,,1093
119,수원,2020-10-21 08:00,12.7,,,912
119,수원,2020-10-21 09:00,13.9,,,1110
119,수원,2020-10-21 10:00,14.9,,,1182
119,수원,2020-10-21 11:00,15.8,,,1633
119,수원,2020-10-21 12:00,16.1,,,1804
119,수원,2020-10-21 13:00,16.3,,,1686
119,수원,2020-10-21 14:00,16.4,,,1697
119,수원,2020-10-21 15:00,16.8,,,1505
119,수원,2020-10-21 16:00,17.2,,,1332
119,수원,2020-10-21 17:00,16.6,,,1065
119,수원,2020-10-21 18:00,16,,,1153
119,수원,2020-10-21 19:00,15.3,,,1182
119,수원,2020-10-21 20:00,14.8,,,1037
119,수원,2020-10-21 21:00,14.4,,,792
119,수원,2020-10-21 22:00,13.4,,,1068
119,수원,2020-10-21 23:00,13.1,,,1636
119,수원,2020-10-22 00:00,12.6,,,1100
119,수원,2020-10-22 01:00,11.9,,,710
119,수원,2020-10-22 02:00,11.8,,,747
119,수원,2020-10-22 03:00,11.7,,,643
119,수원,2020-10-22 04:00,11.8,,,601
119,수원,2020-10-22 05:00,11.4,,,511
119,수원,2020-10-22 06:00,12.1,,,549
119,수원,2020-10-22 07:00,12.1,,,613
119,수원,2020-10-22 08:00,13.4,,,802
119,수원,2020-10-22 09:00,14.1,,,806
119,수원,2020-10-22 10:00,15,,,834
119,수원,2020-10-22 11:00,16.6,,,712
119,수원,2020-10-22 12:00,17.7,,,710
119,수원,2020-10-22 13:00,17.6,,,1187
119,수원,2020-10-22 14:00,18.1,,,1284
119,수원,2020-10-22 15:00,17.2,,,1803
119,수원,2020-10-22 16:00,16.7,,,1907
119,수원,2020-10-22 17:00,15.6,,,2000
119,수원,2020-10-22 18:00,13.9,,,2000
119,수원,2020-10-22 19:00,13,,,2000
119,수원,2020-10-22 20:00,11.8,,,2000
119,수원,2020-10-22 21:00,10.6,,,2000
119,수원,2020-10-22 22:00,9.6,,,2000
119,수원,2020-10-22 23:00,8.6,,,2000
119,수원,2020-10-23 00:00,8.6,,,2000
119,수원,2020-10-23 01:00,7.9,,,2000
119,수원,2020-10-23 02:00,7.8,,,2000
119,수원,2020-10-23 03:00,7.5,,,2000
119,수원,2020-10-23 04:00,6.6,,,2000
119,수원,2020-10-23 05:00,6.8,,,2000
119,수원,2020-10-23 06:00,6.4,,,1996
119,수원,2020-10-23 07:00,6.3,,,2000
119,수원,2020-10-23 08:00,7.2,,,2000
119,수원,2020-10-23 09:00,8.4,,,1945
119,수원,2020-10-23 10:00,9.8,,,1984
119,수원,2020-10-23 11:00,11,,,1994
119,수원,2020-10-23 12:00,11.2,,,1996
119,수원,2020-10-23 13:00,11.3,,,2000
119,수원,2020-10-23 14:00,12.1,,,1995
119,수원,2020-10-23 15:00,12.2,,,2000
119,수원,2020-10-23 16:00,12.5,,,2000
119,수원,2020-10-23 17:00,12,,,2000
119,수원,2020-10-23 18:00,10.7,,,2000
119,수원,2020-10-23 19:00,9.8,,,2000
119,수원,2020-10-23 20:00,8.9,,,1996
119,수원,2020-10-23 21:00,8.1,,,2000
119,수원,2020-10-23 22:00,7.5,,,2000
119,수원,2020-10-23 23:00,5.8,,,2000
119,수원,2020-10-24 00:00,5.1,,,2000
119,수원,2020-10-24 01:00,5,,,2000
119,수원,2020-10-24 02:00,3.8,,,2000
119,수원,2020-10-24 03:00,4.8,,,2000
119,수원,2020-10-24 04:00,4.3,,,2000
119,수원,2020-10-24 05:00,4.6,,,2000
119,수원,2020-10-24 06:00,4.7,,,2000
119,수원,2020-10-24 07:00,4.7,,,1990
119,수원,2020-10-24 08:00,5.7,,,2000
119,수원,2020-10-24 09:00,7,,,2000
119,수원,2020-10-24 10:00,8.6,,,1996
119,수원,2020-10-24 11:00,10.1,,,1956
119,수원,2020-10-24 12:00,11.6,,,1869
119,수원,2020-10-24 13:00,12.5,,,1967
119,수원,2020-10-24 14:00,12.8,,,1993
119,수원,2020-10-24 15:00,13.7,,,2000
119,수원,2020-10-24 16:00,13.4,,,2000
119,수원,2020-10-24 17:00,13.1,,,2000
119,수원,2020-10-24 18:00,11.1,,,2000
119,수원,2020-10-24 19:00,9.9,,,2000
119,수원,2020-10-24 20:00,9.6,,,2000
119,수원,2020-10-24 21:00,8.4,,,1970
119,수원,2020-10-24 22:00,7.8,,,2000
119,수원,2020-10-24 23:00,7,,,1990
119,수원,2020-10-25 00:00,6.3,,,2024
119,수원,2020-10-25 01:00,5.7,,,2024
119,수원,2020-10-25 02:00,5.2,,,1867
119,수원,2020-10-25 03:00,5.1,,,1588
119,수원,2020-10-25 04:00,4.9,,,1176
119,수원,2020-10-25 05:00,4.7,,,940
119,수원,2020-10-25 06:00,4.4,,,832
119,수원,2020-10-25 07:00,4,,,778
119,수원,2020-10-25 08:00,7.1,,,906
119,수원,2020-10-25 09:00,10,,,1196
119,수원,2020-10-25 10:00,13.3,,,1389
119,수원,2020-10-25 11:00,15.3,,,1920
119,수원,2020-10-25 12:00,17,,,2000
119,수원,2020-10-25 13:00,17.5,,,2000
119,수원,2020-10-25 14:00,17,,,1994
119,수원,2020-10-25 15:00,16.9,,,1930
119,수원,2020-10-25 16:00,16.7,,,1987
119,수원,2020-10-25 17:00,16.2,,,2000
119,수원,2020-10-25 18:00,14.4,,,2000
119,수원,2020-10-25 19:00,12,,,2000
119,수원,2020-10-25 20:00,11,,,2000
119,수원,2020-10-25 21:00,10.5,,,2000
119,수원,2020-10-25 22:00,9.4,,,1997
119,수원,2020-10-25 23:00,8.6,,,1972
119,수원,2020-10-26 00:00,8,,,1761
119,수원,2020-10-26 01:00,7.2,,,1401
119,수원,2020-10-26 02:00,6.3,,,1206
119,수원,2020-10-26 03:00,6,,,631
119,수원,2020-10-26 04:00,6,,,538
119,수원,2020-10-26 05:00,5.7,,,1488
119,수원,2020-10-26 06:00,5.6,,,574
119,수원,2020-10-26 07:00,6.3,,,634
119,수원,2020-10-26 08:00,8.5,,,668
119,수원,2020-10-26 09:00,11.1,,,837
119,수원,2020-10-26 10:00,13.2,,,647
119,수원,2020-10-26 11:00,15.9,,,758
119,수원,2020-10-26 12:00,17.1,,,1108
119,수원,2020-10-26 13:00,17.7,,,1204
119,수원,2020-10-26 14:00,18.7,,,1370
119,수원,2020-10-26 15:00,17.9,,,1300
119,수원,2020-10-26 16:00,17.6,,,1219
119,수원,2020-10-26 17:00,16.2,,,1743
119,수원,2020-10-26 18:00,14.3,,,1606
119,수원,2020-10-26 19:00,13.2,,,1312
119,수원,2020-10-26 20:00,11.3,,,921
119,수원,2020-10-26 21:00,10.3,,,789
119,수원,2020-10-26 22:00,9.7,,,694
119,수원,2020-10-26 23:00,9.4,,,679
119,수원,2020-10-27 00:00,8.8,,,696
119,수원,2020-10-27 01:00,7.9,,,649
119,수원,2020-10-27 02:00,7.3,,,599
119,수원,2020-10-27 03:00,7.2,,,544
119,수원,2020-10-27 04:00,6.6,,,357
119,수원,2020-10-27 05:00,7.1,,,419
119,수원,2020-10-27 06:00,7.3,,,464
119,수원,2020-10-27 07:00,7.5,,,331
119,수원,2020-10-27 08:00,8.7,,,383
119,수원,2020-10-27 09:00,11.4,,,526
119,수원,2020-10-27 10:00,13.8,,,470
119,수원,2020-10-27 11:00,15.8,,,540
119,수원,2020-10-27 12:00,17.6,,,572
119,수원,2020-10-27 13:00,18.2,,,745
119,수원,2020-10-27 14:00,18.5,,,491
119,수원,2020-10-27 15:00,18.7,,,751
119,수원,2020-10-27 16:00,18.2,,,677
119,수원,2020-10-27 17:00,16.7,,,726
119,수원,2020-10-27 18:00,14.9,,,942
119,수원,2020-10-27 19:00,13.6,,,509
119,수원,2020-10-27 20:00,12.9,,,663
119,수원,2020-10-27 21:00,12,,,424
119,수원,2020-10-27 22:00,12,,,353
119,수원,2020-10-27 23:00,11.5,,,315
119,수원,2020-10-28 00:00,11.8,,,360
119,수원,2020-10-28 01:00,12.4,,,362
119,수원,2020-10-28 02:00,12.4,,,294
119,수원,2020-10-28 03:00,11.8,,,271
119,수원,2020-10-28 04:00,11.9,,,222
119,수원,2020-10-28 05:00,12.3,,,179
119,수원,2020-10-28 06:00,11.5,,,191
119,수원,2020-10-28 07:00,10.9,,,172
119,수원,2020-10-28 08:00,11.3,,,231
119,수원,2020-10-28 09:00,14.5,,,821
119,수원,2020-10-28 10:00,15.9,,,1303
119,수원,2020-10-28 11:00,16.3,,,1703
119,수원,2020-10-28 12:00,17.5,,,1400
119,수원,2020-10-28 13:00,18.4,,,1995
119,수원,2020-10-28 14:00,18.4,,,2000
119,수원,2020-10-28 15:00,17.8,,,2067
119,수원,2020-10-28 16:00,17.3,,,2000
119,수원,2020-10-28 17:00,16.6,,,1950
119,수원,2020-10-28 18:00,14.7,,,2000
119,수원,2020-10-28 19:00,13.2,,,1997
119,수원,2020-10-28 20:00,12.6,,,2000
119,수원,2020-10-28 21:00,11.3,,,2000
119,수원,2020-10-28 22:00,10.5,,,2000
119,수원,2020-10-28 23:00,10.2,,,2000
119,수원,2020-10-29 00:00,9.5,,,2000
119,수원,2020-10-29 01:00,8,,,2000
119,수원,2020-10-29 02:00,5.8,,,2000
119,수원,2020-10-29 03:00,5.2,,,2000
119,수원,2020-10-29 04:00,3.9,,,2000
119,수원,2020-10-29 05:00,3.2,,,1949
119,수원,2020-10-29 06:00,2.8,,,2000
119,수원,2020-10-29 07:00,2.9,,,1805
119,수원,2020-10-29 08:00,4.9,,,1788
119,수원,2020-10-29 09:00,8.9,,,1832
119,수원,2020-10-29 10:00,11.5,,,1948
119,수원,2020-10-29 11:00,13,,,2000
119,수원,2020-10-29 12:00,14.4,,,1999
119,수원,2020-10-29 13:00,15.2,,,1979
119,수원,2020-10-29 14:00,15.9,,,1989
119,수원,2020-10-29 15:00,15.6,,,2023
119,수원,2020-10-29 16:00,15.2,,,1946
119,수원,2020-10-29 17:00,14.2,,,1989
119,수원,2020-10-29 18:00,11.8,,,1781
119,수원,2020-10-29 19:00,11.2,,,1750
119,수원,2020-10-29 20:00,10.2,,,1876
119,수원,2020-10-29 21:00,9.4,,,1638
119,수원,2020-10-29 22:00,8.6,,,1666
119,수원,2020-10-29 23:00,8.2,,,1781
119,수원,2020-10-30 00:00,7.9,,,1859
119,수원,2020-10-30 01:00,7,,,1953
119,수원,2020-10-30 02:00,7.2,,,1983
119,수원,2020-10-30 03:00,5.7,,,2100
119,수원,2020-10-30 04:00,4.9,,,1997
119,수원,2020-10-30 05:00,4.4,,,1996
119,수원,2020-10-30 06:00,4.1,,,1890
119,수원,2020-10-30 07:00,4.1,,,1702
119,수원,2020-10-30 08:00,5.8,,,1481
119,수원,2020-10-30 09:00,9.1,,,1751
119,수원,2020-10-30 10:00,13.1,,,1949
119,수원,2020-10-30 11:00,15,,,1935
119,수원,2020-10-30 12:00,16.2,,,1983
119,수원,2020-10-30 13:00,16.9,,,1990
119,수원,2020-10-30 14:00,17.7,,,1969
119,수원,2020-10-30 15:00,18,,,2000
119,수원,2020-10-30 16:00,17.9,,,1965
119,수원,2020-10-30 17:00,17.5,,,2000
119,수원,2020-10-30 18:00,13.8,,,1673
119,수원,2020-10-30 19:00,12.6,,,1477
119,수원,2020-10-30 20:00,10.7,,,1027
119,수원,2020-10-30 21:00,9.6,,,1273
119,수원,2020-10-30 22:00,8.6,,,1014
119,수원,2020-10-30 23:00,7.9,,,1253
119,수원,2020-10-31 00:00,6.6,,,1051
119,수원,2020-10-31 01:00,6.6,,,1494
119,수원,2020-10-31 02:00,6.6,,,1154
119,수원,2020-10-31 03:00,6.1,,,1277
119,수원,2020-10-31 04:00,7.3,,,1650
119,수원,2020-10-31 05:00,7.3,,,2027
119,수원,2020-10-31 06:00,7.5,,,2000
119,수원,2020-10-31 07:00,7.2,,,1958
119,수원,2020-10-31 08:00,8.5,,,1986
119,수원,2020-10-31 09:00,11.7,,,1986
119,수원,2020-10-31 10:00,12.3,,,1988
119,수원,2020-10-31 11:00,14.9,,,1838
119,수원,2020-10-31 12:00,16.7,,,1964
119,수원,2020-10-31 13:00,17.9,,,1884
119,수원,2020-10-31 14:00,18.1,,,1939
119,수원,2020-10-31 15:00,17.8,,,2000
119,수원,2020-10-31 16:00,17.9,,,2000
119,수원,2020-10-31 17:00,16.5,,,2000
119,수원,2020-10-31 18:00,15.4,,,2000
119,수원,2020-10-31 19:00,14.2,,,2000
119,수원,2020-10-31 20:00,14.7,,,2000
119,수원,2020-10-31 21:00,14.7,,,1999
119,수원,2020-10-31 22:00,13.4,,,1825
119,수원,2020-10-31 23:00,14.1,,,1955
119,수원,2020-11-01 00:00,13.5,,,1400
119,수원,2020-11-01 01:00,13.5,,,1372
119,수원,2020-11-01 02:00,12.9,,,1381
119,수원,2020-11-01 03:00,13.4,,,1505
119,수원,2020-11-01 04:00,13.1,,,1325
119,수원,2020-11-01 05:00,13.5,,,1719
119,수원,2020-11-01 06:00,13.4,,,1621
119,수원,2020-11-01 07:00,12.4,,,1100
119,수원,2020-11-01 08:00,12.5,,,1246
119,수원,2020-11-01 09:00,11.7,.9,,843
119,수원,2020-11-01 10:00,12.1,,,1004
119,수원,2020-11-01 11:00,12.8,,,1221
119,수원,2020-11-01 12:00,13.2,.2,,1656
119,수원,2020-11-01 13:00,13.3,,,1801
119,수원,2020-11-01 14:00,13.6,,,1386
119,수원,2020-11-01 15:00,13.2,.4,,1106
119,수원,2020-11-01 16:00,13.3,,,1171
119,수원,2020-11-01 17:00,13.3,,,1125
119,수원,2020-11-01 18:00,13.1,1.9,,425
119,수원,2020-11-01 19:00,13.2,,,309
119,수원,2020-11-01 20:00,12.9,,,364
119,수원,2020-11-01 21:00,12.5,,,312
119,수원,2020-11-01 22:00,12.5,,,360
119,수원,2020-11-01 23:00,12.4,,,372
119,수원,2020-11-02 00:00,12.4,,,219
119,수원,2020-11-02 01:00,11.3,,,89
119,수원,2020-11-02 02:00,10.8,,,12
119,수원,2020-11-02 03:00,9.7,,,18
119,수원,2020-11-02 04:00,8.2,,,20
119,수원,2020-11-02 05:00,6.9,,,20
119,수원,2020-11-02 06:00,6.6,,,50
119,수원,2020-11-02 07:00,6.2,,,299
119,수원,2020-11-02 08:00,7,,,686
119,수원,2020-11-02 09:00,10.6,,,1780
119,수원,2020-11-02 10:00,12.9,,,1945
119,수원,2020-11-02 11:00,14.3,,,1996
119,수원,2020-11-02 12:00,14.8,,,1997
119,수원,2020-11-02 13:00,15.2,,,2000
119,수원,2020-11-02 14:00,15.5,,,1985
119,수원,2020-11-02 15:00,15.6,,,1999
119,수원,2020-11-02 16:00,14.3,,,1903
119,수원,2020-11-02 17:00,13,,,2000
119,수원,2020-11-02 18:00,10.9,,,2000
119,수원,2020-11-02 19:00,9.4,,,2000
119,수원,2020-11-02 20:00,9.2,,,2000
119,수원,2020-11-02 21:00,8.7,,,1949
119,수원,2020-11-02 22:00,8.4,,,2000
119,수원,2020-11-02 23:00,8.9,,,2000
119,수원,2020-11-03 00:00,9,.3,,753
119,수원,2020-11-03 01:00,8,,,1274
119,수원,2020-11-03 02:00,7.3,,,1997
119,수원,2020-11-03 03:00,6.8,1.4,,2000
119,수원,2020-11-03 04:00,5.4,,,1995
119,수원,2020-11-03 05:00,4.3,,,2000
119,수원,2020-11-03 06:00,3.6,,,2000
119,수원,2020-11-03 07:00,3.4,,,2000
119,수원,2020-11-03 08:00,4.4,,,1998
119,수원,2020-11-03 09:00,5.7,,,2000
119,수원,2020-11-03 10:00,7.3,,,2000
119,수원,2020-11-03 11:00,7.4,,,2000
119,수원,2020-11-03 12:00,7.7,,,1949
119,수원,2020-11-03 13:00,8.1,,,2000
119,수원,2020-11-03 14:00,7.7,,,1977
119,수원,2020-11-03 15:00,7.8,,,1999
119,수원,2020-11-03 16:00,7.5,,,1996
119,수원,2020-11-03 17:00,6.5,,,2000
119,수원,2020-11-03 18:00,5.5,,,2000
119,수원,2020-11-03 19:00,4.8,,,2000
119,수원,2020-11-03 20:00,4.4,,,2000
119,수원,2020-11-03 21:00,3.7,,,2000
119,수원,2020-11-03 22:00,3.3,,,2000
119,수원,2020-11-03 23:00,2.8,,,2000
119,수원,2020-11-04 00:00,2.6,,,2000
119,수원,2020-11-04 01:00,1.7,,,2000
119,수원,2020-11-04 02:00,1.9,,,2000
119,수원,2020-11-04 03:00,1.5,,,2000
119,수원,2020-11-04 04:00,0,,,2000
119,수원,2020-11-04 05:00,.5,,,2000
119,수원,2020-11-04 06:00,.9,,,2000
119,수원,2020-11-04 07:00,1.1,,,2000
119,수원,2020-11-04 08:00,2,,,2000
119,수원,2020-11-04 09:00,3.7,,,1994
119,수원,2020-11-04 10:00,5.1,,,1959
119,수원,2020-11-04 11:00,7.3,,,2000
119,수원,2020-11-04 12:00,7.9,,,1996
119,수원,2020-11-04 13:00,8.8,,,1981
119,수원,2020-11-04 14:00,10.1,,,2000
119,수원,2020-11-04 15:00,10.3,,,2000
119,수원,2020-11-04 16:00,10.3,,,1996
119,수원,2020-11-04 17:00,8.8,,,2000
119,수원,2020-11-04 18:00,7.3,,,2000
119,수원,2020-11-04 19:00,5.7,,,2000
119,수원,2020-11-04 20:00,5.5,,,2000
119,수원,2020-11-04 21:00,4.3,,,2000
119,수원,2020-11-04 22:00,3.1,,,2000
119,수원,2020-11-04 23:00,3.3,,,1682
119,수원,2020-11-05 00:00,2.9,,,1958
119,수원,2020-11-05 01:00,2,,,1745
119,수원,2020-11-05 02:00,2.1,,,1686
119,수원,2020-11-05 03:00,1.4,,,1594
119,수원,2020-11-05 04:00,1.2,,,1800
119,수원,2020-11-05 05:00,1.3,,,1513
119,수원,2020-11-05 06:00,1.5,,,1363
119,수원,2020-11-05 07:00,1.6,,,1452
119,수원,2020-11-05 08:00,3.5,,,1547
119,수원,2020-11-05 09:00,6.4,,,1574
119,수원,2020-11-05 10:00,9.4,,,1945
119,수원,2020-11-05 11:00,11.2,,,1965
119,수원,2020-11-05 12:00,12.3,,,1998
119,수원,2020-11-05 13:00,13.9,,,1931
119,수원,2020-11-05 14:00,14.2,,,1957
119,수원,2020-11-05 15:00,14.2,,,1934
119,수원,2020-11-05 16:00,14.2,,,2000
119,수원,2020-11-05 17:00,13.7,,,1827
119,수원,2020-11-05 18:00,12,,,1793
119,수원,2020-11-05 19:00,11.7,,,1870
119,수원,2020-11-05 20:00,11.3,,,1490
119,수원,2020-11-05 21:00,10.4,,,1280
119,수원,2020-11-05 22:00,10.3,,,1288
119,수원,2020-11-05 23:00,10.1,,,1213
119,수원,2020-11-06 00:00,10.6,,,1519
119,수원,2020-11-06 01:00,9.9,,,1502
119,수원,2020-11-06 02:00,10.1,,,1672
119,수원,2020-11-06 03:00,10,,,1884
119,수원,2020-11-06 04:00,8.6,,,1767
119,수원,2020-11-06 05:00,9.2,,,1719
119,수원,2020-11-06 06:00,9.6,,,1539
119,수원,2020-11-06 07:00,9.2,,,1292
119,수원,2020-11-06 08:00,9.9,,,1187
119,수원,2020-11-06 09:00,11.7,,,1581
119,수원,2020-11-06 10:00,13.2,,,1619
119,수원,2020-11-06 11:00,13.2,,,1280
119,수원,2020-11-06 12:00,14.3,,,1649
119,수원,2020-11-06 13:00,15.1,,,1564
119,수원,2020-11-06 14:00,16,,,1884
119,수원,2020-11-06 15:00,16.5,,,1662
119,수원,2020-11-06 16:00,16.3,,,1555
119,수원,2020-11-06 17:00,16,,,1490
119,수원,2020-11-06 18:00,15.4,,,1100
119,수원,2020-11-06 19:00,15,,,962
119,수원,2020-11-06 20:00,14.1,,,841
119,수원,2020-11-06 21:00,13.6,,,778
119,수원,2020-11-06 22:00,13.2,,,792
119,수원,2020-11-06 23:00,13.1,,,843
119,수원,2020-11-07 00:00,12.3,,,866
119,수원,2020-11-07 01:00,12,,,788
119,수원,2020-11-07 02:00,12.1,,,805
119,수원,2020-11-07 03:00,12,,,730
119,수원,2020-11-07 04:00,12.2,,,604
119,수원,2020-11-07 05:00,12.1,,,638
119,수원,2020-11-07 06:00,11.9,,,534
119,수원,2020-11-07 07:00,11.8,,,395
119,수원,2020-11-07 08:00,12.4,,,446
119,수원,2020-11-07 09:00,14.5,,,554
119,수원,2020-11-07 10:00,14.7,,,497
119,수원,2020-11-07 11:00,16.3,,,853
119,수원,2020-11-07 12:00,17,,,947
119,수원,2020-11-07 13:00,16.8,,,1063
119,수원,2020-11-07 14:00,17,,,1167
119,수원,2020-11-07 15:00,16.9,,,893
119,수원,2020-11-07 16:00,16.2,,,941
119,수원,2020-11-07 17:00,15.4,,,908
119,수원,2020-11-07 18:00,14.3,,,1080
119,수원,2020-11-07 19:00,12.7,,,1082
119,수원,2020-11-07 20:00,12,,,1009
119,수원,2020-11-07 21:00,10.9,,,690
119,수원,2020-11-07 22:00,10.9,,,1463
119,수원,2020-11-07 23:00,9.7,,,1100
119,수원,2020-11-08 00:00,9,,,692
119,수원,2020-11-08 01:00,8.4,,,568
119,수원,2020-11-08 02:00,8.4,,,552
119,수원,2020-11-08 03:00,7.7,,,373
119,수원,2020-11-08 04:00,6.9,,,384
119,수원,2020-11-08 05:00,6.4,,,214
119,수원,2020-11-08 06:00,7,,,368
119,수원,2020-11-08 07:00,8.8,,,1969
119,수원,2020-11-08 08:00,9.1,,,1991
119,수원,2020-11-08 09:00,10.1,,,1994
119,수원,2020-11-08 10:00,10.9,,,1976
119,수원,2020-11-08 11:00,11.4,,,2000
119,수원,2020-11-08 12:00,11.6,,,2000
119,수원,2020-11-08 13:00,11.8,,,2000
119,수원,2020-11-08 14:00,11.9,,,2000
119,수원,2020-11-08 15:00,11.6,,,2000
119,수원,2020-11-08 16:00,10.8,,,1950
119,수원,2020-11-08 17:00,9.8,,,2000
119,수원,2020-11-08 18:00,8.7,,,2000
119,수원,2020-11-08 19:00,7.4,,,2000
119,수원,2020-11-08 20:00,6.8,,,2000
119,수원,2020-11-08 21:00,5.8,,,2000
119,수원,2020-11-08 22:00,4.9,,,2000
119,수원,2020-11-08 23:00,4.2,,,2015
119,수원,2020-11-09 00:00,3.8,,,2000
119,수원,2020-11-09 01:00,3.7,,,2000
119,수원,2020-11-09 02:00,2.8,,,2000
119,수원,2020-11-09 03:00,2.8,,,2000
119,수원,2020-11-09 04:00,2.2,,,1950
119,수원,2020-11-09 05:00,2.3,,,2000
119,수원,2020-11-09 06:00,2.1,,,2000
119,수원,2020-11-09 07:00,1.2,,,1996
119,수원,2020-11-09 08:00,3.3,,,2000
119,수원,2020-11-09 09:00,4.7,,,2000
119,수원,2020-11-09 10:00,6.3,,,1992
119,수원,2020-11-09 11:00,7.3,,,1995
119,수원,2020-11-09 12:00,8.7,,,2000
119,수원,2020-11-09 13:00,9.5,,,2000
119,수원,2020-11-09 14:00,9.5,,,2000
119,수원,2020-11-09 15:00,9.1,,,2000
119,수원,2020-11-09 16:00,8.8,,,2000
119,수원,2020-11-09 17:00,8.5,,,2000
119,수원,2020-11-09 18:00,8.2,0,,2000
119,수원,2020-11-09 19:00,7.8,,,1954
119,수원,2020-11-09 20:00,7.2,,,1949
119,수원,2020-11-09 21:00,7.3,0,,2000
119,수원,2020-11-09 22:00,4.8,,,1996
119,수원,2020-11-09 23:00,4.6,,,2000
119,수원,2020-11-10 00:00,4.6,,,1950
119,수원,2020-11-10 01:00,4.1,,,2000
119,수원,2020-11-10 02:00,2.4,,,2000
119,수원,2020-11-10 03:00,2.6,,,1950
119,수원,2020-11-10 04:00,.8,,,2000
119,수원,2020-11-10 05:00,1.3,,,2000
119,수원,2020-11-10 06:00,.6,,,2000
119,수원,2020-11-10 07:00,.4,,,1982
119,수원,2020-11-10 08:00,2.4,,,1990
119,수원,2020-11-10 09:00,5.8,,,1541
119,수원,2020-11-10 10:00,8.5,,,1893
119,수원,2020-11-10 11:00,10.1,,,1968
119,수원,2020-11-10 12:00,11.6,,,1950
119,수원,2020-11-10 13:00,12.3,,,2000
119,수원,2020-11-10 14:00,13.2,,,2000
119,수원,2020-11-10 15:00,12.6,,,2000
119,수원,2020-11-10 16:00,12,,,1986
119,수원,2020-11-10 17:00,10.8,,,2000
119,수원,2020-11-10 18:00,9.4,,,2000
119,수원,2020-11-10 19:00,8.5,,,2000
119,수원,2020-11-10 20:00,7.2,,,2000
119,수원,2020-11-10 21:00,6.7,,,1985
119,수원,2020-11-10 22:00,6.1,,,2013
119,수원,2020-11-10 23:00,4.4,,,1950
119,수원,2020-11-11 00:00,4.1,,,1792
119,수원,2020-11-11 01:00,3.6,,,1804
119,수원,2020-11-11 02:00,3.2,,,1547
119,수원,2020-11-11 03:00,2.7,,,1505
119,수원,2020-11-11 04:00,2.2,,,1501
119,수원,2020-11-11 05:00,1.6,,,1173
119,수원,2020-11-11 06:00,1.9,,,1057
119,수원,2020-11-11 07:00,.8,,,1200
119,수원,2020-11-11 08:00,3.8,,,1247
119,수원,2020-11-11 09:00,6.5,,,1187
119,수원,2020-11-11 10:00,9.5,,,1698
119,수원,2020-11-11 11:00,11.3,,,1749
119,수원,2020-11-11 12:00,13.5,,,1926
119,수원,2020-11-11 13:00,14.4,,,1920
119,수원,2020-11-11 14:00,15.2,,,1945
119,수원,2020-11-11 15:00,15.8,,,1987
119,수원,2020-11-11 16:00,15.9,,,1964
119,수원,2020-11-11 17:00,13.5,,,1563
119,수원,2020-11-11 18:00,10.9,,,1768
119,수원,2020-11-11 19:00,9.9,,,1429
119,수원,2020-11-11 20:00,9.5,,,1169
119,수원,2020-11-11 21:00,7.6,,,1100
119,수원,2020-11-11 22:00,6.4,,,703
119,수원,2020-11-11 23:00,5,,,578
119,수원,2020-11-12 00:00,4.5,,,537
119,수원,2020-11-12 01:00,4.4,,,665
119,수원,2020-11-12 02:00,2.8,,,836
119,수원,2020-11-12 03:00,2.6,,,660
119,수원,2020-11-12 04:00,2.6,,,571
119,수원,2020-11-12 05:00,2.3,,,675
119,수원,2020-11-12 06:00,3.2,,,568
119,수원,2020-11-12 07:00,2.6,,,599
119,수원,2020-11-12 08:00,3.6,,,725
119,수원,2020-11-12 09:00,7,,,603
119,수원,2020-11-12 10:00,11,,,1021
119,수원,2020-11-12 11:00,13.4,,,1048
119,수원,2020-11-12 12:00,14.6,,,1165
119,수원,2020-11-12 13:00,16.2,,,1085
119,수원,2020-11-12 14:00,17.2,,,1708
119,수원,2020-11-12 15:00,17.4,,,1141
119,수원,2020-11-12 16:00,17.1,,,978
119,수원,2020-11-12 17:00,15.1,,,825
119,수원,2020-11-12 18:00,12.7,,,918
119,수원,2020-11-12 19:00,10.8,,,840
119,수원,2020-11-12 20:00,9.2,,,784
119,수원,2020-11-12 21:00,8.1,,,803
119,수원,2020-11-12 22:00,7.9,,,821
119,수원,2020-11-12 23:00,6.4,,,690
119,수원,2020-11-13 00:00,6.4,,,655
119,수원,2020-11-13 01:00,6.1,,,619
119,수원,2020-11-13 02:00,6.2,,,607
119,수원,2020-11-13 03:00,5.7,,,537
119,수원,2020-11-13 04:00,5.3,,,752
119,수원,2020-11-13 05:00,5.7,,,790
119,수원,2020-11-13 06:00,6.2,,,637
119,수원,2020-11-13 07:00,6.3,,,627
119,수원,2020-11-13 08:00,6.8,,,311
119,수원,2020-11-13 09:00,9.4,,,572
119,수원,2020-11-13 10:00,10.4,,,535
119,수원,2020-11-13 11:00,12.1,,,664
119,수원,2020-11-13 12:00,14.4,,,588
119,수원,2020-11-13 13:00,15.6,,,1570
119,수원,2020-11-13 14:00,16.7,,,943
119,수원,2020-11-13 15:00,16.3,,,855
119,수원,2020-11-13 16:00,16.4,,,800
119,수원,2020-11-13 17:00,15,,,730
119,수원,2020-11-13 18:00,12.7,,,2000
119,수원,2020-11-13 19:00,11.8,,,1100
119,수원,2020-11-13 20:00,10.8,,,443
119,수원,2020-11-13 21:00,9.3,,,264
119,수원,2020-11-13 22:00,8.3,,,366
119,수원,2020-11-13 23:00,8.1,,,375
119,수원,2020-11-14 00:00,7.2,,,110
119,수원,2020-11-14 01:00,7,,,223
119,수원,2020-11-14 02:00,5.9,,,8
119,수원,2020-11-14 03:00,6.6,,,8
119,수원,2020-11-14 04:00,6,,,6
119,수원,2020-11-14 05:00,5,,,9
119,수원,2020-11-14 06:00,4,,,11
119,수원,2020-11-14 07:00,3.8,,,73
119,수원,2020-11-14 08:00,4.3,,,276
119,수원,2020-11-14 09:00,7.4,,,360
119,수원,2020-11-14 10:00,12.4,,,538
119,수원,2020-11-14 11:00,14.7,,,706
119,수원,2020-11-14 12:00,15.9,,,920
119,수원,2020-11-14 13:00,17.2,,,1332
119,수원,2020-11-14 14:00,17.9,,,1107
119,수원,2020-11-14 15:00,18.3,,,1448
119,수원,2020-11-14 16:00,17.4,,,1541
119,수원,2020-11-14 17:00,16.6,,,1321
119,수원,2020-11-14 18:00,14.6,,,970
119,수원,2020-11-14 19:00,13.3,,,782
119,수원,2020-11-14 20:00,12,,,615
119,수원,2020-11-14 21:00,10.6,,,712
119,수원,2020-11-14 22:00,9.5,,,665
119,수원,2020-11-14 23:00,8.9,,,713
119,수원,2020-11-15 00:00,7.4,,,544
119,수원,2020-11-15 01:00,6.7,,,568
119,수원,2020-11-15 02:00,6.5,,,562
119,수원,2020-11-15 03:00,6,,,406
119,수원,2020-11-15 04:00,5.4,,,362
119,수원,2020-11-15 05:00,5.3,,,479
119,수원,2020-11-15 06:00,4.6,,,495
119,수원,2020-11-15 07:00,5.3,,,323
119,수원,2020-11-15 08:00,6.3,,,324
119,수원,2020-11-15 09:00,9.6,,,361
119,수원,2020-11-15 10:00,11.6,,,528
119,수원,2020-11-15 11:00,14.4,,,593
119,수원,2020-11-15 12:00,15.8,,,1568
119,수원,2020-11-15 13:00,15.7,,,1493
119,수원,2020-11-15 14:00,15.9,,,2149
119,수원,2020-11-15 15:00,15.3,,,1843
119,수원,2020-11-15 16:00,15.1,,,733
119,수원,2020-11-15 17:00,13.9,,,890
119,수원,2020-11-15 18:00,11.5,,,678
119,수원,2020-11-15 19:00,10.8,,,552
119,수원,2020-11-15 20:00,10.3,,,589
119,수원,2020-11-15 21:00,9.5,,,412
119,수원,2020-11-15 22:00,8,,,338
119,수원,2020-11-15 23:00,7,,,428
119,수원,2020-11-16 00:00,6.8,,,336
119,수원,2020-11-16 01:00,6.2,,,264
119,수원,2020-11-16 02:00,6.4,,,313
119,수원,2020-11-16 03:00,5.8,,,263
119,수원,2020-11-16 04:00,5.4,,,282
119,수원,2020-11-16 05:00,6,,,312
119,수원,2020-11-16 06:00,6.1,,,313
119,수원,2020-11-16 07:00,6,,,294
119,수원,2020-11-16 08:00,6.7,,,201
119,수원,2020-11-16 09:00,9,,,330
119,수원,2020-11-16 10:00,10.9,,,369
119,수원,2020-11-16 11:00,13.9,,,742
119,수원,2020-11-16 12:00,15.5,,,697
119,수원,2020-11-16 13:00,15.8,,,610
119,수원,2020-11-16 14:00,17.2,,,702
119,수원,2020-11-16 15:00,17.8,,,729
119,수원,2020-11-16 16:00,17.8,,,659
119,수원,2020-11-16 17:00,16.8,,,589
119,수원,2020-11-16 18:00,14.7,,,502
119,수원,2020-11-16 19:00,12.1,,,898
119,수원,2020-11-16 20:00,11.6,,,777
119,수원,2020-11-16 21:00,10.7,,,659
119,수원,2020-11-16 22:00,9.7,,,612
119,수원,2020-11-16 23:00,11.1,,,753
119,수원,2020-11-17 00:00,12.4,,,1573
119,수원,2020-11-17 01:00,13.1,,,1025
119,수원,2020-11-17 02:00,12.9,,,1493
119,수원,2020-11-17 03:00,12.5,,,1761
119,수원,2020-11-17 04:00,11.1,,,1501
119,수원,2020-11-17 05:00,10.9,,,1455
119,수원,2020-11-17 06:00,12.4,,,582
119,수원,2020-11-17 07:00,13.6,,,626
119,수원,2020-11-17 08:00,14.2,,,619
119,수원,2020-11-17 09:00,14.9,,,665
119,수원,2020-11-17 10:00,16,,,722
119,수원,2020-11-17 11:00,18.4,,,834
119,수원,2020-11-17 12:00,18.4,,,805
119,수원,2020-11-17 13:00,18.8,,,844
119,수원,2020-11-17 14:00,19.3,,,935
119,수원,2020-11-17 15:00,19.6,,,966
119,수원,2020-11-17 16:00,19.3,,,898
119,수원,2020-11-17 17:00,18.9,,,1198
119,수원,2020-11-17 18:00,18.5,0,,830
119,수원,2020-11-17 19:00,17.9,,,776
119,수원,2020-11-17 20:00,17.4,,,745
119,수원,2020-11-17 21:00,16.6,,,1634
119,수원,2020-11-17 22:00,15.6,,,583
119,수원,2020-11-17 23:00,16.1,,,880
119,수원,2020-11-18 00:00,15,.4,,578
119,수원,2020-11-18 01:00,14.6,,,241
119,수원,2020-11-18 02:00,14.9,,,191
119,수원,2020-11-18 03:00,14.9,2.9,,166
119,수원,2020-11-18 04:00,15.2,,,387
119,수원,2020-11-18 05:00,15.3,,,647
119,수원,2020-11-18 06:00,15.1,,,621
119,수원,2020-11-18 07:00,15.6,,,800
119,수원,2020-11-18 08:00,15.8,,,755
119,수원,2020-11-18 09:00,16.4,,,646
119,수원,2020-11-18 10:00,17.8,,,622
119,수원,2020-11-18 11:00,18.4,,,705
119,수원,2020-11-18 12:00,18.9,,,1312
119,수원,2020-11-18 13:00,19,,,1145
119,수원,2020-11-18 14:00,19.6,,,1165
119,수원,2020-11-18 15:00,18.6,.1,,912
119,수원,2020-11-18 16:00,17.8,,,861
119,수원,2020-11-18 17:00,17.4,,,622
119,수원,2020-11-18 18:00,17.4,1.5,,647
119,수원,2020-11-18 19:00,17.4,,,660
119,수원,2020-11-18 20:00,17.3,,,833
119,수원,2020-11-18 21:00,17.9,,,882
119,수원,2020-11-18 22:00,18.4,,,960
119,수원,2020-11-18 23:00,18.1,,,1137
119,수원,2020-11-19 00:00,18.9,.6,,2000
119,수원,2020-11-19 01:00,18.8,,,1483
119,수원,2020-11-19 02:00,19.8,,,2000
119,수원,2020-11-19 03:00,19,1.6,,1850
119,수원,2020-11-19 04:00,19,,,1125
119,수원,2020-11-19 05:00,19.5,,,1169
119,수원,2020-11-19 06:00,20.5,7.9,,1306
119,수원,2020-11-19 07:00,20.2,,,1554
119,수원,2020-11-19 08:00,19,,,831
119,수원,2020-11-19 09:00,19.2,29.6,,1452
119,수원,2020-11-19 10:00,18.9,,,1973
119,수원,2020-11-19 11:00,16.3,,,732
119,수원,2020-11-19 12:00,15.8,3.8,,950
119,수원,2020-11-19 13:00,13.7,,,749
119,수원,2020-11-19 14:00,12.8,,,1365
119,수원,2020-11-19 15:00,11.7,.4,,1608
119,수원,2020-11-19 16:00,10.9,,,1871
119,수원,2020-11-19 17:00,10.6,,,1949
119,수원,2020-11-19 18:00,10.4,,,1932
119,수원,2020-11-19 19:00,10.1,,,1982
119,수원,2020-11-19 20:00,9.9,,,1948
119,수원,2020-11-19 21:00,9.5,,,1999
119,수원,2020-11-19 22:00,9.1,,,1938
119,수원,2020-11-19 23:00,8.6,,,1933
119,수원,2020-11-20 00:00,7.8,0,,1305
119,수원,2020-11-20 01:00,7.4,,,2000
119,수원,2020-11-20 02:00,7.1,,,1695
119,수원,2020-11-20 03:00,6.7,0,,1592
119,수원,2020-11-20 04:00,6.4,,,1595
119,수원,2020-11-20 05:00,4.8,,,2000
119,수원,2020-11-20 06:00,4,0,,1975
119,수원,2020-11-20 07:00,4,,,2000
119,수원,2020-11-20 08:00,4.1,,,2000
119,수원,2020-11-20 09:00,3.9,,,1996
119,수원,2020-11-20 10:00,4.1,,,2000
119,수원,2020-11-20 11:00,4,,,1950
119,수원,2020-11-20 12:00,4,,,2030
119,수원,2020-11-20 13:00,4.2,,,2000
119,수원,2020-11-20 14:00,4.1,,,1999
119,수원,2020-11-20 15:00,4,,,1941
119,수원,2020-11-20 16:00,3.8,,,1965
119,수원,2020-11-20 17:00,3.8,,,1830
119,수원,2020-11-20 18:00,3.8,,,1936
119,수원,2020-11-20 19:00,3.5,,,2000
119,수원,2020-11-20 20:00,3,,,1956
119,수원,2020-11-20 21:00,2.1,,,1959
119,수원,2020-11-20 22:00,1.6,,,1980
119,수원,2020-11-20 23:00,.6,,,1797
119,수원,2020-11-21 00:00,-.3,,,1666
119,수원,2020-11-21 01:00,-.2,,,1645
119,수원,2020-11-21 02:00,-1,,,1341
119,수원,2020-11-21 03:00,-.1,,,1505
119,수원,2020-11-21 04:00,1,,,1736
119,수원,2020-11-21 05:00,.6,,,1924
119,수원,2020-11-21 06:00,-.5,,,1470
119,수원,2020-11-21 07:00,.1,,,1242
119,수원,2020-11-21 08:00,1.8,,,1653
119,수원,2020-11-21 09:00,3.6,,,1662
119,수원,2020-11-21 10:00,5,,,1667
119,수원,2020-11-21 11:00,7.8,,,1878
119,수원,2020-11-21 12:00,10.1,,,1953
119,수원,2020-11-21 13:00,11.3,,,1904
119,수원,2020-11-21 14:00,12.1,,,1794
119,수원,2020-11-21 15:00,12.3,,,2002
119,수원,2020-11-21 16:00,12,,,1855
119,수원,2020-11-21 17:00,11.6,,,1983
119,수원,2020-11-21 18:00,10,,,1237
119,수원,2020-11-21 19:00,9.3,,,1088
119,수원,2020-11-21 20:00,9.2,,,1000
119,수원,2020-11-21 21:00,9.5,0,,1063
119,수원,2020-11-21 22:00,9.2,,,1235
119,수원,2020-11-21 23:00,9.3,,,1049
119,수원,2020-11-22 00:00,9,0,,1098
119,수원,2020-11-22 01:00,7.8,,,596
119,수원,2020-11-22 02:00,7.5,,,417
119,수원,2020-11-22 03:00,7.6,.4,,327
119,수원,2020-11-22 04:00,7.5,,,227
119,수원,2020-11-22 05:00,7.6,,,247
119,수원,2020-11-22 06:00,6.7,1.7,,757
119,수원,2020-11-22 07:00,6.1,,,1174
119,수원,2020-11-22 08:00,5.8,,,1163
119,수원,2020-11-22 09:00,6.1,.8,,909
119,수원,2020-11-22 10:00,6.6,,,1944
119,수원,2020-11-22 11:00,6.9,,,1804
119,수원,2020-11-22 12:00,7.3,0,,1737
119,수원,2020-11-22 13:00,7.8,,,1579
119,수원,2020-11-22 14:00,8.4,,,1773
119,수원,2020-11-22 15:00,8,,,1837
119,수원,2020-11-22 16:00,7.4,,,1496
119,수원,2020-11-22 17:00,7.2,,,1736
119,수원,2020-11-22 18:00,6.2,,,1982
119,수원,2020-11-22 19:00,5.5,,,2000
119,수원,2020-11-22 20:00,4.4,,,2000
119,수원,2020-11-22 21:00,3.9,,,1999
119,수원,2020-11-22 22:00,3.5,,,2000
119,수원,2020-11-22 23:00,2.3,,,2000
119,수원,2020-11-23 00:00,1.8,,,1948
119,수원,2020-11-23 01:00,1.5,,,2000
119,수원,2020-11-23 02:00,.7,,,1983
119,수원,2020-11-23 03:00,.6,,,2027
119,수원,2020-11-23 04:00,.3,,,2017
119,수원,2020-11-23 05:00,.2,,,2000
119,수원,2020-11-23 06:00,-.2,,,1990
119,수원,2020-11-23 07:00,-.5,,,1995
119,수원,2020-11-23 08:00,-.4,,,2097
119,수원,2020-11-23 09:00,.9,,,1912
119,수원,2020-11-23 10:00,2,,,1899
119,수원,2020-11-23 11:00,3.5,,,1853
119,수원,2020-11-23 12:00,4.2,,,1901
119,수원,2020-11-23 13:00,5.1,,,1997
119,수원,2020-11-23 14:00,5.3,,,1965
119,수원,2020-11-23 15:00,5.4,,,2000
119,수원,2020-11-23 16:00,4.9,,,2000
119,수원,2020-11-23 17:00,4,,,2000
119,수원,2020-11-23 18:00,3.1,,,2000
119,수원,2020-11-23 19:00,2.6,,,2000
119,수원,2020-11-23 20:00,1.4,,,2000
119,수원,2020-11-23 21:00,.5,,,2000
119,수원,2020-11-23 22:00,.7,,,2000
119,수원,2020-11-23 23:00,1,,,2000
119,수원,2020-11-24 00:00,-.3,,,2000
119,수원,2020-11-24 01:00,-1.3,,,1988
119,수원,2020-11-24 02:00,-.3,,,2000
119,수원,2020-11-24 03:00,.1,,,1997
119,수원,2020-11-24 04:00,.7,,,2000
119,수원,2020-11-24 05:00,.8,,,2000
119,수원,2020-11-24 06:00,1,,,2000
119,수원,2020-11-24 07:00,1.4,,,2000
119,수원,2020-11-24 08:00,1.6,,,1997
119,수원,2020-11-24 09:00,2.7,,,2000
119,수원,2020-11-24 10:00,4.5,,,1944
119,수원,2020-11-24 11:00,5.4,,,1933
119,수원,2020-11-24 12:00,6.8,,,1946
119,수원,2020-11-24 13:00,7.3,,,1970
119,수원,2020-11-24 14:00,7.6,,,2000
119,수원,2020-11-24 15:00,8.1,,,1992
119,수원,2020-11-24 16:00,7.6,,,2000
119,수원,2020-11-24 17:00,6.7,,,1958
119,수원,2020-11-24 18:00,4.8,,,2000
119,수원,2020-11-24 19:00,4.1,,,2000
119,수원,2020-11-24 20:00,3.7,,,2000
119,수원,2020-11-24 21:00,2.8,,,2000
119,수원,2020-11-24 22:00,2.3,,,2000
119,수원,2020-11-24 23:00,1.3,,,2000
119,수원,2020-11-25 00:00,.6,,,2000
119,수원,2020-11-25 01:00,.2,,,1955
119,수원,2020-11-25 02:00,-.1,,,2000
119,수원,2020-11-25 03:00,-.3,,,2000
119,수원,2020-11-25 04:00,-.7,,,1965
119,수원,2020-11-25 05:00,-1.3,,,2000
119,수원,2020-11-25 06:00,-.8,,,1888
119,수원,2020-11-25 07:00,-.6,,,1685
119,수원,2020-11-25 08:00,-.3,,,1219
119,수원,2020-11-25 09:00,2.4,,,1429
119,수원,2020-11-25 10:00,4.5,,,1393
119,수원,2020-11-25 11:00,6.1,,,1990
119,수원,2020-11-25 12:00,8.1,,,1977
119,수원,2020-11-25 13:00,8.6,,,1979
119,수원,2020-11-25 14:00,9.8,,,2000
119,수원,2020-11-25 15:00,9.8,,,1918
119,수원,2020-11-25 16:00,9.4,,,1907
119,수원,2020-11-25 17:00,8.7,,,1938
119,수원,2020-11-25 18:00,6.9,,,1406
119,수원,2020-11-25 19:00,6.2,,,1150
119,수원,2020-11-25 20:00,5.6,,,1194
119,수원,2020-11-25 21:00,4.7,,,1366
119,수원,2020-11-25 22:00,4.2,,,1080
119,수원,2020-11-25 23:00,3.6,,,814
119,수원,2020-11-26 00:00,2.9,,,1421
119,수원,2020-11-26 01:00,2.4,,,2144
119,수원,2020-11-26 02:00,1.5,,,741
119,수원,2020-11-26 03:00,1,,,720
119,수원,2020-11-26 04:00,2.2,,,559
119,수원,2020-11-26 05:00,3.5,,,698
119,수원,2020-11-26 06:00,2.7,,,744
119,수원,2020-11-26 07:00,2,,,611
119,수원,2020-11-26 08:00,2.1,,,625
119,수원,2020-11-26 09:00,3.4,,,673
119,수원,2020-11-26 10:00,5.1,,,571
119,수원,2020-11-26 11:00,7.4,,,868
119,수원,2020-11-26 12:00,8.9,,,1128
119,수원,2020-11-26 13:00,9.4,,,1170
119,수원,2020-11-26 14:00,10.2,,,1047
119,수원,2020-11-26 15:00,10.4,,,1249
119,수원,2020-11-26 16:00,9.4,,,870
119,수원,2020-11-26 17:00,8.1,,,1147
119,수원,2020-11-26 18:00,7.5,,,986
119,수원,2020-11-26 19:00,6.9,,,977
119,수원,2020-11-26 20:00,5.5,,,884
119,수원,2020-11-26 21:00,4.9,,,805
119,수원,2020-11-26 22:00,4.5,,,726
119,수원,2020-11-26 23:00,4.1,,,731
119,수원,2020-11-27 00:00,4.7,,,765
119,수원,2020-11-27 01:00,4.1,,,706
119,수원,2020-11-27 02:00,3.9,,,711
119,수원,2020-11-27 03:00,3.6,,,650
119,수원,2020-11-27 04:00,3.6,,,636
119,수원,2020-11-27 05:00,4.3,,,658
119,수원,2020-11-27 06:00,4.6,,,619
119,수원,2020-11-27 07:00,5.6,,,1608
119,수원,2020-11-27 08:00,5.6,,,1950
119,수원,2020-11-27 09:00,5.5,,,1880
119,수원,2020-11-27 10:00,6.6,,,1785
119,수원,2020-11-27 11:00,7.2,,,2000
119,수원,2020-11-27 12:00,7,,,2000
119,수원,2020-11-27 13:00,6.6,,,1858
119,수원,2020-11-27 14:00,6.2,,,2000
119,수원,2020-11-27 15:00,6,,,1957
119,수원,2020-11-27 16:00,6.2,,,2000
119,수원,2020-11-27 17:00,5.1,,,1878
119,수원,2020-11-27 18:00,4.3,,,1931
119,수원,2020-11-27 19:00,3.7,,,1990
119,수원,2020-11-27 20:00,2.7,,,2031
119,수원,2020-11-27 21:00,2.4,,,2000
119,수원,2020-11-27 22:00,1.9,,,1996
119,수원,2020-11-27 23:00,1.5,,,1998
119,수원,2020-11-28 00:00,.6,,,2000
119,수원,2020-11-28 01:00,.1,,,1691
119,수원,2020-11-28 02:00,.6,,,1723
119,수원,2020-11-28 03:00,.2,,,1763
119,수원,2020-11-28 04:00,-.6,,,1653
119,수원,2020-11-28 05:00,-.8,,,1803
119,수원,2020-11-28 06:00,-1,,,1701
119,수원,2020-11-28 07:00,-1.4,,,1987
119,수원,2020-11-28 08:00,-1.3,,,1943
119,수원,2020-11-28 09:00,-.4,,,1945
119,수원,2020-11-28 10:00,.3,,,1975
119,수원,2020-11-28 11:00,1.9,,,1995
119,수원,2020-11-28 12:00,2.4,,,2000
119,수원,2020-11-28 13:00,2.8,,,2000
119,수원,2020-11-28 14:00,2.7,,,2000
119,수원,2020-11-28 15:00,2.4,,,2000
119,수원,2020-11-28 16:00,1.6,,,2000
119,수원,2020-11-28 17:00,1.2,,,2000
119,수원,2020-11-28 18:00,.7,,,2000
119,수원,2020-11-28 19:00,.6,,,2000
119,수원,2020-11-28 20:00,.7,,,2000
119,수원,2020-11-28 21:00,.2,,,2000
119,수원,2020-11-28 22:00,-.2,,,2000
119,수원,2020-11-28 23:00,-.6,,,2000
119,수원,2020-11-29 00:00,-1,,,2000
119,수원,2020-11-29 01:00,-1,,,2000
119,수원,2020-11-29 02:00,-1.1,,,2000
119,수원,2020-11-29 03:00,-1.8,,,2000
119,수원,2020-11-29 04:00,-2.2,,,2000
119,수원,2020-11-29 05:00,-2.7,,,1996
119,수원,2020-11-29 06:00,-2.8,,,2000
119,수원,2020-11-29 07:00,-2,,,1998
119,수원,2020-11-29 08:00,-1.3,,,2000
119,수원,2020-11-29 09:00,-.3,,,1960
119,수원,2020-11-29 10:00,.6,,,1920
119,수원,2020-11-29 11:00,1.6,,,1998
119,수원,2020-11-29 12:00,2.6,,,1970
119,수원,2020-11-29 13:00,2.7,,,2020
119,수원,2020-11-29 14:00,1.8,,,1917
119,수원,2020-11-29 15:00,.8,0,,1512
119,수원,2020-11-29 16:00,.8,,,1197
119,수원,2020-11-29 17:00,1,,,1493
119,수원,2020-11-29 18:00,.9,0,,1229
119,수원,2020-11-29 19:00,.2,,,1189
119,수원,2020-11-29 20:00,.2,,,1044
119,수원,2020-11-29 21:00,.2,,,1985
119,수원,2020-11-29 22:00,-.4,,,2000
119,수원,2020-11-29 23:00,-.8,,,2000
119,수원,2020-11-30 00:00,-2,,,2000
119,수원,2020-11-30 01:00,-2.6,,,2000
119,수원,2020-11-30 02:00,-3.2,,,2000
119,수원,2020-11-30 03:00,-3.5,,,2000
119,수원,2020-11-30 04:00,-4.1,,,1999
119,수원,2020-11-30 05:00,-4.6,,,1997
119,수원,2020-11-30 06:00,-4.4,,,1935
119,수원,2020-11-30 07:00,-4,,,1672
119,수원,2020-11-30 08:00,-3.5,,,1205
119,수원,2020-11-30 09:00,-.4,,,1930
119,수원,2020-11-30 10:00,.6,,,1832
119,수원,2020-11-30 11:00,2.2,,,1867
119,수원,2020-11-30 12:00,2.4,,,1915
119,수원,2020-11-30 13:00,4.2,,,1933
119,수원,2020-11-30 14:00,4,,,1928
119,수원,2020-11-30 15:00,4.2,,,1895
119,수원,2020-11-30 16:00,4,,,1976
119,수원,2020-11-30 17:00,2.7,,,2010
119,수원,2020-11-30 18:00,1.9,,,1847
119,수원,2020-11-30 19:00,.8,,,1761
119,수원,2020-11-30 20:00,.1,,,1577
119,수원,2020-11-30 21:00,-.6,,,1720
119,수원,2020-11-30 22:00,.1,,,1946
119,수원,2020-11-30 23:00,-.7,,,1882
119,수원,2020-12-01 00:00,-1.9,,,1953
119,수원,2020-12-01 01:00,-3.2,,,1884
119,수원,2020-12-01 02:00,-1.7,,,1762
119,수원,2020-12-01 03:00,-2.7,,,1917
119,수원,2020-12-01 04:00,-3.7,,,1430
119,수원,2020-12-01 05:00,-2.8,,,1927
119,수원,2020-12-01 06:00,-2.6,,,1829
119,수원,2020-12-01 07:00,-3.6,,,1689
119,수원,2020-12-01 08:00,-3.4,,,1380
119,수원,2020-12-01 09:00,-1,,,1192
119,수원,2020-12-01 10:00,.5,,,1728
119,수원,2020-12-01 11:00,1.9,,,1796
119,수원,2020-12-01 12:00,4.1,,,1956
119,수원,2020-12-01 13:00,5.4,,,1962
119,수원,2020-12-01 14:00,6.2,,,1999
119,수원,2020-12-01 15:00,6.3,,,2000
119,수원,2020-12-01 16:00,5.8,,,2000
119,수원,2020-12-01 17:00,4.5,,,2000
119,수원,2020-12-01 18:00,3.7,,,2000
119,수원,2020-12-01 19:00,3.4,,,2000
119,수원,2020-12-01 20:00,3,,,2000
119,수원,2020-12-01 21:00,2.9,,,2000
119,수원,2020-12-01 22:00,2.5,,,2000
119,수원,2020-12-01 23:00,1.7,,,2000
119,수원,2020-12-02 00:00,2.1,,,2000
119,수원,2020-12-02 01:00,1.7,,,2000
119,수원,2020-12-02 02:00,1.5,,,1998
119,수원,2020-12-02 03:00,1.9,,,2000
119,수원,2020-12-02 04:00,1.8,,,1989
119,수원,2020-12-02 05:00,1.6,,,2028
119,수원,2020-12-02 06:00,1.7,,,2011
119,수원,2020-12-02 07:00,1.4,,,1989
119,수원,2020-12-02 08:00,1.7,,,1976
119,수원,2020-12-02 09:00,2.7,,,1899
119,수원,2020-12-02 10:00,3.3,,,2000
119,수원,2020-12-02 11:00,3.9,,,1891
119,수원,2020-12-02 12:00,5.2,,,2000
119,수원,2020-12-02 13:00,6.5,,,2000
119,수원,2020-12-02 14:00,7.7,,,2000
119,수원,2020-12-02 15:00,7,,,2000
119,수원,2020-12-02 16:00,6.5,,,2000
119,수원,2020-12-02 17:00,4.9,,,2000
119,수원,2020-12-02 18:00,4.1,,,1973
119,수원,2020-12-02 19:00,3.4,,,1997
119,수원,2020-12-02 20:00,2.7,,,2000
119,수원,2020-12-02 21:00,2.2,,,2000
119,수원,2020-12-02 22:00,1.5,,,2000
119,수원,2020-12-02 23:00,1.1,,,2000
119,수원,2020-12-03 00:00,.4,,,2000
119,수원,2020-12-03 01:00,.6,,,2000
119,수원,2020-12-03 02:00,1.3,,,2000
119,수원,2020-12-03 03:00,1.1,,,2000
119,수원,2020-12-03 04:00,1,,,2000
119,수원,2020-12-03 05:00,1.3,,,2000
119,수원,2020-12-03 06:00,.3,,,2000
119,수원,2020-12-03 07:00,-.7,,,1966
119,수원,2020-12-03 08:00,-.8,,,1997
119,수원,2020-12-03 09:00,1.1,,,1896
119,수원,2020-12-03 10:00,2.4,,,1810
119,수원,2020-12-03 11:00,3.2,,,1694
119,수원,2020-12-03 12:00,4.1,,,1845
119,수원,2020-12-03 13:00,4.6,,,1874
119,수원,2020-12-03 14:00,4.3,,,2000
119,수원,2020-12-03 15:00,4.3,,,1970
119,수원,2020-12-03 16:00,3.8,,,1990
119,수원,2020-12-03 17:00,2.3,,,2000
119,수원,2020-12-03 18:00,1.5,,,2000
119,수원,2020-12-03 19:00,.9,,,2000
119,수원,2020-12-03 20:00,.1,,,2000
119,수원,2020-12-03 21:00,-.1,,,2000
119,수원,2020-12-03 22:00,-.7,,,1995
119,수원,2020-12-03 23:00,-.6,,,2000
119,수원,2020-12-04 00:00,-2,,,2000
119,수원,2020-12-04 01:00,-2.3,,,2000
119,수원,2020-12-04 02:00,-3,,,2000
119,수원,2020-12-04 03:00,-3.4,,,1999
119,수원,2020-12-04 04:00,-3.6,,,1992
119,수원,2020-12-04 05:00,-4.6,,,1826
119,수원,2020-12-04 06:00,-4.2,,,1826
119,수원,2020-12-04 07:00,-4.6,,,1305
119,수원,2020-12-04 08:00,-4.3,,,1332
119,수원,2020-12-04 09:00,-2.2,,,830
119,수원,2020-12-04 10:00,-.1,,,1770
119,수원,2020-12-04 11:00,1.2,,,1885
119,수원,2020-12-04 12:00,3,,,1945
119,수원,2020-12-04 13:00,3.4,,,1998
119,수원,2020-12-04 14:00,4.2,,,1961
119,수원,2020-12-04 15:00,4.6,,,2000
119,수원,2020-12-04 16:00,4.6,,,2000
119,수원,2020-12-04 17:00,3,,,2000
119,수원,2020-12-04 18:00,1.9,,,2000
119,수원,2020-12-04 19:00,1.3,,,2000
119,수원,2020-12-04 20:00,.1,,,2000
119,수원,2020-12-04 21:00,-.8,,,1993
119,수원,2020-12-04 22:00,-1.1,,,1680
119,수원,2020-12-04 23:00,-2.3,,,1449
119,수원,2020-12-05 00:00,-1.6,,,1667
119,수원,2020-12-05 01:00,-.8,,,1818
119,수원,2020-12-05 02:00,-1,,,1685
119,수원,2020-12-05 03:00,-.9,,,1712
119,수원,2020-12-05 04:00,-1.8,,,1975
119,수원,2020-12-05 05:00,-2.4,,,1273
119,수원,2020-12-05 06:00,-2.2,,,1107
119,수원,2020-12-05 07:00,-2.4,,,1100
119,수원,2020-12-05 08:00,-2.1,,,1020
119,수원,2020-12-05 09:00,-.8,,,1239
119,수원,2020-12-05 10:00,.9,,,1119
119,수원,2020-12-05 11:00,2.5,,,1334
119,수원,2020-12-05 12:00,3.2,,,1239
119,수원,2020-12-05 13:00,5.3,,,1409
119,수원,2020-12-05 14:00,5.8,,,1707
119,수원,2020-12-05 15:00,6.6,,,1364
119,수원,2020-12-05 16:00,6.3,,,1731
119,수원,2020-12-05 17:00,5.1,,,1652
119,수원,2020-12-05 18:00,3.5,,,1824
119,수원,2020-12-05 19:00,3.2,,,1125
119,수원,2020-12-05 20:00,3.3,,,1227
119,수원,2020-12-05 21:00,3.6,,,1301
119,수원,2020-12-05 22:00,3,,,1347
119,수원,2020-12-05 23:00,2.9,,,1141
119,수원,2020-12-06 00:00,2.5,,,1188
119,수원,2020-12-06 01:00,2.6,,,1111
119,수원,2020-12-06 02:00,2.7,,,1087
119,수원,2020-12-06 03:00,2.2,,,873
119,수원,2020-12-06 04:00,1.9,,,980
119,수원,2020-12-06 05:00,1.2,,,607
119,수원,2020-12-06 06:00,.4,,,875
119,수원,2020-12-06 07:00,.7,,,709
119,수원,2020-12-06 08:00,.9,,,546
119,수원,2020-12-06 09:00,1.9,,,726
119,수원,2020-12-06 10:00,2.8,,,784
119,수원,2020-12-06 11:00,3.4,,,672
119,수원,2020-12-06 12:00,6.1,,,900
119,수원,2020-12-06 13:00,8,,,1326
119,수원,2020-12-06 14:00,8,,,1497
119,수원,2020-12-06 15:00,8.5,,,1456
119,수원,2020-12-06 16:00,8.1,,,1888
119,수원,2020-12-06 17:00,7.2,,,1939
119,수원,2020-12-06 18:00,5.2,,,1347
119,수원,2020-12-06 19:00,4.1,,,1326
119,수원,2020-12-06 20:00,3.3,,,1106
119,수원,2020-12-06 21:00,1.8,,,950
119,수원,2020-12-06 22:00,1.7,,,950
119,수원,2020-12-06 23:00,1.4,,,1229
119,수원,2020-12-07 00:00,1.8,,,1832
119,수원,2020-12-07 01:00,1.8,,,1623
119,수원,2020-12-07 02:00,2.7,,,1754
119,수원,2020-12-07 03:00,2.7,,,1549
119,수원,2020-12-07 04:00,2.9,,,1710
119,수원,2020-12-07 05:00,3.1,,,1661
119,수원,2020-12-07 06:00,3.2,,,1656
119,수원,2020-12-07 07:00,2.9,,,1410
119,수원,2020-12-07 08:00,3.4,,,1557
119,수원,2020-12-07 09:00,4.3,,,671
119,수원,2020-12-07 10:00,5.6,,,880
119,수원,2020-12-07 11:00,6.3,,,816
119,수원,2020-12-07 12:00,6.7,,,1050
119,수원,2020-12-07 13:00,6.9,,,1003
119,수원,2020-12-07 14:00,6.7,,,1059
119,수원,2020-12-07 15:00,5.8,,,1152
119,수원,2020-12-07 16:00,5.8,,,1136
119,수원,2020-12-07 17:00,4.4,,,1581
119,수원,2020-12-07 18:00,3.5,,,1462
119,수원,2020-12-07 19:00,2.4,,,1536
119,수원,2020-12-07 20:00,1.3,,,2000
119,수원,2020-12-07 21:00,1.1,,,1957
119,수원,2020-12-07 22:00,.4,,,1678
119,수원,2020-12-07 23:00,-.3,,,1826
119,수원,2020-12-08 00:00,-.4,,,1914
119,수원,2020-12-08 01:00,-.7,,,1954
119,수원,2020-12-08 02:00,-1.3,,,2000
119,수원,2020-12-08 03:00,-2,,,2000
119,수원,2020-12-08 04:00,-2.2,,,2000
119,수원,2020-12-08 05:00,-3,,,2000
119,수원,2020-12-08 06:00,-3.7,,,2000
119,수원,2020-12-08 07:00,-3.6,,,1996
119,수원,2020-12-08 08:00,-3.2,,,1921
119,수원,2020-12-08 09:00,-1,,,2000
119,수원,2020-12-08 10:00,-.1,,,1959
119,수원,2020-12-08 11:00,.7,,,1894
119,수원,2020-12-08 12:00,2.2,,,1977
119,수원,2020-12-08 13:00,2.6,,,1999
119,수원,2020-12-08 14:00,3.8,,,1993
119,수원,2020-12-08 15:00,3.8,,,2000
119,수원,2020-12-08 16:00,3.6,,,1975
119,수원,2020-12-08 17:00,1.8,,,2000
119,수원,2020-12-08 18:00,.8,,,2000
119,수원,2020-12-08 19:00,-.4,,,2000
119,수원,2020-12-08 20:00,-.6,,,2000
119,수원,2020-12-08 21:00,-1.7,,,2000
119,수원,2020-12-08 22:00,-2.2,,,1910
119,수원,2020-12-08 23:00,-2.8,,,1809
119,수원,2020-12-09 00:00,-3.9,,,1877
119,수원,2020-12-09 01:00,-3.6,,,1711
119,수원,2020-12-09 02:00,-4.7,,,1790
119,수원,2020-12-09 03:00,-3.8,,,1880
119,수원,2020-12-09 04:00,-4.3,,,1461
119,수원,2020-12-09 05:00,-5.3,,,1160
119,수원,2020-12-09 06:00,-5.1,,,1460
119,수원,2020-12-09 07:00,-4.9,,,1208
119,수원,2020-12-09 08:00,-4,,,900
119,수원,2020-12-09 09:00,-1.6,,,788
119,수원,2020-12-09 10:00,.4,,,1717
119,수원,2020-12-09 11:00,1.9,,,1666
119,수원,2020-12-09 12:00,3.6,,,1935
119,수원,2020-12-09 13:00,4.8,,,2000
119,수원,2020-12-09 14:00,5.5,,,1996
119,수원,2020-12-09 15:00,5.4,,,1923
119,수원,2020-12-09 16:00,5.4,,,2000
119,수원,2020-12-09 17:00,5.2,,,1984
119,수원,2020-12-09 18:00,4,,,1670
119,수원,2020-12-09 19:00,2.4,,,1429
119,수원,2020-12-09 20:00,2.6,,,1520
119,수원,2020-12-09 21:00,2.3,,,1314
119,수원,2020-12-09 22:00,2.5,,,1364
119,수원,2020-12-09 23:00,2.9,,,1396
119,수원,2020-12-10 00:00,3,,,1446
119,수원,2020-12-10 01:00,2.5,,,1344
119,수원,2020-12-10 02:00,2.5,,,1050
119,수원,2020-12-10 03:00,2.4,,,1064
119,수원,2020-12-10 04:00,3.1,,,1312
119,수원,2020-12-10 05:00,3,,,1310
119,수원,2020-12-10 06:00,3.3,0,,1511
119,수원,2020-12-10 07:00,3.3,,,1242
119,수원,2020-12-10 08:00,3.9,,,1959
119,수원,2020-12-10 09:00,4.1,0,,1491
119,수원,2020-12-10 10:00,4.9,,,1012
119,수원,2020-12-10 11:00,5.9,,,1393
119,수원,2020-12-10 12:00,7.6,,,1196
119,수원,2020-12-10 13:00,8.8,,,1015
119,수원,2020-12-10 14:00,8.8,,,750
119,수원,2020-12-10 15:00,8.9,,,649
119,수원,2020-12-10 16:00,8.6,,,583
119,수원,2020-12-10 17:00,8.4,,,521
119,수원,2020-12-10 18:00,7.7,,,701
119,수원,2020-12-10 19:00,7.1,,,920
119,수원,2020-12-10 20:00,6.4,,,553
119,수원,2020-12-10 21:00,6.3,,,521
119,수원,2020-12-10 22:00,5.9,,,441
119,수원,2020-12-10 23:00,5.1,,,358
119,수원,2020-12-11 00:00,4,,,383
119,수원,2020-12-11 01:00,2.1,,,259
119,수원,2020-12-11 02:00,1.5,,,224
119,수원,2020-12-11 03:00,2,,,246
119,수원,2020-12-11 04:00,1.7,,,176
119,수원,2020-12-11 05:00,.8,,,185
119,수원,2020-12-11 06:00,.6,,,167
119,수원,2020-12-11 07:00,2.1,,,238
119,수원,2020-12-11 08:00,2,,,246
119,수원,2020-12-11 09:00,3.8,,,275
119,수원,2020-12-11 10:00,5.7,,,313
119,수원,2020-12-11 11:00,8,,,478
119,수원,2020-12-11 12:00,8.5,,,664
119,수원,2020-12-11 13:00,9.1,,,1596
119,수원,2020-12-11 14:00,9.5,,,1852
119,수원,2020-12-11 15:00,9.1,,,1779
119,수원,2020-12-11 16:00,9,,,1791
119,수원,2020-12-11 17:00,7.6,,,1171
119,수원,2020-12-11 18:00,7,,,691
119,수원,2020-12-11 19:00,6.1,,,560
119,수원,2020-12-11 20:00,5.2,,,485
119,수원,2020-12-11 21:00,4.5,,,516
119,수원,2020-12-11 22:00,3.9,,,540
119,수원,2020-12-11 23:00,3.4,,,428
119,수원,2020-12-12 00:00,3.5,,,429
119,수원,2020-12-12 01:00,4.2,,,552
119,수원,2020-12-12 02:00,3.5,,,719
119,수원,2020-12-12 03:00,3.1,,,853
119,수원,2020-12-12 04:00,2.2,,,1054
119,수원,2020-12-12 05:00,1.3,,,1140
119,수원,2020-12-12 06:00,.7,,,1025
119,수원,2020-12-12 07:00,-.5,,,965
119,수원,2020-12-12 08:00,-1,,,766
119,수원,2020-12-12 09:00,.8,,,768
119,수원,2020-12-12 10:00,3.5,,,943
119,수원,2020-12-12 11:00,4.9,,,1638
119,수원,2020-12-12 12:00,5.8,,,1998
119,수원,2020-12-12 13:00,6.2,,,1952
119,수원,2020-12-12 14:00,6.1,,,1968
119,수원,2020-12-12 15:00,6.2,,,1921
119,수원,2020-12-12 16:00,6.1,,,1909
119,수원,2020-12-12 17:00,4.4,,,2000
119,수원,2020-12-12 18:00,2.8,,,1981
119,수원,2020-12-12 19:00,1.8,,,1932
119,수원,2020-12-12 20:00,1.2,,,1813
119,수원,2020-12-12 21:00,.3,,,1474
119,수원,2020-12-12 22:00,-.7,,,1395
119,수원,2020-12-12 23:00,-1.2,,,1388
119,수원,2020-12-13 00:00,-.5,,,1435
119,수원,2020-12-13 01:00,.6,,,1730
119,수원,2020-12-13 02:00,.8,,,1132
119,수원,2020-12-13 03:00,.4,,,1290
119,수원,2020-12-13 04:00,.1,,,1232
119,수원,2020-12-13 05:00,.9,,,1283
119,수원,2020-12-13 06:00,.5,,,1255
119,수원,2020-12-13 07:00,1.5,,,1002
119,수원,2020-12-13 08:00,.2,,.9,499
119,수원,2020-12-13 09:00,-.5,1.5,2.4,402
119,수원,2020-12-13 10:00,.5,,2.4,691
119,수원,2020-12-13 11:00,.9,,1.6,548
119,수원,2020-12-13 12:00,1.3,.8,1.2,431
119,수원,2020-12-13 13:00,1.9,,.6,749
119,수원,2020-12-13 14:00,1.1,,.2,654
119,수원,2020-12-13 15:00,1.1,.1,,1175
119,수원,2020-12-13 16:00,.7,,,1686
119,수원,2020-12-13 17:00,.4,,,1677
119,수원,2020-12-13 18:00,-.9,,,2000
119,수원,2020-12-13 19:00,-2,,,2000
119,수원,2020-12-13 20:00,-3.1,,,1950
119,수원,2020-12-13 21:00,-3.6,,,2000
119,수원,2020-12-13 22:00,-4.4,,,2000
119,수원,2020-12-13 23:00,-4.9,,,2000
119,수원,2020-12-14 00:00,-5.2,,,2000
119,수원,2020-12-14 01:00,-5.8,,,2000
119,수원,2020-12-14 02:00,-6.1,,,2000
119,수원,2020-12-14 03:00,-6.5,,,2000
119,수원,2020-12-14 04:00,-7,,,2000
119,수원,2020-12-14 05:00,-7.3,,,2000
119,수원,2020-12-14 06:00,-7.9,,,2000
119,수원,2020-12-14 07:00,-8.4,,,2000
119,수원,2020-12-14 08:00,-8.7,,,2000
119,수원,2020-12-14 09:00,-8.1,,,2011
119,수원,2020-12-14 10:00,-7,,,1992
119,수원,2020-12-14 11:00,-6.5,,,2030
119,수원,2020-12-14 12:00,-5.4,,,1998
119,수원,2020-12-14 13:00,-4.6,,,2000
119,수원,2020-12-14 14:00,-4.6,,,1983
119,수원,2020-12-14 15:00,-4.9,,,2000
119,수원,2020-12-14 16:00,-4.8,,,1996
119,수원,2020-12-14 17:00,-5.5,,,2000
119,수원,2020-12-14 18:00,-6.1,,,2000
119,수원,2020-12-14 19:00,-6.2,,,2000
119,수원,2020-12-14 20:00,-6.6,,,2000
119,수원,2020-12-14 21:00,-6.8,,,2000
119,수원,2020-12-14 22:00,-7.2,,,2000
119,수원,2020-12-14 23:00,-7.8,,,2000
119,수원,2020-12-15 00:00,-7.9,,,2000
119,수원,2020-12-15 01:00,-8.1,,,2000
119,수원,2020-12-15 02:00,-8.2,,,2000
119,수원,2020-12-15 03:00,-8.7,,,2000
119,수원,2020-12-15 04:00,-9,,,2000
119,수원,2020-12-15 05:00,-9.2,,,2000
119,수원,2020-12-15 06:00,-9.1,,,2000
119,수원,2020-12-15 07:00,-9.4,,,2000
119,수원,2020-12-15 08:00,-9.5,,,1996
119,수원,2020-12-15 09:00,-8.4,,,2000
119,수원,2020-12-15 10:00,-7.4,,,1957
119,수원,2020-12-15 11:00,-6,,,2000
119,수원,2020-12-15 12:00,-5.2,,,1995
119,수원,2020-12-15 13:00,-4.3,,,1994
119,수원,2020-12-15 14:00,-4,,,1993
119,수원,2020-12-15 15:00,-3.9,,,2000
119,수원,2020-12-15 16:00,-4.2,,,2000
119,수원,2020-12-15 17:00,-4.9,,,2000
119,수원,2020-12-15 18:00,-5.7,,,2000
119,수원,2020-12-15 19:00,-6.2,,,2000
119,수원,2020-12-15 20:00,-6.8,,,2000
119,수원,2020-12-15 21:00,-6.7,,,1996
119,수원,2020-12-15 22:00,-6.8,,,2000
119,수원,2020-12-15 23:00,-7.3,,,2000
119,수원,2020-12-16 00:00,-7.7,,,1952
119,수원,2020-12-16 01:00,-7.9,,,2000
119,수원,2020-12-16 02:00,-8.3,,,2000
119,수원,2020-12-16 03:00,-8.9,,,2000
119,수원,2020-12-16 04:00,-9.6,,,2000
119,수원,2020-12-16 05:00,-9.3,,,2000
119,수원,2020-12-16 06:00,-9.6,,,2000
119,수원,2020-12-16 07:00,-9.5,,,2000
119,수원,2020-12-16 08:00,-9.2,,,1950
119,수원,2020-12-16 09:00,-8,,,2000
119,수원,2020-12-16 10:00,-7.4,,,2000
119,수원,2020-12-16 11:00,-6.1,,,1997
119,수원,2020-12-16 12:00,-5.1,,,2000
119,수원,2020-12-16 13:00,-4,,,2000
119,수원,2020-12-16 14:00,-3.7,,,1998
119,수원,2020-12-16 15:00,-3.3,,,1958
119,수원,2020-12-16 16:00,-3.6,,,2000
119,수원,2020-12-16 17:00,-4.3,,,2000
119,수원,2020-12-16 18:00,-5.1,,,2000
119,수원,2020-12-16 19:00,-6,,,2000
119,수원,2020-12-16 20:00,-6.5,,,2000
119,수원,2020-12-16 21:00,-6.7,,,1962
119,수원,2020-12-16 22:00,-7.4,,,2000
119,수원,2020-12-16 23:00,-8.2,,,2000
119,수원,2020-12-17 00:00,-9,,,2000
119,수원,2020-12-17 01:00,-9.5,,,2000
119,수원,2020-12-17 02:00,-9.5,,,2000
119,수원,2020-12-17 03:00,-10.6,,,1953
119,수원,2020-12-17 04:00,-10.7,,,2000
119,수원,2020-12-17 05:00,-11.1,,,2000
119,수원,2020-12-17 06:00,-11.5,,,2000
119,수원,2020-12-17 07:00,-11.2,,,1968
119,수원,2020-12-17 08:00,-10.9,,,1915
119,수원,2020-12-17 09:00,-8,,,1925
119,수원,2020-12-17 10:00,-6,,,1987
119,수원,2020-12-17 11:00,-4.8,,,1902
119,수원,2020-12-17 12:00,-3,,,2000
119,수원,2020-12-17 13:00,-1.5,,,2000
119,수원,2020-12-17 14:00,-.4,,,2000
119,수원,2020-12-17 15:00,-.3,,,1984
119,수원,2020-12-17 16:00,.2,,,2000
119,수원,2020-12-17 17:00,-.6,,,1932
119,수원,2020-12-17 18:00,-2.1,,,2000
119,수원,2020-12-17 19:00,-2.4,,,2000
119,수원,2020-12-17 20:00,-3.1,,,1996
119,수원,2020-12-17 21:00,-4.2,,,1994
119,수원,2020-12-17 22:00,-3.8,,,1969
119,수원,2020-12-17 23:00,-2.4,,,1990
119,수원,2020-12-18 00:00,-2.7,0,,1484
119,수원,2020-12-18 01:00,-2.4,,,2589
119,수원,2020-12-18 02:00,-2.2,,.1,896
119,수원,2020-12-18 03:00,-2.3,.2,.2,1130
119,수원,2020-12-18 04:00,-2.4,,.4,730
119,수원,2020-12-18 05:00,-2.2,,.6,632
119,수원,2020-12-18 06:00,-2.2,.8,.7,658
119,수원,2020-12-18 07:00,-1.8,,.8,857
119,수원,2020-12-18 08:00,-1.4,,.8,721
119,수원,2020-12-18 09:00,-.7,.1,.8,828
119,수원,2020-12-18 10:00,.2,,.5,638
119,수원,2020-12-18 11:00,1.4,,.4,1195
119,수원,2020-12-18 12:00,1.6,,.2,1751
119,수원,2020-12-18 13:00,1.7,,,1743
119,수원,2020-12-18 14:00,2,,,1923
119,수원,2020-12-18 15:00,1.6,,,1967
119,수원,2020-12-18 16:00,1.2,,,1988
119,수원,2020-12-18 17:00,.3,,,2000
119,수원,2020-12-18 18:00,-.5,,,1995
119,수원,2020-12-18 19:00,-1,,,2000
119,수원,2020-12-18 20:00,-1.9,,,2000
119,수원,2020-12-18 21:00,-3.3,,,2000
119,수원,2020-12-18 22:00,-4.9,,,2000
119,수원,2020-12-18 23:00,-5.4,,,2000
119,수원,2020-12-19 00:00,-6,,,2000
119,수원,2020-12-19 01:00,-6.6,,,2000
119,수원,2020-12-19 02:00,-6.5,,,2008
119,수원,2020-12-19 03:00,-7.1,,,2000
119,수원,2020-12-19 04:00,-7.3,,,1950
119,수원,2020-12-19 05:00,-7.7,,,2000
119,수원,2020-12-19 06:00,-7.8,,,2000
119,수원,2020-12-19 07:00,-8.7,,,2000
119,수원,2020-12-19 08:00,-8.8,,,2000
119,수원,2020-12-19 09:00,-7.1,,,2000
119,수원,2020-12-19 10:00,-6,,,1975
119,수원,2020-12-19 11:00,-4.3,,,2000
119,수원,2020-12-19 12:00,-2.9,,,1993
119,수원,2020-12-19 13:00,-1.6,,,2000
119,수원,2020-12-19 14:00,-1.5,,,2000
119,수원,2020-12-19 15:00,-1.6,,,2000
119,수원,2020-12-19 16:00,-1.5,,,1871
119,수원,2020-12-19 17:00,-2.6,,,2000
119,수원,2020-12-19 18:00,-3.6,,,2000
119,수원,2020-12-19 19:00,-3.1,,,2000
119,수원,2020-12-19 20:00,-3.2,,,2000
119,수원,2020-12-19 21:00,-2.8,,,2000
119,수원,2020-12-19 22:00,-2.8,,,2000
119,수원,2020-12-19 23:00,-3.5,,,2000
119,수원,2020-12-20 00:00,-3.7,,,2000
119,수원,2020-12-20 01:00,-4.2,,,2000
119,수원,2020-12-20 02:00,-4.5,,,2000
119,수원,2020-12-20 03:00,-5.7,,,2000
119,수원,2020-12-20 04:00,-6.9,,,1955
119,수원,2020-12-20 05:00,-7.4,,,2000
119,수원,2020-12-20 06:00,-8.4,,,2000
119,수원,2020-12-20 07:00,-9.6,,,2000
119,수원,2020-12-20 08:00,-9.1,,,2000
119,수원,2020-12-20 09:00,-6.2,,,1881
119,수원,2020-12-20 10:00,-3.7,,,1961
119,수원,2020-12-20 11:00,-2.6,,,1996
119,수원,2020-12-20 12:00,-.6,,,2000
119,수원,2020-12-20 13:00,.2,,,2000
119,수원,2020-12-20 14:00,1,,,1999
119,수원,2020-12-20 15:00,1.2,,,1975
119,수원,2020-12-20 16:00,.8,,,2000
119,수원,2020-12-20 17:00,-.3,,,2000
119,수원,2020-12-20 18:00,-1.9,,,2000
119,수원,2020-12-20 19:00,-2.6,,,2000
119,수원,2020-12-20 20:00,-2.6,,,2000
119,수원,2020-12-20 21:00,-3.5,,,2000
119,수원,2020-12-20 22:00,-4.2,,,2000
119,수원,2020-12-20 23:00,-5.4,,,2017
119,수원,2020-12-21 00:00,-6,,,1609
119,수원,2020-12-21 01:00,-5.9,,,1654
119,수원,2020-12-21 02:00,-6.3,,,1901
119,수원,2020-12-21 03:00,-5.4,,,1645
119,수원,2020-12-21 04:00,-6.2,,,1852
119,수원,2020-12-21 05:00,-7.2,,,1281
119,수원,2020-12-21 06:00,-6.7,,,1468
119,수원,2020-12-21 07:00,-6.2,,,1543
119,수원,2020-12-21 08:00,-5.5,,,1065
119,수원,2020-12-21 09:00,-3.6,,,1363
119,수원,2020-12-21 10:00,-1.6,,,1401
119,수원,2020-12-21 11:00,1,,,1779
119,수원,2020-12-21 12:00,2.5,,,1881
119,수원,2020-12-21 13:00,3.3,,,1862
119,수원,2020-12-21 14:00,3.3,,,1825
119,수원,2020-12-21 15:00,3.7,,,1988
119,수원,2020-12-21 16:00,3.2,,,1762
119,수원,2020-12-21 17:00,2.8,,,1856
119,수원,2020-12-21 18:00,1.3,,,1772
119,수원,2020-12-21 19:00,.3,,,1391
119,수원,2020-12-21 20:00,-.9,,,1031
119,수원,2020-12-21 21:00,-1.8,,,1020
119,수원,2020-12-21 22:00,-2.9,,,781
119,수원,2020-12-21 23:00,-2.9,,,757
119,수원,2020-12-22 00:00,-3.1,,,562
119,수원,2020-12-22 01:00,-2.9,,,550
119,수원,2020-12-22 02:00,-2.7,,,585
119,수원,2020-12-22 03:00,-2.4,,,585
119,수원,2020-12-22 04:00,-2,,,564
119,수원,2020-12-22 05:00,-1.6,,.2,400
119,수원,2020-12-22 06:00,-1.2,.5,.5,430
119,수원,2020-12-22 07:00,-1,,.6,478
119,수원,2020-12-22 08:00,-.4,,.6,715
119,수원,2020-12-22 09:00,-.1,.2,.5,882
119,수원,2020-12-22 10:00,1.6,,.5,816
119,수원,2020-12-22 11:00,3,,.2,1777
119,수원,2020-12-22 12:00,4.9,,,1160
119,수원,2020-12-22 13:00,6.1,,,1139
119,수원,2020-12-22 14:00,5.7,,,1153
119,수원,2020-12-22 15:00,6.4,,,1447
119,수원,2020-12-22 16:00,6.3,,,1775
119,수원,2020-12-22 17:00,5.2,,,1916
119,수원,2020-12-22 18:00,3.6,,,1078
119,수원,2020-12-22 19:00,2,,,1301
119,수원,2020-12-22 20:00,1.5,,,1323
119,수원,2020-12-22 21:00,1.8,,,1294
119,수원,2020-12-22 22:00,1.5,,,1158
119,수원,2020-12-22 23:00,1.6,,,1088
119,수원,2020-12-23 00:00,-.2,,,673
119,수원,2020-12-23 01:00,-.8,,,898
119,수원,2020-12-23 02:00,-1.3,,,1978
119,수원,2020-12-23 03:00,-1.2,,,656
119,수원,2020-12-23 04:00,-1.2,,,890
119,수원,2020-12-23 05:00,-1.8,,,567
119,수원,2020-12-23 06:00,-1.5,,,900
119,수원,2020-12-23 07:00,-.6,,,1181
119,수원,2020-12-23 08:00,0,,,1733
119,수원,2020-12-23 09:00,1.3,,,757
119,수원,2020-12-23 10:00,3.4,,,660
119,수원,2020-12-23 11:00,4.8,,,718
119,수원,2020-12-23 12:00,6.6,,,720
119,수원,2020-12-23 13:00,7.6,,,792
119,수원,2020-12-23 14:00,8.8,,,716
119,수원,2020-12-23 15:00,8.6,,,512
119,수원,2020-12-23 16:00,8.4,,,592
119,수원,2020-12-23 17:00,7.9,,,508
119,수원,2020-12-23 18:00,6.7,,,615
119,수원,2020-12-23 19:00,6,,,703
119,수원,2020-12-23 20:00,4.4,,,662
119,수원,2020-12-23 21:00,4.9,,,584
119,수원,2020-12-23 22:00,5.3,,,468
119,수원,2020-12-23 23:00,4.9,,,502
119,수원,2020-12-24 00:00,3.4,,,485
119,수원,2020-12-24 01:00,3.5,,,427
119,수원,2020-12-24 02:00,3.5,,,345
119,수원,2020-12-24 03:00,3,.2,,277
119,수원,2020-12-24 04:00,3.3,,,174
119,수원,2020-12-24 05:00,3.2,,,238
119,수원,2020-12-24 06:00,2.5,,,353
119,수원,2020-12-24 07:00,3.1,,,471
119,수원,2020-12-24 08:00,1.8,,,348
119,수원,2020-12-24 09:00,3,,,506
119,수원,2020-12-24 10:00,4.9,,,529
119,수원,2020-12-24 11:00,5.8,,,730
119,수원,2020-12-24 12:00,5.9,,,918
119,수원,2020-12-24 13:00,5.4,,,1744
119,수원,2020-12-24 14:00,5.1,,,1700
119,수원,2020-12-24 15:00,4.3,,,1820
119,수원,2020-12-24 16:00,3.6,,,1997
119,수원,2020-12-24 17:00,2.8,,,2000
119,수원,2020-12-24 18:00,2,,,2000
119,수원,2020-12-24 19:00,1.5,,,1949
119,수원,2020-12-24 20:00,.9,,,2000
119,수원,2020-12-24 21:00,.2,,,2000
119,수원,2020-12-24 22:00,-.4,,,2000
119,수원,2020-12-24 23:00,-1.2,,,2000
119,수원,2020-12-25 00:00,-1.3,,,2000
119,수원,2020-12-25 01:00,-2.1,,,2000
119,수원,2020-12-25 02:00,-3.3,,,2000
119,수원,2020-12-25 03:00,-3.5,,,2000
119,수원,2020-12-25 04:00,-4.7,,,2015
119,수원,2020-12-25 05:00,-4.7,,,1965
119,수원,2020-12-25 06:00,-4.3,,,1958
119,수원,2020-12-25 07:00,-3.9,,,1923
119,수원,2020-12-25 08:00,-4,,,1912
119,수원,2020-12-25 09:00,-1.7,,,1851
119,수원,2020-12-25 10:00,-.3,,,1883
119,수원,2020-12-25 11:00,.9,,,1993
119,수원,2020-12-25 12:00,2.3,,,1933
119,수원,2020-12-25 13:00,2.8,,,1956
119,수원,2020-12-25 14:00,3.3,,,2000
119,수원,2020-12-25 15:00,3.4,,,2000
119,수원,2020-12-25 16:00,3.1,,,2000
119,수원,2020-12-25 17:00,2.1,,,2000
119,수원,2020-12-25 18:00,.5,,,2000
119,수원,2020-12-25 19:00,-.1,,,1977
119,수원,2020-12-25 20:00,-1.2,,,1991
119,수원,2020-12-25 21:00,-2,,,1877
119,수원,2020-12-25 22:00,-3,,,2001
119,수원,2020-12-25 23:00,-2.3,,,1806
119,수원,2020-12-26 00:00,-2.7,,,1626
119,수원,2020-12-26 01:00,-2.5,,,1831
119,수원,2020-12-26 02:00,-1.9,,,1425
119,수원,2020-12-26 03:00,-1.7,0,,1754
119,수원,2020-12-26 04:00,-2.4,,,1841
119,수원,2020-12-26 05:00,-2.5,,,1626
119,수원,2020-12-26 06:00,-2.1,,,1767
119,수원,2020-12-26 07:00,-1.9,,,1677
119,수원,2020-12-26 08:00,-1.6,,,2000
119,수원,2020-12-26 09:00,-1.1,,,1293
119,수원,2020-12-26 10:00,1.5,,,1571
119,수원,2020-12-26 11:00,2.8,,,1579
119,수원,2020-12-26 12:00,4.8,,,1470
119,수원,2020-12-26 13:00,6.9,,,1235
119,수원,2020-12-26 14:00,8.1,,,743
119,수원,2020-12-26 15:00,8,,,780
119,수원,2020-12-26 16:00,7.4,,,680
119,수원,2020-12-26 17:00,5.8,,,653
119,수원,2020-12-26 18:00,4.1,,,579
119,수원,2020-12-26 19:00,3.1,,,546
119,수원,2020-12-26 20:00,1.3,,,612
119,수원,2020-12-26 21:00,.1,,,573
119,수원,2020-12-26 22:00,0,,,756
119,수원,2020-12-26 23:00,.7,,,679
119,수원,2020-12-27 00:00,.9,,,737
119,수원,2020-12-27 01:00,1.1,,,800
119,수원,2020-12-27 02:00,1.2,,,656
119,수원,2020-12-27 03:00,1.8,0,,766
119,수원,2020-12-27 04:00,1.6,,,920
119,수원,2020-12-27 05:00,1.8,,,1659
119,수원,2020-12-27 06:00,1.3,,,758
119,수원,2020-12-27 07:00,.8,,,766
119,수원,2020-12-27 08:00,.4,,,741
119,수원,2020-12-27 09:00,2.3,,,500
119,수원,2020-12-27 10:00,4.6,,,603
119,수원,2020-12-27 11:00,6,,,771
119,수원,2020-12-27 12:00,7.8,,,912
119,수원,2020-12-27 13:00,8.6,,,1107
119,수원,2020-12-27 14:00,8.8,,,1369
119,수원,2020-12-27 15:00,8.9,,,1132
119,수원,2020-12-27 16:00,8.9,,,1162
119,수원,2020-12-27 17:00,8.2,,,1132
119,수원,2020-12-27 18:00,7.3,,,912
119,수원,2020-12-27 19:00,6.4,,,838
119,수원,2020-12-27 20:00,5,,,705
119,수원,2020-12-27 21:00,4.1,,,644
119,수원,2020-12-27 22:00,3.8,,,566
119,수원,2020-12-27 23:00,4.5,,,592
119,수원,2020-12-28 00:00,3.9,0,,603
119,수원,2020-12-28 01:00,3.4,,,554
119,수원,2020-12-28 02:00,3.7,,,551
119,수원,2020-12-28 03:00,4.5,0,,876
119,수원,2020-12-28 04:00,4.5,,,611
119,수원,2020-12-28 05:00,4.7,,,668
119,수원,2020-12-28 06:00,4.5,0,,668
119,수원,2020-12-28 07:00,3.8,,,581
119,수원,2020-12-28 08:00,3.5,,,519
119,수원,2020-12-28 09:00,4,,,825
119,수원,2020-12-28 10:00,6.2,,,710
119,수원,2020-12-28 11:00,6.8,,,721
119,수원,2020-12-28 12:00,7.2,,,759
119,수원,2020-12-28 13:00,8.9,,,797
119,수원,2020-12-28 14:00,10.4,,,595
119,수원,2020-12-28 15:00,10.6,,,700
119,수원,2020-12-28 16:00,10.8,,,779
119,수원,2020-12-28 17:00,8.6,,,510
119,수원,2020-12-28 18:00,6.5,,,490
119,수원,2020-12-28 19:00,5.4,,,369
119,수원,2020-12-28 20:00,5,,,429
119,수원,2020-12-28 21:00,3.5,,,330
119,수원,2020-12-28 22:00,2.7,,,362
119,수원,2020-12-28 23:00,1.8,,,340
119,수원,2020-12-29 00:00,1.4,,,318
119,수원,2020-12-29 01:00,1.6,,,268
119,수원,2020-12-29 02:00,.6,,,249
119,수원,2020-12-29 03:00,-1.5,,,17
119,수원,2020-12-29 04:00,-1.3,,,20
119,수원,2020-12-29 05:00,0,,,14
119,수원,2020-12-29 06:00,-.1,,,15
119,수원,2020-12-29 07:00,.7,,,20
119,수원,2020-12-29 08:00,.8,,,23
119,수원,2020-12-29 09:00,1.4,,,67
119,수원,2020-12-29 10:00,2.2,,,101
119,수원,2020-12-29 11:00,3.9,,,769
119,수원,2020-12-29 12:00,3.4,,,631
119,수원,2020-12-29 13:00,3.3,,,617
119,수원,2020-12-29 14:00,2.8,,,775
119,수원,2020-12-29 15:00,1.4,0,,950
119,수원,2020-12-29 16:00,1.5,,,643
119,수원,2020-12-29 17:00,.5,,,187
119,수원,2020-12-29 18:00,.1,.2,,625
119,수원,2020-12-29 19:00,.2,,,562
119,수원,2020-12-29 20:00,-.7,,,1627
119,수원,2020-12-29 21:00,-2.1,0,,1884
119,수원,2020-12-29 22:00,-3.5,,,1836
119,수원,2020-12-29 23:00,-4.5,,,1582
119,수원,2020-12-30 00:00,-5.4,,,1827
119,수원,2020-12-30 01:00,-6.4,,,1942
119,수원,2020-12-30 02:00,-7.5,,,2009
119,수원,2020-12-30 03:00,-8.2,,,1931
119,수원,2020-12-30 04:00,-9,,,1804
119,수원,2020-12-30 05:00,-9.5,,,1723
119,수원,2020-12-30 06:00,-10.2,,,1996
119,수원,2020-12-30 07:00,-10.8,,,2000
119,수원,2020-12-30 08:00,-11.2,,,2000
119,수원,2020-12-30 09:00,-11.1,,,2000
119,수원,2020-12-30 10:00,-10.2,,,1997
119,수원,2020-12-30 11:00,-9.6,,,2003
119,수원,2020-12-30 12:00,-9,,,1965
119,수원,2020-12-30 13:00,-8.9,,,1998
119,수원,2020-12-30 14:00,-8.6,,,2000
119,수원,2020-12-30 15:00,-8.6,,,1947
119,수원,2020-12-30 16:00,-8.4,,,2000
119,수원,2020-12-30 17:00,-8.9,,,2000
119,수원,2020-12-30 18:00,-9.4,,,2000
119,수원,2020-12-30 19:00,-9.8,,,2000
119,수원,2020-12-30 20:00,-10.5,,,2000
119,수원,2020-12-30 21:00,-11.6,,,2000
119,수원,2020-12-30 22:00,-12,,,1906
119,수원,2020-12-30 23:00,-12.1,,,2000
119,수원,2020-12-31 00:00,-12.3,,,2000
119,수원,2020-12-31 01:00,-12,,,2000
119,수원,2020-12-31 02:00,-12.1,,,2000
119,수원,2020-12-31 03:00,-12.2,,,2000
119,수원,2020-12-31 04:00,-12,,,2000
119,수원,2020-12-31 05:00,-11.8,,,2000
119,수원,2020-12-31 06:00,-12.6,,,2000
119,수원,2020-12-31 07:00,-12.4,,,1995
119,수원,2020-12-31 08:00,-10.8,,,2000
119,수원,2020-12-31 09:00,-9.9,,,1955
119,수원,2020-12-31 10:00,-8.6,,,1997
119,수원,2020-12-31 11:00,-7.9,,,1935
119,수원,2020-12-31 12:00,-6.5,,,1998
119,수원,2020-12-31 13:00,-5.8,,,1995
119,수원,2020-12-31 14:00,-5,,,1890
119,수원,2020-12-31 15:00,-5.8,0,,1010
119,수원,2020-12-31 16:00,-6,,,1942
119,수원,2020-12-31 17:00,-6,,,1935
119,수원,2020-12-31 18:00,-6.8,0,,1997
119,수원,2020-12-31 19:00,-7,,,2000
119,수원,2020-12-31 20:00,-8,,,2000
119,수원,2020-12-31 21:00,-7.5,,,2000
119,수원,2020-12-31 22:00,-6.9,,,2000
119,수원,2020-12-31 23:00,-8.2,,,1864
