카테고리,가게명,주소,정제된_주소,lat,lon
1인분 주문,바른보쌈1990-안산상록구점,"경기도 안산시 상록구 본오동 872-20 우성아파트 상가동 104,141호",경기도 안산시 상록구 본오동 872-20,37.2977001,126.8650771
1인분 주문,삼겹살의품격-상록점,경기도 안산시 상록구 본오동 888-17 102호,경기도 안산시 상록구 본오동 888-17,37.2930453,126.8600052
1인분 주문,혼밥도시락-본오동,경기도 안산시 상록구 본오동 668 668,경기도 안산시 상록구 본오동 668,37.2880923,126.8650492
1인분 주문,김밥천국-본오점,경기도 안산시 상록구 본오동 769-20 1층 일부 104호,경기도 안산시 상록구 본오동 769-20,37.2950172,126.87289
1인분 주문,삼겹플레이스-상록수점,경기도 안산시 상록구 본오동 872 월드아파트 상가3동 지층 B02호 일부,경기도 안산시 상록구 본오동 872,37.2998508,126.8651151
1인분 주문,본죽앤비빔밥-안산본오점,경기도 안산시 상록구 본오동 871-1 유경빌딩 103호,경기도 안산시 상록구 본오동 871-1,37.2966,126.8633807
1인분 주문,BRsingles-안산본오점,경기도 안산시 상록구 본오동 882-7 1층,경기도 안산시 상록구 본오동 882-7,37.293374,126.862522
1인분 주문,큰손닭강정-안산본오점,경기도 안산시 상록구 본오동 813-17 1층,경기도 안산시 상록구 본오동 813-17,37.2975079,126.8668905
1인분 주문,"요찌정,요기가찌개정말잘하는집-상록점",경기도 안산시 상록구 본오동 888-17 888-17 1층 102호,경기도 안산시 상록구 본오동 888-17,37.2930453,126.8600052
1인분 주문,본죽-안산본오1동점,경기도 안산시 상록구 본오동 870-9 1층,경기도 안산시 상록구 본오동 870-9,37.2933098,126.8644384
1인분 주문,빽다방-안산본오주공점,"경기도 안산시 상록구 본오동 879-1 웅진빌딩 879-1 웅진빌딩 105,106호",경기도 안산시 상록구 본오동 879-1,37.3007083,126.8630139
1인분 주문,김치찜어때-안산점,경기도 안산시 상록구 본오동 873-1 상경빌딩 지하1층 115호,경기도 안산시 상록구 본오동 873-1,37.3014246,126.8643357
1인분 주문,노브랜드버거-안산본오점,"경기도 안산시 상록구 본오동 872-11 대승프라자 103호 일부, 104호, 105호",경기도 안산시 상록구 본오동 872-11,37.2987654,126.8634859
1인분 주문,메가MGC커피-안산본오사거리점,경기도 안산시 상록구 본오동 813-11 1층 일부,경기도 안산시 상록구 본오동 813-11,37.2968542,126.8670789
1인분 주문,하이오커피-안산본오점,"경기도 안산시 상록구 본오동 871-5 우남빌딩 103, 104호",경기도 안산시 상록구 본오동 871-5,37.2958374,126.8633323
1인분 주문,맘스터치-안산본오점,경기도 안산시 상록구 본오동 879-2 동서빌딩 1층101나호,경기도 안산시 상록구 본오동 879-2,37.3004985,126.8630076
1인분 주문,로즈핀치,경기도 안산시 상록구 본오동 862-8 1층 일부호,경기도 안산시 상록구 본오동 862-8,37.2932837,126.8660408
1인분 주문,메가혼밥-상록점,경기도 안산시 상록구 본오동 888-17 102호,경기도 안산시 상록구 본오동 888-17,37.2930453,126.8600052
1인분 주문,BRsingles-안산상록수점,"경기도 안산시 상록구 본오동 873-5 서해프라자 873-5 서해프라자 1층 106, 107호",경기도 안산시 상록구 본오동 873-5,37.3013731,126.8659016
1인분 주문,메가토핑김치찜-상록점,경기도 안산시 상록구 본오동 888-17 888-17 1층 102호,경기도 안산시 상록구 본오동 888-17,37.2930453,126.8600052
1인분 주문,깨송송덮밥,경기도 안산시 상록구 본오동 668,경기도 안산시 상록구 본오동 668,37.2880923,126.8650492
1인분 주문,정우의덮밥&도시락-상록수점,경기도 안산시 상록구 본오동 872 월드아파트 상가3동 지층 B02호 일부,경기도 안산시 상록구 본오동 872,37.2998508,126.8651151
1인분 주문,본죽-안산상록수역점,경기도 안산시 상록구 본오동 872 월드아파트 1층 106호,경기도 안산시 상록구 본오동 872,37.2998508,126.8651151
1인분 주문,비빔밥입니다-상록점,경기도 안산시 상록구 본오동 888-17 102호,경기도 안산시 상록구 본오동 888-17,37.2930453,126.8600052
1인분 주문,리얼짜글이-상록점,경기도 안산시 상록구 본오동 888-17 888-17 1층 102호,경기도 안산시 상록구 본오동 888-17,37.2930453,126.8600052
1인분 주문,파스타집이야-안산상록수점,경기도 안산시 상록구 본오동 873-1 상경빌딩 상경빌딩B102호 (본오동),경기도 안산시 상록구 본오동 873-1,37.3014246,126.8643357
1인분 주문,덮밥집이야-상록수점,"경기도 안산시 상록구 본오동 873-1 상경빌딩 B102호 (본오동,상경빌딩)",경기도 안산시 상록구 본오동 873-1,37.3014246,126.8643357
1인분 주문,봉카츠-안산직영점,"경기도 안산시 상록구 본오동 872 월드아파트 상가3동 지B01호일부, B02호 일부(2호)",경기도 안산시 상록구 본오동 872,37.2998508,126.8651151
1인분 주문,희담김밥,경기도 안산시 상록구 본오동 885-6 885-6 105호,경기도 안산시 상록구 본오동 885-6,37.2921147,126.8626314
1인분 주문,바삭닭강정,경기도 안산시 상록구 본오동 874-6 대동빌딩 1층 104호,경기도 안산시 상록구 본오동 874-6,37.3021922,126.865944
1인분 주문,국밥은이거지-안산본오점,경기도 안산시 상록구 본오동 873-1 상경빌딩 지1층 B111호,경기도 안산시 상록구 본오동 873-1,37.3014246,126.8643357
1인분 주문,지미카레-안산본오점,경기도 안산시 상록구 본오동 790-14 상가 1층 101호 일부,경기도 안산시 상록구 본오동 790-14,37.2950808,126.8707275
1인분 주문,김나인닭강정,경기도 안산시 상록구 본오동 873-1 상경빌딩 지층 104호,경기도 안산시 상록구 본오동 873-1,37.3014246,126.8643357
프랜차이즈,치킨플러스-안산본오점,경기도 안산시 상록구 본오동 922-4 922-4 101호,경기도 안산시 상록구 본오동 922-4,37.2900881,126.8645028
프랜차이즈,프랭크버거-본오점,경기도 안산시 상록구 본오동 882-7 1층 103호,경기도 안산시 상록구 본오동 882-7,37.293374,126.862522
프랜차이즈,왓더버거-상록수점,경기도 안산시 상록구 본오동 880-14 우성프라자 1층 103호,경기도 안산시 상록구 본오동 880-14,37.2939799,126.8626731
프랜차이즈,BHC-안산본오점,경기도 안산시 상록구 본오동 915-5 1층 102호,경기도 안산시 상록구 본오동 915-5,37.2900515,126.8656228
프랜차이즈,푸라닭-안산본오점,"경기도 안산시 상록구 본오동 868-11 868-11 1층 104,105호",경기도 안산시 상록구 본오동 868-11,37.2920995,126.8630847
프랜차이즈,롯데리아-안산본오점,"경기도 안산시 상록구 본오동 872-18 동성빌딩 872-18 동성빌딩 101,102,103,108,109호",경기도 안산시 상록구 본오동 872-18,37.29721,126.8634054
프랜차이즈,피자헐-본오점,경기도 안산시 상록구 본오동 855-7 855-7,경기도 안산시 상록구 본오동 855-7,37.2916302,126.8678016
프랜차이즈,60계치킨-경기안산상록수점,"경기도 안산시 상록구 본오동 872-12 104,105호",경기도 안산시 상록구 본오동 872-12,37.2985585,126.8634752
프랜차이즈,후라이드참잘하는집-상록수점,"경기도 안산시 상록구 본오동 879-16 신안2차아파트 상가동 신안아파트 상가1층 103,104호",경기도 안산시 상록구 본오동 879-16,37.2976012,126.8612081
프랜차이즈,굽네치킨&피자-본오2동점,경기도 안산시 상록구 본오동 818 1층 102호,경기도 안산시 상록구 본오동 818,37.2957369,126.8672959
프랜차이즈,노모어피자-안산본오점,경기도 안산시 상록구 본오동 823 1층 일부호,경기도 안산시 상록구 본오동 823,37.2942667,126.8667232
프랜차이즈,가마치통닭-경기안산상록수역점,"경기도 안산시 상록구 본오동 872 월드아파트 상가 2동 1층 109,110호",경기도 안산시 상록구 본오동 872,37.2998508,126.8651151
프랜차이즈,교촌치킨-본오1호점,경기도 안산시 상록구 본오동 879-10 초원빌딩 879-10 초원빌딩 101호,경기도 안산시 상록구 본오동 879-10,37.2977868,126.8628704
프랜차이즈,노랑통닭-안산본오점,경기도 안산시 상록구 본오동 886 1층,경기도 안산시 상록구 본오동 886,37.2923739,126.8599699
프랜차이즈,버거킹-상록수역점,"경기도 안산시 상록구 본오동 873-5 서해프라자 873-5 서해프라자 1층일부, 2층일부",경기도 안산시 상록구 본오동 873-5,37.3013731,126.8659016
프랜차이즈,BBQ-본오점,경기도 안산시 상록구 본오동 879-16 신안2차아파트 879-16 신안2단지아파트상가 11,경기도 안산시 상록구 본오동 879-16,37.2976012,126.8612081
프랜차이즈,대한성-본오점,"경기도 안산시 상록구 본오동 880-12 굿모닝리빙프라자 II 880-12 101호,102호(굿모닝리빙프라자 2)",경기도 안산시 상록구 본오동 880-12,37.2943624,126.8626929
프랜차이즈,자담치킨-본오점,경기도 안산시 상록구 본오동 783-3 783-3,경기도 안산시 상록구 본오동 783-3,37.2934984,126.8709704
프랜차이즈,동근이숯불두마리치킨-안산본오점,경기도 안산시 상록구 본오동 871-7 1층 102호,경기도 안산시 상록구 본오동 871-7,37.2953787,126.8633103
프랜차이즈,둘둘치킨-본오점,경기도 안산시 상록구 본오동 871-5 우남빌딩 108호,경기도 안산시 상록구 본오동 871-5,37.2958374,126.8633323
프랜차이즈,바른치킨-본오점,경기도 안산시 상록구 본오동 898 1층 101호,경기도 안산시 상록구 본오동 898,37.2918909,126.859952
프랜차이즈,치킨마루-본오점,경기도 안산시 상록구 본오동 827-8,경기도 안산시 상록구 본오동 827-8,37.2935654,126.8689551
프랜차이즈,네네치킨-본오2호점,경기도 안산시 상록구 본오동 886-8 886-8 1층 102호,경기도 안산시 상록구 본오동 886-8,37.2923346,126.8611663
프랜차이즈,보배반점-안산본오점,경기도 안산시 상록구 본오동 870-8 1층,경기도 안산시 상록구 본오동 870-8,37.2933147,126.8642917
프랜차이즈,훌랄라참숯치킨-본오동점,경기도 안산시 상록구 본오동 924-3 924-3,경기도 안산시 상록구 본오동 924-3,37.2899739,126.8627623
프랜차이즈,누구나홀딱반한닭-안산본오점,"경기도 안산시 상록구 본오동 889-3 889-3 101,201호",경기도 안산시 상록구 본오동 889-3,37.293444,126.8604165
프랜차이즈,백억커피-안산본오점,경기도 안산시 상록구 본오동 854 1층 일부,경기도 안산시 상록구 본오동 854,37.2908978,126.8665714
프랜차이즈,투몬스터캔커피-본오직영점,경기도 안산시 상록구 본오동 909-9 한은빌딩 2층,경기도 안산시 상록구 본오동 909-9,37.2904537,126.8639477
프랜차이즈,KFC-안산상록수점,경기도 안산시 상록구 본오동 874-11 삼우프라자 103~104호,경기도 안산시 상록구 본오동 874-11,37.3019247,126.8647562
프랜차이즈,파파존스피자-안산상록점,경기도 안산시 상록구 본오동 862-10 1층 101호,경기도 안산시 상록구 본오동 862-10,37.2931552,126.8662486
프랜차이즈,1키로공룡닭강정-안산본오점,경기도 안산시 상록구 본오동 668-6 1층 일부,경기도 안산시 상록구 본오동 668-6,37.2880688,126.8658764
프랜차이즈,청년다방-안산본오점,경기도 안산시 상록구 본오동 880-5 107호,경기도 안산시 상록구 본오동 880-5,37.2958566,126.8627724
프랜차이즈,두찜-안산본오점,경기도 안산시 상록구 본오동 854-13 854-13 1층 102호,경기도 안산시 상록구 본오동 854-13,37.2903516,126.867051
프랜차이즈,동대문엽기떡볶이-안산본오1동점,경기도 안산시 상록구 본오동 949-1 1층 102호,경기도 안산시 상록구 본오동 949-1,37.2868925,126.8629723
프랜차이즈,또봉이통닭-안산본오점,경기도 안산시 상록구 본오동 823-10 1층,경기도 안산시 상록구 본오동 823-10,37.2936071,126.8676308
프랜차이즈,신전떡볶이-본오점,경기도 안산시 상록구 본오동 815-6,경기도 안산시 상록구 본오동 815-6,37.2964278,126.8692629
프랜차이즈,죠스떡볶이-상록수역점,경기도 안산시 상록구 본오동 874-5 미림프라자 874-5 미림프라자,경기도 안산시 상록구 본오동 874-5,37.3022053,126.8655452
프랜차이즈,컴포즈커피-안산상록수점,경기도 안산시 상록구 본오동 873-10 해동빌딩 1층 105호,경기도 안산시 상록구 본오동 873-10,37.3011059,126.8647143
프랜차이즈,오븐에빠진닭-안산본오점,경기도 안산시 상록구 본오동 769 769 2층,경기도 안산시 상록구 본오동 769,37.2955734,126.8729424
프랜차이즈,응급실국물떡볶이-안산본오점,경기도 안산시 상록구 본오동 889-9 889-9 101호,경기도 안산시 상록구 본오동 889-9,37.2934196,126.8612285
프랜차이즈,백종원의역전우동&덮밥-안산본오점,"경기도 안산시 상록구 본오동 880-4 혜연빌딩 101,102호",경기도 안산시 상록구 본오동 880-4,37.2960463,126.8627801
프랜차이즈,달떡볶이-본오점,경기도 안산시 상록구 본오동 813-18 1층 일부 104호,경기도 안산시 상록구 본오동 813-18,37.2976514,126.8668978
프랜차이즈,파슷타애요-안산본점,"경기도 안산시 상록구 본오동 872 월드아파트 상가3동 지하층 103호(본오동, 월드아파트)",경기도 안산시 상록구 본오동 872,37.2998508,126.8651151
프랜차이즈,에바돈가츠-안산본오점,경기도 안산시 상록구 본오동 857-4 1층,경기도 안산시 상록구 본오동 857-4,37.2931693,126.8686678
프랜차이즈,구도로통닭-상록수역점,경기도 안산시 상록구 본오동 872-3 안산송촌빌딩 1층 104호(본오동),경기도 안산시 상록구 본오동 872-3,37.3004878,126.8635754
프랜차이즈,서오릉피자-상록수점,경기도 안산시 상록구 본오동 873-11 인제빌딩 1층 106호,경기도 안산시 상록구 본오동 873-11,37.3011188,126.86432
프랜차이즈,동해횟집,경기도 안산시 상록구 본오동 666-11 1층 101호,경기도 안산시 상록구 본오동 666-11,37.2877957,126.8640798
프랜차이즈,더벤티-안산본오점,경기도 안산시 상록구 본오동 880-15 강남빌딩 103호,경기도 안산시 상록구 본오동 880-15,37.2937885,126.8626564
프랜차이즈,파리바게뜨-안산본오중점,"경기도 안산시 상록구 본오동 854-18 동양빌딩 101, 102호",경기도 안산시 상록구 본오동 854-18,37.2907424,126.8665633
프랜차이즈,마라벅스마라탕-본오점,경기도 안산시 상록구 본오동 880-13 굿모닝리빙프라자 I 1층 104호,경기도 안산시 상록구 본오동 880-13,37.2941712,126.862683
프랜차이즈,감동까스-안산본오점,경기도 안산시 상록구 본오동 869-7 1층 일부,경기도 안산시 상록구 본오동 869-7,37.2928934,126.8645536
프랜차이즈,배스킨라빈스-안산본오점,경기도 안산시 상록구 본오동 882-7 882-7 1층,경기도 안산시 상록구 본오동 882-7,37.293374,126.862522
프랜차이즈,떡볶이플러스-안산본오점,경기도 안산시 상록구 본오동 922-4 922-4 101호,경기도 안산시 상록구 본오동 922-4,37.2900881,126.8645028
프랜차이즈,포케올데이샐러드&도시락-안산상록수역점,경기도 안산시 상록구 본오동 874-10 서일빌딩 201호 일부,경기도 안산시 상록구 본오동 874-10,37.301912,126.8651391
프랜차이즈,포트리스베트남쌀국수-안산본오점,경기도 안산시 상록구 본오동 854-17 1층 일부호,경기도 안산시 상록구 본오동 854-17,37.2905576,126.8665537
프랜차이즈,배떡-본오점,경기도 안산시 상록구 본오동 820-22 102호,경기도 안산시 상록구 본오동 820-22,37.2951664,126.8681157
프랜차이즈,중평떡볶이-안산상록점,경기도 안산시 상록구 본오동 810-2 기산빌딩 1층 104호,경기도 안산시 상록구 본오동 810-2,37.2980136,126.8669492
프랜차이즈,맥시칸치킨-상록수점,경기도 안산시 상록구 본오동 1129-8 1129-8번지 1층,경기도 안산시 상록구 본오동 1129-8,37.3007895,126.8731721
프랜차이즈,떡의작품가래떡볶이-상록수본점,경기도 안산시 상록구 본오동 874-5 미림프라자 105호,경기도 안산시 상록구 본오동 874-5,37.3022053,126.8655452
프랜차이즈,탕화쿵푸마라탕-본오점,경기도 안산시 상록구 본오동 823-7 1층,경기도 안산시 상록구 본오동 823-7,37.293625,126.8671592
프랜차이즈,치킨혁명-본오점,경기도 안산시 상록구 본오동 829-10 1층102호,경기도 안산시 상록구 본오동 829-10,37.2926263,126.8722838
프랜차이즈,요아정-안산상록점,경기도 안산시 상록구 본오동 903-9 1층 일부,경기도 안산시 상록구 본오동 903-9,37.2916328,126.8630363
프랜차이즈,애플김밥-본점,경기도 안산시 상록구 본오동 872-20 우성아파트 상가동 139호,경기도 안산시 상록구 본오동 872-20,37.2977001,126.8650771
프랜차이즈,조선육회-상록점,경기도 안산시 상록구 본오동 823-11 1층,경기도 안산시 상록구 본오동 823-11,37.2936481,126.8666977
프랜차이즈,유미카츠-상록수점,경기도 안산시 상록구 본오동 873-10 해동빌딩 104호,경기도 안산시 상록구 본오동 873-10,37.3011059,126.8647143
프랜차이즈,다복향마라탕-본오점,경기도 안산시 상록구 본오동 882-6 1층 일부,경기도 안산시 상록구 본오동 882-6,37.2933755,126.8623119
프랜차이즈,고기듬뿍국물두루치기-본오점,경기도 안산시 상록구 본오동 866-17 105호,경기도 안산시 상록구 본오동 866-17,37.2920625,126.8640162
프랜차이즈,와다라멘-안산상록점,경기도 안산시 상록구 본오동 872-20 우성아파트 상가동 136호,경기도 안산시 상록구 본오동 872-20,37.2977001,126.8650771
프랜차이즈,스테이크존-본오점,경기도 안산시 상록구 본오동 827-1 1층 일부,경기도 안산시 상록구 본오동 827-1,37.2935974,126.8679897
프랜차이즈,보끔당-안산본오점,경기도 안산시 상록구 본오동 880-7 1층 103호,경기도 안산시 상록구 본오동 880-7,37.2953979,126.8627465
프랜차이즈,가장맛있는족발-본오점,경기도 안산시 상록구 본오동 871-10 로스코프라자 871-10 로스코프라자 1층 101호,경기도 안산시 상록구 본오동 871-10,37.2947993,126.8632783
프랜차이즈,덮밥90도씨-안산점,경기도 안산시 상록구 본오동 872 월드아파트 상가3동 상가3동 지하층 104호,경기도 안산시 상록구 본오동 872,37.2998508,126.8651151
프랜차이즈,소림마라-상록수점,경기도 안산시 상록구 본오동 873-1 상경빌딩 지하층 B117호,경기도 안산시 상록구 본오동 873-1,37.3014246,126.8643357
프랜차이즈,국수나무-안산본오점,경기도 안산시 상록구 본오동 810-3 810-3 101호,경기도 안산시 상록구 본오동 810-3,37.2980311,126.8671595
프랜차이즈,뚜레쥬르-안산상록수점,경기도 안산시 상록구 본오동 872-2 국제프라자,경기도 안산시 상록구 본오동 872-2,37.3006937,126.8635925
프랜차이즈,땅스부대찌개-본오동점,경기도 안산시 상록구 본오동 882-3 1층 103호,경기도 안산시 상록구 본오동 882-3,37.2933952,126.8618887
프랜차이즈,동궁찜닭-본오점,경기도 안산시 상록구 본오동 891-5 1층 일부호,경기도 안산시 상록구 본오동 891-5,37.2930537,126.8597565
프랜차이즈,홍곱도리탕-안산본오점,경기도 안산시 상록구 본오동 869-7 1층 일부,경기도 안산시 상록구 본오동 869-7,37.2928934,126.8645536
프랜차이즈,기떡찜-안산본오점,경기도 안산시 상록구 본오동 922-4 101호,경기도 안산시 상록구 본오동 922-4,37.2900881,126.8645028
프랜차이즈,요거프레소-안산본오점,경기도 안산시 상록구 본오동 879-6 청송빌딩 101호,경기도 안산시 상록구 본오동 879-6,37.2986355,126.8629147
프랜차이즈,천수냉면-상록점,경기도 안산시 상록구 본오동 667-11 3층 1호,경기도 안산시 상록구 본오동 667-11,37.2882927,126.8660237
프랜차이즈,마왕족발-안산본오점,"경기도 안산시 상록구 본오동 872-13 상록빌딩 101,102호",경기도 안산시 상록구 본오동 872-13,37.2983528,126.8634626
프랜차이즈,아담만두-상록수점,경기도 안산시 상록구 본오동 874-5 미림프라자 1층 101호,경기도 안산시 상록구 본오동 874-5,37.3022053,126.8655452
프랜차이즈,던킨-상록수역점,경기도 안산시 상록구 본오동 874-8 청암빌딩 청암빌딩 106호,경기도 안산시 상록구 본오동 874-8,37.3018858,126.8659275
프랜차이즈,한짬뽕,경기도 안산시 상록구 본오동 862-10 1층 102호,경기도 안산시 상록구 본오동 862-10,37.2931552,126.8662486
프랜차이즈,설빙-안산상록수점,경기도 안산시 상록구 본오동 874-2 송암빌딩 874-2 송암빌딩 201호,경기도 안산시 상록구 본오동 874-2,37.3022437,126.8643785
프랜차이즈,이디야커피-안산본오동점,경기도 안산시 상록구 본오동 872-16 101호,경기도 안산시 상록구 본오동 872-16,37.2976393,126.8634277
프랜차이즈,웅이네오돌뼈닭발도-안산본오점,경기도 안산시 상록구 본오동 862-13 1층 일부 (본오동),경기도 안산시 상록구 본오동 862-13,37.2928046,126.8662304
프랜차이즈,메가MGC커피-안산본오중앙점,경기도 안산시 상록구 본오동 769-3 1층 일부,경기도 안산시 상록구 본오동 769-3,37.2951791,126.8728919
프랜차이즈,파리바게뜨-안산본오점,경기도 안산시 상록구 본오동 882-9 1층,경기도 안산시 상록구 본오동 882-9,37.293358,126.8627295
프랜차이즈,홍루이젠-안산본오점,경기도 안산시 상록구 본오동 879-13 녹원프라자 879-13 녹원프라자 102호,경기도 안산시 상록구 본오동 879-13,37.2971963,126.8628396
프랜차이즈,죽이야기-안산본오점,경기도 안산시 상록구 본오동 819 1층,경기도 안산시 상록구 본오동 819,37.2957526,126.8668226
프랜차이즈,곱창듬뿍국물곱도리탕-상록점,경기도 안산시 상록구 본오동 815-2 1층 104호 (본오동),경기도 안산시 상록구 본오동 815-2,37.2964499,126.8685978
프랜차이즈,교촌치킨-본오2호점,경기도 안산시 상록구 본오동 857-8 857-8 1층,경기도 안산시 상록구 본오동 857-8,37.2931512,126.8692115
프랜차이즈,등촌샤브칼국수-상록수점,"경기도 안산시 상록구 본오동 874-8 청암빌딩 2층 205,206호",경기도 안산시 상록구 본오동 874-8,37.3018858,126.8659275
프랜차이즈,공차-안산상록수점,경기도 안산시 상록구 본오동 874-11 삼우프라자 1층 102호,경기도 안산시 상록구 본오동 874-11,37.3019247,126.8647562
프랜차이즈,원할머니보쌈-안산상록수점,경기도 안산시 상록구 본오동 873-5 서해프라자 2층 일부,경기도 안산시 상록구 본오동 873-5,37.3013731,126.8659016
프랜차이즈,쿡1015-상록수점,경기도 안산시 상록구 본오동 873-4 현대프라자 873-4 현대프라자 1층 111호,경기도 안산시 상록구 본오동 873-4,37.3013862,126.8655017
프랜차이즈,청해수산,경기도 안산시 상록구 본오동 769-2 769-2 2층,경기도 안산시 상록구 본오동 769-2,37.295327,126.8729262
프랜차이즈,오늘도닭갈비-상록수역점,경기도 안산시 상록구 본오동 873-1 상경빌딩 지1층 B111호,경기도 안산시 상록구 본오동 873-1,37.3014246,126.8643357
프랜차이즈,청춘아구&알곤이찜-안산본오점,경기도 안산시 상록구 본오동 888-2 1층 일부호,경기도 안산시 상록구 본오동 888-2,37.293213,126.8603171
프랜차이즈,롱쓰부대찌개-안산본오점,경기도 안산시 상록구 본오동 753-7,경기도 안산시 상록구 본오동 753-7,37.296618,126.8741616
프랜차이즈,진교동찜닭-안산점,경기도 안산시 상록구 본오동 873-1 상경빌딩 B1층 B103호,경기도 안산시 상록구 본오동 873-1,37.3014246,126.8643357
프랜차이즈,원할머니명품도시락-상록수점,경기도 안산시 상록구 본오동 873-5 서해프라자 2층 일부,경기도 안산시 상록구 본오동 873-5,37.3013731,126.8659016
프랜차이즈,족발로일등하는집-안산본오점,경기도 안산시 상록구 본오동 813-10 102호,경기도 안산시 상록구 본오동 813-10,37.2968326,126.8672402
프랜차이즈,홍춘천닭갈비&부대찌개 본오3동점,경기도 안산시 상록구 본오동 872-11 대승프라자 106~109호,경기도 안산시 상록구 본오동 872-11,37.2987654,126.8634859
프랜차이즈,수유리혼밥왕-안산상록수점,경기도 안산시 상록구 본오동 873-1 상경빌딩 지층 B114호,경기도 안산시 상록구 본오동 873-1,37.3014246,126.8643357
프랜차이즈,동대문엽기떡볶이-안산본오점,"경기도 안산시 상록구 본오동 872-9 103,104호",경기도 안산시 상록구 본오동 872-9,37.2991793,126.8635073
프랜차이즈,대치동할매김치찜-상록점,경기도 안산시 상록구 본오동 878-10 우석빌딩 110호 (본오동),경기도 안산시 상록구 본오동 878-10,37.3012115,126.8615179
프랜차이즈,컴포즈커피-안산본오중점,경기도 안산시 상록구 본오동 862-9 1층 일부 (본오동),경기도 안산시 상록구 본오동 862-9,37.2932718,126.8662443
프랜차이즈,국제시장국밥-안산상록수점,경기도 안산시 상록구 본오동 873-1 상경빌딩 지층 B114호,경기도 안산시 상록구 본오동 873-1,37.3014246,126.8643357
프랜차이즈,롯데리아-안산상록수점,경기도 안산시 상록구 본오동 874-2 송암빌딩 874-2 송암빌딩 1층 101~104호,경기도 안산시 상록구 본오동 874-2,37.3022437,126.8643785
프랜차이즈,노랑통닭-상록수점,"경기도 안산시 상록구 본오동 872-6 노랑통닭,1층 1층 101,102호",경기도 안산시 상록구 본오동 872-6,37.2998703,126.8635434
프랜차이즈,김치찜참잘하는집 -안산상록점,경기도 안산시 상록구 본오동 872-20 우성아파트 상가동 136호,경기도 안산시 상록구 본오동 872-20,37.2977001,126.8650771
프랜차이즈,BHC-본오2동점,경기도 안산시 상록구 본오동 762-16 1층,경기도 안산시 상록구 본오동 762-16,37.2960021,126.8729663
프랜차이즈,페리카나-안산본오2점,경기도 안산시 상록구 본오동 1126 1126,경기도 안산시 상록구 본오동 1126,37.3005703,126.8726863
프랜차이즈,최강곱도리&낙곱새-본오점,경기도 안산시 상록구 본오동 668-6 1층 일부,경기도 안산시 상록구 본오동 668-6,37.2880688,126.8658764
프랜차이즈,이삭토스트-안산본오점,경기도 안산시 상록구 본오동 823-12,경기도 안산시 상록구 본오동 823-12,37.2938073,126.8666996
프랜차이즈,컴포즈커피-안산본오우체국점,경기도 안산시 상록구 본오동 779 연지프라자 1층 104호,경기도 안산시 상록구 본오동 779,37.2946635,126.8723286
프랜차이즈,응급실닭볶음탕-안산본오점,경기도 안산시 상록구 본오동 889-9 101호,경기도 안산시 상록구 본오동 889-9,37.2934196,126.8612285
프랜차이즈,파리바게뜨-상록수역점,"경기도 안산시 상록구 본오동 873-7 리치스빌딩 873-7 리치스빌딩 101,105, 106호",경기도 안산시 상록구 본오동 873-7,37.3010672,126.8658859
프랜차이즈,제육의제왕-본오점,경기도 안산시 상록구 본오동 866-17 105호,경기도 안산시 상록구 본오동 866-17,37.2920625,126.8640162
프랜차이즈,골목낙곱새1977-안산본오점,경기도 안산시 상록구 본오동 869-7 1층 일부,경기도 안산시 상록구 본오동 869-7,37.2928934,126.8645536
프랜차이즈,요거프레소-안산본오우체국점,경기도 안산시 상록구 본오동 770-18 1층,경기도 안산시 상록구 본오동 770-18,37.2941368,126.8728683
프랜차이즈,이디야커피-안산본오동2호점,경기도 안산시 상록구 본오동 872-4 102호,경기도 안산시 상록구 본오동 872-4,37.3002819,126.8635647
프랜차이즈,파리바게뜨-안산본오한양점,경기도 안산시 상록구 본오동 871-2 동보프라자 1층 105호,경기도 안산시 상록구 본오동 871-2,37.296409,126.8633639
프랜차이즈,배스킨라빈스-안산상록수점,"경기도 안산시 상록구 본오동 873-5 서해프라자 1층 106, 107호",경기도 안산시 상록구 본오동 873-5,37.3013731,126.8659016
프랜차이즈,곱도리辛&낙곱새-안산상록점,경기도 안산시 상록구 본오동 872-20 우성아파트 상가동 136호,경기도 안산시 상록구 본오동 872-20,37.2977001,126.8650771
프랜차이즈,메가MGC커피-안산본오한양점,경기도 안산시 상록구 본오동 882-10 1층,경기도 안산시 상록구 본오동 882-10,37.2931408,126.8626907
프랜차이즈,파리바게뜨-안산본오스타점,경기도 안산시 상록구 본오동 770-16 770-16 1층,경기도 안산시 상록구 본오동 770-16,37.294397,126.8728797
프랜차이즈,또래오래-안산본오점,경기도 안산시 상록구 본오동 956-5 1층102호(본오동),경기도 안산시 상록구 본오동 956-5,37.2869251,126.8620677
프랜차이즈,비비닭강정-본오점,경기도 안산시 상록구 본오동 872-20 우성아파트 상가동 1층 111호,경기도 안산시 상록구 본오동 872-20,37.2977001,126.8650771
프랜차이즈,호식이두마리치킨-본오1호점,경기도 안산시 상록구 본오동 904-12 1층 일부,경기도 안산시 상록구 본오동 904-12,37.2904916,126.8629969
프랜차이즈,청년피자-안산본오점,경기도 안산시 상록구 본오동 909-8 1층 일부,경기도 안산시 상록구 본오동 909-8,37.2904478,126.864128
프랜차이즈,지코바치킨-본오1호점,경기도 안산시 상록구 본오동 888 풍족한식탁 888 풍족한식탁 1층 102호,경기도 안산시 상록구 본오동 888,37.2932204,126.8600149
프랜차이즈,처갓집양념치킨-본오점,경기도 안산시 상록구 본오동 888-17 1층 일부,경기도 안산시 상록구 본오동 888-17,37.2930453,126.8600052
프랜차이즈,봉구스밥버거-본원한양점,경기도 안산시 상록구 본오동 889-8 101호(본오동),경기도 안산시 상록구 본오동 889-8,37.2934216,126.8610922
프랜차이즈,굽네치킨&피자-본오1동점,경기도 안산시 상록구 본오동 669-7 1층 101호,경기도 안산시 상록구 본오동 669-7,37.2875168,126.8659911
프랜차이즈,봉명동내커피-상록구점,경기도 안산시 상록구 본오동 862-11 봉명동내커피상록구점 1층,경기도 안산시 상록구 본오동 862-11,37.2930383,126.8662425
프랜차이즈,페리카나-안산상록수점,경기도 안산시 상록구 본오동 878-9 878-9 103호,경기도 안산시 상록구 본오동 878-9,37.3011983,126.8619181
프랜차이즈,프랑킨바베큐치킨-상록점,경기도 안산시 상록구 본오동 918-15 104호,경기도 안산시 상록구 본오동 918-15,37.2887754,126.8648415
프랜차이즈,멕시칸치킨-본오1동점,경기도 안산시 상록구 본오동 854-13 101호,경기도 안산시 상록구 본오동 854-13,37.2903516,126.867051
프랜차이즈,슈퍼떡볶킹-상록점,경기도 안산시 상록구 본오동 934-5 1층,경기도 안산시 상록구 본오동 934-5,37.2902765,126.8588364
프랜차이즈,또봉이통닭-안산본오2호점,경기도 안산시 상록구 본오동 944-7 1층,경기도 안산시 상록구 본오동 944-7,37.2872667,126.8623855
프랜차이즈,기영이숯불두마리치킨-안산본오점,경기도 안산시 상록구 본오동 720-10 1층,경기도 안산시 상록구 본오동 720-10,37.2890144,126.8664735
프랜차이즈,스시정-본오점,"경기도 안산시 상록구 본오동 879-8 대한빌딩 103호, 104호(본오동, 대한빌딩)",경기도 안산시 상록구 본오동 879-8,37.2982442,126.8628961
프랜차이즈,냠냠족발&보쌈-본오점,경기도 안산시 상록구 본오동 805-14 1층,경기도 안산시 상록구 본오동 805-14,37.296789,126.8685627
프랜차이즈,맹호수제돈까스-상록수점,경기도 안산시 상록구 본오동 873-1 상경빌딩 상경빌딩B102호 (본오동),경기도 안산시 상록구 본오동 873-1,37.3014246,126.8643357
프랜차이즈,버거킹-상록수역점(24),경기도 안산시 상록구 본오동 873-5 서해프라자 873-5 서해프라자 1층 일부 2층 일부,경기도 안산시 상록구 본오동 873-5,37.3013731,126.8659016
프랜차이즈,더꼬치다-본오점,경기도 안산시 상록구 본오동 872-9 872-9 융창빌딩 105호,경기도 안산시 상록구 본오동 872-9,37.2991793,126.8635073
프랜차이즈,한식밥상-상록수점,"경기도 안산시 상록구 본오동 873-1 상경빌딩 지하1층 B112호(본오동, 상경빌딩)",경기도 안산시 상록구 본오동 873-1,37.3014246,126.8643357
프랜차이즈,열정적인자영업자의김치찜-본오점,경기도 안산시 상록구 본오동 956-5,경기도 안산시 상록구 본오동 956-5,37.2869251,126.8620677
프랜차이즈,한끼1인김치찜&갈비찜-안산본오점,경기도 안산시 상록구 본오동 893-9 1층 101호,경기도 안산시 상록구 본오동 893-9,37.2923824,126.8597209
프랜차이즈,내만삼겹살-안산점,경기도 안산시 상록구 본오동 814-8 103호,경기도 안산시 상록구 본오동 814-8,37.2963087,126.8680182
프랜차이즈,찐하오마라탕-본오동점,경기도 안산시 상록구 본오동 862-7 1층일부,경기도 안산시 상록구 본오동 862-7,37.2932645,126.8657862
프랜차이즈,홍콩반점0410-안산본오점,"경기도 안산시 상록구 본오동 880-8 성은빌딩 1층 102,104호",경기도 안산시 상록구 본오동 880-8,37.2952044,126.8627365
프랜차이즈,쪽갈비에미치닭-안산상록수점,경기도 안산시 상록구 본오동 872-21 1층 101호,경기도 안산시 상록구 본오동 872-21,37.3003913,126.8639373
프랜차이즈,경성찹쌀꽈배기-상록수역점,경기도 안산시 상록구 본오동 872 월드아파트 상가4동 1층102호,경기도 안산시 상록구 본오동 872,37.2998508,126.8651151
프랜차이즈,홍춘천치즈닭갈비-본오3동점,경기도 안산시 상록구 본오동 872-11 대승프라자 106~109호,경기도 안산시 상록구 본오동 872-11,37.2987654,126.8634859
프랜차이즈,1인전용김치찜-본오점,경기도 안산시 상록구 본오동 814-8 103호,경기도 안산시 상록구 본오동 814-8,37.2963087,126.8680182
프랜차이즈,과일에반하다프루타-상록본점,경기도 안산시 상록구 본오동 892-6 1층 일부,경기도 안산시 상록구 본오동 892-6,37.2926207,126.8597393
프랜차이즈,화덕에통째로구운족발-본오점,경기도 안산시 상록구 본오동 872-20 우성아파트 상가동 1층 127호,경기도 안산시 상록구 본오동 872-20,37.2977001,126.8650771
프랜차이즈,한끼한상도시락-상록수점,"경기도 안산시 상록구 본오동 873-1 상경빌딩 지하1층 B112호(본오동, 상경빌딩)",경기도 안산시 상록구 본오동 873-1,37.3014246,126.8643357
프랜차이즈,닭발공작소-안산본오점,경기도 안산시 상록구 본오동 815-2 1층 104호,경기도 안산시 상록구 본오동 815-2,37.2964499,126.8685978
프랜차이즈,마라순코우마라탕-상록본오점,경기도 안산시 상록구 본오동 1118-9 1층 101호,경기도 안산시 상록구 본오동 1118-9,37.3010151,126.8727017
프랜차이즈,오늘도김치찜-안산본오점,경기도 안산시 상록구 본오동 773-7 1층,경기도 안산시 상록구 본오동 773-7,37.2941234,126.8740526
프랜차이즈,착한갈비찜-안산상록수점,경기도 안산시 상록구 본오동 872-21 1층 101호,경기도 안산시 상록구 본오동 872-21,37.3003913,126.8639373
프랜차이즈,대동집-상록수점,"경기도 안산시 상록구 본오동 879-1 웅진빌딩 108,109,110호",경기도 안산시 상록구 본오동 879-1,37.3007083,126.8630139
프랜차이즈,백종원의백스비어-상록수역점,경기도 안산시 상록구 본오동 872-23 샘골빌딩 101호,경기도 안산시 상록구 본오동 872-23,37.2997276,126.8665936
프랜차이즈,이차돌-상록수역점,경기도 안산시 상록구 본오동 873-2 본오프라자 873-2 본오프라자 1층 104호,경기도 안산시 상록구 본오동 873-2,37.3014116,126.86473
치킨,거농닭강정,경기도 안산시 상록구 본오동 953-16 953-16 1층,경기도 안산시 상록구 본오동 953-16,37.285646,126.8613832
치킨,추억의통닭,경기도 안산시 상록구 본오동 829-10 1층102호,경기도 안산시 상록구 본오동 829-10,37.2926263,126.8722838
치킨,계장수-안산본점,경기도 안산시 상록구 본오동 919-7 919-7 1층 101호,경기도 안산시 상록구 본오동 919-7,37.2887909,126.8642638
치킨,한방통닭바베큐,경기도 안산시 상록구 본오동 872 월드아파트 상가3동 1층 113호,경기도 안산시 상록구 본오동 872,37.2998508,126.8651151
치킨,커플두마리치킨,경기도 안산시 상록구 본오동 869-7 1층 일부,경기도 안산시 상록구 본오동 869-7,37.2928934,126.8645536
치킨,피자구뜨-본오점,경기도 안산시 상록구 본오동 862-4 862-4 101호,경기도 안산시 상록구 본오동 862-4,37.2932774,126.8654109
치킨,미친닭날개-본오점,경기도 안산시 상록구 본오동 871-6 성문빌딩 1층 8호,경기도 안산시 상록구 본오동 871-6,37.2955711,126.8633183
치킨,79대포-안산본오점,"경기도 안산시 상록구 본오동 874-10 서일빌딩 874-10 서일빌딩 1층 109,110호",경기도 안산시 상록구 본오동 874-10,37.301912,126.8651391
치킨,무근본다방-상록수점,"경기도 안산시 상록구 본오동 872 월드아파트 상가3동 지층 B01호일부 , B02호 일부",경기도 안산시 상록구 본오동 872,37.2998508,126.8651151
치킨,송정례황기닭곰탕삼계탕,경기도 안산시 상록구 본오동 822-4 822-4 102호,경기도 안산시 상록구 본오동 822-4,37.2948983,126.867507
치킨,직계바베큐치킨-본점,경기도 안산시 상록구 본오동 918-15 104호,경기도 안산시 상록구 본오동 918-15,37.2887754,126.8648415
치킨,강호동678치킨-안산본오점,경기도 안산시 상록구 본오동 779 연지프라자 779 연지프라자 1층 107호,경기도 안산시 상록구 본오동 779,37.2946635,126.8723286
치킨,닭강정챔피언-본오점,경기도 안산시 상록구 본오동 759-1 1층 일부호(본오동),경기도 안산시 상록구 본오동 759-1,37.2990312,126.8730893
치킨,한식당-본오점,경기도 안산시 상록구 본오동 667-5 667-5 1층,경기도 안산시 상록구 본오동 667-5,37.288468,126.8652922
피자/양식,파스타의정석-안산본점,경기도 안산시 상록구 본오동 872 월드아파트 상가3동 지하층 104호,경기도 안산시 상록구 본오동 872,37.2998508,126.8651151
피자/양식,심야스테이크-상록수점,경기도 안산시 상록구 본오동 873-7 리치스빌딩 104호(본오동),경기도 안산시 상록구 본오동 873-7,37.3010672,126.8658859
피자/양식,우쭈쭈직화쭈꾸미&직화불고기-상록점,"경기도 안산시 상록구 본오동 874-3 상림프라자 874-3 상림프라자 2층 202,204호",경기도 안산시 상록구 본오동 874-3,37.3022307,126.8647737
피자/양식,피자가들어간고기앤쭈꾸미,"경기도 안산시 상록구 본오동 874-3 상림프라자 874-3 상림프라자 2층 202,204호",경기도 안산시 상록구 본오동 874-3,37.3022307,126.8647737
피자/양식,숩수비드전문,경기도 안산시 상록구 본오동 871 신안코아 지층5호,경기도 안산시 상록구 본오동 871,37.2951281,126.8650065
피자/양식,시요땅,경기도 안산시 상록구 본오동 872-21 1층 101호,경기도 안산시 상록구 본오동 872-21,37.3003913,126.8639373
피자/양식,우디버거,경기도 안산시 상록구 본오동 813-1 1층 103호,경기도 안산시 상록구 본오동 813-1,37.2977876,126.8670722
중국집,대운각중화요리,경기도 안산시 상록구 본오동 949-5 949-5 1층,경기도 안산시 상록구 본오동 949-5,37.2868626,126.8635983
중국집,완전짬뽕맛있는집,"경기도 안산시 상록구 본오동 877-8 올림포스보노피아 877-8 올림포스보노피아 121,122,123호",경기도 안산시 상록구 본오동 877-8,37.3021314,126.862977
중국집,짬뽕의전설-본오점,경기도 안산시 상록구 본오동 1126-8 1126-8,경기도 안산시 상록구 본오동 1126-8,37.2996348,126.8726351
중국집,상록관전통중화요리,경기도 안산시 상록구 본오동 666-13 101호,경기도 안산시 상록구 본오동 666-13,37.2880346,126.8640914
중국집,라홍방마라탕-상록수점,경기도 안산시 상록구 본오동 880-8 성은빌딩 880-8 성은빌딩 1층 103호,경기도 안산시 상록구 본오동 880-8,37.2952044,126.8627365
중국집,차즈융성마라탕,경기도 안산시 상록구 본오동 777-3 777-3 1층,경기도 안산시 상록구 본오동 777-3,37.2935459,126.8728175
중국집,마라풍차-본오점,"경기도 안산시 상록구 본오동 872-20 우성아파트 상가동 우성아파트 상가 1층 104호 , 141호",경기도 안산시 상록구 본오동 872-20,37.2977001,126.8650771
중국집,금룡양꼬치,경기도 안산시 상록구 본오동 877-8 올림포스보노피아 877-8 올림포스보노피아 2층208호,경기도 안산시 상록구 본오동 877-8,37.3021314,126.862977
중국집,동해강릉초당짬뽕순두부-상록수점,경기도 안산시 상록구 본오동 872-2 국제프라자 103호104호,경기도 안산시 상록구 본오동 872-2,37.3006937,126.8635925
중국집,젠틀포,경기도 안산시 상록구 본오동 813-9 1층,경기도 안산시 상록구 본오동 813-9,37.2968272,126.8674156
중국집,천년의짬뽕,"경기도 안산시 상록구 본오동 880-12 굿모닝리빙프라자 II 101호,102호",경기도 안산시 상록구 본오동 880-12,37.2943624,126.8626929
중국집,연길냉면&꿔바로우,경기도 안산시 상록구 본오동 777-3 777-3 1층,경기도 안산시 상록구 본오동 777-3,37.2935459,126.8728175
중국집,소화룡양꼬치,경기도 안산시 상록구 본오동 877-8 올림포스보노피아 877-8 올림포스보노피아 2층208호,경기도 안산시 상록구 본오동 877-8,37.3021314,126.862977
중국집,짜장짬뽕시대,경기도 안산시 상록구 본오동 860-11 1층 103호,경기도 안산시 상록구 본오동 860-11,37.2919337,126.8673046
중국집,778양꼬치-본오점,경기도 안산시 상록구 본오동 893-9 1층 101호,경기도 안산시 상록구 본오동 893-9,37.2923824,126.8597209
중국집,1001양꼬치&꼬치튀김,경기도 안산시 상록구 본오동 882-10 102호,경기도 안산시 상록구 본오동 882-10,37.2931408,126.8626907
중국집,행복짬뽕,경기도 안산시 상록구 본오동 770-4 1층,경기도 안산시 상록구 본오동 770-4,37.2946854,126.873559
중국집,짬뽕에반하다-본오점,경기도 안산시 상록구 본오동 724 청룡빌라 1층 105호,경기도 안산시 상록구 본오동 724,37.2898862,126.8706262
중국집,강남화로구이양갈비양꼬치,경기도 안산시 상록구 본오동 1118-10 1층,경기도 안산시 상록구 본오동 1118-10,37.3008941,126.8726998
한식,서울뚝배기-본점,"경기도 안산시 상록구 본오동 872-12 872-12 106,107,108호",경기도 안산시 상록구 본오동 872-12,37.2985585,126.8634752
한식,뼈앓이감자탕-본오점,경기도 안산시 상록구 본오동 815 1층 일부,경기도 안산시 상록구 본오동 815,37.2964604,126.8682821
한식,H.열정직화삼겹&밥도둑짜글이-상록구점,경기도 안산시 상록구 본오동 984-19 1층 102호,경기도 안산시 상록구 본오동 984-19,37.2852253,126.8598371
한식,가서채생선구이전문점,경기도 안산시 상록구 본오동 860-8 860-8 1층,경기도 안산시 상록구 본오동 860-8,37.2919166,126.8678168
한식,어촌식당,경기도 안산시 상록구 본오동 675 675 1층,경기도 안산시 상록구 본오동 675,37.2864596,126.8640022
한식,진미곱창-본오점,경기도 안산시 상록구 본오동 872-15 화정빌딩 872-15 화정빌딩 101호,경기도 안산시 상록구 본오동 872-15,37.297854,126.8634388
한식,비벼밥과쌈밥,경기도 안산시 상록구 본오동 668 668,경기도 안산시 상록구 본오동 668,37.2880923,126.8650492
한식,육잘알-본점,경기도 안산시 상록구 본오동 873-1 상경빌딩 지하1층 B108호,경기도 안산시 상록구 본오동 873-1,37.3014246,126.8643357
한식,소공동직화구이집,경기도 안산시 상록구 본오동 797-21 797-21,경기도 안산시 상록구 본오동 797-21,37.2961352,126.8698571
한식,덮밥딜리버리-상록수점,"경기도 안산시 상록구 본오동 872 월드아파트 상가3동 지층 B01호일부 , B02호 일부",경기도 안산시 상록구 본오동 872,37.2998508,126.8651151
한식,시골우렁쌈밥,경기도 안산시 상록구 본오동 960-12 960-12 1층,경기도 안산시 상록구 본오동 960-12,37.2870407,126.8594833
한식,민지네산꼼장어껍데기,경기도 안산시 상록구 본오동 885-3 민지산꼼장어껍데기 1층 전체,경기도 안산시 상록구 본오동 885-3,37.2924886,126.8626572
한식,여가순댓국,경기도 안산시 상록구 본오동 812-1 1층,경기도 안산시 상록구 본오동 812-1,37.297772,126.8674687
한식,꼬꼬삼계탕,경기도 안산시 상록구 본오동 888-2 1층 일부호,경기도 안산시 상록구 본오동 888-2,37.293213,126.8603171
한식,원조칡냉면-본오본점,경기도 안산시 상록구 본오동 872-9 872-9 융창빌딩 1층 102호,경기도 안산시 상록구 본오동 872-9,37.2991793,126.8635073
한식,우렁각시쌈밥,경기도 안산시 상록구 본오동 926-7 1층 101호,경기도 안산시 상록구 본오동 926-7,37.2888415,126.8635815
한식,오늘은찌개내일은제육,경기도 안산시 상록구 본오동 674-3 명성빌딩 1층 일부호,경기도 안산시 상록구 본오동 674-3,37.2868426,126.8644369
한식,신홍닭발,경기도 안산시 상록구 본오동 882-10 1층 일부,경기도 안산시 상록구 본오동 882-10,37.2931408,126.8626907
한식,도도야알탕,경기도 안산시 상록구 본오동 668-6 1층 일부(본오동),경기도 안산시 상록구 본오동 668-6,37.2880688,126.8658764
한식,여수해물아구찜&사계절김치찜,경기도 안산시 상록구 본오동 804-17 804-17 104호,경기도 안산시 상록구 본오동 804-17,37.296757,126.8695292
한식,새천년국밥,"경기도 안산시 상록구 본오동 880-12 굿모닝리빙프라자 II 101호,102호",경기도 안산시 상록구 본오동 880-12,37.2943624,126.8626929
한식,동강감자탕&김치전골,경기도 안산시 상록구 본오동 771-20 1층,경기도 안산시 상록구 본오동 771-20,37.2943634,126.8754896
한식,육참냉면&콩국수-안산상록점,경기도 안산시 상록구 본오동 753-7 1층,경기도 안산시 상록구 본오동 753-7,37.296618,126.8741616
한식,중앙즉석닭발-상록수점,"경기도 안산시 상록구 본오동 872-11 대승프라자 101,102,103호",경기도 안산시 상록구 본오동 872-11,37.2987654,126.8634859
한식,서윤찬가찌개백반전문점,경기도 안산시 상록구 본오동 877-8 올림포스보노피아 1층 117호,경기도 안산시 상록구 본오동 877-8,37.3021314,126.862977
한식,오늘도못참는김치찜-안산점,경기도 안산시 상록구 본오동 934-5 1층,경기도 안산시 상록구 본오동 934-5,37.2902765,126.8588364
한식,곱창주의보,경기도 안산시 상록구 본오동 934-20 1층 101호,경기도 안산시 상록구 본오동 934-20,37.2894509,126.8577325
한식,별맛푸드,경기도 안산시 상록구 본오동 890-3 지하1층,경기도 안산시 상록구 본오동 890-3,37.2934791,126.8593577
한식,팔팔김치찌개,경기도 안산시 상록구 본오동 829 829 1층102호,경기도 안산시 상록구 본오동 829,37.2930829,126.8713495
한식,황제닭도리탕,경기도 안산시 상록구 본오동 827-13 1층 일부,경기도 안산시 상록구 본오동 827-13,37.2939498,126.8693934
한식,동태탕&코다리찜,경기도 안산시 상록구 본오동 773-7 1층,경기도 안산시 상록구 본오동 773-7,37.2941234,126.8740526
한식,왔다왕십리곱창,경기도 안산시 상록구 본오동 769-17 1층,경기도 안산시 상록구 본오동 769-17,37.2949941,126.8733441
한식,궁궐전,경기도 안산시 상록구 본오동 787-4 1층 102호,경기도 안산시 상록구 본오동 787-4,37.2940085,126.871136
한식,따라따라포차,경기도 안산시 상록구 본오동 888 풍족한식탁 1층 101호,경기도 안산시 상록구 본오동 888,37.2932204,126.8600149
한식,황금산숯불바베큐-본오점,경기도 안산시 상록구 본오동 769-1 1층 101호,경기도 안산시 상록구 본오동 769-1,37.2954481,126.8729385
한식,신오돌불닭발,경기도 안산시 상록구 본오동 873-9 덕암빌딩 206호,경기도 안산시 상록구 본오동 873-9,37.3010933,126.8650973
한식,본오냉면,"경기도 안산시 상록구 본오동 879-8 대한빌딩 879-8 1층 105호,106호(대한빌딩)",경기도 안산시 상록구 본오동 879-8,37.2982442,126.8628961
한식,서현닭발,"경기도 안산시 상록구 본오동 878-8 상록빌딩 878-8 상록빌딩 108호, 109호",경기도 안산시 상록구 본오동 878-8,37.3011847,126.8623297
한식,김미자당진아구동태찜탕-본오점,경기도 안산시 상록구 본오동 918-8 918-8,경기도 안산시 상록구 본오동 918-8,37.2887433,126.8660307
한식,육회본가2호점-본오점,경기도 안산시 상록구 본오동 892-5 892-5 101호,경기도 안산시 상록구 본오동 892-5,37.2927965,126.8597485
한식,신라왕족발-본오점,경기도 안산시 상록구 본오동 779 연지프라자 779 연지프라자 115호,경기도 안산시 상록구 본오동 779,37.2946635,126.8723286
한식,두례김밥,경기도 안산시 상록구 본오동 872 월드아파트 상가3동 1층 107호,경기도 안산시 상록구 본오동 872,37.2998508,126.8651151
한식,통큰스시-본오본점,경기도 안산시 상록구 본오동 879-1 웅진빌딩 879-1 웅진빌딩 1층 107호(본오동.웅진빌딩),경기도 안산시 상록구 본오동 879-1,37.3007083,126.8630139
한식,써니꼬마김밥,경기도 안산시 상록구 본오동 819-8 819-8 102호,경기도 안산시 상록구 본오동 819-8,37.29518,126.8677128
한식,옥류관평양냉면,경기도 안산시 상록구 본오동 777-3 1층,경기도 안산시 상록구 본오동 777-3,37.2935459,126.8728175
한식,펭귄즉석떡복이,경기도 안산시 상록구 본오동 855-2 1층 일부호,경기도 안산시 상록구 본오동 855-2,37.2916583,126.8669555
한식,공주네분식,경기도 안산시 상록구 본오동 886-9 103호,경기도 안산시 상록구 본오동 886-9,37.2921574,126.8611589
한식,포휘엔,경기도 안산시 상록구 본오동 872-13 상록빌딩 1층105호,경기도 안산시 상록구 본오동 872-13,37.2983528,126.8634626
한식,광발이횟집,경기도 안산시 상록구 본오동 827-6 827-6 1층,경기도 안산시 상록구 본오동 827-6,37.2935744,126.8686849
한식,김강남매운떡볶이-안산본오점,경기도 안산시 상록구 본오동 822-4 103호,경기도 안산시 상록구 본오동 822-4,37.2948983,126.867507
한식,스텔라떡볶이-경기안산본오점,경기도 안산시 상록구 본오동 872-13 상록빌딩 1층 107호,경기도 안산시 상록구 본오동 872-13,37.2983528,126.8634626
한식,오승렬스시,경기도 안산시 상록구 본오동 877-5 우남센스빌 877-5 우남센스빌 1층 110호,경기도 안산시 상록구 본오동 877-5,37.3024149,126.861569
한식,학창시절즉석떡볶이,"경기도 안산시 상록구 본오동 880-3 광림빌딩 103호(본오동, 광림빌딩)",경기도 안산시 상록구 본오동 880-3,37.296237,126.86279
한식,하우스떡볶이-본오점,경기도 안산시 상록구 본오동 829-10 1층102호,경기도 안산시 상록구 본오동 829-10,37.2926263,126.8722838
한식,별난삼계탕,경기도 안산시 상록구 본오동 829 1층 102호,경기도 안산시 상록구 본오동 829,37.2930829,126.8713495
한식,코다리찜&부대찌개,경기도 안산시 상록구 본오동 773-7 1층,경기도 안산시 상록구 본오동 773-7,37.2941234,126.8740526
한식,남도한식-본오동,경기도 안산시 상록구 본오동 668 668,경기도 안산시 상록구 본오동 668,37.2880923,126.8650492
한식,불김삼불맛나는김치삼겹구이-본점,경기도 안산시 상록구 본오동 873-1 상경빌딩 지하1층 B108호,경기도 안산시 상록구 본오동 873-1,37.3014246,126.8643357
한식,제육맛집,경기도 안산시 상록구 본오동 797-21 797-21,경기도 안산시 상록구 본오동 797-21,37.2961352,126.8698571
한식,바싹돈까스&볶음밥,경기도 안산시 상록구 본오동 878-10 우석빌딩 110호,경기도 안산시 상록구 본오동 878-10,37.3012115,126.8615179
한식,닭발사냥꾼-본점,경기도 안산시 상록구 본오동 873-9 덕암빌딩 206호,경기도 안산시 상록구 본오동 873-9,37.3010933,126.8650973
한식,청해화아구&해물찜,경기도 안산시 상록구 본오동 888-2 1층 일부호,경기도 안산시 상록구 본오동 888-2,37.293213,126.8603171
한식,황진이왕족발보쌈,경기도 안산시 상록구 본오동 779 연지프라자 779 연지프라자 115호,경기도 안산시 상록구 본오동 779,37.2946635,126.8723286
한식,얼큰이국밥,경기도 안산시 상록구 본오동 829 1층 102호,경기도 안산시 상록구 본오동 829,37.2930829,126.8713495
한식,홍대왕돈까스-상록점,경기도 안산시 상록구 본오동 878-10 우석빌딩 110호(본오동),경기도 안산시 상록구 본오동 878-10,37.3012115,126.8615179
한식,즉석반찬,"경기도 안산시 상록구 본오동 827-13 101, 102호",경기도 안산시 상록구 본오동 827-13,37.2939498,126.8693934
한식,수라간한식백반,경기도 안산시 상록구 본오동 839-9 1층,경기도 안산시 상록구 본오동 839-9,37.291034,126.8695852
한식,또와곱창,경기도 안산시 상록구 본오동 912-5 1층 102호(본오동),경기도 안산시 상록구 본오동 912-5,37.2913061,126.8661522
한식,새벽나주곰탕,경기도 안산시 상록구 본오동 814-7 814-7 1층,경기도 안산시 상록구 본오동 814-7,37.2964687,126.8680285
한식,일미정특선&한식,"경기도 안산시 상록구 본오동 827-13 101,102호",경기도 안산시 상록구 본오동 827-13,37.2939498,126.8693934
한식,금자씨소반,경기도 안산시 상록구 본오동 913-10 1층 101호,경기도 안산시 상록구 본오동 913-10,37.2905721,126.8661141
한식,만수르한식포차-본점,경기도 안산시 상록구 본오동 882-10 1층,경기도 안산시 상록구 본오동 882-10,37.2931408,126.8626907
한식,수라간셀프도시락,경기도 안산시 상록구 본오동 839-9 1층,경기도 안산시 상록구 본오동 839-9,37.291034,126.8695852
한식,컵빱-본점,경기도 안산시 상록구 본오동 814-8 내만삼겹살 103호,경기도 안산시 상록구 본오동 814-8,37.2963087,126.8680182
한식,화끈쭈꾸미-본점,경기도 안산시 상록구 본오동 777 777 1층,경기도 안산시 상록구 본오동 777,37.2939475,126.8728579
한식,콩불한상-상록점,경기도 안산시 상록구 본오동 872-20 우성아파트 상가동 1층 133호,경기도 안산시 상록구 본오동 872-20,37.2977001,126.8650771
한식,홍가네국밥-본오점,경기도 안산시 상록구 본오동 724 청룡빌라 1층 105호,경기도 안산시 상록구 본오동 724,37.2898862,126.8706262
한식,청불19포차,경기도 안산시 상록구 본오동 860-15 1층,경기도 안산시 상록구 본오동 860-15,37.2919628,126.8666228
한식,국밥과찌개,경기도 안산시 상록구 본오동 762-16 102호,경기도 안산시 상록구 본오동 762-16,37.2960021,126.8729663
한식,청기와김치찜-본점,경기도 안산시 상록구 본오동 873-1 상경빌딩 지하1층 B108호,경기도 안산시 상록구 본오동 873-1,37.3014246,126.8643357
한식,무근지김치찜찌개-안산상록점,경기도 안산시 상록구 본오동 860-15 1층,경기도 안산시 상록구 본오동 860-15,37.2919628,126.8666228
한식,동대문명가닭한마리,경기도 안산시 상록구 본오동 872 월드아파트 상가2동 2층207호,경기도 안산시 상록구 본오동 872,37.2998508,126.8651151
한식,경희꼼국,경기도 안산시 상록구 본오동 856-14 102호,경기도 안산시 상록구 본오동 856-14,37.291881,126.869067
한식,소공동김치찜전문점,경기도 안산시 상록구 본오동 797-21 797-21,경기도 안산시 상록구 본오동 797-21,37.2961352,126.8698571
한식,거기김치찜,경기도 안산시 상록구 본오동 890-3 지하1층,경기도 안산시 상록구 본오동 890-3,37.2934791,126.8593577
한식,우리동네정육점,경기도 안산시 상록구 본오동 891-5 1층103호,경기도 안산시 상록구 본오동 891-5,37.2930537,126.8597565
한식,석쇠로770연탄불고기-상록구점,경기도 안산시 상록구 본오동 874-6 대동빌딩 1층 115호,경기도 안산시 상록구 본오동 874-6,37.3021922,126.865944
한식,맘마분식,경기도 안산시 상록구 본오동 790-14 상가 1층 101호 일부,경기도 안산시 상록구 본오동 790-14,37.2950808,126.8707275
한식,국민학교분식,경기도 안산시 상록구 본오동 913-17 1층 일부(본오동),경기도 안산시 상록구 본오동 913-17,37.2904221,126.8649146
일식/돈까스,우리동네초밥24-초밥전문점,"경기도 안산시 상록구 본오동 872 월드아파트 상가3동 상가3동 112호(본오동, 월드아파트)",경기도 안산시 상록구 본오동 872,37.2998508,126.8651151
일식/돈까스,제철회수산-회전문점,"경기도 안산시 상록구 본오동 872-20 우성아파트 상가동 1층 103호(본오동, 우성아파트 상가동)",경기도 안산시 상록구 본오동 872-20,37.2977001,126.8650771
일식/돈까스,초미남-안산점,경기도 안산시 상록구 본오동 873-1 상경빌딩 지층 B118호,경기도 안산시 상록구 본오동 873-1,37.3014246,126.8643357
일식/돈까스,이자카야호 육회&연어-본오점,"경기도 안산시 상록구 본오동 879-11 극동프라자 106호,107호 이자카야호",경기도 안산시 상록구 본오동 879-11,37.2975899,126.8628602
일식/돈까스,멘야타치아가루,경기도 안산시 상록구 본오동 873-1 상경빌딩 지하1층 B113호,경기도 안산시 상록구 본오동 873-1,37.3014246,126.8643357
일식/돈까스,신어부이야기-안산점,경기도 안산시 상록구 본오동 901-9 1층 신어부이야기,경기도 안산시 상록구 본오동 901-9,37.2905551,126.8608983
일식/돈까스,망고라이스가츠,경기도 안산시 상록구 본오동 849-1 1층,경기도 안산시 상록구 본오동 849-1,37.2916161,126.8682163
일식/돈까스,조개랑오징어랑-상록점,경기도 안산시 상록구 본오동 797-6 797-6 1층,경기도 안산시 상록구 본오동 797-6,37.2963717,126.870954
일식/돈까스,또초밥,경기도 안산시 상록구 본오동 871 신안코아 127동상가 지하 26호 일부 또초밥,경기도 안산시 상록구 본오동 871,37.2951281,126.8650065
족발/보쌈,본오왕족발-본오점,경기도 안산시 상록구 본오동 871-10 로스코프라자 871-10 로스코프라자 103호,경기도 안산시 상록구 본오동 871-10,37.2947993,126.8632783
족발/보쌈,야들야들한보약족발보쌈-안산상록점,경기도 안산시 상록구 본오동 880-12 굿모닝리빙프라자 II 880-12 굿모닝리빙프라자 II 104호,경기도 안산시 상록구 본오동 880-12,37.2943624,126.8626929
족발/보쌈,화덕에구운족발신선생-상록수점,경기도 안산시 상록구 본오동 872-6 안산석천빌딩 872-6 안산석천빌딩 1층 103~105호,경기도 안산시 상록구 본오동 872-6,37.2998703,126.8635434
족발/보쌈,건강한족발보쌈-천연재료,"경기도 안산시 상록구 본오동 879-8 대한빌딩 879-8 1층 105호,106호(대한빌딩)",경기도 안산시 상록구 본오동 879-8,37.2982442,126.8628961
족발/보쌈,상록수장충동왕족발보쌈,경기도 안산시 상록구 본오동 779 연지프라자 779 연지프라자 115호,경기도 안산시 상록구 본오동 779,37.2946635,126.8723286
족발/보쌈,족발보쌈전문점,"경기도 안산시 상록구 본오동 879-8 대한빌딩 879-8 1층 105호,106호(대한빌딩)",경기도 안산시 상록구 본오동 879-8,37.2982442,126.8628961
야식,요거트월드-본오점,경기도 안산시 상록구 본오동 888 풍족한식탁 103호,경기도 안산시 상록구 본오동 888,37.2932204,126.8600149
야식,루틴카페-안산점,경기도 안산시 상록구 본오동 873-1 상경빌딩 B107호,경기도 안산시 상록구 본오동 873-1,37.3014246,126.8643357
야식,빙수베어,경기도 안산시 상록구 본오동 1127-8 지1층 일부,경기도 안산시 상록구 본오동 1127-8,37.3011595,126.8732322
야식,할로과일카페,경기도 안산시 상록구 본오동 912 1층 일부,경기도 안산시 상록구 본오동 912,37.2917079,126.8654637
야식,디저트카페딥띵스,경기도 안산시 상록구 본오동 862 1층 105호(본오동),경기도 안산시 상록구 본오동 862,37.2932999,126.8648039
야식,베이커리카페버터풀-안산점,경기도 안산시 상록구 본오동 873-1 상경빌딩 지하1층 B107호,경기도 안산시 상록구 본오동 873-1,37.3014246,126.8643357
야식,쿠모쿠모,경기도 안산시 상록구 본오동 873-1 상경빌딩 B107호,경기도 안산시 상록구 본오동 873-1,37.3014246,126.8643357
야식,신세계떡볶이,경기도 안산시 상록구 본오동 675-11 1층 101호,경기도 안산시 상록구 본오동 675-11,37.2863151,126.8639951
야식,머스트픽본점-MUSTPICK,경기도 안산시 상록구 본오동 813-8 1층 일부,경기도 안산시 상록구 본오동 813-8,37.2969783,126.8674208
야식,마초떡볶이-본오점,경기도 안산시 상록구 본오동 854-13 101호,경기도 안산시 상록구 본오동 854-13,37.2903516,126.867051
분식,학교앞꽁이네분식,경기도 안산시 상록구 본오동 904-17 1층,경기도 안산시 상록구 본오동 904-17,37.2912787,126.8630293
분식,황제찹쌀꽈배기,경기도 안산시 상록구 본오동 814-2 1층 103호,경기도 안산시 상록구 본오동 814-2,37.2964962,126.867197
분식,장모님손맛수제식혜&요기거리,"경기도 안산시 상록구 본오동 872 월드아파트 상가3동 지하1층 B01,B02호 일부",경기도 안산시 상록구 본오동 872,37.2998508,126.8651151
분식,리터퀸커피-안산본오동점,경기도 안산시 상록구 본오동 872-20 우성아파트 상가동 108호,경기도 안산시 상록구 본오동 872-20,37.2977001,126.8650771
분식,투몬스터캔커피-본오2호점,경기도 안산시 상록구 본오동 886-8 1층 101호,경기도 안산시 상록구 본오동 886-8,37.2923346,126.8611663
분식,진타코진심타코야끼-본오점,경기도 안산시 상록구 본오동 813-18 1층 일부 104호,경기도 안산시 상록구 본오동 813-18,37.2976514,126.8668978
분식,101분식,경기도 안산시 상록구 본오동 860-15 1층 101호,경기도 안산시 상록구 본오동 860-15,37.2919628,126.8666228
카페/디저트,카페호시,경기도 안산시 상록구 본오동 790-14 1층 101호,경기도 안산시 상록구 본오동 790-14,37.2950808,126.8707275
카페/디저트,떡사랑,경기도 안산시 상록구 본오동 889-5 대한예수교장로회우리하나교회 889-5 대한예수교장로회우리하나교회 1층 101호,경기도 안산시 상록구 본오동 889-5,37.293435,126.8606869
카페/디저트,빠띠프랑,경기도 안산시 상록구 본오동 823-6 1층,경기도 안산시 상록구 본오동 823-6,37.2936375,126.8670047
카페/디저트,송메공(베트남쌀국수),경기도 안산시 상록구 본오동 879-1 웅진빌딩 웅진빌딩 203호 본오동,경기도 안산시 상록구 본오동 879-1,37.3007083,126.8630139
카페/디저트,누카커피,경기도 안산시 상록구 본오동 862-7 1층,경기도 안산시 상록구 본오동 862-7,37.2932645,126.8657862
카페/디저트,수다,경기도 안산시 상록구 본오동 784-8 1층 102호,경기도 안산시 상록구 본오동 784-8,37.2935338,126.8697179
카페/디저트,크림비케이크,경기도 안산시 상록구 본오동 872-3 안산송촌빌딩 1층 103호,경기도 안산시 상록구 본오동 872-3,37.3004878,126.8635754
카페/디저트,에그인,경기도 안산시 상록구 본오동 823-14 1층일부,경기도 안산시 상록구 본오동 823-14,37.2941135,126.8667153
카페/디저트,카페돈-본오점,경기도 안산시 상록구 본오동 877-12 대아상가 877-12 대아상가 103호,경기도 안산시 상록구 본오동 877-12,37.3020429,126.8611657
카페/디저트,린덴(LINDEN),경기도 안산시 상록구 본오동 895-20 1층 101호,경기도 안산시 상록구 본오동 895-20,37.2906343,126.8585145
카페/디저트,라온샌드위치＆샐러드,경기도 안산시 상록구 본오동 909-5 1층일부,경기도 안산시 상록구 본오동 909-5,37.2904305,126.8646547
카페/디저트,다복수제꽈배기,경기도 안산시 상록구 본오동 880-5 1층 108호,경기도 안산시 상록구 본오동 880-5,37.2958566,126.8627724
1인분 주문,본죽앤비빔밥-안산부곡점,경기도 안산시 상록구 부곡동 538-5,경기도 안산시 상록구 부곡동 538-5,37.3324414,126.8633588
프랜차이즈,롯데리아-안산부곡점,"경기도 안산시 상록구 부곡동 538-5 538-5 102,103,104호",경기도 안산시 상록구 부곡동 538-5,37.3324414,126.8633588
프랜차이즈,굽네치킨&피자-안산부곡점,경기도 안산시 상록구 부곡동 539 부곡쇼핑 1층,경기도 안산시 상록구 부곡동 539,37.332668,126.8640995
프랜차이즈,BHC-안산부곡점,경기도 안산시 상록구 부곡동 643-9 1층 일부호,경기도 안산시 상록구 부곡동 643-9,37.3336805,126.8641336
프랜차이즈,배통치킨-부곡점,경기도 안산시 상록구 부곡동 613-7 1층 102호,경기도 안산시 상록구 부곡동 613-7,37.3262189,126.8600023
프랜차이즈,훌랄라참숯치킨-안산부곡점,경기도 안산시 상록구 부곡동 628-12 1층,경기도 안산시 상록구 부곡동 628-12,37.3317977,126.8629526
프랜차이즈,동대문엽기떡볶이-안산부곡점,경기도 안산시 상록구 부곡동 673-9 673-9 1층 일부호,경기도 안산시 상록구 부곡동 673-9,37.3300945,126.8615037
프랜차이즈,이삭토스트-안산부곡점,경기도 안산시 상록구 부곡동 539 부곡쇼핑 113호,경기도 안산시 상록구 부곡동 539,37.332668,126.8640995
프랜차이즈,페리카나-안산부곡점,경기도 안산시 상록구 부곡동 685-11 안산제2종합시장 685-11 안산제2종합시장 1층 1003호,경기도 안산시 상록구 부곡동 685-11,37.3264406,126.8585015
프랜차이즈,짜장면사무소,경기도 안산시 상록구 부곡동 538-2 1층 일부(부곡동),경기도 안산시 상록구 부곡동 538-2,37.332382,126.8635173
프랜차이즈,발도스커피-안산부곡점,경기도 안산시 상록구 부곡동 622-10 1층 일부,경기도 안산시 상록구 부곡동 622-10,37.3284165,126.8610219
프랜차이즈,파리바게뜨-안산부곡점,경기도 안산시 상록구 부곡동 662-4 1층,경기도 안산시 상록구 부곡동 662-4,37.3334429,126.863614
프랜차이즈,탕화쿵푸마라탕-부곡점,경기도 안산시 상록구 부곡동 665-3 101호,경기도 안산시 상록구 부곡동 665-3,37.3330299,126.8631984
프랜차이즈,계근상닭도리탕-안산부곡점,경기도 안산시 상록구 부곡동 538-1 은성빌딩 1층 102호,경기도 안산시 상록구 부곡동 538-1,37.3325865,126.8636498
프랜차이즈,전통숙성황실김치찜&찌개-안산부곡점,경기도 안산시 상록구 부곡동 538-1 은성빌딩 1층 102호,경기도 안산시 상록구 부곡동 538-1,37.3325865,126.8636498
프랜차이즈,땅스즉석떡볶이-안산부곡동점,경기도 안산시 상록구 부곡동 684-3 1층일부,경기도 안산시 상록구 부곡동 684-3,37.3274454,126.8600893
프랜차이즈,큰맘할매순대국-부곡점,경기도 안산시 상록구 부곡동 667-13 1층,경기도 안산시 상록구 부곡동 667-13,37.3328407,126.8616949
프랜차이즈,땅스부대찌개-부곡동점,경기도 안산시 상록구 부곡동 684-3 1층일부,경기도 안산시 상록구 부곡동 684-3,37.3274454,126.8600893
프랜차이즈,도야짬뽕-부곡점,"경기도 안산시 상록구 부곡동 685-10 프라움포레 A동 A동 102,103호",경기도 안산시 상록구 부곡동 685-10,37.3263178,126.859308
프랜차이즈,김밥천국-부곡초점,경기도 안산시 상록구 부곡동 673-10 102호,경기도 안산시 상록구 부곡동 673-10,37.3299446,126.8614196
프랜차이즈,이디야커피-안산부곡동점,경기도 안산시 상록구 부곡동 666-4 부곡웨스턴빌딩 1층 일부,경기도 안산시 상록구 부곡동 666-4,37.3324947,126.8629721
프랜차이즈,구도로통닭-안산부곡점,경기도 안산시 상록구 부곡동 666-4 부곡웨스턴빌딩 1층,경기도 안산시 상록구 부곡동 666-4,37.3324947,126.8629721
프랜차이즈,구워더존치킨-부곡점,경기도 안산시 상록구 부곡동 533-1 1층,경기도 안산시 상록구 부곡동 533-1,37.3332901,126.8640263
프랜차이즈,심봉사도로케-안산부곡점,경기도 안산시 상록구 부곡동 642-7 1층,경기도 안산시 상록구 부곡동 642-7,37.3333437,126.8646353
치킨,고구려옛날통닭-부곡점,경기도 안산시 상록구 부곡동 729 101호,경기도 안산시 상록구 부곡동 729,37.3345598,126.8591763
치킨,마마닭강정-부곡점,경기도 안산시 상록구 부곡동 662-3 662-3 1층,경기도 안산시 상록구 부곡동 662-3,37.3334934,126.8634792
치킨,치킨프라이데이,경기도 안산시 상록구 부곡동 625 102호,경기도 안산시 상록구 부곡동 625,37.3301468,126.862593
치킨,와닭강정그리고포차,경기도 안산시 상록구 부곡동 620-15 102호,경기도 안산시 상록구 부곡동 620-15,37.32789,126.8606533
피자/양식,뻘떡빨닭,경기도 안산시 상록구 부곡동 538 부곡프라자 1층 103호 뻘떡빨닭,경기도 안산시 상록구 부곡동 538,37.3328176,126.8637049
중국집,하림각-부곡점,경기도 안산시 상록구 부곡동 542-1 542-1 1층,경기도 안산시 상록구 부곡동 542-1,37.3323194,126.8651691
한식,백년순대-부곡점,경기도 안산시 상록구 부곡동 664-4 1층,경기도 안산시 상록구 부곡동 664-4,37.333271,126.8625603
한식,동대문순대곱창볶음,경기도 안산시 상록구 부곡동 665-1 665-1 102호,경기도 안산시 상록구 부곡동 665-1,37.3331299,126.8629314
한식,송학추어탕,경기도 안산시 상록구 부곡동 620-15 620-15,경기도 안산시 상록구 부곡동 620-15,37.32789,126.8606533
한식,미스터리부대찌개-부곡점,경기도 안산시 상록구 부곡동 538 부곡프라자 1층 103호 미스터리부대찌개,경기도 안산시 상록구 부곡동 538,37.3328176,126.8637049
한식,삼겹남차돌여,경기도 안산시 상록구 부곡동 542-9 542-9 1층,경기도 안산시 상록구 부곡동 542-9,37.3322466,126.8649468
한식,도쿄동-부곡점,경기도 안산시 상록구 부곡동 627 102호,경기도 안산시 상록구 부곡동 627,37.3312414,126.8625958
한식,이모네집-상록점,경기도 안산시 상록구 부곡동 644 1층 104호,경기도 안산시 상록구 부곡동 644,37.3352386,126.865048
한식,한라면옥-안산부곡점,경기도 안산시 상록구 부곡동 641-3 1층,경기도 안산시 상록구 부곡동 641-3,37.3336938,126.8653141
한식,샤브웨이-안산부곡점,경기도 안산시 상록구 부곡동 538-1 은성빌딩 1층 102호,경기도 안산시 상록구 부곡동 538-1,37.3325865,126.8636498
한식,장수참나무오리바베큐,경기도 안산시 상록구 부곡동 673-3 1층,경기도 안산시 상록구 부곡동 673-3,37.3306737,126.8611181
한식,진장어,"경기도 안산시 상록구 부곡동 728-15 1층 4,5호",경기도 안산시 상록구 부곡동 728-15,37.3348797,126.8578147
일식/돈까스,스시애연어,경기도 안산시 상록구 부곡동 665-2 665-2,경기도 안산시 상록구 부곡동 665-2,37.3330799,126.8630649
족발/보쌈,화퉁족발-본점,경기도 안산시 상록구 부곡동 666-4 부곡웨스턴빌딩 1층,경기도 안산시 상록구 부곡동 666-4,37.3324947,126.8629721
카페/디저트,밀키그릭,경기도 안산시 상록구 부곡동 533-4 부곡시장 110호 503호,경기도 안산시 상록구 부곡동 533-4,37.3331469,126.864408
1인분 주문,열정국밥-안산사동점,경기도 안산시 상록구 사동 1200 1층 일부,경기도 안산시 상록구 사동 1200,37.3030667,126.8499986
1인분 주문,짜글이미식회-상록점,경기도 안산시 상록구 사동 1252-11 1층 일부호,경기도 안산시 상록구 사동 1252-11,37.2993647,126.8567466
1인분 주문,정통오모가리김치찜-본점,경기도 안산시 상록구 사동 1581-6 1층,경기도 안산시 상록구 사동 1581-6,37.3020369,126.8416623
1인분 주문,장군직화구이족발-안산점,"경기도 안산시 상록구 사동 1244-13 101,102호",경기도 안산시 상록구 사동 1244-13,37.3008915,126.8568157
1인분 주문,순뼈감-안산한양대점,경기도 안산시 상록구 사동 1149-20 1층,경기도 안산시 상록구 사동 1149-20,37.2998126,126.8382698
1인분 주문,밥부르기니-본점,경기도 안산시 상록구 사동 1581-6 지하1층 일부호,경기도 안산시 상록구 사동 1581-6,37.3020369,126.8416623
1인분 주문,밀플랜비-한양대에리카점,경기도 안산시 상록구 사동 1149-11 밀플랜비,경기도 안산시 상록구 사동 1149-11,37.3002262,126.8392717
1인분 주문,곱도리탕부터시작하는자영업생활-안산점,경기도 안산시 상록구 사동 1576-3 1층 102호,경기도 안산시 상록구 사동 1576-3,37.3029613,126.8396486
1인분 주문,한방왕족발-안산본점,경기도 안산시 상록구 사동 1201 1층 일부,경기도 안산시 상록구 사동 1201,37.3030299,126.8514683
1인분 주문,페퍼로니버튼-에리카점,경기도 안산시 상록구 사동 1569-1 A동 1층,경기도 안산시 상록구 사동 1569-1,37.3008891,126.8382436
1인분 주문,옥수동묵은지김치찜-안산점,경기도 안산시 상록구 사동 1576-3 101호 (사동),경기도 안산시 상록구 사동 1576-3,37.3029613,126.8396486
1인분 주문,맘사랑돼지김치찜,경기도 안산시 상록구 사동 1516-1 1516-1 101호,경기도 안산시 상록구 사동 1516-1,37.3067579,126.844386
1인분 주문,통닭원-사동점,경기도 안산시 상록구 사동 1418-4 1층,경기도 안산시 상록구 사동 1418-4,37.2830485,126.8475852
1인분 주문,굽네치킨&피자-사동감골점,"경기도 안산시 상록구 사동 1318-8 한도프라자 103,104호",경기도 안산시 상록구 사동 1318-8,37.2951426,126.8523989
1인분 주문,올데이쿡인생맛죽-안산상록점,경기도 안산시 상록구 사동 1286-8 1층 일부,경기도 안산시 상록구 사동 1286-8,37.2966089,126.8475934
1인분 주문,그릴하우스-안산상록점,경기도 안산시 상록구 사동 1169-2 1층,경기도 안산시 상록구 사동 1169-2,37.3007305,126.8407197
1인분 주문,토핑스온패티스,경기도 안산시 상록구 사동 1151-4 1층,경기도 안산시 상록구 사동 1151-4,37.300277,126.8396573
1인분 주문,담양죽순추어탕-안산점,경기도 안산시 상록구 사동 1184-3 1층,경기도 안산시 상록구 사동 1184-3,37.3023453,126.8469899
1인분 주문,THE더가득담은김치찜-안산점,경기도 안산시 상록구 사동 1576-3 1층 102호,경기도 안산시 상록구 사동 1576-3,37.3029613,126.8396486
1인분 주문,"보고싶닭,곱도리-본점",경기도 안산시 상록구 사동 1581-6 1층,경기도 안산시 상록구 사동 1581-6,37.3020369,126.8416623
1인분 주문,마미묵은지찜-안산점,경기도 안산시 상록구 사동 1516-1 1516-1 101호,경기도 안산시 상록구 사동 1516-1,37.3067579,126.844386
1인분 주문,"옥수동돼치집,돼지와김치의완벽한비율을찾다-안산점",경기도 안산시 상록구 사동 1576-3 1층 102호,경기도 안산시 상록구 사동 1576-3,37.3029613,126.8396486
1인분 주문,한근제육&쭈꾸미볶음-안산점,경기도 안산시 상록구 사동 1516-1 1층 일부 (사동),경기도 안산시 상록구 사동 1516-1,37.3067579,126.844386
1인분 주문,닭요리하는남자,경기도 안산시 상록구 사동 1167-1 1167-1 지하1층,경기도 안산시 상록구 사동 1167-1,37.3003568,126.8407927
1인분 주문,필라프에빠지다&파스타-본점,경기도 안산시 상록구 사동 1204-12 1층,경기도 안산시 상록구 사동 1204-12,37.3021865,126.8517328
1인분 주문,곱창의전설-안산점,경기도 안산시 상록구 사동 1528-11 101호-6,경기도 안산시 상록구 사동 1528-11,37.3055922,126.8447987
1인분 주문,포레파스타,경기도 안산시 상록구 사동 1307 104호,경기도 안산시 상록구 사동 1307,37.2963668,126.8500109
1인분 주문,킴브로스피자&파스타-안산상록수점,경기도 안산시 상록구 사동 1392-8 1층 일부,경기도 안산시 상록구 사동 1392-8,37.2849788,126.8527986
1인분 주문,미나리에칼집낸삼겹미나삼-안산본점,경기도 안산시 상록구 사동 1581-6 지하1층(사동),경기도 안산시 상록구 사동 1581-6,37.3020369,126.8416623
1인분 주문,닭플릭스오리지날찜닭-안산점,경기도 안산시 상록구 사동 1293 1층 일부호,경기도 안산시 상록구 사동 1293,37.2963684,126.8478363
1인분 주문,진곱도리탕전문점-안산점,경기도 안산시 상록구 사동 1293 1층 일부호,경기도 안산시 상록구 사동 1293,37.2963684,126.8478363
1인분 주문,엄마밥상-상록구점,경기도 안산시 상록구 사동 1317-5 1층,경기도 안산시 상록구 사동 1317-5,37.2946427,126.8525247
1인분 주문,도래곱창-안산점,경기도 안산시 상록구 사동 1528-11 101호-1,경기도 안산시 상록구 사동 1528-11,37.3055922,126.8447987
1인분 주문,구백냥곱창-안산점,경기도 안산시 상록구 사동 1528-11 101호-5,경기도 안산시 상록구 사동 1528-11,37.3055922,126.8447987
1인분 주문,닭도리탕전문팔도당-안산점,경기도 안산시 상록구 사동 1293 1층 일부호,경기도 안산시 상록구 사동 1293,37.2963684,126.8478363
1인분 주문,"연탄할매곱창,막창&닭발-안산점",경기도 안산시 상록구 사동 1528-11 101호-3,경기도 안산시 상록구 사동 1528-11,37.3055922,126.8447987
1인분 주문,외길곱창-안산점,경기도 안산시 상록구 사동 1528-11 101호-4,경기도 안산시 상록구 사동 1528-11,37.3055922,126.8447987
프랜차이즈,또래오래-사동점,경기도 안산시 상록구 사동 1322-6 1층(사동),경기도 안산시 상록구 사동 1322-6,37.2953434,126.8541327
프랜차이즈,북경반점-한양대점,경기도 안산시 상록구 사동 1154-15 하늘채 1층,경기도 안산시 상록구 사동 1154-15,37.299374,126.8385143
프랜차이즈,호식이두마리치킨-사동1호점,"경기도 안산시 상록구 사동 1285-2 호식이두마리치킨,사동1호점 1층 103호",경기도 안산시 상록구 사동 1285-2,37.297288,126.8484842
프랜차이즈,써브웨이-안산한양대점,"경기도 안산시 상록구 사동 1569-4 1층 106,107호",경기도 안산시 상록구 사동 1569-4,37.3008956,126.837633
프랜차이즈,인생치킨-상록점,경기도 안산시 상록구 사동 1241-1 1층 103호,경기도 안산시 상록구 사동 1241-1,37.3002858,126.8565193
프랜차이즈,교촌치킨-사동1호점,경기도 안산시 상록구 사동 1172 1층,경기도 안산시 상록구 사동 1172,37.3015614,126.8417591
프랜차이즈,쥬씨-안산한양대점,경기도 안산시 상록구 사동 1149-1 1149-1 1층,경기도 안산시 상록구 사동 1149-1,37.3001089,126.8382693
프랜차이즈,페리카나-한대역점,경기도 안산시 상록구 사동 1186-8 1186-8,경기도 안산시 상록구 사동 1186-8,37.3030798,126.8496436
프랜차이즈,해두리치킨-사동점,경기도 안산시 상록구 사동 1333-9 휴먼빌딩 1층 102호,경기도 안산시 상록구 사동 1333-9,37.2941994,126.8551146
프랜차이즈,육회바른연어-안산한양대점,"경기도 안산시 상록구 사동 1569-4 108,109호",경기도 안산시 상록구 사동 1569-4,37.3008956,126.837633
프랜차이즈,1리터SELL&디저트와플-상록점,경기도 안산시 상록구 사동 1519-10 101호,경기도 안산시 상록구 사동 1519-10,37.3062599,126.8466156
프랜차이즈,88제육-상록점,경기도 안산시 상록구 사동 1186-11 1층,경기도 안산시 상록구 사동 1186-11,37.3029219,126.8493404
프랜차이즈,버텍스미국식덮밥-한양대에리카점,경기도 안산시 상록구 사동 1567-8,경기도 안산시 상록구 사동 1567-8,37.3017309,126.8385597
프랜차이즈,피자헐-안산본점,경기도 안산시 상록구 사동 1393-11 1393-11 1층,경기도 안산시 상록구 사동 1393-11,37.2849639,126.8532482
프랜차이즈,멕시카나-사동점,경기도 안산시 상록구 사동 1412-6 1층 102호,경기도 안산시 상록구 사동 1412-6,37.28368,126.8502701
프랜차이즈,마X포차-사동점,경기도 안산시 상록구 사동 1304-11 마엑스포차 1층,경기도 안산시 상록구 사동 1304-11,37.2958119,126.8527187
프랜차이즈,도미노피자-상록수점,경기도 안산시 상록구 사동 1341-12 1층,경기도 안산시 상록구 사동 1341-12,37.2939833,126.8555607
프랜차이즈,동해루-사동점,경기도 안산시 상록구 사동 1333 1층,경기도 안산시 상록구 사동 1333,37.2950343,126.8541789
프랜차이즈,행컵-안산한양대점,경기도 안산시 상록구 사동 1568-11 1층,경기도 안산시 상록구 사동 1568-11,37.3013441,126.8386033
프랜차이즈,토마토도시락-안산한양대점,"경기도 안산시 상록구 사동 1570-4 토마토도시락,안산한양대점 101호",경기도 안산시 상록구 사동 1570-4,37.3009721,126.8390377
프랜차이즈,보배반점-안산한양대점,"경기도 안산시 상록구 사동 1562-7 1층 104, 105호, 106호",경기도 안산시 상록구 사동 1562-7,37.3011754,126.8374037
프랜차이즈,정직유부-안산한양대점,경기도 안산시 상록구 사동 1149-1 1층,경기도 안산시 상록구 사동 1149-1,37.3001089,126.8382693
프랜차이즈,미쳐버린파닭-안산한양대점,경기도 안산시 상록구 사동 1149-23 미쳐버린파닭,경기도 안산시 상록구 사동 1149-23,37.2998817,126.838438
프랜차이즈,바우네나주곰탕-사동점,경기도 안산시 상록구 사동 1285-4 1층 일부,경기도 안산시 상록구 사동 1285-4,37.297028,126.8482084
프랜차이즈,육회꽃필무렵-사동점,"경기도 안산시 상록구 사동 1244-13 101,102호",경기도 안산시 상록구 사동 1244-13,37.3008915,126.8568157
프랜차이즈,달롱도르요거트아이스크림-상록수점,경기도 안산시 상록구 사동 1200-8 1층 일부,경기도 안산시 상록구 사동 1200-8,37.3030386,126.8512253
프랜차이즈,교반육회비빔밥-안산사동점,경기도 안산시 상록구 사동 1562-6 1층 사동,경기도 안산시 상록구 사동 1562-6,37.3012041,126.8375818
프랜차이즈,숙성고기육칠이-안산상록점,경기도 안산시 상록구 사동 1241-8 1층 101호,경기도 안산시 상록구 사동 1241-8,37.2993886,126.8562977
프랜차이즈,오이시타코야끼-안산사동점,경기도 안산시 상록구 사동 1194-1 청룡빌딩 1층 일부,경기도 안산시 상록구 사동 1194-1,37.3013886,126.8493602
프랜차이즈,핵밥-안산한양대점,경기도 안산시 상록구 사동 1149-3 1층,경기도 안산시 상록구 사동 1149-3,37.3001815,126.8384454
프랜차이즈,도야짬뽕-안산한양대점,경기도 안산시 상록구 사동 1562-1 102호,경기도 안산시 상록구 사동 1562-1,37.3016377,126.8371113
프랜차이즈,안동하회찜닭-본오점,경기도 안산시 상록구 사동 1299-8 101호,경기도 안산시 상록구 사동 1299-8,37.2975275,126.8503035
프랜차이즈,메가MGC커피-안산석호점,경기도 안산시 상록구 사동 1333-17 1층일부,경기도 안산시 상록구 사동 1333-17,37.2949207,126.8540547
프랜차이즈,화채꽃-안산점,경기도 안산시 상록구 사동 1576-3 101호 (사동),경기도 안산시 상록구 사동 1576-3,37.3029613,126.8396486
프랜차이즈,파리바게뜨-안산금강점,"경기도 안산시 상록구 사동 1533 늘푸른아파트 1533 늘푸른아파트 401동 1층 101~2, 114호",경기도 안산시 상록구 사동 1533,37.3056894,126.8514303
프랜차이즈,계림원-안산점,경기도 안산시 상록구 사동 1559-3 1559-3 1층,경기도 안산시 상록구 사동 1559-3,37.3023169,126.8377171
프랜차이즈,효자동설렁탕-안산상록점,경기도 안산시 상록구 사동 1202-6 1층 일부,경기도 안산시 상록구 사동 1202-6,37.3024264,126.8520534
프랜차이즈,노랑통닭-안산사동점,경기도 안산시 상록구 사동 1321-10 1층,경기도 안산시 상록구 사동 1321-10,37.2954054,126.8533426
프랜차이즈,찐하오마라탕-사동점,경기도 안산시 상록구 사동 1569-6 한대트윈스빌2 1층 101~102호,경기도 안산시 상록구 사동 1569-6,37.3012056,126.8380009
프랜차이즈,오늘은새우회-안산점,경기도 안산시 상록구 사동 1240-11 1층 오늘은새우회,경기도 안산시 상록구 사동 1240-11,37.3004987,126.8565286
프랜차이즈,명가갈비찜-사동점,경기도 안산시 상록구 사동 1550-1 1층 102호,경기도 안산시 상록구 사동 1550-1,37.3040164,126.8441578
프랜차이즈,족보잇는국밥&밀면-사동점,경기도 안산시 상록구 사동 1194-1 청룡빌딩 1층 103호,경기도 안산시 상록구 사동 1194-1,37.3013886,126.8493602
프랜차이즈,탕화쿵푸마라탕-한양대에리카점,"경기도 안산시 상록구 사동 1569-5 라라캠퍼스 106,107호",경기도 안산시 상록구 사동 1569-5,37.3009811,126.8378804
프랜차이즈,이디야커피-안산상록구청점,경기도 안산시 상록구 사동 1191-12 1191-12 1층 101호,경기도 안산시 상록구 사동 1191-12,37.301731,126.8473916
프랜차이즈,투썸플레이스-안산사동점,경기도 안산시 상록구 사동 1431-10 주건축물제1동 1층,경기도 안산시 상록구 사동 1431-10,37.2824169,126.847048
프랜차이즈,백남옥손만두-사동점,경기도 안산시 상록구 사동 1298 1층 일부,경기도 안산시 상록구 사동 1298,37.2977476,126.849654
프랜차이즈,낭만닭발(상록구 사동),경기도 안산시 상록구 사동 1517-4 1517-4,경기도 안산시 상록구 사동 1517-4,37.3066281,126.8464697
프랜차이즈,옥문,경기도 안산시 상록구 사동 1481-11 1층 일부호,경기도 안산시 상록구 사동 1481-11,37.2803193,126.8495049
프랜차이즈,돈기부여-상록점,"경기도 안산시 상록구 사동 1317-1 돈기부여,상록점 1층 일부",경기도 안산시 상록구 사동 1317-1,37.2949932,126.8520101
프랜차이즈,유가네닭갈비-안산한양대점,경기도 안산시 상록구 사동 1569-1 1569-1 B동 2층,경기도 안산시 상록구 사동 1569-1,37.3008891,126.8382436
프랜차이즈,조쉐프의쌀국수-경기도안산점,경기도 안산시 상록구 사동 1194-1 청룡빌딩 1층 103호,경기도 안산시 상록구 사동 1194-1,37.3013886,126.8493602
프랜차이즈,만두여행-안산사동점,경기도 안산시 상록구 사동 1332 101호,경기도 안산시 상록구 사동 1332,37.2952929,126.8544689
프랜차이즈,또봉이통닭-경기안산사동3호점,경기도 안산시 상록구 사동 1240-17 1240-17 101호,경기도 안산시 상록구 사동 1240-17,37.3011141,126.8563836
프랜차이즈,김선생불닭발-상록구점,경기도 안산시 상록구 사동 1506 본오1차아파트 본오프라자 상가 상가동 2층 215호,경기도 안산시 상록구 사동 1506,37.279843,126.8533676
프랜차이즈,동대문엽기떡볶이-안산사이점,"경기도 안산시 상록구 사동 1386-4 102호,103호",경기도 안산시 상록구 사동 1386-4,37.2859534,126.8470981
프랜차이즈,30년불멸의닭발-안산사동점,경기도 안산시 상록구 사동 1423 e편한세상 상록 상가 102동 104호,경기도 안산시 상록구 사동 1423,37.2844307,126.847906
프랜차이즈,두번먹는명인김치찜-안산사동점,경기도 안산시 상록구 사동 1423 e편한세상 상록 상가동102동 104호,경기도 안산시 상록구 사동 1423,37.2844307,126.847906
프랜차이즈,라화쿵부마라탕-안산한양대점,"경기도 안산시 상록구 사동 1562-3 한대빌딩 101, 102호",경기도 안산시 상록구 사동 1562-3,37.3013908,126.8373077
프랜차이즈,1989슈퍼덮밥-사동점,경기도 안산시 상록구 사동 1332 101호,경기도 안산시 상록구 사동 1332,37.2952929,126.8544689
프랜차이즈,찐하오마라탕-그랑시티점,경기도 안산시 상록구 사동 1639-20 1층 118호,경기도 안산시 상록구 사동 1639-20,37.2857886,126.8282758
프랜차이즈,파리바게뜨-안산사동중앙점,경기도 안산시 상록구 사동 1318-1 1318-1 1층 104호,경기도 안산시 상록구 사동 1318-1,37.2953618,126.852633
프랜차이즈,이삭토스트-안산사동점,경기도 안산시 상록구 사동 1333-13 1층,경기도 안산시 상록구 사동 1333-13,37.2945602,126.8545845
프랜차이즈,페리카나-사동2점,경기도 안산시 상록구 사동 1396-2 1396-2 102호,경기도 안산시 상록구 사동 1396-2,37.2857447,126.8548915
프랜차이즈,2+1포차-안산상록점,경기도 안산시 상록구 사동 1241-8 1층 101호,경기도 안산시 상록구 사동 1241-8,37.2993886,126.8562977
프랜차이즈,더벤티-안산사동중앙점,"경기도 안산시 상록구 사동 1423 상록e편한세상공인중개사사무소,상가102동,1층 102동 103호",경기도 안산시 상록구 사동 1423,37.2844307,126.847906
프랜차이즈,자담치킨-사동점,경기도 안산시 상록구 사동 1469-8 101호,경기도 안산시 상록구 사동 1469-8,37.2812308,126.8521842
프랜차이즈,피자마루-사동점,경기도 안산시 상록구 사동 1420-17 1층,경기도 안산시 상록구 사동 1420-17,37.2837487,126.8489645
프랜차이즈,팔팔김치찜&김치찌개-상록점,경기도 안산시 상록구 사동 1186-11 1층,경기도 안산시 상록구 사동 1186-11,37.3029219,126.8493404
프랜차이즈,오구피자-본오아파트점,경기도 안산시 상록구 사동 1505 본오2차아파트 1505 본오2차아파트 1층 105호,경기도 안산시 상록구 사동 1505,37.2809012,126.8533387
프랜차이즈,BHC-안산사동점,경기도 안산시 상록구 사동 1410-5 1410-5,경기도 안산시 상록구 사동 1410-5,37.284731,126.8508678
프랜차이즈,마선생얼큰국밥-안산사동점,경기도 안산시 상록구 사동 1398-12 1층 일부호,경기도 안산시 상록구 사동 1398-12,37.2844719,126.8532045
프랜차이즈,제육왕칠백도-상록구점,경기도 안산시 상록구 사동 1506 본오1차아파트 본오프라자 상가 상가동 2층 215호,경기도 안산시 상록구 사동 1506,37.279843,126.8533676
프랜차이즈,페리카나-사동점,경기도 안산시 상록구 사동 1333-14 1층 103호,경기도 안산시 상록구 사동 1333-14,37.2946492,126.8544536
프랜차이즈,파리바게뜨-안산한양대점,경기도 안산시 상록구 사동 1569-2 1569-2 1층,경기도 안산시 상록구 사동 1569-2,37.3007105,126.8383812
프랜차이즈,교촌치킨-사동2호점,경기도 안산시 상록구 사동 1418-6 삼성빌딩2차 1층,경기도 안산시 상록구 사동 1418-6,37.2828056,126.8475728
프랜차이즈,사계절갈비-안산상록점,경기도 안산시 상록구 사동 1241-8 1층 101호,경기도 안산시 상록구 사동 1241-8,37.2993886,126.8562977
프랜차이즈,푸라닭-안산해양그랑시티점,경기도 안산시 상록구 사동 1639 그랑자이호수부동산공인중개사사무소 그랑시키자이2차 근린생활시설233호,경기도 안산시 상록구 사동 1639,37.2798835,126.831987
프랜차이즈,짜글이용사성공담-안산점,경기도 안산시 상록구 사동 1576-3 101호 (사동),경기도 안산시 상록구 사동 1576-3,37.3029613,126.8396486
프랜차이즈,김사부닭도리탕&찜닭-상록구점,경기도 안산시 상록구 사동 1506 본오1차아파트 본오프라자 상가 상가동 2층 215호,경기도 안산시 상록구 사동 1506,37.279843,126.8533676
프랜차이즈,피나치공-안산사동점,경기도 안산시 상록구 사동 1339-2 103호,경기도 안산시 상록구 사동 1339-2,37.2942784,126.857279
프랜차이즈,87닭강정-한양대점,경기도 안산시 상록구 사동 1581-2 1581-2 1층 101호,경기도 안산시 상록구 사동 1581-2,37.3017948,126.8410718
프랜차이즈,삼첩분식-한대역점,경기도 안산시 상록구 사동 1240-15 1층 101호,경기도 안산시 상록구 사동 1240-15,37.3008655,126.8563707
프랜차이즈,푸라닭-안산사동점,경기도 안산시 상록구 사동 1202-6 101호,경기도 안산시 상록구 사동 1202-6,37.3024264,126.8520534
프랜차이즈,꾸브라꼬숯불치킨-사동점,경기도 안산시 상록구 사동 1247-4 1층 일부,경기도 안산시 상록구 사동 1247-4,37.3013024,126.8582195
프랜차이즈,굽네치킨&피자-안산한양대점,경기도 안산시 상록구 사동 1550-8 1층,경기도 안산시 상록구 사동 1550-8,37.3038814,126.8441516
프랜차이즈,BBQ-안산고잔금강점,경기도 안산시 상록구 사동 1533 늘푸른아파트 늘푸른아파트상가 401동 104호,경기도 안산시 상록구 사동 1533,37.3056894,126.8514303
프랜차이즈,피자스쿨-안산한양대점,경기도 안산시 상록구 사동 1570-6 1층 101호,경기도 안산시 상록구 사동 1570-6,37.3011029,126.8393949
프랜차이즈,요거트퍼플-한양대점,경기도 안산시 상록구 사동 1523-5 1층,경기도 안산시 상록구 사동 1523-5,37.3060188,126.8469494
프랜차이즈,꽃내음김밥,경기도 안산시 상록구 사동 1318-8 한도프라자 101호,경기도 안산시 상록구 사동 1318-8,37.2951426,126.8523989
프랜차이즈,비스트로피자-안산1호점,경기도 안산시 상록구 사동 1346 상록수타운월드아파트 725동 104호,경기도 안산시 상록구 사동 1346,37.2871726,126.8536716
프랜차이즈,미스터파파임실치즈피자-사동점,경기도 안산시 상록구 사동 1338-6 101호,경기도 안산시 상록구 사동 1338-6,37.2948394,126.8574358
프랜차이즈,이삭토스트-안산한양대점,경기도 안산시 상록구 사동 1569-2 1569-2 1층 101호,경기도 안산시 상록구 사동 1569-2,37.3007105,126.8383812
프랜차이즈,덮덮밥-한대역점,경기도 안산시 상록구 사동 1240-15 1층 101호,경기도 안산시 상록구 사동 1240-15,37.3008655,126.8563707
프랜차이즈,크로엔젤-안산사동점,경기도 안산시 상록구 사동 1319 2층,경기도 안산시 상록구 사동 1319,37.2936376,126.8546764
프랜차이즈,맥시칸치킨-사동점,경기도 안산시 상록구 사동 1338-6 1층,경기도 안산시 상록구 사동 1338-6,37.2948394,126.8574358
프랜차이즈,오르새피자-안산점,경기도 안산시 상록구 사동 1243 1층 103호,경기도 안산시 상록구 사동 1243,37.3006768,126.8568046
프랜차이즈,마X포차-사이동점,경기도 안산시 상록구 사동 1424-7 1424-7,경기도 안산시 상록구 사동 1424-7,37.2841048,126.8471311
프랜차이즈,반달커피-안산상록점,경기도 안산시 상록구 사동 1299-9 1층 일부호,경기도 안산시 상록구 사동 1299-9,37.2976677,126.8501927
프랜차이즈,1키로탕수육-안산상록수점,경기도 안산시 상록구 사동 1318-8 한도프라자 109호,경기도 안산시 상록구 사동 1318-8,37.2951426,126.8523989
프랜차이즈,꾸브라꼬포장마차떡볶이-사동점,경기도 안산시 상록구 사동 1247-4 1층 일부,경기도 안산시 상록구 사동 1247-4,37.3013024,126.8582195
프랜차이즈,오리도니-안산상록점,경기도 안산시 상록구 사동 1253-1 103호 너와함께한입가심,경기도 안산시 상록구 사동 1253-1,37.3018927,126.8559015
프랜차이즈,"맛있게꿉다,꿉삼겹-한대역점",경기도 안산시 상록구 사동 1240-15 1층 101호,경기도 안산시 상록구 사동 1240-15,37.3008655,126.8563707
프랜차이즈,메가MGC커피-안산디지털프라자사거리점,경기도 안산시 상록구 사동 1518 1층 101호,경기도 안산시 상록구 사동 1518,37.3065929,126.8472665
프랜차이즈,메가MGC커피-한양대에리카점,"경기도 안산시 상록구 사동 1569-4 104호, 105호",경기도 안산시 상록구 사동 1569-4,37.3008956,126.837633
프랜차이즈,시베리아허스키냉면시허냉-안산본점,경기도 안산시 상록구 사동 1581-6 지하1층(사동),경기도 안산시 상록구 사동 1581-6,37.3020369,126.8416623
프랜차이즈,코리안바베큐-안산사동점,경기도 안산시 상록구 사동 1469-16 1층 103호,경기도 안산시 상록구 사동 1469-16,37.2810942,126.851128
프랜차이즈,손큰할매순대국-안산사동점,"경기도 안산시 상록구 사동 1639-20 2층 213호,214호(그랑시티시그니처타워)",경기도 안산시 상록구 사동 1639-20,37.2857886,126.8282758
치킨,썬파닭두마리치킨-안산점,경기도 안산시 상록구 사동 1299-9 1층 일부호,경기도 안산시 상록구 사동 1299-9,37.2976677,126.8501927
치킨,더치킨-한양대점,경기도 안산시 상록구 사동 1154-6 1154-6,경기도 안산시 상록구 사동 1154-6,37.2998531,126.8392247
치킨,소확행피자-안산점,경기도 안산시 상록구 사동 1581-2 1581-2 102호,경기도 안산시 상록구 사동 1581-2,37.3017948,126.8410718
치킨,텐버거-안산한양대점,경기도 안산시 상록구 사동 1562-3 한대빌딩 103호,경기도 안산시 상록구 사동 1562-3,37.3013908,126.8373077
치킨,NY핫도그&커피-안산한양대점,경기도 안산시 상록구 사동 1338-6 101호,경기도 안산시 상록구 사동 1338-6,37.2948394,126.8574358
피자/양식,한양대포차,경기도 안산시 상록구 사동 1169-17 삼원빌라 1층,경기도 안산시 상록구 사동 1169-17,37.3005946,126.8408077
피자/양식,단칸방파스타,경기도 안산시 상록구 사동 1338-2 1층 101호,경기도 안산시 상록구 사동 1338-2,37.2954552,126.857609
피자/양식,자이카인도레스토랑,경기도 안산시 상록구 사동 1149-5 2층 일부호,경기도 안산시 상록구 사동 1149-5,37.3002787,126.8386808
피자/양식,앤의식탁,경기도 안산시 상록구 사동 1570 1570 102호,경기도 안산시 상록구 사동 1570,37.3010731,126.8386023
피자/양식,피자헐-사1동점,경기도 안산시 상록구 사동 1286-8 1286-8번지 1층,경기도 안산시 상록구 사동 1286-8,37.2966089,126.8475934
피자/양식,에뎀,경기도 안산시 상록구 사동 1169-1 1층,경기도 안산시 상록구 사동 1169-1,37.3006754,126.8405866
피자/양식,브라더스테이크,경기도 안산시 상록구 사동 1155-11 1155-11 1층,경기도 안산시 상록구 사동 1155-11,37.3001443,126.840387
피자/양식,드림즈푸드러시아음식전문점,경기도 안산시 상록구 사동 1542-7 1층 일부,경기도 안산시 상록구 사동 1542-7,37.303819,126.8463891
피자/양식,라이혼(Rayhon),경기도 안산시 상록구 사동 1186-15 1층 일부,경기도 안산시 상록구 사동 1186-15,37.3029396,126.8487206
중국집,일전쌍조-본점,경기도 안산시 상록구 사동 1333-14 1층 103호 (사동),경기도 안산시 상록구 사동 1333-14,37.2946492,126.8544536
중국집,팔도반점-상록직영점,경기도 안산시 상록구 사동 1299-11 1층,경기도 안산시 상록구 사동 1299-11,37.2979405,126.849965
중국집,준뽕,경기도 안산시 상록구 사동 1253-2 1층,경기도 안산시 상록구 사동 1253-2,37.3018085,126.8560068
중국집,리더스마라탕-본점,경기도 안산시 상록구 사동 1528-11 1층 103동(사동),경기도 안산시 상록구 사동 1528-11,37.3055922,126.8447987
중국집,얼큰해장짬뽕-본점,경기도 안산시 상록구 사동 1333-14 1층 103호 (사동),경기도 안산시 상록구 사동 1333-14,37.2946492,126.8544536
중국집,마라강호-사동점,경기도 안산시 상록구 사동 1431-1 1431-1 1층 101호,경기도 안산시 상록구 사동 1431-1,37.2834681,126.8470986
중국집,우리는얼음밀면을만듭니다-안산점,경기도 안산시 상록구 사동 1194-1 청룡빌딩 1층 103호,경기도 안산시 상록구 사동 1194-1,37.3013886,126.8493602
중국집,레알마라샹궈,경기도 안산시 상록구 사동 1528-11 1층 103호(사동),경기도 안산시 상록구 사동 1528-11,37.3055922,126.8447987
중국집,옛날근본탕수육-본점,경기도 안산시 상록구 사동 1333-14 1층 103호 (사동),경기도 안산시 상록구 사동 1333-14,37.2946492,126.8544536
중국집,맛있는중국집,경기도 안산시 상록구 사동 1550-4 1층,경기도 안산시 상록구 사동 1550-4,37.3039998,126.8447159
중국집,홍콩불짬뽕-안산점,"경기도 안산시 상록구 사동 1346 729동지1층108,109호",경기도 안산시 상록구 사동 1346,37.2871726,126.8536716
중국집,퓨전탕수육전문점,경기도 안산시 상록구 사동 1267-4 1층 101호,경기도 안산시 상록구 사동 1267-4,37.2972317,126.8580101
중국집,진심꿔바로우,경기도 안산시 상록구 사동 1528-11 1층 103호,경기도 안산시 상록구 사동 1528-11,37.3055922,126.8447987
한식,든든국밥&해장냉면,경기도 안산시 상록구 사동 1240-6 1층 일부,경기도 안산시 상록구 사동 1240-6,37.3011083,126.8565647
한식,감성낙곱새-본점,경기도 안산시 상록구 사동 1581-6 1층,경기도 안산시 상록구 사동 1581-6,37.3020369,126.8416623
한식,땡글이감자탕,경기도 안산시 상록구 사동 1203-1 1203-1 1층,경기도 안산시 상록구 사동 1203-1,37.302176,126.8521821
한식,신주국밥,경기도 안산시 상록구 사동 1521-6 1층(사동),경기도 안산시 상록구 사동 1521-6,37.3061148,126.8452052
한식,돈돈돈이조아국밥,경기도 안산시 상록구 사동 1240-6 1층,경기도 안산시 상록구 사동 1240-6,37.3011083,126.8565647
한식,수봉김치찜,경기도 안산시 상록구 사동 1293-2 1293-2 1층 102호,경기도 안산시 상록구 사동 1293-2,37.296205,126.8480733
한식,시골우렁쌈밥-본점,경기도 안산시 상록구 사동 1191-14 1191-14 1층,경기도 안산시 상록구 사동 1191-14,37.3020318,126.8473977
한식,집밥찌개백반,경기도 안산시 상록구 사동 1332 1332 1층,경기도 안산시 상록구 사동 1332,37.2952929,126.8544689
한식,온정국밥-안산상록점,"경기도 안산시 상록구 사동 1299-8 우된장,안산상록점 1층 일부호",경기도 안산시 상록구 사동 1299-8,37.2975275,126.8503035
한식,한가득김치찌개&김치찜&행복한찜닭,경기도 안산시 상록구 사동 1528-14 1층 일부,경기도 안산시 상록구 사동 1528-14,37.3056083,126.8442993
한식,부자김치찜,경기도 안산시 상록구 사동 1540-1 102호,경기도 안산시 상록구 사동 1540-1,37.3041676,126.8470592
한식,덕이네냉면&국밥,경기도 안산시 상록구 사동 1317-3 1층,경기도 안산시 상록구 사동 1317-3,37.294818,126.8522674
한식,어리버리닭발-사동점,경기도 안산시 상록구 사동 1284-15 1층,경기도 안산시 상록구 사동 1284-15,37.2972585,126.8468992
한식,닭에는수제비지,경기도 안산시 상록구 사동 1333-12 1층,경기도 안산시 상록구 사동 1333-12,37.2944711,126.8547152
한식,대박닭발-본점,경기도 안산시 상록구 사동 1517-5 1517-5 101~103호,경기도 안산시 상록구 사동 1517-5,37.3066177,126.8466638
한식,강여사곱창전골-안산사동점,경기도 안산시 상록구 사동 1332-15 1층 일부,경기도 안산시 상록구 사동 1332-15,37.2951857,126.8543548
한식,현주네웰빙식당,경기도 안산시 상록구 사동 1346 상록수타운월드아파트 월드스포션 1346 상록수타운월드아파트 월드스포션 729동 지층 112호,경기도 안산시 상록구 사동 1346,37.2871726,126.8536716
한식,중앙한우곱창-사동점,경기도 안산시 상록구 사동 1254-4 101호(사동),경기도 안산시 상록구 사동 1254-4,37.3009315,126.8560193
한식,옛날맛,경기도 안산시 상록구 사동 1151-5 1층,경기도 안산시 상록구 사동 1151-5,37.3003283,126.8397748
한식,안산돼지찌개,경기도 안산시 상록구 사동 1243 1층 102호,경기도 안산시 상록구 사동 1243,37.3006768,126.8568046
한식,하루삼겹-안산점,경기도 안산시 상록구 사동 1546-6 1층 일부,경기도 안산시 상록구 사동 1546-6,37.3041865,126.8455615
한식,벌떡풍천장어-사동점,경기도 안산시 상록구 사동 1403-5 1층 일부호,경기도 안산시 상록구 사동 1403-5,37.2822666,126.8538579
한식,감자골닭발,경기도 안산시 상록구 사동 1408-8 1408-8 1층 101호,경기도 안산시 상록구 사동 1408-8,37.2842208,126.8529231
한식,91콩삼콩나물삼겹살&덮밥,경기도 안산시 상록구 사동 1155-14 1층,경기도 안산시 상록구 사동 1155-14,37.2999881,126.8400077
한식,덮밥킹,경기도 안산시 상록구 사동 1506 본오1차아파트 본오프라자 상가 상가동 2층 215호,경기도 안산시 상록구 사동 1506,37.279843,126.8533676
한식,옛날멸치국수김밥,경기도 안산시 상록구 사동 1431-3 1층(사동),경기도 안산시 상록구 사동 1431-3,37.2832342,126.8470867
한식,장수한방감자탕-안산자이점,"경기도 안산시 상록구 사동 1639-7 그랑시티자이포트에비뉴 202호,203호",경기도 안산시 상록구 사동 1639-7,37.2826598,126.8302575
한식,거기뭉티기&육회-안산본점,경기도 안산시 상록구 사동 1518-2 1층 일부,경기도 안산시 상록구 사동 1518-2,37.3063101,126.8472506
한식,뿐이네포차,경기도 안산시 상록구 사동 1431 2층(사동),경기도 안산시 상록구 사동 1431,37.2835835,126.8471075
한식,오늘은아구찜-안산직영점,경기도 안산시 상록구 사동 1209 1층 102호,경기도 안산시 상록구 사동 1209,37.3029902,126.852597
한식,육회꽃필무렵한우&연어-안산점,경기도 안산시 상록구 사동 1244-13 1층,경기도 안산시 상록구 사동 1244-13,37.3008915,126.8568157
한식,쏭볶이 본점,경기도 안산시 상록구 사동 1568-5 1층,경기도 안산시 상록구 사동 1568-5,37.3015675,126.8394517
한식,the죽-안산점,경기도 안산시 상록구 사동 1562-6 1층 사동,경기도 안산시 상록구 사동 1562-6,37.3012041,126.8375818
한식,성북동경양식,"경기도 안산시 상록구 사동 1569 유원빌딩 유원빌딩 1층 101,102호",경기도 안산시 상록구 사동 1569,37.3011274,126.8383073
한식,1.5인분얼음냉면-본점,경기도 안산시 상록구 사동 1240-6 1층,경기도 안산시 상록구 사동 1240-6,37.3011083,126.8565647
한식,떡이야기,경기도 안산시 상록구 사동 1183-5 1층 일부호,경기도 안산시 상록구 사동 1183-5,37.3025722,126.8470208
한식,숙성회맛집313,경기도 안산시 상록구 사동 1549-9 1층 일부 (사동),경기도 안산시 상록구 사동 1549-9,37.3042291,126.843984
한식,한아름본토왕족발,경기도 안산시 상록구 사동 1470-4 신성아트빌 1470-4 신성아트빌 1층,경기도 안산시 상록구 사동 1470-4,37.2808363,126.8515636
한식,장터뼈해장국,경기도 안산시 상록구 사동 1521-6 1층,경기도 안산시 상록구 사동 1521-6,37.3061148,126.8452052
한식,삼겹은삼촌이구워줄게339,경기도 안산시 상록구 사동 1202-6 1층 일부,경기도 안산시 상록구 사동 1202-6,37.3024264,126.8520534
한식,부자냉면,경기도 안산시 상록구 사동 1540-1 102호,경기도 안산시 상록구 사동 1540-1,37.3041676,126.8470592
한식,맛있고제육-본점,경기도 안산시 상록구 사동 1240-6 1층,경기도 안산시 상록구 사동 1240-6,37.3011083,126.8565647
한식,옛골갈비찜닭도리탕,경기도 안산시 상록구 사동 1521-6 1층(사동),경기도 안산시 상록구 사동 1521-6,37.3061148,126.8452052
한식,백두닭도리&찜닭,경기도 안산시 상록구 사동 1202-6 1층 일부,경기도 안산시 상록구 사동 1202-6,37.3024264,126.8520534
한식,삼겹직화구이,경기도 안산시 상록구 사동 1299-8 1층 일부호,경기도 안산시 상록구 사동 1299-8,37.2975275,126.8503035
한식,맛있떡,경기도 안산시 상록구 사동 1318-8 한도프라자 101호,경기도 안산시 상록구 사동 1318-8,37.2951426,126.8523989
한식,영덕해물탕똘이엄마다녀간집,경기도 안산시 상록구 사동 1552-3 2층,경기도 안산시 상록구 사동 1552-3,37.3038326,126.8436942
한식,최고집칼국수,경기도 안산시 상록구 사동 1576 1층,경기도 안산시 상록구 사동 1576,37.3029588,126.8391538
한식,숙성해맛집313,경기도 안산시 상록구 사동 1549-9 1층 일부 (사동),경기도 안산시 상록구 사동 1549-9,37.3042291,126.843984
한식,내담대구뽈탕뽈찜,경기도 안산시 상록구 사동 1477-9 1층,경기도 안산시 상록구 사동 1477-9,37.2786528,126.8507061
한식,정통식당-사동점,경기도 안산시 상록구 사동 1418-2 1층,경기도 안산시 상록구 사동 1418-2,37.2832936,126.8475978
한식,그집-본점,"경기도 안산시 상록구 사동 1299-8 1299-8 101,102호",경기도 안산시 상록구 사동 1299-8,37.2975275,126.8503035
한식,불날개-상록점,경기도 안산시 상록구 사동 1240-4 1층,경기도 안산시 상록구 사동 1240-4,37.3013592,126.8565778
한식,김연주한쌈우렁쌈밥,경기도 안산시 상록구 사동 1299-10 1층,경기도 안산시 상록구 사동 1299-10,37.2978024,126.8500802
한식,그린피그갈비-안산점,경기도 안산시 상록구 사동 1182-2,경기도 안산시 상록구 사동 1182-2,37.3031849,126.8463713
한식,김종현아구찜,경기도 안산시 상록구 사동 1305-22 1층일부,경기도 안산시 상록구 사동 1305-22,37.2967758,126.8504476
한식,옛날소스삼겹살,경기도 안산시 상록구 사동 1431-2 102호,경기도 안산시 상록구 사동 1431-2,37.2833511,126.8470927
한식,어담추어탕,경기도 안산시 상록구 사동 1350 용진빌딩 1층,경기도 안산시 상록구 사동 1350,37.2942534,126.8440258
한식,육회많이주는집-안산점,경기도 안산시 상록구 사동 1528-11 101호-2,경기도 안산시 상록구 사동 1528-11,37.3055922,126.8447987
한식,김국두김치국물두루치기,경기도 안산시 상록구 사동 1293 1층 일부,경기도 안산시 상록구 사동 1293,37.2963684,126.8478363
한식,대식가-그랑시티자이점,경기도 안산시 상록구 사동 1639 1639 206호(그랑시티자이2차),경기도 안산시 상록구 사동 1639,37.2798835,126.831987
한식,면미당-안산상록점,경기도 안산시 상록구 사동 1332 1층 일부호,경기도 안산시 상록구 사동 1332,37.2952929,126.8544689
한식,두례김밥-사동점,경기도 안산시 상록구 사동 1418 1층 두례김밥 사동점,경기도 안산시 상록구 사동 1418,37.2835442,126.8476078
한식,젤리팩토리,경기도 안산시 상록구 사동 1151-5 젤리펙토리 1층,경기도 안산시 상록구 사동 1151-5,37.3003283,126.8397748
한식,씨엘로커피CIELO,경기도 안산시 상록구 사동 1410 1층 일부호,경기도 안산시 상록구 사동 1410,37.2847621,126.8500784
일식/돈까스,유니왕까스,경기도 안산시 상록구 사동 1318-8 한도프라자 101호,경기도 안산시 상록구 사동 1318-8,37.2951426,126.8523989
일식/돈까스,한끼초밥-사동점,경기도 안산시 상록구 사동 1209-15 정문시티타운 1층,경기도 안산시 상록구 사동 1209-15,37.3028193,126.8525828
일식/돈까스,에비수초밥일식-한양대에리카점,경기도 안산시 상록구 사동 1155-10 1155-10 1층 102호,경기도 안산시 상록구 사동 1155-10,37.3002616,126.8402895
일식/돈까스,청춘막회-안산점,경기도 안산시 상록구 사동 1572 1572 광명빌딩 1층 102호,경기도 안산시 상록구 사동 1572,37.3016999,126.839774
족발/보쌈,야식왕족발,경기도 안산시 상록구 사동 1309-12 102호(사동),경기도 안산시 상록구 사동 1309-12,37.2954844,126.8497067
야식,노스트,경기도 안산시 상록구 사동 1243 1층 102호,경기도 안산시 상록구 사동 1243,37.3006768,126.8568046
야식,해두리버거-사동점,경기도 안산시 상록구 사동 1333-9 휴먼빌딩 1층 102호,경기도 안산시 상록구 사동 1333-9,37.2941994,126.8551146
야식,와로플,경기도 안산시 상록구 사동 1424-4 1층,경기도 안산시 상록구 사동 1424-4,37.284449,126.8471487
야식,냠냠오리,경기도 안산시 상록구 사동 1253-1 103호 너와함께한입가심,경기도 안산시 상록구 사동 1253-1,37.3018927,126.8559015
야식,파익스피크소다-에리카점,경기도 안산시 상록구 사동 1569-2 1층 일부,경기도 안산시 상록구 사동 1569-2,37.3007105,126.8383812
분식,셀분식,경기도 안산시 상록구 사동 1574 1574 1층,경기도 안산시 상록구 사동 1574,37.3023756,126.8393475
카페/디저트,버니문,경기도 안산시 상록구 사동 1151-2 1층 버니문 102호,경기도 안산시 상록구 사동 1151-2,37.3003608,126.8394806
카페/디저트,신디도넛,경기도 안산시 상록구 사동 1563-3 윤준빌딩 1층전체,경기도 안산시 상록구 사동 1563-3,37.3016589,126.8379526
카페/디저트,역전찹쌀꽈배기&핫도그,경기도 안산시 상록구 사동 1413-4 1413-4 1층,경기도 안산시 상록구 사동 1413-4,37.2834295,126.850238
카페/디저트,봉구스틱,경기도 안산시 상록구 사동 1412-10 1층 일부,경기도 안산시 상록구 사동 1412-10,37.2840794,126.8500736
카페/디저트,묵커피바,경기도 안산시 상록구 사동 1567-5 1층,경기도 안산시 상록구 사동 1567-5,37.3016884,126.8391262
카페/디저트,어반플레이스,경기도 안산시 상록구 사동 1149-13 1149-13 1층,경기도 안산시 상록구 사동 1149-13,37.3000484,126.8391647
카페/디저트,카페피움,경기도 안산시 상록구 사동 1318-8 한도프라자 1318-8 한도프라자 1층 106호,경기도 안산시 상록구 사동 1318-8,37.2951426,126.8523989
카페/디저트,올리바샌드위치,경기도 안산시 상록구 사동 1568-8 1층,경기도 안산시 상록구 사동 1568-8,37.301284,126.839179
카페/디저트,새벽다섯시,경기도 안산시 상록구 사동 1563-6 1층 일부,경기도 안산시 상록구 사동 1563-6,37.3015175,126.8379137
카페/디저트,커피달라,경기도 안산시 상록구 사동 1341 1341 (주)안산교육 1층 102호,경기도 안산시 상록구 사동 1341,37.2940927,126.855402
카페/디저트,코지홀리데이,경기도 안산시 상록구 사동 1154-1 1층,경기도 안산시 상록구 사동 1154-1,37.2995816,126.8385638
프랜차이즈,맘스터치피자앤치킨-안산성포점,"경기도 안산시 상록구 성포동 593-25 105,106,111 일부호",경기도 안산시 상록구 성포동 593-25,37.3264698,126.8470435
프랜차이즈,또래오래-안산중앙점,경기도 안산시 상록구 성포동 592-2 안산현대1차아파트 정문상가 112동 1층 102호,경기도 안산시 상록구 성포동 592-2,37.3247199,126.8450247
프랜차이즈,피자헛-안산성포점,"경기도 안산시 상록구 성포동 592-2 안산현대1차아파트 정문상가 592-2 안산현대1차아파트상가112동1층105호,에이호",경기도 안산시 상록구 성포동 592-2,37.3247199,126.8450247
프랜차이즈,BHC-성포점,경기도 안산시 상록구 성포동 592-2 안산현대1차아파트 106동 상가111동 1층 c-1호,경기도 안산시 상록구 성포동 592-2,37.3247199,126.8450247
프랜차이즈,영구스피자-성포점,"경기도 안산시 상록구 성포동 592-2 안산현대1차아파트 상가동 592-2번지 현대1차상가111동 102,110호",경기도 안산시 상록구 성포동 592-2,37.3247199,126.8450247
프랜차이즈,피나치공-안산성포점,경기도 안산시 상록구 성포동 593-17 성포타운 1층 122호,경기도 안산시 상록구 성포동 593-17,37.3268923,126.8471211
프랜차이즈,굽네치킨&피자-안산성포점,경기도 안산시 상록구 성포동 592-2 안산현대1차아파트 정문상가 112동 104호,경기도 안산시 상록구 성포동 592-2,37.3247199,126.8450247
프랜차이즈,도미노피자-안산성포점,경기도 안산시 상록구 성포동 593-25,경기도 안산시 상록구 성포동 593-25,37.3264698,126.8470435
프랜차이즈,기영이숯불두마리치킨-안산성포점,경기도 안산시 상록구 성포동 583-4 사이버스튜디오 106-1호,경기도 안산시 상록구 성포동 583-4,37.3231866,126.8446948
프랜차이즈,라멘선생-성포점,경기도 안산시 상록구 성포동 593-11 경동프라자 지하104호,경기도 안산시 상록구 성포동 593-11,37.3269216,126.844154
프랜차이즈,배떡-성포점,경기도 안산시 상록구 성포동 592-2 안산현대1차아파트 상가동 111동 113호,경기도 안산시 상록구 성포동 592-2,37.3247199,126.8450247
프랜차이즈,피나치공뿌리공스-안산성포점,경기도 안산시 상록구 성포동 593-17 성포타운 1층 122호,경기도 안산시 상록구 성포동 593-17,37.3268923,126.8471211
프랜차이즈,돈기부여돈까스전문점-성포점,"경기도 안산시 상록구 성포동 593-17 성포타운 120,121호",경기도 안산시 상록구 성포동 593-17,37.3268923,126.8471211
프랜차이즈,돈갓수제돈까스-성포점,경기도 안산시 상록구 성포동 593-11 경동프라자 지하 104호,경기도 안산시 상록구 성포동 593-11,37.3269216,126.844154
프랜차이즈,전기구이한량통닭-안산점,경기도 안산시 상록구 성포동 592-2 안산현대1차아파트 상가 112동1층107호,경기도 안산시 상록구 성포동 592-2,37.3247199,126.8450247
프랜차이즈,장혁민의부대찌개-성포점,경기도 안산시 상록구 성포동 593-17 성포타운 2층 205호,경기도 안산시 상록구 성포동 593-17,37.3268923,126.8471211
프랜차이즈,라홍방마라탕-성포점,경기도 안산시 상록구 성포동 593-17 성포타운 1층 107호,경기도 안산시 상록구 성포동 593-17,37.3268923,126.8471211
프랜차이즈,천서방김밥-성포점,경기도 안산시 상록구 성포동 584-2 성포주공10단지 상가동 108호,경기도 안산시 상록구 성포동 584-2,37.3205785,126.8460444
프랜차이즈,세련대게-안산점,경기도 안산시 상록구 성포동 593-23 삼희프라자 1층,경기도 안산시 상록구 성포동 593-23,37.3267418,126.8477293
프랜차이즈,등촌샤브칼국수-안산1호점,경기도 안산시 상록구 성포동 583-5 예술프라자 583-5 예술프라자 207호,경기도 안산시 상록구 성포동 583-5,37.3209094,126.8439919
프랜차이즈,파리바게뜨-안산성포점,"경기도 안산시 상록구 성포동 592 선경상가 에이동 A동 101,136호",경기도 안산시 상록구 성포동 592,37.325693,126.8432238
프랜차이즈,맘스터치-안산성포점,"경기도 안산시 상록구 성포동 593-25 1층 105,106,111호",경기도 안산시 상록구 성포동 593-25,37.3264698,126.8470435
프랜차이즈,배스킨라빈스-안산롯데마트점,경기도 안산시 상록구 성포동 590 590 롯데마트 F동 1층 일부,경기도 안산시 상록구 성포동 590,37.3174312,126.8473175
프랜차이즈,본죽앤비빔밥-안산성포동점,경기도 안산시 상록구 성포동 588-2 주공4단지아파트 상가동 종합상가 119호,경기도 안산시 상록구 성포동 588-2,37.3201504,126.8448649
프랜차이즈,파리바게뜨-안산예술인점,경기도 안산시 상록구 성포동 583-5 예술프라자 583-5 예술프라자 1층 106호,경기도 안산시 상록구 성포동 583-5,37.3209094,126.8439919
피자/양식,또띠아랑,경기도 안산시 상록구 성포동 593-11 경동프라자 지하 106호,경기도 안산시 상록구 성포동 593-11,37.3269216,126.844154
중국집,단야-안산점,"경기도 안산시 상록구 성포동 593-17 성포타운 1층 105, 106호",경기도 안산시 상록구 성포동 593-17,37.3268923,126.8471211
한식,안주가,경기도 안산시 상록구 성포동 747 안산파크 푸르지오 상가 112호,경기도 안산시 상록구 성포동 747,37.3193697,126.8475337
한식,모락모락설렁탕,"경기도 안산시 상록구 성포동 583 스타프라자 지하층 8호 9,9-2호",경기도 안산시 상록구 성포동 583,37.3218118,126.8438679
한식,화산장터순대국밥,경기도 안산시 상록구 성포동 583-4 사이버스튜디오 103호,경기도 안산시 상록구 성포동 583-4,37.3231866,126.8446948
한식,약선당콩나물국밥,경기도 안산시 상록구 성포동 592 선경상가 에이동 지하14호(성포동),경기도 안산시 상록구 성포동 592,37.325693,126.8432238
한식,노적봉아구찜,경기도 안산시 상록구 성포동 583 예술인아파트 스타프라자 583 예술인아파트 스타프라자 4층 8호,경기도 안산시 상록구 성포동 583,37.3218118,126.8438679
한식,해솜맛집-안산점,경기도 안산시 상록구 성포동 593-11 경동프라자 593-11 경동프라자 3층 302호,경기도 안산시 상록구 성포동 593-11,37.3269216,126.844154
한식,명가한식,"경기도 안산시 상록구 성포동 583 예술인아파트 스타프라자 583 예술인아파트 스타프라자 지하층 6,7호",경기도 안산시 상록구 성포동 583,37.3218118,126.8438679
한식,명가우렁쌈밥,"경기도 안산시 상록구 성포동 583 예술인아파트 스타프라자 583 예술인아파트 스타프라자 지하층 6,7호",경기도 안산시 상록구 성포동 583,37.3218118,126.8438679
한식,본가순댓국&국밥,"경기도 안산시 상록구 성포동 583 스타프라자 스타프라자 지하 2,3호",경기도 안산시 상록구 성포동 583,37.3218118,126.8438679
한식,대박냉면-성포점,경기도 안산시 상록구 성포동 583-4 사이버스튜디오 1층 105호,경기도 안산시 상록구 성포동 583-4,37.3231866,126.8446948
일식/돈까스,오징어당,경기도 안산시 상록구 성포동 593-11 경동프라자 593-11 경동프라자 1층 102~103호,경기도 안산시 상록구 성포동 593-11,37.3269216,126.844154
카페/디저트,아이미슈,경기도 안산시 상록구 성포동 583 스타프라자 예술인아파트 상가동 지하층 23호,경기도 안산시 상록구 성포동 583,37.3218118,126.8438679
1인분 주문,1인피자피자마루UP-월피점,경기도 안산시 상록구 월피동 448 안산현대2차아파트 상가동(A동) 상가A동 1층 3호,경기도 안산시 상록구 월피동 448,37.3310261,126.8501705
1인분 주문,설가네나주곰탕-월피점,경기도 안산시 상록구 월피동 518-10 518-10 1층,경기도 안산시 상록구 월피동 518-10,37.3350192,126.8438844
1인분 주문,참치야놀자-월피점,"경기도 안산시 상록구 월피동 445-17 현대쇼핑 1층 13,18,19호",경기도 안산시 상록구 월피동 445-17,37.3293065,126.846138
1인분 주문,라냐,경기도 안산시 상록구 월피동 445 다농마트 3층 333호,경기도 안산시 상록구 월피동 445,37.3283732,126.8440307
1인분 주문,열정국밥-안산월피점,경기도 안산시 상록구 월피동 452-12 민족축복교회 105호,경기도 안산시 상록구 월피동 452-12,37.3332404,126.8507386
1인분 주문,이즈피자-월피점,경기도 안산시 상록구 월피동 445-18 로얄프라자 104호,경기도 안산시 상록구 월피동 445-18,37.3293769,126.8469267
1인분 주문,이디야커피-안산월피동점,경기도 안산시 상록구 월피동 492-16 1층,경기도 안산시 상록구 월피동 492-16,37.3358676,126.8452398
1인분 주문,보대가-월피점,경기도 안산시 상록구 월피동 434-5 434-5 1층일부,경기도 안산시 상록구 월피동 434-5,37.3337472,126.8549703
1인분 주문,샌드위츠리-월피점,경기도 안산시 상록구 월피동 434-5 434-5 1층일부,경기도 안산시 상록구 월피동 434-5,37.3337472,126.8549703
1인분 주문,브런츠리,경기도 안산시 상록구 월피동 434-5 434-5 1층일부,경기도 안산시 상록구 월피동 434-5,37.3337472,126.8549703
1인분 주문,메가MGC커피-안산월피점,경기도 안산시 상록구 월피동 492-15 1층 일부,경기도 안산시 상록구 월피동 492-15,37.3357807,126.8454035
1인분 주문,카페테리아-월피점,경기도 안산시 상록구 월피동 434-5 434-5 1층일부,경기도 안산시 상록구 월피동 434-5,37.3337472,126.8549703
1인분 주문,치아바타샌드,경기도 안산시 상록구 월피동 434-5 434-5 1층일부,경기도 안산시 상록구 월피동 434-5,37.3337472,126.8549703
프랜차이즈,롯데리아-안산DT점,경기도 안산시 상록구 월피동 445-30 롯데리아드라이브점 1~3층,경기도 안산시 상록구 월피동 445-30,37.3281683,126.8480785
프랜차이즈,푸라닭-안산월피점,경기도 안산시 상록구 월피동 464-11 464-11 1층,경기도 안산시 상록구 월피동 464-11,37.3347849,126.8538467
프랜차이즈,BHC-안산월피점,경기도 안산시 상록구 월피동 451-7 451-7 1층,경기도 안산시 상록구 월피동 451-7,37.333099,126.8529445
프랜차이즈,치킨플러스-월피점,경기도 안산시 상록구 월피동 442-14 1층 101호,경기도 안산시 상록구 월피동 442-14,37.3286775,126.8506154
프랜차이즈,신전떡볶이-월피점,경기도 안산시 상록구 월피동 452-12 민족축복교회 1층 101호(월피동),경기도 안산시 상록구 월피동 452-12,37.3332404,126.8507386
프랜차이즈,멕시카나-월피동점,경기도 안산시 상록구 월피동 442-18 442-18 103호,경기도 안산시 상록구 월피동 442-18,37.3290632,126.8504167
프랜차이즈,부어치킨-월피동점,경기도 안산시 상록구 월피동 453-6 103호,경기도 안산시 상록구 월피동 453-6,37.3337899,126.8506768
프랜차이즈,네네치킨-월피점,경기도 안산시 상록구 월피동 461-8 102호,경기도 안산시 상록구 월피동 461-8,37.3333897,126.853186
프랜차이즈,노랑통닭-안산월피점,경기도 안산시 상록구 월피동 452-18 1층 101호,경기도 안산시 상록구 월피동 452-18,37.332841,126.8509885
프랜차이즈,소문난닭강정,경기도 안산시 상록구 월피동 453-9 453-9,경기도 안산시 상록구 월피동 453-9,37.3332652,126.8502341
프랜차이즈,교촌치킨-월피점,경기도 안산시 상록구 월피동 442-26 442-26 101호,경기도 안산시 상록구 월피동 442-26,37.3301042,126.8509201
프랜차이즈,지코바치킨-월피점,경기도 안산시 상록구 월피동 474-10 102호,경기도 안산시 상록구 월피동 474-10,37.3358307,126.8523748
프랜차이즈,떡볶이플러스-월피점,경기도 안산시 상록구 월피동 442-14 1층 101호,경기도 안산시 상록구 월피동 442-14,37.3286775,126.8506154
프랜차이즈,페리카나-월피주공점,경기도 안산시 상록구 월피동 446-2 주공2단지아파트(상가동) 446-2 주공2단지아파트(상가동) 상가 107호,경기도 안산시 상록구 월피동 446-2,37.3288177,126.8433578
프랜차이즈,훌랄라참숯치킨-안산월피점,"경기도 안산시 상록구 월피동 508-9 103호, 104호",경기도 안산시 상록구 월피동 508-9,37.3354792,126.845008
프랜차이즈,요아정-안산월피점,경기도 안산시 상록구 월피동 453-4 1층,경기도 안산시 상록구 월피동 453-4,37.3341403,126.8509626
프랜차이즈,코리안바베큐-월피2호점,경기도 안산시 상록구 월피동 460-12 101호,경기도 안산시 상록구 월피동 460-12,37.3343401,126.8516564
프랜차이즈,기떡찜-월피점,경기도 안산시 상록구 월피동 442-14 1층 101호,경기도 안산시 상록구 월피동 442-14,37.3286775,126.8506154
프랜차이즈,BBQ-안산월피예대점,경기도 안산시 상록구 월피동 508-3 베스코아트빌 1층 105호,경기도 안산시 상록구 월피동 508-3,37.3348887,126.8443918
프랜차이즈,곱도리辛&낙곱새-월피점,경기도 안산시 상록구 월피동 460-10 1층 102호,경기도 안산시 상록구 월피동 460-10,37.3347763,126.8520157
프랜차이즈,낭만닭발-월피점,"경기도 안산시 상록구 월피동 445-21 오성빌딩 103호,104호",경기도 안산시 상록구 월피동 445-21,37.3288625,126.8478958
프랜차이즈,웅이네오돌뼈닭발도-월피동점,경기도 안산시 상록구 월피동 461-8 1층 일부,경기도 안산시 상록구 월피동 461-8,37.3333897,126.853186
프랜차이즈,굽네치킨&피자-월피점,경기도 안산시 상록구 월피동 486-10 1층일부,경기도 안산시 상록구 월피동 486-10,37.3349794,126.8472875
프랜차이즈,이디야커피-안산월피현대점,"경기도 안산시 상록구 월피동 448 안산현대2차아파트 상가동(B동) 1층 8호,9호",경기도 안산시 상록구 월피동 448,37.3310261,126.8501705
프랜차이즈,오구피자-월피점,경기도 안산시 상록구 월피동 447 한양아파트 한양A상가3동 1층 102-2호,경기도 안산시 상록구 월피동 447,37.3323201,126.8482896
프랜차이즈,피자마루-안산월피점,경기도 안산시 상록구 월피동 448 안산현대2차아파트 상가동(B동) 448 안산현대2차아파트 상가동(A동) 1층 3호,경기도 안산시 상록구 월피동 448,37.3310261,126.8501705
프랜차이즈,반올림피자-안산월피점,경기도 안산시 상록구 월피동 449-6 1층,경기도 안산시 상록구 월피동 449-6,37.3323317,126.8519471
프랜차이즈,BBQ-월피점,경기도 안산시 상록구 월피동 436-11 436-11 1층,경기도 안산시 상록구 월피동 436-11,37.3310516,126.8517103
프랜차이즈,배스킨라빈스-안산월피점,"경기도 안산시 상록구 월피동 445-18 로얄프라자 445-18 로얄프라자 105,106호",경기도 안산시 상록구 월피동 445-18,37.3293769,126.8469267
프랜차이즈,수내닭꼬치-안산월피점,경기도 안산시 상록구 월피동 445-25 파크프라자 445-25 1층 101호,경기도 안산시 상록구 월피동 445-25,37.3286183,126.8475937
프랜차이즈,스테이크존-안산월피점,경기도 안산시 상록구 월피동 506-2,경기도 안산시 상록구 월피동 506-2,37.3362128,126.8438868
프랜차이즈,네네앤봉구스-월피점,경기도 안산시 상록구 월피동 461-8 461-8 102호,경기도 안산시 상록구 월피동 461-8,37.3333897,126.853186
프랜차이즈,98도씨국밥-월피점,경기도 안산시 상록구 월피동 435-15 1층,경기도 안산시 상록구 월피동 435-15,37.3328323,126.8531937
프랜차이즈,인생극장-월피점,경기도 안산시 상록구 월피동 505-1 1층 103호,경기도 안산시 상록구 월피동 505-1,37.3349732,126.8417763
프랜차이즈,뚜레쥬르-안산다농점,"경기도 안산시 상록구 월피동 445 다농마트 195,196호",경기도 안산시 상록구 월피동 445,37.3283732,126.8440307
프랜차이즈,두찜-안산월피점,경기도 안산시 상록구 월피동 445-19 정진빌딩 445-19 정진빌딩 1층 1호,경기도 안산시 상록구 월피동 445-19,37.3292054,126.8472499
프랜차이즈,이바돔감자탕-월피점,경기도 안산시 상록구 월피동 460-12 460-12 2층,경기도 안산시 상록구 월피동 460-12,37.3343401,126.8516564
프랜차이즈,파리바게뜨-안산다농점,경기도 안산시 상록구 월피동 445-10 삼진종합상가 445-10 삼진종합상가 1층,경기도 안산시 상록구 월피동 445-10,37.329017,126.8452468
프랜차이즈,홍희통닭-월피점,경기도 안산시 상록구 월피동 447 한양아파트 103호상가2동 103호,경기도 안산시 상록구 월피동 447,37.3323201,126.8482896
프랜차이즈,처갓집양념치킨-월피점,경기도 안산시 상록구 월피동 506-14 1층 일부,경기도 안산시 상록구 월피동 506-14,37.3357914,126.843002
프랜차이즈,파리바게뜨-안산광덕점,경기도 안산시 상록구 월피동 492-17 492-17 1층일부,경기도 안산시 상록구 월피동 492-17,37.3359535,126.845078
프랜차이즈,이삭토스트-안산월피점,경기도 안산시 상록구 월피동 445-6 1층,경기도 안산시 상록구 월피동 445-6,37.329319,126.8450186
프랜차이즈,유미카츠-안산월피점,경기도 안산시 상록구 월피동 445-25 파크프라자 201호,경기도 안산시 상록구 월피동 445-25,37.3286183,126.8475937
프랜차이즈,돈까스짱-안산월피점,경기도 안산시 상록구 월피동 447 한양아파트 상가1동 112호,경기도 안산시 상록구 월피동 447,37.3323201,126.8482896
프랜차이즈,투몬스터캔커피-월피점,경기도 안산시 상록구 월피동 472-7 시낭어린이집 1층 102호,경기도 안산시 상록구 월피동 472-7,37.3368664,126.8548919
프랜차이즈,경성한우국밥-동안산병원점,"경기도 안산시 상록구 월피동 474-9 103,104호",경기도 안산시 상록구 월피동 474-9,37.3360007,126.8525164
프랜차이즈,파리바게뜨-안산월피점,경기도 안산시 상록구 월피동 447 한양아파트 상가1동 447 한양아파트 상가1동 상가1동 102호,경기도 안산시 상록구 월피동 447,37.3323201,126.8482896
프랜차이즈,인생대박쪽갈비-안산월피점,경기도 안산시 상록구 월피동 506-2 1층,경기도 안산시 상록구 월피동 506-2,37.3362128,126.8438868
프랜차이즈,커피마마퀸-월피점,"경기도 안산시 상록구 월피동 445-21 오성빌딩 101,102호",경기도 안산시 상록구 월피동 445-21,37.3288625,126.8478958
프랜차이즈,디저트39-안산월피점,"경기도 안산시 상록구 월피동 508-1 은성빌딩 104,110호",경기도 안산시 상록구 월피동 508-1,37.3353275,126.8452938
프랜차이즈,33떡볶이&꼬마김밥-안산월피점,경기도 안산시 상록구 월피동 518 1층 105호,경기도 안산시 상록구 월피동 518,37.3360624,126.8441698
프랜차이즈,묵은지감자탕-월피점,경기도 안산시 상록구 월피동 460-12 460-12 2층,경기도 안산시 상록구 월피동 460-12,37.3343401,126.8516564
프랜차이즈,명품감자탕-월피점,경기도 안산시 상록구 월피동 460-12 460-12 2층,경기도 안산시 상록구 월피동 460-12,37.3343401,126.8516564
프랜차이즈,세계최강냉면-고잔점,경기도 안산시 상록구 월피동 506-16 1층 일부,경기도 안산시 상록구 월피동 506-16,37.3359919,126.8431689
프랜차이즈,쌍팔반점-안산월피점,경기도 안산시 상록구 월피동 464-7 1층,경기도 안산시 상록구 월피동 464-7,37.3347577,126.854336
치킨,꼬꼬나라두마리치킨,경기도 안산시 상록구 월피동 448 안산현대2차아파트 상가동(B동) 1층 11호,경기도 안산시 상록구 월피동 448,37.3310261,126.8501705
치킨,낭만쏘맥X가성비최고의치킨집,"경기도 안산시 상록구 월피동 508-3 베스코아트빌 1층 110,112호 일부",경기도 안산시 상록구 월피동 508-3,37.3348887,126.8443918
치킨,CF숯불바베큐치킨,경기도 안산시 상록구 월피동 508-1 은성빌딩 508-1 은성빌딩 1층 102호,경기도 안산시 상록구 월피동 508-1,37.3353275,126.8452938
치킨,아마리스카페,경기도 안산시 상록구 월피동 445 다농마트 704호,경기도 안산시 상록구 월피동 445,37.3283732,126.8440307
피자/양식,갓구운피자-안산본점,경기도 안산시 상록구 월피동 502-3 1층,경기도 안산시 상록구 월피동 502-3,37.336457,126.8430117
피자/양식,에스피자(안산점),경기도 안산시 상록구 월피동 461-11 461-11,경기도 안산시 상록구 월피동 461-11,37.3335821,126.8528035
피자/양식,츄러스팡팡Coffee&Dessert,경기도 안산시 상록구 월피동 506-16 1층 일부,경기도 안산시 상록구 월피동 506-16,37.3359919,126.8431689
피자/양식,베이커리강빵(BakeryKangbbang),경기도 안산시 상록구 월피동 445 다농마트 3층 373호,경기도 안산시 상록구 월피동 445,37.3283732,126.8440307
중국집,별난퓨전탕수육,경기도 안산시 상록구 월피동 448 안산현대2차아파트 상가동(B동) 1층 11호,경기도 안산시 상록구 월피동 448,37.3310261,126.8501705
중국집,다롄,경기도 안산시 상록구 월피동 492-14 492-14 1층,경기도 안산시 상록구 월피동 492-14,37.3356938,126.8455672
중국집,짬뽕쟁이,경기도 안산시 상록구 월피동 506-11 1층,경기도 안산시 상록구 월피동 506-11,37.3354928,126.8430065
중국집,해성각,경기도 안산시 상록구 월피동 506-11 1층,경기도 안산시 상록구 월피동 506-11,37.3354928,126.8430065
중국집,짬뿅의전설-안산점,경기도 안산시 상록구 월피동 508-10 골든프라자 508-10 골든프라자 2층 201호,경기도 안산시 상록구 월피동 508-10,37.3348464,126.8455393
중국집,사천-월피점,경기도 안산시 상록구 월피동 435 1층 103호,경기도 안산시 상록구 월피동 435,37.3329759,126.853313
중국집,순신양꼬치&마라탕-본점,경기도 안산시 상록구 월피동 493-14 1층,경기도 안산시 상록구 월피동 493-14,37.3365124,126.8440255
중국집,1974마라탕&마라샹궈,경기도 안산시 상록구 월피동 518-2 1층 101호,경기도 안산시 상록구 월피동 518-2,37.3358418,126.8445568
한식,오케이곱창-본점,"경기도 안산시 상록구 월피동 506 506 103,104호",경기도 안산시 상록구 월피동 506,37.3363451,126.8436038
한식,게장존맛순대곱창,경기도 안산시 상록구 월피동 492-9 1층일부,경기도 안산시 상록구 월피동 492-9,37.3354728,126.8463245
한식,깐도리닭발,경기도 안산시 상록구 월피동 508-9 105호,경기도 안산시 상록구 월피동 508-9,37.3354792,126.845008
한식,전여친전남친 -월피본점,경기도 안산시 상록구 월피동 508-3 베스코아트빌 508-3 베스코아트빌 1층 102호,경기도 안산시 상록구 월피동 508-3,37.3348887,126.8443918
한식,주반국물닭발,경기도 안산시 상록구 월피동 508-8 105호,경기도 안산시 상록구 월피동 508-8,37.3344645,126.8452213
한식,디딤불닭발,경기도 안산시 상록구 월피동 463-2 463-2 1층,경기도 안산시 상록구 월피동 463-2,37.334624,126.8533044
한식,가장맛있는왕냉면,경기도 안산시 상록구 월피동 435-15 1층,경기도 안산시 상록구 월피동 435-15,37.3328323,126.8531937
한식,종로감자탕순대국-월피본점,경기도 안산시 상록구 월피동 449-5 1층 일부(월피동),경기도 안산시 상록구 월피동 449-5,37.3322708,126.8520795
한식,술딴지&coffee-월피점,경기도 안산시 상록구 월피동 464-15 103호,경기도 안산시 상록구 월피동 464-15,37.3350365,126.8533732
한식,경동집-월피점,경기도 안산시 상록구 월피동 460-10 1층 102호,경기도 안산시 상록구 월피동 460-10,37.3347763,126.8520157
한식,대박손,경기도 안산시 상록구 월피동 434-16 1층(월피동),경기도 안산시 상록구 월피동 434-16,37.3331703,126.8534746
한식,머슴식당양푼생갈비-월피점,경기도 안산시 상록구 월피동 492-14 1층,경기도 안산시 상록구 월피동 492-14,37.3356938,126.8455672
한식,주상전하,경기도 안산시 상록구 월피동 506-12 1층 전체,경기도 안산시 상록구 월피동 506-12,37.3355847,126.8428299
한식,내가만든반찬,경기도 안산시 상록구 월피동 455-10 455-10 1층,경기도 안산시 상록구 월피동 455-10,37.3337677,126.8492438
한식,뚱닭발-월피점,경기도 안산시 상록구 월피동 435-11 1층,경기도 안산시 상록구 월피동 435-11,37.3322592,126.8527172
한식,냉면불고기전문구미관,"경기도 안산시 상록구 월피동 445-20 뉴월피프라자 112호, 113호",경기도 안산시 상록구 월피동 445-20,37.3290339,126.8475729
한식,이가네야채곱창,경기도 안산시 상록구 월피동 455-12 1층,경기도 안산시 상록구 월피동 455-12,37.3339025,126.8489901
한식,이선생왕코다리-안산점,경기도 안산시 상록구 월피동 456 이선생왕코다리 1층,경기도 안산시 상록구 월피동 456,37.3349931,126.8493549
한식,뜨락애,경기도 안산시 상록구 월피동 519-1 102호,경기도 안산시 상록구 월피동 519-1,37.3353174,126.8428605
한식,돼지대첩480숙성고기-광덕시장점,경기도 안산시 상록구 월피동 508-1 은성빌딩 105~109호,경기도 안산시 상록구 월피동 508-1,37.3353275,126.8452938
한식,싹쓰리김치찜-안산월피점,경기도 안산시 상록구 월피동 442-23 1층 일부(월피동),경기도 안산시 상록구 월피동 442-23,37.3296709,126.8505589
한식,바베큐킹,경기도 안산시 상록구 월피동 437-8 1층 101호,경기도 안산시 상록구 월피동 437-8,37.3305888,126.8518148
한식,장터국수,경기도 안산시 상록구 월피동 445-19 정진빌딩 1층 6호,경기도 안산시 상록구 월피동 445-19,37.3292054,126.8472499
한식,더소갈비살,"경기도 안산시 상록구 월피동 448 안산현대2차아파트 상가동(B동) 상가1층 B동 1층 2호,7호",경기도 안산시 상록구 월피동 448,37.3310261,126.8501705
한식,홍도해물요리,경기도 안산시 상록구 월피동 461-11 461-11,경기도 안산시 상록구 월피동 461-11,37.3335821,126.8528035
한식,마산아구찜-월피동,경기도 안산시 상록구 월피동 461-11 461-11,경기도 안산시 상록구 월피동 461-11,37.3335821,126.8528035
한식,한가네왕족발보쌈,경기도 안산시 상록구 월피동 442-17 안산장대현교회 442-17 안산장대현교회 1층,경기도 안산시 상록구 월피동 442-17,37.3289395,126.8504069
한식,족슐랭-안산광덕시장점,경기도 안산시 상록구 월피동 508-9 1층 101호,경기도 안산시 상록구 월피동 508-9,37.3354792,126.845008
한식,참좋은족발-안산본점,경기도 안산시 상록구 월피동 521 103호,경기도 안산시 상록구 월피동 521,37.3349563,126.8435464
한식,최가네장충왕족발·보쌈,경기도 안산시 상록구 월피동 435-15 1층,경기도 안산시 상록구 월피동 435-15,37.3328323,126.8531937
한식,광명족발,경기도 안산시 상록구 월피동 493-11 광명족발 1층 102호,경기도 안산시 상록구 월피동 493-11,37.3362514,126.8445171
한식,무지개분식-본점,경기도 안산시 상록구 월피동 514-9,경기도 안산시 상록구 월피동 514-9,37.3331726,126.8451353
한식,곰돈수제돈까스&우동,경기도 안산시 상록구 월피동 520 520,경기도 안산시 상록구 월피동 520,37.3351879,126.8431045
한식,참숯불바베큐족발,경기도 안산시 상록구 월피동 453-9 453-9,경기도 안산시 상록구 월피동 453-9,37.3332652,126.8502341
일식/돈까스,월피야,경기도 안산시 상록구 월피동 436-11 1층,경기도 안산시 상록구 월피동 436-11,37.3310516,126.8517103
일식/돈까스,광어,경기도 안산시 상록구 월피동 451-5 1층 101호,경기도 안산시 상록구 월피동 451-5,37.3332387,126.8527013
족발/보쌈,원조장충동왕족발&보쌈,경기도 안산시 상록구 월피동 461-11 461-11,경기도 안산시 상록구 월피동 461-11,37.3335821,126.8528035
족발/보쌈,장충동왕족발보쌈-안산점,경기도 안산시 상록구 월피동 461-11 461-11,경기도 안산시 상록구 월피동 461-11,37.3335821,126.8528035
야식,한가득국물떡볶이,경기도 안산시 상록구 월피동 448 안산현대2차아파트 상가동(B동) 1층 11호,경기도 안산시 상록구 월피동 448,37.3310261,126.8501705
야식,착한탕후루&과일,경기도 안산시 상록구 월피동 442-23 1층,경기도 안산시 상록구 월피동 442-23,37.3296709,126.8505589
분식,토스트카페안녕혼저옵서,경기도 안산시 상록구 월피동 486-10 1층일부(월피동),경기도 안산시 상록구 월피동 486-10,37.3349794,126.8472875
카페/디저트,코알라집,경기도 안산시 상록구 월피동 445 다농마트 3층 소소플래닛 청년몰 334호,경기도 안산시 상록구 월피동 445,37.3283732,126.8440307
카페/디저트,카페몽-안산점,경기도 안산시 상록구 월피동 436-11 1층 103호,경기도 안산시 상록구 월피동 436-11,37.3310516,126.8517103
카페/디저트,카페반디-월피점,경기도 안산시 상록구 월피동 446-1 446-1 104호,경기도 안산시 상록구 월피동 446-1,37.3302878,126.843745
카페/디저트,슬베이커리,경기도 안산시 상록구 월피동 445 다농마트비와이씨 3층 379호,경기도 안산시 상록구 월피동 445,37.3283732,126.8440307
카페/디저트,데이드리밍베이커리&카페,경기도 안산시 상록구 월피동 505-4 1층,경기도 안산시 상록구 월피동 505-4,37.3346673,126.8415216
카페/디저트,하이디샌드위치카페,경기도 안산시 상록구 월피동 493-9 1층 일부호,경기도 안산시 상록구 월피동 493-9,37.3360784,126.8448429
1인분 주문,올데이파스타-안산본점,경기도 안산시 상록구 이동 571-9 1층 올데이파스타 (이동),경기도 안산시 상록구 이동 571-9,37.303905,126.8622565
1인분 주문,돼지게티-본점,경기도 안산시 상록구 이동 715-7 진성프라자 2층 201호 일부,경기도 안산시 상록구 이동 715-7,37.308853,126.8505305
1인분 주문,크레이브카츠-본점,경기도 안산시 상록구 이동 642-5 1층,경기도 안산시 상록구 이동 642-5,37.313041,126.8474433
1인분 주문,더밥상-상록점,경기도 안산시 상록구 이동 708-7 1층,경기도 안산시 상록구 이동 708-7,37.3095714,126.850108
1인분 주문,국밥생각-안산본오점,경기도 안산시 상록구 이동 578-1 101호,경기도 안산시 상록구 이동 578-1,37.3051243,126.8606669
1인분 주문,육식사관학교-안산중앙점,경기도 안산시 상록구 이동 646-4 1층 일부,경기도 안산시 상록구 이동 646-4,37.3134215,126.8457255
1인분 주문,도리신닭도리탕-안산점,경기도 안산시 상록구 이동 707-10 1층 일부,경기도 안산시 상록구 이동 707-10,37.3101103,126.8502725
1인분 주문,천년뼈해장국순대국,경기도 안산시 상록구 이동 610-7 1층 일부,경기도 안산시 상록구 이동 610-7,37.309328,126.8595267
1인분 주문,혼밥쿵야-안산점,경기도 안산시 상록구 이동 710-13 1층,경기도 안산시 상록구 이동 710-13,37.3093717,126.8499265
1인분 주문,정성비빔밥-상록점,경기도 안산시 상록구 이동 708-7 101호,경기도 안산시 상록구 이동 708-7,37.3095714,126.850108
1인분 주문,곱창광,경기도 안산시 상록구 이동 655-8 1층 101호,경기도 안산시 상록구 이동 655-8,37.3120035,126.8485328
1인분 주문,우리동네짜글이,경기도 안산시 상록구 이동 712 굿모닝오피스텔 1층 112-1호,경기도 안산시 상록구 이동 712,37.3076257,126.8479176
1인분 주문,명륜진사갈비-한대앞역점,"경기도 안산시 상록구 이동 718 미래주차타워 106,107호",경기도 안산시 상록구 이동 718,37.3069323,126.8509144
1인분 주문,카레랑-안산본점,경기도 안산시 상록구 이동 710-12 1층(이동),경기도 안산시 상록구 이동 710-12,37.3094769,126.8498199
1인분 주문,청년대패김치구이-안산점,경기도 안산시 상록구 이동 695-5 1층,경기도 안산시 상록구 이동 695-5,37.3113241,126.8490104
1인분 주문,카츠라이팅-안산점,경기도 안산시 상록구 이동 576 1층 102호,경기도 안산시 상록구 이동 576,37.3046975,126.860382
1인분 주문,피자마루-안산한대역점,경기도 안산시 상록구 이동 714 신화프라자 101호,경기도 안산시 상록구 이동 714,37.3078609,126.8500527
1인분 주문,맘스터치-안산한대역점,"경기도 안산시 상록구 이동 716-10 한빛프라자 105,106호",경기도 안산시 상록구 이동 716-10,37.3081076,126.8517626
1인분 주문,천년감자탕순대국,경기도 안산시 상록구 이동 610-7 1층 일부,경기도 안산시 상록구 이동 610-7,37.309328,126.8595267
1인분 주문,찌개랑갈비랑-안산중앙점,경기도 안산시 상록구 이동 646-4 1층 일부,경기도 안산시 상록구 이동 646-4,37.3134215,126.8457255
1인분 주문,조선닭도리탕-안산점,경기도 안산시 상록구 이동 710-13 1층,경기도 안산시 상록구 이동 710-13,37.3093717,126.8499265
1인분 주문,찌개회관-상록점,경기도 안산시 상록구 이동 708-7 101호,경기도 안산시 상록구 이동 708-7,37.3095714,126.850108
1인분 주문,밥퍼맨짜글이&덮밥-안산점,경기도 안산시 상록구 이동 655-8 1층 101호,경기도 안산시 상록구 이동 655-8,37.3120035,126.8485328
1인분 주문,악마의비빔밥비빌-안산점,경기도 안산시 상록구 이동 695-5 1층,경기도 안산시 상록구 이동 695-5,37.3113241,126.8490104
1인분 주문,명품국밥설렁탕곰탕순대국,경기도 안산시 상록구 이동 610-7 1층 일부,경기도 안산시 상록구 이동 610-7,37.309328,126.8595267
1인분 주문,SSS곱도리,경기도 안산시 상록구 이동 576 1층 103호,경기도 안산시 상록구 이동 576,37.3046975,126.860382
1인분 주문,한끼닭칼국수-안산본점,경기도 안산시 상록구 이동 709-2 유진빌딩 1층,경기도 안산시 상록구 이동 709-2,37.3095897,126.8508115
1인분 주문,맛있는정육점,경기도 안산시 상록구 이동 601-7 601-7 101호,경기도 안산시 상록구 이동 601-7,37.3066759,126.8601395
1인분 주문,새벽순댓국,경기도 안산시 상록구 이동 657-4 657-4 1층,경기도 안산시 상록구 이동 657-4,37.3126853,126.8482301
1인분 주문,수제매니아,"경기도 안산시 상록구 이동 714-3 데코스포텔 1층 123호 (이동, 데코스포텔 수제매니아)",경기도 안산시 상록구 이동 714-3,37.3072884,126.849071
1인분 주문,밥+다이쏘,경기도 안산시 상록구 이동 708-7 708-7 101호,경기도 안산시 상록구 이동 708-7,37.3095714,126.850108
1인분 주문,해피김밥,경기도 안산시 상록구 이동 716-10 한빛프라자 108호,경기도 안산시 상록구 이동 716-10,37.3081076,126.8517626
1인분 주문,딜레이,경기도 안산시 상록구 이동 715-9 조강빌딩 108호(이동),경기도 안산시 상록구 이동 715-9,37.3092229,126.8510412
프랜차이즈,푸라닭-안산이동점,경기도 안산시 상록구 이동 586-10 1층 일부,경기도 안산시 상록구 이동 586-10,37.306203,126.8581644
프랜차이즈,피자스쿨-안산한대앞역점,경기도 안산시 상록구 이동 716-12 캠퍼스타운 1층 121호,경기도 안산시 상록구 이동 716-12,37.308466,126.8523953
프랜차이즈,쌀통닭-상록수점,경기도 안산시 상록구 이동 576 1층 101호,경기도 안산시 상록구 이동 576,37.3046975,126.860382
프랜차이즈,청년치킨-안산상록점,경기도 안산시 상록구 이동 716-9 한대프라자 1층 118호(이동),경기도 안산시 상록구 이동 716-9,37.3079365,126.8514708
프랜차이즈,깨봉이국물떡볶이-안산점,경기도 안산시 상록구 이동 595-6 1층 일부,경기도 안산시 상록구 이동 595-6,37.3082873,126.8595458
프랜차이즈,한신우동-한대역점,경기도 안산시 상록구 이동 715-3 강우프라자 109호,경기도 안산시 상록구 이동 715-3,37.3084604,126.8509639
프랜차이즈,짜장면사무소-이동점,경기도 안산시 상록구 이동 612-16 1층,경기도 안산시 상록구 이동 612-16,37.309674,126.8592182
프랜차이즈,피나치공뿌리공스-이동점,경기도 안산시 상록구 이동 653 1층일부 (이동),경기도 안산시 상록구 이동 653,37.312558,126.8468391
프랜차이즈,금룡-안산점,경기도 안산시 상록구 이동 712 굿모닝오피스텔 111호,경기도 안산시 상록구 이동 712,37.3076257,126.8479176
프랜차이즈,천년닭강정-안산상록점,경기도 안산시 상록구 이동 571-10 중원한의원 101호,경기도 안산시 상록구 이동 571-10,37.3039297,126.862035
프랜차이즈,파리바게뜨-안산이동점,경기도 안산시 상록구 이동 529-6 1층,경기도 안산시 상록구 이동 529-6,37.3101246,126.8590946
프랜차이즈,마루업 피자 치킨 떡볶이 - 안산한대역점,경기도 안산시 상록구 이동 714 신화프라자 101호,경기도 안산시 상록구 이동 714,37.3078609,126.8500527
프랜차이즈,피자선생-안산1호점,경기도 안산시 상록구 이동 716-9 한대프라자 1층115호,경기도 안산시 상록구 이동 716-9,37.3079365,126.8514708
프랜차이즈,서대문김치찜&김치찌개-안산상록점,경기도 안산시 상록구 이동 709-1 중앙E&C 1층 일부호,경기도 안산시 상록구 이동 709-1,37.3096818,126.8509552
프랜차이즈,요아정-안산한대앞역점,경기도 안산시 상록구 이동 716-1 삼성프라자 102호,경기도 안산시 상록구 이동 716-1,37.3079619,126.8526221
프랜차이즈,두찜-안산한대앞역점,경기도 안산시 상록구 이동 716-3 숭실프라자 101호,경기도 안산시 상록구 이동 716-3,37.3076864,126.8521208
프랜차이즈,아이캔커피 한대앞역점,경기도 안산시 상록구 이동 715-1 세종타운 1층 110호,경기도 안산시 상록구 이동 715-1,37.3088272,126.851507
프랜차이즈,뚜레쥬르-안산한대역점,"경기도 안산시 상록구 이동 716-8 코로스프라자 716-8 코로스프라자 1층 114,115호",경기도 안산시 상록구 이동 716-8,37.307614,126.85097
프랜차이즈,빽다방-안산한대앞역점,경기도 안산시 상록구 이동 715-4 센타프라자 715-4 센타프라자 117호,경기도 안산시 상록구 이동 715-4,37.3081355,126.8504551
프랜차이즈,피자닭터-안산1호점,경기도 안산시 상록구 이동 715-7 진성프라자 1층 112호,경기도 안산시 상록구 이동 715-7,37.308853,126.8505305
프랜차이즈,스쿨푸드-안산중앙점,경기도 안산시 상록구 이동 660-1 1층,경기도 안산시 상록구 이동 660-1,37.3117985,126.848301
프랜차이즈,파도수산-상록점,"경기도 안산시 상록구 이동 715-10 아트프라자 1층 106,107호",경기도 안산시 상록구 이동 715-10,37.309367,126.8512665
프랜차이즈,신미방마라탕-안산점,경기도 안산시 상록구 이동 718 미래주차타워 1층 110호,경기도 안산시 상록구 이동 718,37.3069323,126.8509144
프랜차이즈,카페인중독-안산상록구점,경기도 안산시 상록구 이동 717-4 네스트빌 717-4 네스트빌 110호,경기도 안산시 상록구 이동 717-4,37.3067632,126.849593
프랜차이즈,고돼지-안산한대점,경기도 안산시 상록구 이동 693-5 1층,경기도 안산시 상록구 이동 693-5,37.3072574,126.8468823
프랜차이즈,핫오리-상록수점,"경기도 안산시 상록구 이동 570-1 1층 103,104호",경기도 안산시 상록구 이동 570-1,37.3047244,126.8632856
프랜차이즈,나는카레&오믈렛-한대역점,"경기도 안산시 상록구 이동 716-8 코로스프라자 201,202호",경기도 안산시 상록구 이동 716-8,37.307614,126.85097
프랜차이즈,웅이네오돌뼈닭발도-안산이동점,경기도 안산시 상록구 이동 656-6 1층 102호,경기도 안산시 상록구 이동 656-6,37.3123446,126.8485308
프랜차이즈,1인나혼자먹는다,경기도 안산시 상록구 이동 625-3 1층 102호 1인나혼자먹는다,경기도 안산시 상록구 이동 625-3,37.3135299,126.8444375
프랜차이즈,라사천마라탕-이동점,경기도 안산시 상록구 이동 571-9 1층,경기도 안산시 상록구 이동 571-9,37.303905,126.8622565
프랜차이즈,손오공마라탕-안산점,경기도 안산시 상록구 이동 654 1층,경기도 안산시 상록구 이동 654,37.3122187,126.8468095
프랜차이즈,밀면의법칙-상록점,경기도 안산시 상록구 이동 574-3 1층 102호,경기도 안산시 상록구 이동 574-3,37.3043966,126.8617338
프랜차이즈,BRsingles-안산한대점,경기도 안산시 상록구 이동 716-8 코로스프라자 716-8 코로스프라자,경기도 안산시 상록구 이동 716-8,37.307614,126.85097
프랜차이즈,먹언니-상록점,경기도 안산시 상록구 이동 536 1층 일부 (이동),경기도 안산시 상록구 이동 536,37.3116615,126.8591738
프랜차이즈,오빠막창-안산점,경기도 안산시 상록구 이동 708-7 708-7 1층 102호,경기도 안산시 상록구 이동 708-7,37.3095714,126.850108
프랜차이즈,바다회수산-안산본점,경기도 안산시 상록구 이동 612-19 1층 일부,경기도 안산시 상록구 이동 612-19,37.3099488,126.8595007
프랜차이즈,대한냉면고기친구-안산상록점,경기도 안산시 상록구 이동 656-5 1층 101호,경기도 안산시 상록구 이동 656-5,37.3123452,126.8487
프랜차이즈,육수당-안산한대앞역점,경기도 안산시 상록구 이동 714-3 데코스포텔 119호,경기도 안산시 상록구 이동 714-3,37.3072884,126.849071
프랜차이즈,상상오리&삼겹-한대역앞점,경기도 안산시 상록구 이동 706-4 1층 일부 상상오리,경기도 안산시 상록구 이동 706-4,37.3102439,126.8509563
프랜차이즈,장충왕족발보쌈-일동,경기도 안산시 상록구 이동 537-18 1층 일부(이동),경기도 안산시 상록구 이동 537-18,37.3110352,126.8593463
프랜차이즈,피자플래넷-안산1호점,경기도 안산시 상록구 이동 715-7 진성프라자 1층 112호,경기도 안산시 상록구 이동 715-7,37.308853,126.8505305
프랜차이즈,백년아구찜,경기도 안산시 상록구 이동 625-3 1층 101호,경기도 안산시 상록구 이동 625-3,37.3135299,126.8444375
프랜차이즈,순수덮밥-상록수점,경기도 안산시 상록구 이동 574-3 1층 102호,경기도 안산시 상록구 이동 574-3,37.3043966,126.8617338
프랜차이즈,지코바치킨-한대앞역점,경기도 안산시 상록구 이동 714-3 데코스포텔 134호,경기도 안산시 상록구 이동 714-3,37.3072884,126.849071
프랜차이즈,또봉이통닭-안산한대앞역점,경기도 안산시 상록구 이동 716-12 캠퍼스타운 716-12 캠퍼스타운 1층 122호,경기도 안산시 상록구 이동 716-12,37.308466,126.8523953
프랜차이즈,동대문엽기떡볶이-안산한대앞역점,"경기도 안산시 상록구 이동 716-11 덕성프라자 103호,104호",경기도 안산시 상록구 이동 716-11,37.3082812,126.8520342
프랜차이즈,국물에빠진두루치기-안산점,경기도 안산시 상록구 이동 710-13 1층,경기도 안산시 상록구 이동 710-13,37.3093717,126.8499265
프랜차이즈,호랑이갈비찜-안산상록점,경기도 안산시 상록구 이동 710-13 1층,경기도 안산시 상록구 이동 710-13,37.3093717,126.8499265
프랜차이즈,안부자닭갈비-한대점,경기도 안산시 상록구 이동 715-4 센타프라자 113호,경기도 안산시 상록구 이동 715-4,37.3081355,126.8504551
프랜차이즈,배스킨라빈스-안산한대점,경기도 안산시 상록구 이동 716-8 코로스프라자 716-8 코로스프라자,경기도 안산시 상록구 이동 716-8,37.307614,126.85097
프랜차이즈,혜리네야채찜-한대앞점,경기도 안산시 상록구 이동 693-5 1층,경기도 안산시 상록구 이동 693-5,37.3072574,126.8468823
프랜차이즈,호세야오리바베큐-안산점,경기도 안산시 상록구 이동 649-7 1층,경기도 안산시 상록구 이동 649-7,37.3121698,126.8454461
프랜차이즈,피나치공-안산이동점,경기도 안산시 상록구 이동 653 1층일부,경기도 안산시 상록구 이동 653,37.312558,126.8468391
프랜차이즈,BHC-한대앞역점,"경기도 안산시 상록구 이동 716-3 숭실프라자 716-3 숭실프라자 105호,106호",경기도 안산시 상록구 이동 716-3,37.3076864,126.8521208
프랜차이즈,입큰아구찜&알곤이찜-상록수점,경기도 안산시 상록구 이동 574-3 1층일부,경기도 안산시 상록구 이동 574-3,37.3043966,126.8617338
프랜차이즈,롯데리아-안산한양대점,"경기도 안산시 상록구 이동 715-2 한남빌딩 I 715-2 한남빌딩 I 101,102,201",경기도 안산시 상록구 이동 715-2,37.308654,126.851243
프랜차이즈,버거킹-안산한대앞역점,경기도 안산시 상록구 이동 715-11 보은타운 1층 일부,경기도 안산시 상록구 이동 715-11,37.3095102,126.851492
프랜차이즈,귀한김치찜-안산상록점,경기도 안산시 상록구 이동 656-5 1층 101호,경기도 안산시 상록구 이동 656-5,37.3123452,126.8487
프랜차이즈,쭈꾸미싸롱 안산점,경기도 안산시 상록구 이동 625-3 1층 102호,경기도 안산시 상록구 이동 625-3,37.3135299,126.8444375
프랜차이즈,제육집막내아들-안산한대점,경기도 안산시 상록구 이동 693-5 1층,경기도 안산시 상록구 이동 693-5,37.3072574,126.8468823
프랜차이즈,일등국밥-상록점,경기도 안산시 상록구 이동 574-3 1층일부(입큰아구찜),경기도 안산시 상록구 이동 574-3,37.3043966,126.8617338
프랜차이즈,제육참잘하는집-안산상록점,경기도 안산시 상록구 이동 656-5 1층 101호,경기도 안산시 상록구 이동 656-5,37.3123452,126.8487
프랜차이즈,순살만공격-안산상록점,경기도 안산시 상록구 이동 586-4 1층 일부,경기도 안산시 상록구 이동 586-4,37.3067105,126.8584408
프랜차이즈,자담치킨-안산한대앞역점,경기도 안산시 상록구 이동 716-4 고잔프라자 716-4 고잔프라자 110호,경기도 안산시 상록구 이동 716-4,37.3075128,126.8518488
프랜차이즈,호식이두마리치킨-한대앞역점,경기도 안산시 상록구 이동 529-7 1층 일부,경기도 안산시 상록구 이동 529-7,37.3100264,126.8589937
프랜차이즈,미친돈까스-안산상록점,경기도 안산시 상록구 이동 586-4 1층 일부,경기도 안산시 상록구 이동 586-4,37.3067105,126.8584408
프랜차이즈,동궁찜닭-안산이동점,경기도 안산시 상록구 이동 534-16 1층 일부,경기도 안산시 상록구 이동 534-16,37.3115735,126.8602531
프랜차이즈,컴포즈커피-안산한대점,경기도 안산시 상록구 이동 716-9 한대프라자 716-9 한대프라자 1층 111호,경기도 안산시 상록구 이동 716-9,37.3079365,126.8514708
프랜차이즈,도원반점-안산한대앞점,"경기도 안산시 상록구 이동 715-8 조강프라자 112호,113호",경기도 안산시 상록구 이동 715-8,37.3090267,126.8508036
프랜차이즈,볶음밥도사-안산점,경기도 안산시 상록구 이동 705-4 1층 일부,경기도 안산시 상록구 이동 705-4,37.3102275,126.8500248
프랜차이즈,탕화쿵푸마라탕-한대역점,경기도 안산시 상록구 이동 715-2 한남빌딩 I 106호,경기도 안산시 상록구 이동 715-2,37.308654,126.851243
프랜차이즈,혜화동돈까스극장-안산상록수점,경기도 안산시 상록구 이동 574-5 574-5 102호,경기도 안산시 상록구 이동 574-5,37.3040425,126.8617155
프랜차이즈,가장맛있는족발-한대역점,"경기도 안산시 상록구 이동 715-9 조강빌딩 715-9 조강빌딩 제1층 102,103호",경기도 안산시 상록구 이동 715-9,37.3092229,126.8510412
프랜차이즈,경성밥상-상록점,경기도 안산시 상록구 이동 716-1 삼성프라자 1층 101호,경기도 안산시 상록구 이동 716-1,37.3079619,126.8526221
프랜차이즈,이삭토스트-안산한대앞역점,경기도 안산시 상록구 이동 716-11 덕성프라자 110호,경기도 안산시 상록구 이동 716-11,37.3082812,126.8520342
프랜차이즈,불바다오징어-안산이동점,경기도 안산시 상록구 이동 712-2 제스트3 1층 116호,경기도 안산시 상록구 이동 712-2,37.3070536,126.847956
프랜차이즈,펀비어킹홈딜리버리-한대앞역점,경기도 안산시 상록구 이동 715-3 강우프라자,경기도 안산시 상록구 이동 715-3,37.3084604,126.8509639
프랜차이즈,달리는커피-안산한대앞역점,경기도 안산시 상록구 이동 706-4 1층 102호,경기도 안산시 상록구 이동 706-4,37.3102439,126.8509563
프랜차이즈,춘리마라탕-상록점,경기도 안산시 상록구 이동 612-22 1층,경기도 안산시 상록구 이동 612-22,37.3102237,126.8597832
프랜차이즈,본죽앤비빔밥-안산한대역점,경기도 안산시 상록구 이동 715-3 강우프라자 115호,경기도 안산시 상록구 이동 715-3,37.3084604,126.8509639
프랜차이즈,앤티앤스프레즐-안산한대앞역점,경기도 안산시 상록구 이동 716-10 한빛프라자 1층 103호,경기도 안산시 상록구 이동 716-10,37.3081076,126.8517626
프랜차이즈,베트남쌀국수-이동점,경기도 안산시 상록구 이동 534-10 534-10 103호,경기도 안산시 상록구 이동 534-10,37.311926,126.8609763
프랜차이즈,리틀하노이-한대앞점,경기도 안산시 상록구 이동 715 엔타운 715 엔타운 101호,경기도 안산시 상록구 이동 715,37.3090615,126.851808
프랜차이즈,황금코다리-안산이동점,"경기도 안산시 상록구 이동 661-3 황금코다리,안산이동점 1층",경기도 안산시 상록구 이동 661-3,37.3118323,126.8475991
프랜차이즈,연안식당-안산한대점,경기도 안산시 상록구 이동 715-4 센타프라자 715-4 센타프라자,경기도 안산시 상록구 이동 715-4,37.3081355,126.8504551
프랜차이즈,백남옥손만두-중앙1점,"경기도 안산시 상록구 이동 716-12 캠퍼스타운 119호 (이동,캠퍼스타운)",경기도 안산시 상록구 이동 716-12,37.308466,126.8523953
프랜차이즈,싸다아구찜&탕-안산상록점,경기도 안산시 상록구 이동 710-13 1층,경기도 안산시 상록구 이동 710-13,37.3093717,126.8499265
프랜차이즈,천서방김밥-한대앞점,경기도 안산시 상록구 이동 712-2 제스트3 1층 107호,경기도 안산시 상록구 이동 712-2,37.3070536,126.847956
프랜차이즈,강씨가문의족발-한대역점,"경기도 안산시 상록구 이동 716-11 덕성프라자 101호, 102호",경기도 안산시 상록구 이동 716-11,37.3082812,126.8520342
치킨,1키로공룡닭강정-한대역점,"경기도 안산시 상록구 이동 716-8 코로스프라자 201,202호",경기도 안산시 상록구 이동 716-8,37.307614,126.85097
치킨,맛도리닭강정-한대앞역점,경기도 안산시 상록구 이동 716 한양대프라자 1층 111호,경기도 안산시 상록구 이동 716,37.3081112,126.8528568
치킨,에비야-중앙점,경기도 안산시 상록구 이동 715-3 강우프라자 2층208호,경기도 안산시 상록구 이동 715-3,37.3084604,126.8509639
치킨,마X포차-한대점,"경기도 안산시 상록구 이동 717-4 네스트빌 1층 102,103호",경기도 안산시 상록구 이동 717-4,37.3067632,126.849593
치킨,화계참나무장작누룽지통닭-만선호프,경기도 안산시 상록구 이동 656-8 1층,경기도 안산시 상록구 이동 656-8,37.3123611,126.848176
치킨,GTS버거-한대앞점,경기도 안산시 상록구 이동 695 1층 102호,경기도 안산시 상록구 이동 695,37.3113421,126.8481538
피자/양식,스테이크스타-중앙점,경기도 안산시 상록구 이동 715-3 강우프라자 2층208호,경기도 안산시 상록구 이동 715-3,37.3084604,126.8509639
피자/양식,파스타에반하다-안산1호점,경기도 안산시 상록구 이동 705-4 1층 일부,경기도 안산시 상록구 이동 705-4,37.3102275,126.8500248
피자/양식,포핀베이크샵,경기도 안산시 상록구 이동 692 1층,경기도 안산시 상록구 이동 692,37.3070956,126.8458375
중국집,진해원,"경기도 안산시 상록구 이동 717-2 한양프라자 109,110호",경기도 안산시 상록구 이동 717-2,37.3070913,126.8501216
중국집,옛날집동북요리전문점,경기도 안산시 상록구 이동 612-19 1층,경기도 안산시 상록구 이동 612-19,37.3099488,126.8595007
중국집,백두산양꼬치,경기도 안산시 상록구 이동 529-5 529-5 2층,경기도 안산시 상록구 이동 529-5,37.3102227,126.8591955
중국집,래격마라탕-안산점,경기도 안산시 상록구 이동 570-3 570-3 1층,경기도 안산시 상록구 이동 570-3,37.3044924,126.8632735
중국집,흠향원,경기도 안산시 상록구 이동 569-6 1층 103호,경기도 안산시 상록구 이동 569-6,37.3050487,126.8632927
중국집,란저우우육면,경기도 안산시 상록구 이동 569-7 1층,경기도 안산시 상록구 이동 569-7,37.3049208,126.863296
중국집,대천부,"경기도 안산시 상록구 이동 570-8 2, 3층",경기도 안산시 상록구 이동 570-8,37.3039123,126.8632434
중국집,쑨찌쫀득마라탕,"경기도 안산시 상록구 이동 716-10 한빛프라자 1층 112,113,호",경기도 안산시 상록구 이동 716-10,37.3081076,126.8517626
중국집,송호반점-이동점,경기도 안산시 상록구 이동 654-10 1층,경기도 안산시 상록구 이동 654-10,37.3120762,126.8469952
중국집,향무양꼬치,경기도 안산시 상록구 이동 537-10 1층101호,경기도 안산시 상록구 이동 537-10,37.3112488,126.8602435
중국집,천유향마라향솥,경기도 안산시 상록구 이동 570-5 1층,경기도 안산시 상록구 이동 570-5,37.3042603,126.8632614
중국집,강릉원조교동짬뽕,경기도 안산시 상록구 이동 586-3 1층 일부,경기도 안산시 상록구 이동 586-3,37.3066323,126.8583167
한식,정성을담다-안산1호점,경기도 안산시 상록구 이동 595-1 595-1 1층,경기도 안산시 상록구 이동 595-1,37.3088211,126.8592753
한식,김치로우주정복-본점,경기도 안산시 상록구 이동 715-7 진성프라자 201호 일부,경기도 안산시 상록구 이동 715-7,37.308853,126.8505305
한식,아짐한식,경기도 안산시 상록구 이동 595-6 1층 일부,경기도 안산시 상록구 이동 595-6,37.3082873,126.8595458
한식,이와감자탕-이동점,경기도 안산시 상록구 이동 612-15 1층,경기도 안산시 상록구 이동 612-15,37.3095824,126.8591241
한식,예서감자탕,경기도 안산시 상록구 이동 571-9 1층 일부,경기도 안산시 상록구 이동 571-9,37.303905,126.8622565
한식,삼겹대장-상록점,경기도 안산시 상록구 이동 715-8 조강프라자 108호 (대박난셰프들)삼겹대장-상록점,경기도 안산시 상록구 이동 715-8,37.3090267,126.8508036
한식,김치찌개의집양푼이,경기도 안산시 상록구 이동 715-10 아트프라자 101호,경기도 안산시 상록구 이동 715-10,37.309367,126.8512665
한식,혼삼혼을담은삼겹살-상록수점,경기도 안산시 상록구 이동 642 642 1층 101호,경기도 안산시 상록구 이동 642,37.3136521,126.8473841
한식,큰집반찬,경기도 안산시 상록구 이동 715-8 조강프라자 상가동 1층109~110호,경기도 안산시 상록구 이동 715-8,37.3090267,126.8508036
한식,옳다닭발,경기도 안산시 상록구 이동 642 642 1층 102호,경기도 안산시 상록구 이동 642,37.3136521,126.8473841
한식,모오롱,경기도 안산시 상록구 이동 687 강남빌딩 1층 104호,경기도 안산시 상록구 이동 687,37.3071823,126.8442325
한식,강씨네,경기도 안산시 상록구 이동 712 굿모닝오피스텔 112호,경기도 안산시 상록구 이동 712,37.3076257,126.8479176
한식,한방장수촌,경기도 안산시 상록구 이동 717-3 에이스프라자 105호,경기도 안산시 상록구 이동 717-3,37.3069166,126.8498473
한식,전라도묵은지김치찜-안산점,경기도 안산시 상록구 이동 647-1 1층(이동),경기도 안산시 상록구 이동 647-1,37.3137641,126.8453139
한식,귀한밥상,경기도 안산시 상록구 이동 633-5 1층 103호(이동),경기도 안산시 상록구 이동 633-5,37.3124898,126.8443494
한식,밥줄까술줄까,경기도 안산시 상록구 이동 529-6 1층 103호,경기도 안산시 상록구 이동 529-6,37.3101246,126.8590946
한식,시랑상회,"경기도 안산시 상록구 이동 716-8 코로스프라자 코로스프라자 1층 116호,117호",경기도 안산시 상록구 이동 716-8,37.307614,126.85097
한식,만총각전복골뱅이-한대앞역점,경기도 안산시 상록구 이동 716-2 한미오피스텔 1층 109호,경기도 안산시 상록구 이동 716-2,37.3078225,126.8524027
한식,권우돈정육점,경기도 안산시 상록구 이동 588-7 101호,경기도 안산시 상록구 이동 588-7,37.3072481,126.858689
한식,"지금,육회연어-한대앞역점",경기도 안산시 상록구 이동 716-3 숭실프라자 1층 116호,경기도 안산시 상록구 이동 716-3,37.3076864,126.8521208
한식,미스터육회연어왕-안산점,경기도 안산시 상록구 이동 715 엔타운 1층 112호,경기도 안산시 상록구 이동 715,37.3090615,126.851808
한식,오늘하루도시락,경기도 안산시 상록구 이동 595-6 1층 일부,경기도 안산시 상록구 이동 595-6,37.3082873,126.8595458
한식,대박난도시락,경기도 안산시 상록구 이동 715-8 조강프라자 108호 (대박난셰프들)삼겹대장-상록점,경기도 안산시 상록구 이동 715-8,37.3090267,126.8508036
한식,채우담야채고기찜-안산점,경기도 안산시 상록구 이동 642 642 1층 101호,경기도 안산시 상록구 이동 642,37.3136521,126.8473841
한식,큰집김치찜&김치찌개,경기도 안산시 상록구 이동 715-8 조강프라자 상가동 1층109~110호,경기도 안산시 상록구 이동 715-8,37.3090267,126.8508036
한식,백정밥상-안산점,경기도 안산시 상록구 이동 717-3 에이스프라자 105호,경기도 안산시 상록구 이동 717-3,37.3069166,126.8498473
한식,속초토종장칼국수,경기도 안산시 상록구 이동 655-8 1층 101호,경기도 안산시 상록구 이동 655-8,37.3120035,126.8485328
한식,황제오리&갈비.삼겹살-안산점,경기도 안산시 상록구 이동 647-1 주안빌딩 1층 (현이한식당),경기도 안산시 상록구 이동 647-1,37.3137641,126.8453139
한식,고기플렉스-안산점,경기도 안산시 상록구 이동 642 1층102호,경기도 안산시 상록구 이동 642,37.3136521,126.8473841
한식,대박냉면-안산점,경기도 안산시 상록구 이동 715-8 조강프라자 108호 (대박난셰프들)삼겹대장-상록점,경기도 안산시 상록구 이동 715-8,37.3090267,126.8508036
한식,닭발플렉스-본점,경기도 안산시 상록구 이동 642 1층 101호 (이동),경기도 안산시 상록구 이동 642,37.3136521,126.8473841
한식,큰집도시락,경기도 안산시 상록구 이동 715-8 조강프라자 상가동 1층109~110호,경기도 안산시 상록구 이동 715-8,37.3090267,126.8508036
한식,고기굽는여자-안산점,경기도 안산시 상록구 이동 717-3 에이스프라자 105호,경기도 안산시 상록구 이동 717-3,37.3069166,126.8498473
한식,고기왕창묵은지김치찜&찌개,경기도 안산시 상록구 이동 655-8 1층 101호,경기도 안산시 상록구 이동 655-8,37.3120035,126.8485328
한식,담양석갈비삼겹살&냉면-안산점,경기도 안산시 상록구 이동 647-1 1층,경기도 안산시 상록구 이동 647-1,37.3137641,126.8453139
한식,우시장설렁탕&국밥-상록구점,경기도 안산시 상록구 이동 699-2 1층 일부호,경기도 안산시 상록구 이동 699-2,37.3111072,126.8487986
한식,SSS냉면,경기도 안산시 상록구 이동 576 1층 103호,경기도 안산시 상록구 이동 576,37.3046975,126.860382
한식,진실의미간,경기도 안산시 상록구 이동 576 1층 103호,경기도 안산시 상록구 이동 576,37.3046975,126.860382
한식,연평도대장게장,"경기도 안산시 상록구 이동 716-8 코로스프라자 201,202호",경기도 안산시 상록구 이동 716-8,37.307614,126.85097
한식,연선생집밥,경기도 안산시 상록구 이동 598-8 1층 104호,경기도 안산시 상록구 이동 598-8,37.3077248,126.859111
한식,든든덮밥-이동점,경기도 안산시 상록구 이동 598-8 1층 104호,경기도 안산시 상록구 이동 598-8,37.3077248,126.859111
한식,또와유청정명태간장조림-이동점,경기도 안산시 상록구 이동 692-1 692-1 1층,경기도 안산시 상록구 이동 692-1,37.3070824,126.8460493
한식,홍익육개장-이동점,경기도 안산시 상록구 이동 650-6 세우비디 650-6 세우비디 1층,경기도 안산시 상록구 이동 650-6,37.3121373,126.8460556
한식,양순이반찬,경기도 안산시 상록구 이동 603-11 101호,경기도 안산시 상록구 이동 603-11,37.3055532,126.8612219
한식,태산김치찜-안산점,"경기도 안산시 상록구 이동 716-10 한빛프라자 101호, 102호",경기도 안산시 상록구 이동 716-10,37.3081076,126.8517626
한식,다미장어구이전문점,"경기도 안산시 상록구 이동 662 662 1층,2층",경기도 안산시 상록구 이동 662,37.3118991,126.8463291
한식,양푼애등갈비,경기도 안산시 상록구 이동 651-9 644-8 1층(이동),경기도 안산시 상록구 이동 651-9,37.3124187,126.84637
한식,월수금김치찌개&삼겹살,경기도 안산시 상록구 이동 650-4 650-4 1층,경기도 안산시 상록구 이동 650-4,37.3124341,126.8460828
한식,삼청동국밥,경기도 안산시 상록구 이동 589-11 1층 삼청동국밥,경기도 안산시 상록구 이동 589-11,37.3069452,126.8582064
한식,더소갈비살-한대역점,"경기도 안산시 상록구 이동 715-4 센타프라자 106호 , 107호",경기도 안산시 상록구 이동 715-4,37.3081355,126.8504551
한식,송호전복,경기도 안산시 상록구 이동 654-7 2층,경기도 안산시 상록구 이동 654-7,37.3120451,126.8475852
한식,새벽순댓국&간장보쌈,경기도 안산시 상록구 이동 657-4 657-4 1층,경기도 안산시 상록구 이동 657-4,37.3126853,126.8482301
한식,이동장어가,경기도 안산시 상록구 이동 692-5 1층,경기도 안산시 상록구 이동 692-5,37.3070293,126.847035
한식,센스맘의김밥사랑,경기도 안산시 상록구 이동 717-4 네스트빌 1층 112호(이동),경기도 안산시 상록구 이동 717-4,37.3067632,126.849593
한식,박가네아구동태찜탕,경기도 안산시 상록구 이동 587-6 1층 일부호,경기도 안산시 상록구 이동 587-6,37.3068852,126.8594855
한식,두례김밥(계란말이김밥)-한대앞역점,경기도 안산시 상록구 이동 717-2 한양프라자 1층 103호,경기도 안산시 상록구 이동 717-2,37.3070913,126.8501216
한식,최정숙명품수제보쌈,경기도 안산시 상록구 이동 688-8 102호 103호,경기도 안산시 상록구 이동 688-8,37.3073553,126.8449012
한식,미소돈가스-상록본점,경기도 안산시 상록구 이동 715-3 강우프라자 715-3 강우프라자 116,경기도 안산시 상록구 이동 715-3,37.3084604,126.8509639
한식,쇼부라멘-한대점,경기도 안산시 상록구 이동 716-3 숭실프라자 716-3 숭실프라자 1층 117호,경기도 안산시 상록구 이동 716-3,37.3076864,126.8521208
일식/돈까스,카츠백-안산점,경기도 안산시 상록구 이동 710-12 1층(이동),경기도 안산시 상록구 이동 710-12,37.3094769,126.8498199
일식/돈까스,마노스시,경기도 안산시 상록구 이동 604-5 1층 일부,경기도 안산시 상록구 이동 604-5,37.3059868,126.8617783
일식/돈까스,남도횟집-상록본점,경기도 안산시 상록구 이동 592-2 1층 일부(이동),경기도 안산시 상록구 이동 592-2,37.3079948,126.8584082
일식/돈까스,엄청난횟집&물회,경기도 안산시 상록구 이동 624-2 1층 101호,경기도 안산시 상록구 이동 624-2,37.3141609,126.8443202
일식/돈까스,막썰어회,"경기도 안산시 상록구 이동 715-3 강우프라자 107,108호",경기도 안산시 상록구 이동 715-3,37.3084604,126.8509639
일식/돈까스,초밥한점,경기도 안산시 상록구 이동 715-7 진성프라자 1층 105호,경기도 안산시 상록구 이동 715-7,37.308853,126.8505305
일식/돈까스,동경돈까스-이동점,경기도 안산시 상록구 이동 598-8 1층 104호,경기도 안산시 상록구 이동 598-8,37.3077248,126.859111
일식/돈까스,강원수산,경기도 안산시 상록구 이동 528 안산시농수산물도매시장 수산동 1층 강원수산,경기도 안산시 상록구 이동 528,37.3091078,126.8567881
야식,안산유유,경기도 안산시 상록구 이동 714-3 데코스포텔 1층 137호,경기도 안산시 상록구 이동 714-3,37.3072884,126.849071
야식,몬스터카페인-안산점,경기도 안산시 상록구 이동 633-5 1층 일부(이동),경기도 안산시 상록구 이동 633-5,37.3124898,126.8443494
야식,공시우육면-이동점,경기도 안산시 상록구 이동 571-9 1층,경기도 안산시 상록구 이동 571-9,37.303905,126.8622565
야식,단빙-안산점,경기도 안산시 상록구 이동 589-12 102호,경기도 안산시 상록구 이동 589-12,37.3068655,126.85808
야식,찹쌀로,경기도 안산시 상록구 이동 586-2 1층일부,경기도 안산시 상록구 이동 586-2,37.3065541,126.8581925
야식,딜리버리카페세이,경기도 안산시 상록구 이동 688-8 1층(이동),경기도 안산시 상록구 이동 688-8,37.3073553,126.8449012
카페/디저트,슈크르플,경기도 안산시 상록구 이동 633-5 '1층 103호(이동),경기도 안산시 상록구 이동 633-5,37.3124898,126.8443494
카페/디저트,오즈과자상점,경기도 안산시 상록구 이동 534-12 1층 일부,경기도 안산시 상록구 이동 534-12,37.3117514,126.8607489
카페/디저트,맘마빵-상록구점,경기도 안산시 상록구 이동 710-1 1층,경기도 안산시 상록구 이동 710-1,37.3102581,126.8482151
카페/디저트,춘자다방,경기도 안산시 상록구 이동 717-4 네스트빌 1층 104호 일부,경기도 안산시 상록구 이동 717-4,37.3067632,126.849593
카페/디저트,로제카페커피전문점,경기도 안산시 상록구 이동 689-4 1층 101-1호,경기도 안산시 상록구 이동 689-4,37.3077991,126.8454973
카페/디저트,백금당,경기도 안산시 상록구 이동 645-6 1층,경기도 안산시 상록구 이동 645-6,37.3131059,126.846138
카페/디저트,JA피크닉앤디저트카페JAPND,경기도 안산시 상록구 이동 627-10 1층,경기도 안산시 상록구 이동 627-10,37.3134838,126.8434649
카페/디저트,KOSAL-한대앞역점,경기도 안산시 상록구 이동 714-3 데코스포텔 1층,경기도 안산시 상록구 이동 714-3,37.3072884,126.849071
1인분 주문,1인피자탐나미니박스-안산2호점,경기도 안산시 상록구 일동 667-1 1층 101호,경기도 안산시 상록구 일동 667-1,37.3042282,126.8660097
1인분 주문,돈카춘돈까스&카레-안산상록점,경기도 안산시 상록구 일동 660-5 1층 일부호,경기도 안산시 상록구 일동 660-5,37.3050058,126.8647056
1인분 주문,토마토도시락-안산대학점,경기도 안산시 상록구 일동 611-9 611-9 1층,경기도 안산시 상록구 일동 611-9,37.3085034,126.87236
1인분 주문,울엄마국밥&감자탕,경기도 안산시 상록구 일동 660-6 사단법인대한불교원용종용도암 1층,경기도 안산시 상록구 일동 660-6,37.3049994,126.8648973
프랜차이즈,치킨플러스-안산일동점,경기도 안산시 상록구 일동 92-1 반석빌딩 92-1 반석빌딩 1층 103호,경기도 안산시 상록구 일동 92-1,37.3110193,126.8669047
프랜차이즈,맘스터치-안산일동점,"경기도 안산시 상록구 일동 615-17 맘스터치,일동점 103,104,105호",경기도 안산시 상록구 일동 615-17,37.3097684,126.8700217
프랜차이즈,BHC-안산일동점,경기도 안산시 상록구 일동 618-2 618-2 1층 일부,경기도 안산시 상록구 일동 618-2,37.3092315,126.8699085
프랜차이즈,명랑핫도그-안산일동점,경기도 안산시 상록구 일동 89-5 1층,경기도 안산시 상록구 일동 89-5,37.3120581,126.8675062
프랜차이즈,가마치통닭-일동점,경기도 안산시 상록구 일동 617 1층,경기도 안산시 상록구 일동 617,37.3085884,126.8705724
프랜차이즈,오구피자-일동점,경기도 안산시 상록구 일동 581-9 1층 102호,경기도 안산시 상록구 일동 581-9,37.3134899,126.8631465
프랜차이즈,탐나는피자-안산2호점,경기도 안산시 상록구 일동 667-1 1층 101호,경기도 안산시 상록구 일동 667-1,37.3042282,126.8660097
프랜차이즈,또봉이통닭-경기안산일동점,경기도 안산시 상록구 일동 91 1층,경기도 안산시 상록구 일동 91,37.3113904,126.8671085
프랜차이즈,청년다방-안산일동점,경기도 안산시 상록구 일동 601-7 1층 101호,경기도 안산시 상록구 일동 601-7,37.311762,126.8670529
프랜차이즈,BBQ-안산일동점,경기도 안산시 상록구 일동 85-6 1층 102호,경기도 안산시 상록구 일동 85-6,37.313148,126.8691042
프랜차이즈,1인피자피자마루UP-안산대점,경기도 안산시 상록구 일동 603-17 102호,경기도 안산시 상록구 일동 603-17,37.3103563,126.8702555
프랜차이즈,메가MGC커피-안산일동점,경기도 안산시 상록구 일동 632-9 632-9 1층 102호,경기도 안산시 상록구 일동 632-9,37.3095242,126.8689328
프랜차이즈,피자마루-안산대점,경기도 안산시 상록구 일동 603-17 102호,경기도 안산시 상록구 일동 603-17,37.3103563,126.8702555
프랜차이즈,더벤티-안산식물원사거리점,경기도 안산시 상록구 일동 580-6 1층 일부,경기도 안산시 상록구 일동 580-6,37.3137144,126.8628048
프랜차이즈,김밥천국-안산일동점,경기도 안산시 상록구 일동 618 1층,경기도 안산시 상록구 일동 618,37.3094977,126.8696258
프랜차이즈,뚜레쥬르-안산크리스탈점,경기도 안산시 상록구 일동 587-9 587-9 1층,경기도 안산시 상록구 일동 587-9,37.3155973,126.8653006
프랜차이즈,배스킨라빈스-안산일동점,경기도 안산시 상록구 일동 621-17 1층 일부,경기도 안산시 상록구 일동 621-17,37.3088648,126.868651
프랜차이즈,파리바게뜨-안산일동점,"경기도 안산시 상록구 일동 632-15 금신빌딩 632-15 금신빌딩 1층 101~2, 111호",경기도 안산시 상록구 일동 632-15,37.3097392,126.8692284
프랜차이즈,탕화쿵푸마라탕-상록수점,경기도 안산시 상록구 일동 661-16 1층 일부호,경기도 안산시 상록구 일동 661-16,37.3044749,126.863727
프랜차이즈,떡볶이플러스-안산일동점,경기도 안산시 상록구 일동 92-1 반석빌딩 92-1 반석빌딩 1층 103호,경기도 안산시 상록구 일동 92-1,37.3110193,126.8669047
프랜차이즈,훌랄라참숯치킨-안산일동점,경기도 안산시 상록구 일동 615-18,경기도 안산시 상록구 일동 615-18,37.3098538,126.8701333
프랜차이즈,대박만두-일동점,경기도 안산시 상록구 일동 632-4 1층 104호,경기도 안산시 상록구 일동 632-4,37.3093121,126.8686112
프랜차이즈,고기극찬-상록점,경기도 안산시 상록구 일동 579-1 1층 일부,경기도 안산시 상록구 일동 579-1,37.3144605,126.8629189
프랜차이즈,굽네치킨&피자-안산일동점,경기도 안산시 상록구 일동 601-8 1층 102호,경기도 안산시 상록구 일동 601-8,37.3116366,126.8668645
프랜차이즈,파리바게뜨-안산사파이어점,경기도 안산시 상록구 일동 580-7 1층,경기도 안산시 상록구 일동 580-7,37.3136259,126.8627005
프랜차이즈,삼국지(본점),경기도 안산시 상록구 일동 667-2 1층 102호,경기도 안산시 상록구 일동 667-2,37.3041155,126.8660752
프랜차이즈,한솥도시락-안산대점,경기도 안산시 상록구 일동 609-9 609-9 1층,경기도 안산시 상록구 일동 609-9,37.3094698,126.8730666
프랜차이즈,페리카나-안산일동점,경기도 안산시 상록구 일동 593-4 593-4 1층,경기도 안산시 상록구 일동 593-4,37.3150651,126.8660554
프랜차이즈,타코야끼in문어-상록구점,경기도 안산시 상록구 일동 666-6 1층 103호,경기도 안산시 상록구 일동 666-6,37.3046816,126.8659065
프랜차이즈,오늘도빙수-안산점,경기도 안산시 상록구 일동 666-6 103호,경기도 안산시 상록구 일동 666-6,37.3046816,126.8659065
프랜차이즈,이삭토스트-안산일대학점,경기도 안산시 상록구 일동 611-6 611-6 102호,경기도 안산시 상록구 일동 611-6,37.3087475,126.8727123
프랜차이즈,꾼떡-일동점,"경기도 안산시 상록구 일동 87 꾼떡,일동점 1층",경기도 안산시 상록구 일동 87,37.313354,126.8685161
프랜차이즈,노가리앤비어-안산일동점,경기도 안산시 상록구 일동 630-2 1층,경기도 안산시 상록구 일동 630-2,37.3102387,126.8693533
프랜차이즈,이디야커피-안산식물원사거리점,경기도 안산시 상록구 일동 580-4 1층,경기도 안산시 상록구 일동 580-4,37.3139097,126.8630057
프랜차이즈,밥사랑-일동점,경기도 안산시 상록구 일동 666 1층,경기도 안산시 상록구 일동 666,37.3049868,126.8651801
치킨,일동통닭,경기도 안산시 상록구 일동 580-8 1층 일부,경기도 안산시 상록구 일동 580-8,37.3137271,126.8625363
피자/양식,피자헐-일동점,경기도 안산시 상록구 일동 576-6 576-6 1층,경기도 안산시 상록구 일동 576-6,37.3151453,126.8643169
중국집,장백산,경기도 안산시 상록구 일동 632-9 1층,경기도 안산시 상록구 일동 632-9,37.3095242,126.8689328
중국집,一大교동짬뽕,경기도 안산시 상록구 일동 618-3 618-3 1층,경기도 안산시 상록구 일동 618-3,37.309114,126.8700298
중국집,명품신교동짬뽕,경기도 안산시 상록구 일동 568-9 초대교회 1층,경기도 안산시 상록구 일동 568-9,37.3148712,126.8608431
중국집,룡정닭날개,경기도 안산시 상록구 일동 661-11 1층 일부,경기도 안산시 상록구 일동 661-11,37.3038908,126.8636968
중국집,마라홍마라탕,경기도 안산시 상록구 일동 575-1 1층 105호,경기도 안산시 상록구 일동 575-1,37.3157637,126.8644514
중국집,쑈웨이오리목,경기도 안산시 상록구 일동 663-12 663-12,경기도 안산시 상록구 일동 663-12,37.3036607,126.8653169
중국집,일선연마라탕&운남쌀국수,경기도 안산시 상록구 일동 667-3 1층 일부,경기도 안산시 상록구 일동 667-3,37.3040058,126.8661545
중국집,문길훈제-본점,경기도 안산시 상록구 일동 667-3 1층 일부호,경기도 안산시 상록구 일동 667-3,37.3040058,126.8661545
중국집,1916심양불고기,경기도 안산시 상록구 일동 661-15 1층,경기도 안산시 상록구 일동 661-15,37.304358,126.863721
한식,전주반찬-본점,경기도 안산시 상록구 일동 574-4 1층104호,경기도 안산시 상록구 일동 574-4,37.3160834,126.8639561
한식,어머님칼국수,경기도 안산시 상록구 일동 569-9 569-9 1층,경기도 안산시 상록구 일동 569-9,37.31447,126.8614621
한식,밥이보약-상록점,경기도 안산시 상록구 일동 576-2 576-2 1층,경기도 안산시 상록구 일동 576-2,37.3153066,126.8643826
한식,꼬달반찬,경기도 안산시 상록구 일동 610 꼬달뷔페,경기도 안산시 상록구 일동 610,37.3092533,126.8733092
한식,찬향기반찬(우리반찬),경기도 안산시 상록구 일동 538-7 1층 103호,경기도 안산시 상록구 일동 538-7,37.3158915,126.8648108
한식,오마니반찬,경기도 안산시 상록구 일동 666-2 밥포유 1층 일부,경기도 안산시 상록구 일동 666-2,37.3049746,126.8655499
한식,숙이네-안산본점,경기도 안산시 상록구 일동 667-6 102호,경기도 안산시 상록구 일동 667-6,37.3036625,126.8664087
한식,오키닭발,경기도 안산시 상록구 일동 126-17 1층 일부,경기도 안산시 상록구 일동 126-17,37.3123883,126.8686543
한식,한우정육소-안산대점,경기도 안산시 상록구 일동 610-4 1층 일부호,경기도 안산시 상록구 일동 610-4,37.3089691,126.8730481
한식,달리는포차,경기도 안산시 상록구 일동 580-8 1층(일동),경기도 안산시 상록구 일동 580-8,37.3137271,126.8625363
한식,미가촌,경기도 안산시 상록구 일동 632 102호,경기도 안산시 상록구 일동 632,37.3094415,126.8679365
한식,족발먹을래,경기도 안산시 상록구 일동 565-6 1층,경기도 안산시 상록구 일동 565-6,37.3157056,126.8623008
한식,황토마을,경기도 안산시 상록구 일동 601-8 1층,경기도 안산시 상록구 일동 601-8,37.3116366,126.8668645
한식,일번가갈비찜&엄마반찬,경기도 안산시 상록구 일동 122-17 122-17 1층,경기도 안산시 상록구 일동 122-17,37.3114316,126.8680842
한식,문어대장꼬막공주,경기도 안산시 상록구 일동 92-11,경기도 안산시 상록구 일동 92-11,37.311066,126.8666561
한식,조은반찬,경기도 안산시 상록구 일동 620 101호,경기도 안산시 상록구 일동 620,37.3087821,126.8692689
한식,문어대장꼬막공주-일동점,경기도 안산시 상록구 일동 92-11 지하층 일부호,경기도 안산시 상록구 일동 92-11,37.311066,126.8666561
한식,직접끓인탕전문점,경기도 안산시 상록구 일동 601-8 1층,경기도 안산시 상록구 일동 601-8,37.3116366,126.8668645
한식,얼큰순두부외전,경기도 안산시 상록구 일동 570-7 570-7 1층,경기도 안산시 상록구 일동 570-7,37.3147672,126.8617547
한식,황토화로구이,경기도 안산시 상록구 일동 601-8 601-8 1층,경기도 안산시 상록구 일동 601-8,37.3116366,126.8668645
한식,흥양옥도가니탕&설렁탕-상록점,경기도 안산시 상록구 일동 579-1 1층 일부,경기도 안산시 상록구 일동 579-1,37.3144605,126.8629189
한식,울엄마김치찌개,경기도 안산시 상록구 일동 570-7 570-7 1층,경기도 안산시 상록구 일동 570-7,37.3147672,126.8617547
한식,골목식탁,경기도 안산시 상록구 일동 667-9 667-9,경기도 안산시 상록구 일동 667-9,37.3037075,126.8661524
한식,탕에이마라마라탕&마라샹궈-안산워커스호텔점,경기도 안산시 상록구 일동 632-10 IMT관광호텔 1층,경기도 안산시 상록구 일동 632-10,37.3096657,126.8687691
분식,바베리베이커리,경기도 안산시 상록구 일동 601-21 서원 1층,경기도 안산시 상록구 일동 601-21,37.3114773,126.8666414
카페/디저트,두쫀쿠하우스,경기도 안산시 상록구 일동 610-4 1층 일부호,경기도 안산시 상록구 일동 610-4,37.3089691,126.8730481
카페/디저트,커피앤쥬스,경기도 안산시 상록구 일동 572-7 1층,경기도 안산시 상록구 일동 572-7,37.3152504,126.8630592
카페/디저트,비비드디저트카페,경기도 안산시 상록구 일동 540-9 1층,경기도 안산시 상록구 일동 540-9,37.3165492,126.863847
